kepid,kepoi_name,disposition,koi_depth_ppm,koi_duration_hours,koi_period_days,koi_num_transits,depth,width,asymmetry,snr,odd_even_diff,secondary_depth,n_products_all,n_products_used,cadences_seen,flux_origin,n_raw_points,n_duplicate_times,cadence_minutes,flatten_window_points,duration_over_period,n_koi_for_star,detrend_masked_fraction,detrend_fallback,n_siblings,sibling_masked_fraction,n_local_points,n_local_bins,n_local_bins_filled,local_points_per_bin_median,secondary_noise,secondary_depth_longest,secondary_phase_fraction_longest,secondary_depth_deepest,secondary_phase_fraction_deepest,secondary_depth_deepest_min2,secondary_phase_fraction_deepest_min2,secondary_exclusion_fraction,secondary_guard,error,error_kind
1725016,K01007.01,CONFIRMED,442.0,3.675,7.40742502,151.0,0.00033539676031,1.7552238805970084,-1.471051308588045e-05,2.537046761059067,7.1475241408824886e-06,0.0,14.0,14.0,1800,pdcsap_flux,54924.0,0.0,29.42455113865435,23.0,0.0206718258485996,1.0,0.1245357220887043,,0.0,0.0,4482.0,201.0,201.0,23.0,3.988663683453495e-05,0.0,,0.0,,0.0,,0.0,,,
1849702,K02538.01,CONFIRMED,388.8,2.442,39.8312536,36.0,0.0003548524572336,0.3887761194029839,-7.266387951898601e-06,2.4162673205672007,6.913218602433435e-05,0.0,17.0,17.0,1800,pdcsap_flux,64755.0,0.0,29.424415016546845,15.0,0.0025545266795218,1.0,0.0162304069183846,,0.0,0.0,710.0,201.0,185.0,3.0,3.527132130416906e-05,0.000138500862129,0.1179275059534519,0.000138500862129,0.1179275059534519,0.0,,0.0,,,
1871056,K01001.01,CONFIRMED,313.9,13.135,40.8065333,34.0,0.0003251644812716,11.762686567164234,-1.5228177043691282e-05,8.518523777527065,2.831049194962354e-06,0.0,42.0,18.0,60|1800,pdcsap_flux,65204.0,0.0,29.42444937187247,81.0,0.0134118637974734,2.0,0.0958836881172934,,1.0,0.0157045580025765,3474.0,201.0,201.0,17.0,9.660784149100588e-06,0.0,,0.0,,0.0,,0.0157045580025765,,,
1871056,K01001.02,CONFIRMED,266.8,18.503,140.10765,9.0,0.0003071202183742,11.046567164179134,2.7464866563464696e-05,5.021037102136049,7.65257580633838e-05,6.057034315554155e-05,42.0,18.0,60|1800,pdcsap_flux,65204.0,0.0,29.42444937187247,113.0,0.0055026141208801,2.0,0.0735537697073799,,1.0,0.0401662474694804,1378.0,201.0,201.0,7.0,1.6153782763334855e-05,6.057034315554155e-05,-0.4944936558198133,6.057034315554155e-05,-0.4944936558198133,6.057034315554155e-05,-0.4944936558198133,0.0401662474694804,,,
1995712,K07626.01,FALSE POSITIVE,633.7,10.42,462.12069,3.0,0.0006733287546945,1.0368159203980016,1.7737604515621896e-05,1.907309394281616,0.0003533869060128,0.0,17.0,17.0,1800,pdcsap_flux,64735.0,0.0,29.42441467079334,63.0,0.0009395092582127,1.0,0.0042789835483123,,0.0,0.0,249.0,200.0,192.0,1.0,9.898146686843068e-05,0.0003231125731486,0.032616950274435,0.0006086530027131,-0.10572578799737,0.0,,0.0,,,
1996399,K01026.01,FALSE POSITIVE,,17.21,94.10628163,,0.0002480922923425,2.397412935323395,3.867912827693054e-06,0.8512518114816798,0.0001457243139654,0.0,17.0,17.0,1800,pdcsap_flux,64790.0,0.0,29.4244138430804,105.0,0.007619930581815,1.0,0.0477697175490044,,0.0,0.0,1947.0,201.0,201.0,10.0,4.574350788850796e-05,0.000155790452242,0.2305642363537769,0.0001632798141838,0.4896418761354836,0.0,,0.0,,,
1996679,K00147.01,FALSE POSITIVE,2931.6,5.4126,145.5624926,9.0,0.0020443043641438,0.7539940298507457,0.000108047318997,11.390307551167435,1.2084480436991283e-05,0.0001456943768826,17.0,17.0,1800,pdcsap_flux,64728.0,0.0,29.4244156870991,33.0,0.0015493345570808,1.0,0.0091614139166975,,0.0,0.0,345.0,201.0,186.0,1.0,4.039672727398116e-05,0.0001456943768826,-0.1078213774866413,0.0001572892608525,-0.1291247276465011,0.0001456943768826,-0.1078213774866413,0.0,,,
2014991,K02178.01,FALSE POSITIVE,135.0,2.527,6.49676881,212.0,0.0001165702859826,1.0560597014925346,1.1402857748366024e-05,3.7053575686638607,2.1462639346103707e-05,0.0,21.0,18.0,60|1800,pdcsap_flux,65252.0,0.0,29.42444586195052,15.0,0.016206774436024,1.0,0.0986942928952369,,0.0,0.0,4333.0,201.0,201.0,22.0,5.9988330330318806e-06,0.0,,0.0,,0.0,,0.0,,,
2161536,K02130.01,CONFIRMED,871.5,2.309,16.85592593,78.0,0.0008028784550543,0.7352039800994996,9.88013893366002e-06,2.546492306996244,0.0002775729674399,0.0,17.0,17.0,1800,pdcsap_flux,64785.0,0.0,29.424429763457734,15.0,0.0057076860525414,1.0,0.0342054487921586,,0.0,0.0,1473.0,201.0,201.0,7.0,7.800596795291099e-05,0.0002665749210594,0.3055246936233505,0.0002665749210594,0.3055246936233505,0.0,,0.0,,,
2306740,K06265.01,FALSE POSITIVE,341790.0,11.4277,10.306982793,0.0,,,,,,,,,,,,,,,,,,,,,,,,,,,,,,,,,,koi_num_transits is 0,precheck
2307206,K03549.01,FALSE POSITIVE,411374.0,17.5623,204.0329342,0.0,,,,,,,,,,,,,,,,,,,,,,,,,,,,,,,,,,koi_num_transits is 0,precheck
2309587,K05982.01,FALSE POSITIVE,118965.0,3.2601,1.838514245,726.0,0.1046323765377781,1.8165731343283584,-0.0047531748234089,74.3650374785681,5.276917947472093e-05,0.0018400347560638,17.0,17.0,1800,pdcsap_flux,64795.0,0.0,29.424432608066127,19.0,0.073884388097303,1.0,0.4431823443166911,,0.0,0.0,19098.0,201.0,201.0,96.0,0.0002286755104036,0.0018400347560638,0.4995203770410156,0.0018400347560638,0.4995203770410156,0.0018400347560638,0.4995203770410156,0.0,,,
2438406,K04941.01,FALSE POSITIVE,1449.0,7.72,262.71162,3.0,0.0012703674774227,0.1536318407960202,-0.0007190532186747,1.2614467734394443,0.0006643193844824,0.0,8.0,8.0,1800,pdcsap_flux,30141.0,0.0,29.42427696660161,47.0,0.0012244097412465,1.0,0.0092896718755183,,0.0,0.0,186.0,199.0,99.0,0.0,0.0004182233348109,0.0013497098247224,0.0863532706048225,0.0022618385122636,-0.4358574840368198,0.0,,0.0,,,
2440757,K00792.01,FALSE POSITIVE,1976.3,1.8868,1.433769925,481.0,0.001673675023315,1.201544278606964,-2.7181800415165824e-05,19.91378604761876,0.0003754072499015,0.0,9.0,9.0,1800,pdcsap_flux,33276.0,0.0,29.425344401970506,11.0,0.0548321354046163,1.0,0.3290960451977401,,0.0,0.0,7304.0,201.0,201.0,35.0,2.287557876616357e-05,0.0,,0.0,,0.0,,0.0,,,
2441151,K00603.01,FALSE POSITIVE,1475.6,2.9453,2.192009479,612.0,0.0013621745804268,1.758388059701499,-5.73881799484921e-05,32.96144054609416,0.000525000812067,0.0,17.0,17.0,1800,pdcsap_flux,64767.0,0.0,29.424429098144174,19.0,0.055985539528469,1.0,0.3355258078959964,,0.0,0.0,14513.0,201.0,201.0,72.0,1.5548782626548042e-05,0.0,,0.0,,0.0,,0.0,,,
2442359,K03997.01,FALSE POSITIVE,145.7,1.2887,0.552834211,2417.0,0.0001305232570035,0.5642069651741286,-6.608999775892244e-06,5.626466823946343,2.966115836600114e-05,0.0,17.0,17.0,1800,pdcsap_flux,64747.0,0.0,29.424430103972558,7.0,0.0971282751047643,1.0,0.5823899176795836,,0.0,0.0,25129.0,201.0,201.0,125.0,6.236580247912071e-06,0.0,,0.0,,0.0,,0.0,,,
2450716,K06275.01,FALSE POSITIVE,64.6,8.7,1.38607973,968.0,3.784894943237305e-05,1.385074626865673,-1.436471939086914e-05,1.6600838459985967,2.9802322387695312e-06,,17.0,17.0,1800,pdcsap_flux,64776.0,0.0,29.42443428444676,,0.2615289670241408,1.0,1.0,none,0.0,0.0,64776.0,193.0,193.0,338.0,,,,,,,,0.0,blanking covers 1.05 of the orbit,,
2452440,K03687.01,FALSE POSITIVE,65620.0,5.6736,8.097050622,78.0,0.0548423101861648,3.838853731343313,-0.0010739479954748,148.37158963792157,1.651283777648338e-05,0.0026719988180958,8.0,8.0,1800,pdcsap_flux,30159.0,0.0,29.42428131995257,35.0,0.029195815987329,1.0,0.1728505587055273,,0.0,0.0,3583.0,201.0,201.0,18.0,0.0001016302949849,0.0026719988180958,0.4975731988235494,0.0026719988180958,0.4975731988235494,0.0026719988180958,0.4975731988235494,0.0,,,
2452450,K00380.01,FALSE POSITIVE,680.7,5.699,8.0970583,168.0,0.0006816491331108,3.856039800995039,-9.783707876853676e-06,25.829522042206754,2.508027295733406e-05,3.685205471415376e-05,18.0,18.0,1800,pdcsap_flux,65240.0,0.0,29.42445373046212,35.0,0.0293264942075733,1.0,0.1742795830778663,,0.0,0.0,7768.0,201.0,201.0,39.0,8.42750569234525e-06,3.685205471415376e-05,0.4993002685396479,3.685205471415376e-05,0.4993002685396479,3.685205471415376e-05,0.4993002685396479,0.0,,,
2554853,K04911.01,FALSE POSITIVE,292.0,13.716,309.494217,,0.0002992183848202,3.821373134328357,-2.757127813357574e-05,1.7154096548112472,2.6744376865339703e-05,0.0,17.0,17.0,1800,pdcsap_flux,64784.0,0.0,29.42441283725202,83.0,0.0018465611588471,1.0,0.011360829834527,,0.0,0.0,417.0,201.0,201.0,2.0,5.340765275626213e-05,0.0001700436556475,0.3205715431013313,0.0003081258104837,-0.4993016114268037,0.0,,0.0,,,
2557430,K06277.01,FALSE POSITIVE,34769.5,2.82428,0.648868342,1035.0,0.0299910106511123,1.5737281592039705,-0.0008708410572559,38.64911322621148,0.0096376913936224,0.0,20.0,18.0,60|1800,pdcsap_flux,65263.0,0.0,29.4244299310958,17.0,0.1813593385841797,1.0,0.544841640745905,primary_only,0.0,0.0,47384.0,201.0,201.0,235.0,0.0004011960770613,0.0,,0.0,,0.0,,0.0,,,
2574338,K01030.01,CONFIRMED,492.1,2.235,9.22961384,142.0,0.0004310080484081,0.5337313432835796,3.91094455662877e-05,2.776266684448443,1.5965461291234107e-05,0.0,17.0,17.0,1800,pdcsap_flux,64738.0,0.0,29.424431277439,13.0,0.0100898045805998,1.0,0.0598875467268065,,0.0,0.0,2554.0,201.0,201.0,13.0,3.619531954960342e-05,0.0001234633018951,-0.4861233197978649,0.0001234633018951,-0.4861233197978649,0.0,,0.0,,,
2574543,K04947.01,FALSE POSITIVE,859.0,4.632,6.70258007,84.0,0.0007706649812696,1.1983283582089577,3.2863681457273586e-05,6.605717303073268,0.0001185173861073,0.0,7.0,7.0,1800,pdcsap_flux,27277.0,0.0,29.423899445682764,29.0,0.0287948816700969,1.0,0.1771089196025956,,0.0,0.0,3118.0,201.0,195.0,10.0,4.728945088534284e-05,0.0,,0.0,,0.0,,0.0,,,
2576197,K00489.01,FALSE POSITIVE,543.7,1.8575,2.217038096,605.0,0.0005298325877521,0.8871641791044738,-3.925954456729386e-05,8.290485667336934,3.188146143384696e-05,7.232089124453722e-05,17.0,17.0,1800,pdcsap_flux,64740.0,0.0,29.424431434599683,11.0,0.0349095640137946,2.0,0.2393419833178869,,1.0,0.0388322520852641,9138.0,201.0,201.0,44.0,1.4014925269656508e-05,7.232089124453722e-05,-0.498149361344295,7.232089124453722e-05,-0.498149361344295,7.232089124453722e-05,-0.498149361344295,0.0388322520852641,,,
2576197,K00489.02,FALSE POSITIVE,93.3,2.88,8.874603,,3.43601854582154e-05,0.171940298507462,-1.924502637251635e-06,0.3404102749750906,4.43812844304059e-05,0.0,17.0,17.0,1800,pdcsap_flux,64740.0,0.0,29.424431434599683,17.0,0.0135217316199947,2.0,0.167299969107198,,1.0,0.1057615075687364,3340.0,201.0,201.0,17.0,2.30005140745386e-05,0.0,,0.0,,0.0,,0.1057615075687364,,,
2708172,K06287.01,FALSE POSITIVE,49.9,8.724,1.89114441,715.0,4.8753682674318455e-05,2.604179104477603,5.999549697044415e-07,2.874407769702798,9.78312665655956e-06,0.0,17.0,17.0,1800,pdcsap_flux,64788.0,0.0,29.4244253996294,53.0,0.1922116566444547,1.0,0.5751373711181083,primary_only,0.0,0.0,49751.0,201.0,201.0,247.0,6.665200685729733e-07,2.8073499701575244e-06,-0.4759637931204193,2.8073499701575244e-06,-0.4759637931204193,0.0,,0.0,,,
2708614,K06289.01,FALSE POSITIVE,11969.0,7.892,52.884577,3.0,0.0107776367821453,0.785273631840794,-0.0008746528283194,22.83716216533976,0.0005761317890913,0.0036943461450147,2.0,2.0,1800,pdcsap_flux,8201.0,0.0,29.423326705000363,49.0,0.0062179439070361,1.0,0.040360931593708,,0.0,0.0,189.0,200.0,143.0,1.0,0.0001881022105561,0.0036943461450147,0.1513356227498493,0.0036943461450147,0.1513356227498493,0.0036943461450147,0.1513356227498493,0.0,,,
2711123,K04953.01,FALSE POSITIVE,644.5,2.3753,2.858879267,939.0,0.000589587887774,1.5598985074626963,5.935743139728889e-05,15.103740222360738,3.891666193711618e-05,0.000300450441147,17.0,17.0,1800,pdcsap_flux,64790.0,0.0,29.42442808183841,15.0,0.0346187523466808,1.0,0.2081648402531254,,0.0,0.0,8978.0,201.0,201.0,45.0,8.33815604899013e-06,0.000300450441147,-0.4980190379814936,0.000300450441147,-0.4980190379814936,0.000300450441147,-0.4980190379814936,0.0,,,
2720828,K04669.01,FALSE POSITIVE,138.0,1.154,1.71659304,775.0,0.0001232472733496,0.0688955223880598,5.9667217032099984e-05,1.9194957951457567,4.622298571688166e-05,0.0,17.0,17.0,1800,pdcsap_flux,64743.0,0.0,29.42443604988512,7.0,0.028010910106762,1.0,0.1671377600667253,,0.0,0.0,7206.0,201.0,201.0,36.0,1.7905769398834302e-05,0.0,,0.0,,0.0,,0.0,,,
2833632,K04954.01,FALSE POSITIVE,361.7,1.742,241.647602,,0.0003570452821353,0.0693333333333335,4.124835713048558e-05,3.1812268132435904,3.4167533159101815e-05,0.0003040757872813,18.0,18.0,1800,pdcsap_flux,65200.0,0.0,29.424431602237743,11.0,0.0003003685231411,1.0,0.0014877300613496,,0.0,0.0,47.0,186.0,29.0,0.0,6.912576239701027e-05,0.0002422379841268,0.1300842454066892,0.0004058832156684,0.1306849824529715,0.0003040757872813,0.1296712386873701,0.0,,,
2852560,K06294.01,FALSE POSITIVE,310679.0,4.6414,11.961308501,0.0,,,,,,,,,,,,,,,,,,,,,,,,,,,,,,,,,,koi_num_transits is 0,precheck
2853093,K01099.01,CONFIRMED,4653.6,3.6734,161.5278347,9.0,0.0043516140729304,0.219307462686568,-0.0002690273309998,10.009577797879178,0.0002994203168434,0.0,18.0,17.0,60|1800,pdcsap_flux,64733.0,0.0,29.42443094216287,23.0,0.0009475663040837,1.0,0.0058702670971529,,0.0,0.0,266.0,201.0,106.0,1.0,0.0001289825867074,0.000390578451632,0.2954132555729183,0.000443589016784,0.4986662277988692,0.0,,0.0,,,
2859299,K07640.01,FALSE POSITIVE,172.0,0.801,0.643703667,2074.0,0.0001580834772668,0.4463283582089527,-5.291290737896581e-06,7.804788680387078,2.101181767133476e-06,0.0001584183198667,17.0,17.0,1800,pdcsap_flux,64738.0,0.0,29.424434462562203,5.0,0.0518483919091919,1.0,0.3116716611572801,,0.0,0.0,13408.0,201.0,201.0,62.0,1.130536192003293e-05,0.0001584183198667,-0.4998504568085185,0.0001584183198667,-0.4998504568085185,0.0001584183198667,-0.4998504568085185,0.0,,,
2860793,K02277.01,FALSE POSITIVE,126.4,6.213,2.62982665,513.0,0.0001199291002016,1.7309850746268598,-2.4296915458466017e-06,4.3356762368258925,1.89579535776474e-05,0.0,17.0,17.0,1800,pdcsap_flux,64770.0,0.0,29.424435960827395,39.0,0.0984380472378284,1.0,0.5906129380886213,,0.0,0.0,25629.0,201.0,201.0,128.0,3.5734763549274627e-06,0.0,,0.0,,0.0,,0.0,,,
2985767,K02032.01,CONFIRMED,169.5,1.375,14.07969236,94.0,0.0001482197231512,0.4378109452736325,7.072309287536882e-06,4.049450701439518,4.453618583033503e-06,0.0,18.0,18.0,1800,pdcsap_flux,65248.0,0.0,29.424442163435742,9.0,0.0040690993241749,1.0,0.0238014958312898,,0.0,0.0,1058.0,201.0,201.0,5.0,8.688590849371057e-06,2.7629156727604357e-05,0.0590003246418994,3.3317587165626605e-05,0.49846305165279,0.0,,0.0,,,
2989706,K02692.01,FALSE POSITIVE,945.6,0.8399,1.257689465,1059.0,0.0008810044715993,0.6852915422885584,0.0001266106555327,9.637567874601556,0.0005602977436206,0.0,17.0,17.0,1800,pdcsap_flux,64745.0,0.0,29.42443076404743,5.0,0.0278254961238252,1.0,0.1670553710711252,,0.0,0.0,7201.0,201.0,201.0,36.0,1.9923234188096804e-05,6.97812252224983e-05,0.3034711614837179,7.28735141725112e-05,-0.4686863559524323,0.0,,0.0,,,
3097352,K03648.01,FALSE POSITIVE,191073.0,4.4301,4.029803201,153.0,0.1911369458290043,2.7329970149253837,-0.0034505129531424,230.59837471484647,0.0024005913224415,0.0048100770609393,8.0,8.0,1800,pdcsap_flux,30161.0,0.0,29.42426858469844,27.0,0.0458055867229929,1.0,0.2760186996452372,,0.0,0.0,5539.0,201.0,201.0,28.0,0.0005643725956664,0.0048100770609393,0.3813069233181261,0.0048100770609393,0.3813069233181261,0.0048100770609393,0.3813069233181261,0.0,,,
3102309,K07643.01,FALSE POSITIVE,31.5,5.389,4.20253859,324.0,2.3072517863598208e-05,1.1796815920398105,1.6866159227024724e-06,1.0943809876697137,4.977487071400333e-06,0.0,18.0,18.0,1800,pdcsap_flux,65192.0,0.0,29.42443379200995,33.0,0.053430007091658,1.0,0.322018039023193,,0.0,0.0,14114.0,201.0,201.0,71.0,6.761104154433672e-06,0.0,,0.0,,0.0,,0.0,,,
3102384,K00273.01,CONFIRMED,298.9,1.7259,10.573751447,129.0,0.0002896596509054,1.4425432835820993,-8.098060614969427e-06,14.988065538965383,1.6888815464022322e-05,0.0,48.0,18.0,60|1800,pdcsap_flux,65232.0,0.0,29.42443311098032,11.0,0.0068010393813827,1.0,0.0411761098847191,,0.0,0.0,1805.0,201.0,201.0,9.0,5.148134268538639e-06,1.5684830733553312e-05,0.4921127382635958,1.5684830733553312e-05,0.4921127382635958,0.0,,0.0,,,
3114661,K00796.01,FALSE POSITIVE,10967.4,2.0792,0.444291966,1466.0,0.0103636131333559,1.1585592039801007,1.8608813612264184e-06,35.39451210116853,0.0019378525351759,0.0,22.0,16.0,60|1800,pdcsap_flux,63168.0,0.0,29.42437226884067,13.0,0.1949918971375983,1.0,0.5850747213779128,primary_only,0.0,0.0,49279.0,201.0,201.0,245.0,8.714274302900806e-05,0.0,,0.0,,0.0,,0.0,,,
3114811,K01117.01,CONFIRMED,148.1,6.2877,11.08956602,118.0,0.0001430538151917,3.753850746268679,-1.408925532020433e-05,5.257918564968917,3.1992674012659705e-05,0.0,21.0,18.0,60|1800,pdcsap_flux,65192.0,0.0,29.424445180920884,39.0,0.0236246846384706,1.0,0.1413670389004785,,0.0,0.0,5927.0,201.0,201.0,30.0,6.41918388563727e-06,0.0,,0.0,,0.0,,0.0,,,
3117115,K04964.01,FALSE POSITIVE,1368.0,2.42,485.91276,,0.000219819859206,0.0481592039800991,-0.0004792042502357,0.216994349623664,8.733410092875982e-05,0.0,17.0,17.0,1800,pdcsap_flux,64752.0,0.0,29.424430271610618,15.0,0.0002075132444213,1.0,0.00135903138127,,0.0,0.0,57.0,195.0,57.0,0.0,0.0003272683061044,0.0010233774604161,0.0163014706772189,0.0025797329835881,0.2156698202548882,0.0,,0.0,,,
3130548,K02773.01,FALSE POSITIVE,269.7,1.1014,0.878855771,1217.0,0.0002727251764257,0.4383681592039782,-3.775491090429739e-06,5.634778810560468,3.3628034441512966e-06,0.0001303539443701,14.0,14.0,1800,pdcsap_flux,51789.0,0.0,29.424410574138165,7.0,0.0522175175733888,1.0,0.3133483944466971,,0.0,0.0,10792.0,201.0,201.0,55.0,1.3350909991376314e-05,0.0001303539443701,0.4904226697538268,0.0001303539443701,0.4904226697538268,0.0001303539443701,0.4904226697538268,0.0,,,
3228959,K01107.01,FALSE POSITIVE,250.2,4.32,0.73094589,1836.0,0.0002113152907828,2.149253731343274,-5.764336678093507e-06,4.148378119287831,3.217751549888792e-05,,17.0,17.0,1800,pdcsap_flux,64725.0,0.0,29.424427495105192,27.0,0.2462562584488983,1.0,0.7387408265739668,primary_only,0.0,0.0,63753.0,201.0,201.0,317.0,,,,,,,,0.0,blanking covers 0.99 of the orbit,,
3230206,K06310.01,FALSE POSITIVE,282.5,1.434,7.04715073,186.0,0.0002564190018802,0.1426865671641786,-5.668720944074224e-05,1.5964397123000222,0.0001253544839747,0.0,17.0,17.0,1800,pdcsap_flux,64748.0,0.0,29.424426573095843,9.0,0.008478603947783,1.0,0.0506579353802434,,0.0,0.0,2136.0,201.0,201.0,11.0,4.586527411591194e-05,0.0,,0.0,,0.0,,0.0,,,
3231341,K01102.01,CONFIRMED,536.4,6.221,12.33343853,112.0,0.0004571492042582,3.2188258706467767,-1.4595731839706085e-05,5.5105622754401855,1.7669667964015368e-05,0.0,34.0,17.0,60|1800,pdcsap_flux,64772.0,0.0,29.424426573095843,39.0,0.0210167126306935,4.0,0.2978756252701784,,3.0,0.1960260606434879,5556.0,201.0,201.0,28.0,2.4423006839882383e-05,0.0,,0.0,,0.0,,0.1960260606434879,,,
3231341,K01102.02,CONFIRMED,446.8,5.073,8.14515981,159.0,0.0004276024687351,2.1200597014925293,-4.219793386173176e-05,5.364689705886207,8.547688334437087e-05,0.0,34.0,17.0,60|1800,pdcsap_flux,64772.0,0.0,29.424426573095843,31.0,0.0259509948154105,4.0,0.3064904588402396,,3.0,0.1798307910825665,6822.0,201.0,201.0,34.0,1.7896719413258033e-05,0.0001150953263193,-0.4976274460016566,0.0001150953263193,-0.4976274460016566,0.0,,0.1798307910825665,,,
3231341,K01102.03,CONFIRMED,430.7,4.529,18.9985279,68.0,0.0003713723687279,1.6223283582089536,-2.8605077873389284e-05,3.1210443515175808,9.666503819094618e-05,0.0,34.0,17.0,60|1800,pdcsap_flux,64772.0,0.0,29.424426573095843,27.0,0.0099327871257505,4.0,0.2668900142036682,,3.0,0.2218396838139937,2674.0,201.0,201.0,13.0,2.990526243507867e-05,0.0001020737231165,0.2139490301064281,0.0001097031473988,-0.4589972976631736,0.0,,0.2218396838139937,,,
3231341,K01102.04,CONFIRMED,174.0,3.282,4.24439049,269.0,0.0001732480319273,0.8490746268656755,2.668111670922624e-05,2.5662403127019706,1.2917030525194662e-06,0.0,34.0,17.0,60|1800,pdcsap_flux,64772.0,0.0,29.424426573095843,21.0,0.0322189959482262,4.0,0.3293398382016921,,3.0,0.1678039893781263,8293.0,201.0,201.0,41.0,1.6885937897017888e-05,0.0,,0.0,,0.0,,0.1678039893781263,,,
3235282,K07649.01,FALSE POSITIVE,1440.0,2.239,494.165759,3.0,0.0015108789826814,0.0,0.0001160898462481,2.616926459617292,0.0008225316876028,0.0009018249412418,17.0,17.0,1800,pdcsap_flux,64755.0,0.0,29.424430103972558,13.0,0.0001887861814939,1.0,0.0012663114817388,,0.0,0.0,55.0,199.0,37.0,0.0,0.0002750055252084,0.0009018249412418,0.4811964736129514,0.0021520977895603,0.006847594336434,0.0009018249412418,0.4811964736129514,0.0,,,
3239636,K01093.01,FALSE POSITIVE,408.5,5.714,0.528755447,1265.0,0.000371515750885,2.842786069651738,5.602836608886719e-06,16.16961886083699,0.0001963675022125,,17.0,17.0,1800,pdcsap_flux,64751.0,0.0,29.424432702362537,,0.450271169184444,1.0,1.0,none,0.0,0.0,64751.0,112.0,112.0,579.5,,,,,,,,0.0,blanking covers 1.80 of the orbit,,
3240159,K03515.01,FALSE POSITIVE,210772.0,6.11904,82.137609997,16.0,,,,,,0.0,18.0,18.0,1800,pdcsap_flux,65022.0,0.0,29.42445238935761,37.0,0.0031040591515788,1.0,0.0155485835563347,,0.0,0.0,582.0,201.0,159.0,3.0,2.0925997039055972e-05,0.0001056986860662,0.1646679800569895,0.0001056986860662,0.1646679800569895,0.0,,0.0,,,
3241344,K05984.01,FALSE POSITIVE,291510.0,3.556,3.912679136,0.0,,,,,,,,,,,,,,,,,,,,,,,,,,,,,,,,,,koi_num_transits is 0,precheck
3247503,K04397.01,FALSE POSITIVE,265.4,0.8541,0.447861451,1194.0,0.0002468184773405,0.2889492537313426,3.763976617088272e-05,3.350379019568652,1.7206830513760707e-05,0.0,14.0,14.0,1800,pdcsap_flux,51780.0,0.0,29.424413329688832,5.0,0.07946095811671,1.0,0.4764387794515257,,0.0,0.0,16442.0,201.0,201.0,82.0,1.3360549779945296e-05,0.0,,0.0,,0.0,,0.0,,,
3326377,K01830.01,CONFIRMED,812.0,3.2861,13.22714056,100.0,0.0007564494123075,2.8119860696517502,2.9707663684597208e-06,8.988476718246709,6.702692365911922e-05,0.0,17.0,17.0,1800,pdcsap_flux,64794.0,0.0,29.424414010718465,21.0,0.0103515066398699,2.0,0.0681081581627928,,1.0,0.0063894805074543,2610.0,201.0,201.0,13.0,2.7789121886891572e-05,0.0,,0.0,,0.0,,0.0063894805074543,,,
3326377,K01830.02,CONFIRMED,2094.8,8.638,198.7106251,8.0,0.0019548975601305,7.563621890547293,-0.0001076213959304,10.911655659403047,8.395139148220654e-05,0.0002478994921444,17.0,17.0,1800,pdcsap_flux,64794.0,0.0,29.424414010718465,53.0,0.0018112603011818,2.0,0.0415470568262493,,1.0,0.0302188474241442,555.0,201.0,199.0,3.0,6.199598022167017e-05,0.0002478994921444,0.3943131942731444,0.0003499118557463,-0.1175942483484226,0.0002478994921444,0.3943131942731444,0.0302188474241442,,,
3335813,K03632.01,FALSE POSITIVE,7559.8,3.3394,3.711012492,360.0,0.0067121312882749,2.1265830845771063,-0.0007261960143527,166.8322958391839,0.0043340083932918,0.0,17.0,17.0,1800,pdcsap_flux,64793.0,0.0,29.4244244042784,21.0,0.037494259845964,1.0,0.2236970043060207,,0.0,0.0,9705.0,201.0,201.0,48.0,9.987313150683262e-06,0.0,,0.0,,0.0,,0.0,,,
3336283,K02974.01,FALSE POSITIVE,60.8,2.027,0.576441813,2317.0,5.9117230113980845e-05,1.411840796019896,3.942248206656451e-06,2.648202079712015,1.355066433850194e-05,0.0,17.0,17.0,1800,pdcsap_flux,64769.0,0.0,29.424425237230025,13.0,0.1465166673003531,1.0,0.4391915885686053,primary_only,0.0,0.0,37947.0,201.0,201.0,189.0,6.502709915313698e-06,0.0,,0.0,,0.0,,0.0,,,
3336765,K02740.01,FALSE POSITIVE,85.6,1.6557,1.844857057,723.0,8.57110376502046e-05,0.9555283582089584,-6.782807116967327e-06,3.200879995902305,2.364712127278512e-05,2.890801201949067e-05,17.0,17.0,1800,pdcsap_flux,64716.0,0.0,29.42442691884935,11.0,0.037394496087509,1.0,0.2245348909079671,,0.0,0.0,9700.0,201.0,201.0,48.0,5.949785825379239e-06,2.890801201949067e-05,-0.4998249911651091,2.890801201949067e-05,-0.4998249911651091,2.890801201949067e-05,-0.4998249911651091,0.0,,,
3342794,K02278.01,CONFIRMED,246.8,2.6297,14.17222858,94.0,0.0002093106183994,2.1456258706467577,-1.4521928468624878e-05,2.775191431617696,6.180972523572859e-05,0.0,17.0,17.0,1800,pdcsap_flux,64742.0,0.0,29.42443076404743,17.0,0.0077313763826785,2.0,0.1457631830959809,,1.0,0.1039356213895153,2011.0,201.0,201.0,10.0,1.616615940206907e-05,5.0572033745144296e-05,-0.2767405976510614,5.0572033745144296e-05,-0.2767405976510614,0.0,,0.1039356213895153,,,
3342794,K02278.02,CONFIRMED,81.0,4.046,4.92031063,272.0,7.66084294558933e-05,0.8856915422885585,-1.1113312234245498e-05,2.793790772627892,2.9524927115387456e-05,0.0,17.0,17.0,1800,pdcsap_flux,64742.0,0.0,29.42443076404743,25.0,0.0342627419304486,2.0,0.224012233171666,,1.0,0.0233387908930833,8952.0,201.0,201.0,45.0,6.6899208180191565e-06,0.0,,0.0,,0.0,,0.0233387908930833,,,
3342970,K00800.01,CONFIRMED,837.5,3.0099,2.711504086,494.0,0.0007819085201312,2.6954328358208945,-5.6255053823561774e-05,10.044603295707876,2.955627405731853e-05,0.0,23.0,17.0,60|1800,pdcsap_flux,64749.0,0.0,29.42442993633449,19.0,0.0462520047996711,2.0,0.3271247432392778,,1.0,0.0683408237965065,11973.0,201.0,201.0,60.0,2.350805975560939e-05,7.106331266215626e-05,-0.4997767011665263,8.020262596142302e-05,-0.4826318031595369,0.0,,0.0683408237965065,,,
3342970,K00800.02,CONFIRMED,950.4,4.0491,7.21203748,165.0,0.0009282040002661,3.626059701492542,-5.368839800623526e-05,8.888554282994507,2.687936743617225e-05,0.0,23.0,17.0,60|1800,pdcsap_flux,64749.0,0.0,29.42442993633449,25.0,0.0233931812567341,2.0,0.2570078302367604,,1.0,0.1386894006085036,5904.0,201.0,201.0,29.0,2.928991698550436e-05,0.0,,0.0,,0.0,,0.1386894006085036,,,
3438975,K00300.01,FALSE POSITIVE,114.9,3.73,2.976020742,455.0,0.0001233087027995,2.523781094527369,-1.0095477372962236e-06,8.64292923114702,2.164002194171566e-05,0.0,27.0,18.0,60|1800,pdcsap_flux,65203.0,0.0,29.424443845055062,23.0,0.0522229783123825,1.0,0.3154916184838121,,0.0,0.0,13785.0,201.0,201.0,69.0,3.2957026672673084e-06,0.0,,0.0,,0.0,,0.0,,,
3448323,K06336.01,FALSE POSITIVE,91.6,2.732,0.513482156,2544.0,0.0001016920386227,0.2718407960198996,-8.273363527044886e-06,1.729661678354626,1.1267450372720589e-05,,16.0,16.0,1800,pdcsap_flux,63167.0,0.0,29.42437628167681,17.0,0.2216889759521328,1.0,0.6646983393227477,primary_only,0.0,0.0,56009.0,201.0,201.0,278.0,,,,,,,,0.0,blanking covers 0.89 of the orbit,,
3449870,K04983.01,FALSE POSITIVE,253.0,3.861,61.438007,,0.0001867577433378,0.4610149253731359,-9.365562631147296e-05,0.9751492501380408,0.0001134359832032,0.000215913960834,14.0,14.0,1800,pdcsap_flux,52075.0,0.0,29.42416791280266,23.0,0.002618493142201,1.0,0.0144215074411905,,0.0,0.0,534.0,201.0,200.0,3.0,4.950931728060469e-05,0.000215913960834,0.4998784332261882,0.000215913960834,0.4998784332261882,0.000215913960834,0.4998784332261882,0.0,,,
3459529,K04984.01,FALSE POSITIVE,1488.0,4.747,231.364508,,0.0011486974892268,0.1889353233830837,-0.0002767827999199,1.4919755644202168,0.0010264908128813,0.0007720627494247,14.0,14.0,1800,pdcsap_flux,51797.0,0.0,29.42439355363604,29.0,0.0008548919986753,1.0,0.0055601675772728,,0.0,0.0,153.0,199.0,110.0,1.0,0.0002021376508457,0.0007720627494247,-0.4360880255255027,0.000905676325254,-0.4346988260276551,0.0007720627494247,-0.4360880255255027,0.0,,,
3544678,K06340.01,FALSE POSITIVE,,2.24,6.3762199,211.0,0.000263414888954,0.3566169154228831,6.201976866848646e-06,1.3217082087218504,2.8002755121270265e-05,0.0001923498716153,17.0,17.0,1800,pdcsap_flux,64581.0,0.0,29.42442188446876,13.0,0.0146377218472865,1.0,0.0872857341942676,,0.0,0.0,3734.0,201.0,201.0,18.0,5.730012963544889e-05,0.0001923498716153,0.4807297699353934,0.0003319032908207,-0.4579141435218602,0.0001923498716153,0.4807297699353934,0.0,,,
3545583,K04328.01,FALSE POSITIVE,462.4,7.3,407.59415,,0.0005668113963043,0.8716417910447767,-0.000205039952603,1.4833455057743492,0.000275119053626,0.0,17.0,17.0,1800,pdcsap_flux,64759.0,0.0,29.42443026113324,45.0,0.0007462488523612,1.0,0.0040920953072159,,0.0,0.0,237.0,201.0,183.0,1.0,0.000105587199268,0.0004235056681634,0.3057065243359538,0.0004235056681634,0.3057065243359538,0.0,,0.0,,,
3546060,K02126.01,CONFIRMED,1130.7,2.734,9.69310837,121.0,0.00112490731784,0.8161194029850767,-0.0001251498472195,4.249742032909663,4.293599776350465e-05,0.0,14.0,14.0,1800,pdcsap_flux,54935.0,0.0,29.424543422064744,17.0,0.0117523360224916,1.0,0.0713752616728861,,0.0,0.0,2665.0,201.0,201.0,13.0,5.180620037827923e-05,0.0,,0.0,,0.0,,0.0,,,
3548639,K04191.01,FALSE POSITIVE,93.2,2.555,13.8452726,100.0,0.0001006249364945,0.7626865671641836,-1.2377139714359052e-05,3.09306380726982,2.724397995357286e-05,0.0,17.0,17.0,1800,pdcsap_flux,64764.0,0.0,29.424431937513877,15.0,0.0076891467874264,1.0,0.045966895188685,,0.0,0.0,2059.0,201.0,201.0,10.0,8.779406951680313e-06,3.4287839722702e-05,0.4947968257851614,6.826747840815717e-05,-0.3490870341348893,0.0,,0.0,,,
3556220,K01213.01,FALSE POSITIVE,107.1,2.4551,0.796722833,1352.0,0.0001148704698793,1.6611621890547368,-9.922170247977924e-06,6.320767019168623,1.272775356886413e-05,1.907688169522359e-05,14.0,14.0,1800,pdcsap_flux,51761.0,0.0,29.42441425693687,15.0,0.128395759599541,1.0,0.3860435462993373,primary_only,0.0,0.0,26615.0,201.0,201.0,135.0,5.108071378956968e-06,1.907688169522359e-05,0.4951033362605169,1.907688169522359e-05,0.4951033362605169,1.907688169522359e-05,0.4951033362605169,0.0,,,
3560301,K00968.01,FALSE POSITIVE,128.4,38.1939,4.6484156,233.0,0.0001294612884521,25.08256119402984,-5.608797073364258e-05,1.7275871811122223,8.404254913330078e-06,,16.0,15.0,60|1800,pdcsap_flux,52282.0,0.0,29.424422382144257,,0.3423558986421093,1.0,1.0,none,0.0,0.0,52282.0,147.0,147.0,356.0,,,,,,,,0.0,blanking covers 1.37 of the orbit,,
3641216,K04996.01,FALSE POSITIVE,,11.46,358.54455552,,8.904727219660735e-05,1.8244776119402957,7.454250363758685e-05,0.8909846969891758,0.0001372915778056,0.0,18.0,18.0,1800,pdcsap_flux,65190.0,0.0,29.424443839816377,71.0,0.001331773116196,1.0,0.0072710538426138,,0.0,0.0,320.0,201.0,198.0,2.0,2.3045784171308942e-05,7.098567473184936e-05,0.0621811440626352,9.122302930075764e-05,-0.3573273875390979,0.0,,0.0,,,
3641726,K00804.01,CONFIRMED,1019.8,3.1449,9.02930689,146.0,0.0009264601234166,2.628573134328369,-1.0884527986143588e-05,8.98325918785272,1.0859749076441716e-05,0.0,17.0,17.0,1800,pdcsap_flux,64739.0,0.0,29.424427081248723,19.0,0.0145124649761461,1.0,0.0872580670075225,,0.0,0.0,3686.0,201.0,201.0,18.0,2.869596283507707e-05,0.0,,0.0,,0.0,,0.0,,,
3644542,K03511.01,FALSE POSITIVE,299046.0,32.1928,119.67980316,13.0,0.2578560678764232,17.297623880596923,-0.0007311043353568,5195.797913068368,0.0026079328260267,0.1202089550134086,22.0,18.0,60|1800,pdcsap_flux,65265.0,0.0,29.42444284446537,197.0,0.0112079618385851,1.0,0.0684593580019918,,0.0,0.0,3001.0,201.0,201.0,14.0,1.5362058842719816e-05,7.488930258581217e-05,-0.2099716579648094,0.1202089550134086,-0.1791497629087003,0.1202089550134086,-0.1791497629087003,0.0,,,
3644601,K03862.01,FALSE POSITIVE,2015.8,32.16,359.00688,4.0,0.0023227381436992,16.000000000000014,0.0006017493416623,8.203811037472114,0.0003335329502179,0.0010295469342138,17.0,17.0,1800,pdcsap_flux,64739.0,0.0,29.42442917672452,197.0,0.0037325189979646,2.0,0.0432351441943805,,1.0,0.0311867653192048,930.0,201.0,201.0,5.0,5.953022978620077e-05,0.0010295469342138,-0.060493583791165,0.0010295469342138,-0.060493583791165,0.0010295469342138,-0.060493583791165,0.0311867653192048,,,
3644601,K03862.02,FALSE POSITIVE,842.7,29.33,119.686505,8.0,0.0012294525763701,16.343084577114425,4.313423015545048e-05,9.12184457874047,0.0002007017022817,0.0006072481195917,17.0,17.0,1800,pdcsap_flux,64739.0,0.0,29.42442917672452,179.0,0.0102107028134319,2.0,0.0636556017238449,,1.0,0.0103646951605678,2731.0,201.0,201.0,13.0,3.968862358399968e-05,0.0006072481195917,-0.1808740535868705,0.0006072481195917,-0.1808740535868705,0.0006072481195917,-0.1808740535868705,0.0103646951605678,,,
3654950,K01766.01,FALSE POSITIVE,63446.7,5.8962,4.067371428,214.0,0.0570117026089824,3.402782089552248,-0.0023977547333887,265.2086470239577,0.0039415054113902,0.0,11.0,11.0,1800,pdcsap_flux,41950.0,0.0,29.42458651028573,37.0,0.0604014175614157,1.0,0.3626460071513707,,0.0,0.0,10060.0,201.0,201.0,49.0,8.648636986895889e-05,0.0,,0.0,,0.0,,0.0,,,
3657176,K02903.01,FALSE POSITIVE,314.2,2.445,17.4166143,60.0,0.0003192561510857,0.5838805970149217,-5.143445031463578e-05,1.8065974005885972,7.245302877667559e-05,0.0,14.0,14.0,1800,pdcsap_flux,51784.0,0.0,29.42441032268107,15.0,0.0058492998837322,1.0,0.0354742777691951,,0.0,0.0,1174.0,201.0,201.0,6.0,3.682230253873948e-05,0.0001424272073856,0.0213303092446014,0.0001424272073856,0.0213303092446014,0.0,,0.0,,,
3662635,K08243.01,FALSE POSITIVE,100893.0,2.8424,0.939375593,1139.0,0.086245197114164,1.5838248756219004,0.0009781718652619,10.293908631768096,0.0004393303656792,0.0582162440853418,17.0,14.0,60|1800,pdcsap_flux,51817.0,0.0,29.424385758466087,17.0,0.1260766558295424,1.0,0.3780998514001196,primary_only,0.0,0.0,26121.0,201.0,201.0,129.0,0.0027194370880057,0.0582162440853418,0.4899974686418694,0.0582162440853418,0.4899974686418694,0.0582162440853418,0.4899974686418694,0.0,,,
3662838,K00302.01,CONFIRMED,776.2,9.182,24.85466504,42.0,0.0007395104815842,8.039960199005005,9.90474060236224e-06,21.268228557841105,6.722976481177145e-05,0.0,40.0,15.0,60|1800,pdcsap_flux,52275.0,0.0,29.42441391642205,57.0,0.0153928179163799,2.0,0.0996078431372549,,1.0,0.0083022477283596,3142.0,201.0,201.0,15.0,8.319028110560522e-06,2.520192838206814e-05,-0.194067097486488,2.520192838206814e-05,-0.194067097486488,0.0,,0.0083022477283596,,,
3662838,K00302.02,FALSE POSITIVE,,3.62,53.34418038,,4.68501824791856e-05,0.2881592039801006,1.2116704438569492e-05,0.901695308158961,8.85542925799232e-06,0.0,40.0,15.0,60|1800,pdcsap_flux,52275.0,0.0,29.42441391642205,23.0,0.0028275499268873,2.0,0.0611382113821138,,1.0,0.0447058823529411,582.0,200.0,179.0,3.0,1.3657187605118116e-05,4.521900147391733e-05,0.0821262464085707,4.521900147391733e-05,0.0821262464085707,0.0,,0.0447058823529411,,,
3663141,K07663.01,FALSE POSITIVE,66.5,5.321,2.31894284,317.0,6.391123950588717e-05,1.1647960199005016,-5.945385863959096e-06,1.7606950081790376,2.342623425466428e-06,0.0,11.0,11.0,1800,pdcsap_flux,35478.0,0.0,29.424363038269803,33.0,0.0956075024830423,1.0,0.5739331416652573,,0.0,0.0,13612.0,201.0,201.0,68.0,9.291827134049668e-06,0.0,,0.0,,0.0,,0.0,,,
3730176,K05002.01,FALSE POSITIVE,139.3,5.351,399.49671,,8.697131907953182e-05,0.106487562189053,-3.0989916840806764e-05,1.3852534474334537,0.0001066162309193,0.0,18.0,18.0,1800,pdcsap_flux,65211.0,0.0,29.424429260543548,33.0,0.0005580980462475,1.0,0.0034810078054315,,0.0,0.0,172.0,199.0,75.0,0.0,3.369059469652118e-05,0.0001015196238358,0.0395018493979746,0.0001776592107872,-0.0147731855995891,0.0,,0.0,,,
3732821,K01207.01,CONFIRMED,746.4,2.769,13.73474071,99.0,0.0006908019863084,1.1571940298507448,-8.268168415614952e-05,4.686108057659098,7.585893369588259e-05,0.0,17.0,17.0,1800,pdcsap_flux,64730.0,0.0,29.424415854737163,17.0,0.0084002313866761,1.0,0.0512745249497914,,0.0,0.0,2222.0,201.0,201.0,11.0,3.394270760176572e-05,0.0001020365359413,0.3978021205629062,0.0001020365359413,0.3978021205629062,0.0,,0.0,,,
3734868,K00805.01,FALSE POSITIVE,16917.7,7.7915,10.328035714,114.0,0.0166685211862924,6.357243781094564,-0.0002134854467155,128.4119371412441,0.0003447661549212,0.0001875861684548,24.0,15.0,60|1800,pdcsap_flux,59063.0,0.0,29.424330857000317,47.0,0.0314334537876611,1.0,0.1861740852987488,,0.0,0.0,7142.0,201.0,201.0,35.0,4.742206087773004e-05,0.0001875861684548,-0.4724932431298753,0.0001875861684548,-0.4724932431298753,0.0001875861684548,-0.4724932431298753,0.0,,,
3749365,K01176.01,CONFIRMED,30222.4,1.82542,1.97376085,662.0,0.0294090559906893,1.3804171144278632,-0.0003239500080685,212.34272729012463,0.0002648238956507,0.0,16.0,16.0,1800,pdcsap_flux,63170.0,0.0,29.424375946400687,11.0,0.0385351480989536,1.0,0.2310590470159886,,0.0,0.0,9735.0,201.0,201.0,48.0,3.426865509249379e-05,0.0,,0.0,,0.0,,0.0,,,
3751231,K07666.01,FALSE POSITIVE,76.1,0.998,0.570953851,2336.0,5.554482243053105e-05,0.2184676616915422,-6.753979374551911e-06,1.1994719803421556,1.957291927257021e-05,0.0,17.0,17.0,1800,pdcsap_flux,64761.0,0.0,29.42443228326738,7.0,0.0728313387509375,1.0,0.4370994888899183,,0.0,0.0,18885.0,201.0,201.0,94.0,1.707090610268753e-05,0.0,,0.0,,0.0,,0.0,,,
3831053,K00388.01,CONFIRMED,333.7,5.5694,6.14955931,221.0,0.0003208322248187,4.987522388059666,-1.063626570252385e-05,11.786527295079669,5.940240482171788e-06,0.0,18.0,17.0,60|1800,pdcsap_flux,64646.0,0.0,29.424412491498515,35.0,0.0377357663590585,1.0,0.2280264826903443,,0.0,0.0,9872.0,201.0,201.0,49.0,6.173010968436632e-06,2.085320547073888e-05,0.089647598709243,2.155750048071781e-05,0.4953070870691206,0.0,,0.0,,,
3831911,K05988.01,FALSE POSITIVE,18441.0,2.6,30.4838006,46.0,0.015294401105078,0.8796019900497574,-0.0020008206790639,14.48861141846828,0.0029486204539416,0.0083237057717133,17.0,17.0,1800,pdcsap_flux,64786.0,0.0,29.42441082559526,15.0,0.0035538000905744,1.0,0.0219337511190689,,0.0,0.0,962.0,201.0,196.0,5.0,0.0001941234546844,0.0083237057717133,0.1041578116884389,0.0083237057717133,0.1041578116884389,0.0083237057717133,0.1041578116884389,0.0,,,
3834364,K06362.01,FALSE POSITIVE,64325.0,2.6005,2.908454772,460.0,0.0574839197660854,1.4490348258706405,-0.0011191061134396,219.5432293867795,3.236008027462933e-05,0.000945346151133,17.0,17.0,1800,pdcsap_flux,64793.0,0.0,29.42441250197589,15.0,0.0372548913979352,1.0,0.2221690614726899,,0.0,0.0,9641.0,201.0,201.0,48.0,1.6676302022465405e-05,0.000945346151133,0.4986245369198877,0.000945346151133,0.4986245369198877,0.000945346151133,0.4986245369198877,0.0,,,
3836450,K05010.01,FALSE POSITIVE,57.6,1.63,1.540399732,864.0,5.673569015629543e-05,0.2919402985074609,-2.009608520225914e-05,3.265474464233113,7.226481195110601e-06,0.0,18.0,18.0,1800,pdcsap_flux,65258.0,0.0,29.424429768696427,9.0,0.0440902872519239,1.0,0.2634313034417236,,0.0,0.0,11473.0,201.0,201.0,57.0,4.5760495240298126e-06,1.5459108576476588e-05,0.288119275785198,1.5459108576476588e-05,0.288119275785198,0.0,,0.0,,,
3836453,K01903.01,FALSE POSITIVE,173.4,1.6305,1.540395781,864.0,0.0001690358553845,1.233014925373137,-5.283664809341282e-06,11.388573659940365,2.6336419775008224e-06,3.063812989012593e-05,18.0,18.0,1800,pdcsap_flux,65268.0,0.0,29.4244294334203,9.0,0.044103925002895,1.0,0.2636514065085493,,0.0,0.0,11465.0,201.0,201.0,56.0,3.901308841544515e-06,3.063812989012593e-05,0.4965592443561201,3.063812989012593e-05,0.4965592443561201,3.063812989012593e-05,0.4965592443561201,0.0,,,
3836509,K05011.01,FALSE POSITIVE,485.7,1.8325,1.540389045,810.0,0.0004780686513055,1.3128358208955295,1.7504734012296908e-05,11.496289187005369,6.152474203235947e-05,6.973126108900107e-05,17.0,17.0,1800,pdcsap_flux,61141.0,0.0,29.42440294136759,11.0,0.0495681054825124,1.0,0.2963314306275658,,0.0,0.0,12087.0,201.0,201.0,60.0,8.708362144192195e-06,6.973126108900107e-05,-0.4981084925554521,6.973126108900107e-05,-0.4981084925554521,6.973126108900107e-05,-0.4981084925554521,0.0,,,
3848665,K05014.01,FALSE POSITIVE,3658.0,14.04,359.04147,3.0,0.0027039309905756,0.8382089552238767,-0.0004039293201529,2.105715050910253,0.0004474742664487,0.0025089388091485,12.0,12.0,1800,pdcsap_flux,45216.0,0.0,29.424295144854117,85.0,0.0016293382488657,1.0,0.0112570771408351,,0.0,0.0,339.0,199.0,156.0,2.0,0.0004096738330187,0.0014829958065565,-0.302612839774162,0.0025248157804397,-0.2997614978386468,0.0025089388091485,-0.3333665992215037,0.0,,,
3848948,K05016.01,FALSE POSITIVE,8.1,1.99,0.523632451,2563.0,8.690941353584059e-06,0.7524378109452718,-2.860530412540641e-07,3.6301208954085857,1.1796714353140558e-06,0.0,19.0,18.0,60|1800,pdcsap_flux,65241.0,0.0,29.42444334214088,13.0,0.1583489841172327,1.0,0.4738737910209837,primary_only,0.0,0.0,41297.0,201.0,201.0,232.0,1.024731541639512e-07,0.0,,0.0,,0.0,,0.0,,,
3852655,K03002.01,CONFIRMED,88.0,2.97,11.62904159,118.0,7.314546545966749e-05,0.6501492537313478,-1.819574456585205e-05,1.7161456702501192,4.391499297540236e-08,0.0,18.0,18.0,1800,pdcsap_flux,65252.0,0.0,29.424446364864707,19.0,0.0106414616408642,1.0,0.064626371605468,,0.0,0.0,2815.0,201.0,201.0,14.0,1.034515870601702e-05,0.0,,0.0,,0.0,,0.0,,,
3857860,K04681.01,FALSE POSITIVE,59.2,2.808,8.2344072,256.0,4.465790493168864e-05,0.167641791044777,9.20266857085128e-06,1.3271608024306156,1.8034038753445003e-06,4.824803889924567e-05,15.0,15.0,1800,pdcsap_flux,52249.0,0.0,29.424457004643045,17.0,0.0142086730906385,1.0,0.0833125992841968,,0.0,0.0,2965.0,201.0,201.0,13.0,7.26037639268755e-06,4.824803889924567e-05,0.4946248297655652,4.824803889924567e-05,0.4946248297655652,4.824803889924567e-05,0.4946248297655652,0.0,,,
3858757,K06369.01,FALSE POSITIVE,528.9,6.001,25.9534494,33.0,0.0003763556683936,0.7165373134328308,6.023398171373096e-05,1.1137249997866558,0.0001302741252067,0.0,11.0,11.0,1800,pdcsap_flux,41968.0,0.0,29.424612494185567,37.0,0.0096342363904301,1.0,0.056805184902783,,0.0,0.0,1546.0,201.0,201.0,9.0,8.122540611939526e-05,0.0,,0.0,,0.0,,0.0,,,
3858879,K03276.01,FALSE POSITIVE,2340.2,20.585,25.951984,41.0,0.0021064925080037,11.879900497512365,-1.223456106957954e-05,26.54852200887029,8.460722372527485e-05,0.0010861237687772,14.0,14.0,1800,pdcsap_flux,51797.0,0.0,29.424421722069383,125.0,0.0330498174372076,1.0,0.2031970963569318,,0.0,0.0,7120.0,201.0,201.0,36.0,2.727548420822098e-05,0.0010861237687772,0.2312674392783197,0.0010861237687772,0.2312674392783197,0.0010861237687772,0.2312674392783197,0.0,,,
3858949,K00995.01,FALSE POSITIVE,1058.5,14.581,25.9518461,41.0,0.0009562452921447,8.124736318407969,-8.295992163354082e-05,15.526827342218176,0.0001186004949799,0.0003282847310851,14.0,14.0,1800,pdcsap_flux,51799.0,0.0,29.424421302974224,89.0,0.0234103448489033,1.0,0.1365470375875982,,0.0,0.0,4652.0,201.0,201.0,23.0,1.761256053893514e-05,0.0003282847310851,-0.2278083567645145,0.0003282847310851,-0.2278083567645145,0.0003282847310851,-0.2278083567645145,0.0,,,
3859363,K02887.01,FALSE POSITIVE,280.6,11.591,1.56859048,683.0,0.0001242160797119,3.690666666666687,2.7000904083251957e-05,1.7183847710870714,2.205371856689453e-06,,14.0,14.0,1800,pdcsap_flux,51714.0,0.0,29.42441619001329,,0.3078931942346949,1.0,1.0,none,0.0,0.0,51714.0,164.0,164.0,317.0,,,,,,,,0.0,blanking covers 1.23 of the orbit,,
3861595,K00004.01,CONFIRMED,1298.6,2.632,3.849371737,276.0,0.0012715073121634,1.9379900497512572,-5.4662570907582086e-05,61.07766651130727,7.712171032125958e-06,5.730099698886271e-05,25.0,15.0,60|1800,pdcsap_flux,52285.0,0.0,29.424435966066085,17.0,0.0284894975490559,1.0,0.1694367409390838,,0.0,0.0,5909.0,201.0,201.0,29.0,4.618653549268847e-06,5.730099698886271e-05,0.4960748334783161,5.730099698886271e-05,0.4960748334783161,5.730099698886271e-05,0.4960748334783161,0.0,,,
3941219,K05024.01,FALSE POSITIVE,196.3,5.069,282.159571,,0.0002076779908192,0.2017512437810928,1.0561686953680647e-05,2.4425922504233446,5.118187543551311e-05,0.0004787466266681,18.0,18.0,1800,pdcsap_flux,64620.0,0.0,29.42442053812556,31.0,0.000748542155011,1.0,0.0041782729805013,,0.0,0.0,168.0,198.0,123.0,1.0,2.6587925699149114e-05,0.0004787466266681,0.2527590439468549,0.0004787466266681,0.2527590439468549,0.0004787466266681,0.2527590439468549,0.0,,,
3945802,K03435.01,FALSE POSITIVE,322.2,4.359,24.2157996,44.0,0.0002807959647668,0.6939701492537287,1.779308428095927e-05,2.01300918570334,6.320748222965467e-05,0.0,14.0,14.0,1800,pdcsap_flux,54893.0,0.0,29.42454375734087,27.0,0.0075002685436825,1.0,0.042683037910116,,0.0,0.0,1555.0,201.0,201.0,8.0,3.791110773524109e-05,0.0001146345007048,0.0315997969156823,0.0001146345007048,0.0315997969156823,0.0,,0.0,,,
3954227,K03766.01,FALSE POSITIVE,220745.0,2.0188,0.594276199,1907.0,0.1700457809854161,1.165078606965174,-0.0087639500529488,26.567952714250648,0.0009900927720638,0.0118994889775698,14.0,14.0,1800,pdcsap_flux,54968.0,0.0,29.42454023170285,13.0,0.1415447342636495,1.0,0.4247744142046281,primary_only,0.0,0.0,31121.0,201.0,201.0,155.0,0.0019769566326617,0.0118994889775698,0.4998458892201576,0.0118994889775698,0.4998458892201576,0.0118994889775698,0.4998458892201576,0.0,,,
3955866,K03897.01,FALSE POSITIVE,655.3,39.098,16.8282542,,0.0007160206217921,34.235064676616794,-0.0001004731092464,5.173411784098215,0.0005796651412135,0.0,17.0,17.0,1800,pdcsap_flux,64793.0,0.0,29.424429763457734,239.0,0.096806437196161,1.0,0.5805874091337028,,0.0,0.0,25258.0,201.0,201.0,125.0,0.0001042139248892,0.0,,0.0,,0.0,,0.0,,,
3962872,K04539.01,FALSE POSITIVE,122.7,8.491,25.9554044,41.0,0.0001336817032627,1.182825870646778,-1.3088312507902876e-05,2.1947747165523954,3.996331446776136e-05,0.0,14.0,14.0,1800,pdcsap_flux,51768.0,0.0,29.42442137631588,51.0,0.0136307514694961,1.0,0.0841060114356359,,0.0,0.0,2979.0,201.0,201.0,15.0,1.9040197146986504e-05,5.890631964744486e-05,0.149172163246111,5.977012922364633e-05,-0.2222658142976582,0.0,,0.0,,,
3966262,K01811.01,FALSE POSITIVE,830.0,2.954,2.46353343,222.0,0.000684321612246,1.5284378109452843,9.140151411834996e-05,3.5219565334351435,0.001655990733397,0.0,14.0,14.0,1800,pdcsap_flux,51817.0,0.0,29.4244035333395,19.0,0.0499621120762844,1.0,0.300384043846614,,0.0,0.0,10312.0,201.0,201.0,51.0,1.6161575413081142e-05,0.0001969892793041,0.1058326144163069,0.0001969892793041,0.1058326144163069,0.0,,0.0,,,
3972391,K06374.01,FALSE POSITIVE,27.1,2.851,0.634131057,1683.0,6.54673050459742e-06,0.340417910447762,1.1956544307634154e-05,0.2425846037297264,4.906556415718022e-06,0.0,15.0,15.0,1800,pdcsap_flux,52286.0,0.0,29.424406299367547,17.0,0.1873298356157734,1.0,0.5616608652411735,primary_only,0.0,0.0,39182.0,201.0,201.0,195.0,6.836334945892841e-06,0.0,,0.0,,0.0,,0.0,,,
4035667,K02684.01,FALSE POSITIVE,215.7,1.682,2.8736467,468.0,0.000188864746209,1.0376517412935389,1.7428121239060346e-05,6.156877545397633,1.0233983904872623e-05,0.0,22.0,18.0,60|1800,pdcsap_flux,65261.0,0.0,29.42442406900227,11.0,0.0243882914811112,1.0,0.1475613306569007,,0.0,0.0,6389.0,201.0,201.0,32.0,1.0947027997153702e-05,4.392386683782501e-05,-0.4970164116609601,4.392386683782501e-05,-0.4970164116609601,0.0,,0.0,,,
4037164,K01184.01,FALSE POSITIVE,2547.4,1.8592,0.635445336,2107.0,0.0023345739587796,1.035972139303484,-2.9793818617451784e-05,19.011213336210965,8.41486485539944e-05,0.0013474504477227,17.0,17.0,1800,pdcsap_flux,64722.0,0.0,29.424409149214625,11.0,0.1219092536807393,1.0,0.7317913537900559,,0.0,0.0,31530.0,201.0,201.0,157.0,0.0001090513908999,0.0013474504477227,-0.4971213645812123,0.0013474504477227,-0.4971213645812123,0.0013474504477227,-0.4971213645812123,0.0,,,
4044005,K00969.01,FALSE POSITIVE,4511.7,1.8248,17.512014768,76.0,0.0040541178481017,1.1257472636815924,-2.34519305899461e-05,65.45304437198514,3.7944106763276864e-05,0.0,19.0,18.0,60|1800,pdcsap_flux,65267.0,0.0,29.42443185893353,11.0,0.0043417810195243,1.0,0.0256178466912834,,0.0,0.0,1114.0,201.0,197.0,6.0,9.64672955975242e-06,3.813894208970492e-05,0.2983467089953807,4.481342634721219e-05,-0.0099197433908601,0.0,,0.0,,,
4049108,K00495.01,FALSE POSITIVE,744.4,3.4587,4.804469031,282.0,0.0006637875509265,1.927235820895532,-5.062784795806241e-05,14.192119087134762,9.555242638348282e-06,5.537449514658732e-05,17.0,17.0,1800,pdcsap_flux,64714.0,0.0,29.424423230811957,21.0,0.0299955102364359,1.0,0.1802546589609667,,0.0,0.0,7825.0,201.0,201.0,39.0,1.378143260118446e-05,5.537449514658732e-05,-0.4975558834204871,5.537449514658732e-05,-0.4975558834204871,5.537449514658732e-05,-0.4975558834204871,0.0,,,
4049124,K05994.01,FALSE POSITIVE,132624.0,3.51946,4.804469712,282.0,0.1254241171738983,2.1011701492537416,-0.0030610824240576,1485.956770803352,4.861779315590287e-05,0.0043286583438268,17.0,17.0,1800,pdcsap_flux,64794.0,0.0,29.42442254978232,21.0,0.0305224458591959,1.0,0.1833503102139086,,0.0,0.0,7982.0,201.0,201.0,40.0,1.829830489099615e-05,0.0043286583438268,-0.4963650466062527,0.0043286583438268,-0.4963650466062527,0.0043286583438268,-0.4963650466062527,0.0,,,
4055092,K06379.01,FALSE POSITIVE,9662.2,5.1822,76.45315813,19.0,0.0083769871320816,2.88759402985076,0.0005692268045387,25.780340863752794,0.0003004896571665,0.0014966546578289,17.0,17.0,1800,pdcsap_flux,64775.0,0.0,29.424427751800977,31.0,0.0028242783592123,1.0,0.0179853338479351,,0.0,0.0,805.0,201.0,201.0,4.0,6.661096798090389e-05,0.0014966546578289,0.356502318332516,0.0014966546578289,0.356502318332516,0.0014966546578289,0.356502318332516,0.0,,,
4056579,K08091.01,FALSE POSITIVE,750.9,2.93,239.179477,5.0,0.0007820486402757,0.0583084577114427,2.286946833640613e-05,2.8411395622890616,5.8780805955893634e-05,0.0,17.0,17.0,1800,pdcsap_flux,64749.0,0.0,29.424428259953856,17.0,0.0005104256220667,1.0,0.0030734065390971,,0.0,0.0,127.0,198.0,88.0,0.0,9.601637670473244e-05,0.000328686338721,0.132364596400327,0.0004061988292224,-0.0063435663963356,0.0,,0.0,,,
4058169,K05034.01,FALSE POSITIVE,29233.2,10.3088,282.5363563,3.0,,,,,,0.0,18.0,18.0,1800,pdcsap_flux,65144.0,0.0,29.424446700140837,63.0,0.0015202763246413,1.0,0.0069845265872528,,0.0,0.0,212.0,201.0,126.0,1.0,2.646650089625626e-05,9.979112213764908e-05,0.1641722824148865,9.979112213764908e-05,0.1641722824148865,0.0,,0.0,,,
4067110,K04026.01,FALSE POSITIVE,275.4,5.053,0.735146413,1468.0,0.0002249479293823,2.5139303482586897,1.883506774902344e-05,6.6987582270122905,3.874301910400391e-06,,15.0,15.0,1800,pdcsap_flux,52277.0,0.0,29.42444032465573,,0.2863941970518281,1.0,1.0,none,0.0,0.0,52277.0,176.0,176.0,296.0,,,,,,,,0.0,blanking covers 1.15 of the orbit,,
4072333,K02731.01,FALSE POSITIVE,352.0,2.0715,2.007750531,528.0,0.0003018556869885,0.7832537313432877,1.997997729574763e-05,2.9518017874383538,3.5139043563559014e-05,0.0,14.0,14.0,1800,pdcsap_flux,51777.0,0.0,29.42438860831317,13.0,0.0429896536782437,1.0,0.2582227630028777,,0.0,0.0,8807.0,201.0,201.0,44.0,2.133951638972209e-05,0.0,,0.0,,0.0,,0.0,,,
4073089,K07682.01,FALSE POSITIVE,226471.0,17.487,58.873429,3.0,0.1468097977574949,10.091999999999974,0.0013597361752392,356.6331705100887,0.2153987340397706,0.0002436817831874,2.0,2.0,1800,pdcsap_flux,7901.0,0.0,29.423319999477823,107.0,0.0123761264185919,1.0,0.0670801164409568,,0.0,0.0,423.0,201.0,201.0,2.0,7.417671247745545e-05,0.0002436817831874,-0.3390986009410883,0.0002436817831874,-0.3390986009410883,0.0002436817831874,-0.3390986009410883,0.0,,,
4136466,K01344.01,CONFIRMED,112.0,2.874,4.48758768,300.0,9.658086361463702e-05,1.8874029850746128,-6.4172374667492704e-06,3.390686364477441,2.3246772407947706e-05,0.0,19.0,18.0,60|1800,pdcsap_flux,65205.0,0.0,29.42442641593516,17.0,0.0266847153836557,1.0,0.1626255655241162,,0.0,0.0,7011.0,201.0,201.0,35.0,6.689168261179112e-06,0.0,,0.0,,0.0,,0.0,,,
4138008,K04742.01,CONFIRMED,502.1,5.869,112.303136,12.0,0.0004836566162195,0.2335920398009969,-0.0001278149947985,3.217260016870042,2.422331776508191e-05,0.0,17.0,17.0,1800,pdcsap_flux,64712.0,0.0,29.424413004890084,35.0,0.0021775141405371,1.0,0.0128260600815922,,0.0,0.0,558.0,199.0,109.0,1.0,5.731665657407676e-05,0.0001946517896432,0.121492335477462,0.0001970546504183,0.4835040613417785,0.0,,0.0,,,
4138951,K02866.01,CONFIRMED,66.0,1.855,1.291233083,1032.0,5.851161626779788e-05,0.4429850746268677,-2.1783597193514304e-05,2.500327010281348,9.817423106128764e-06,0.0,17.0,17.0,1800,pdcsap_flux,64729.0,0.0,29.42441417835653,11.0,0.0598588029413638,1.0,0.3587727293794126,,0.0,0.0,15479.0,201.0,201.0,77.0,8.141339630909905e-06,0.0,,0.0,,0.0,,0.0,,,
4141376,K00280.01,CONFIRMED,332.7,2.5342,11.87290814,111.0,0.0003199884186386,2.168569154228861,3.57758758351423e-06,12.5530582526083,1.6341547853238048e-05,5.34923456373404e-05,55.0,18.0,60|1800,pdcsap_flux,64667.0,0.0,29.424451226368543,15.0,0.008893496472943,1.0,0.0533966319761238,,0.0,0.0,2268.0,201.0,201.0,11.0,1.140152347830522e-05,5.34923456373404e-05,0.4983056853473123,6.370641931763288e-05,-0.4633036207896651,5.34923456373404e-05,0.4983056853473123,0.0,,,
4144576,K02202.01,CONFIRMED,173.5,1.4122,0.813166357,1643.0,0.0001411554438658,0.7868975124378127,-5.362543404996423e-06,1.8508062902818456,4.1501804420196464e-05,0.0,17.0,17.0,1800,pdcsap_flux,64799.0,0.0,29.424417525879107,9.0,0.0723611671340538,1.0,0.4345283106220775,,0.0,0.0,18734.0,201.0,201.0,94.0,1.209407678714457e-05,0.0,,0.0,,0.0,,0.0,,,
4147171,K05042.01,FALSE POSITIVE,545.5,19.26,538.36855,,0.00039003585184,3.0662686567164323,-8.585993009935233e-05,1.0357992440731911,0.0004006598055241,0.0,17.0,17.0,1800,pdcsap_flux,64712.0,0.0,29.42442205734551,117.0,0.0014906145613446,1.0,0.0108171591049573,,0.0,0.0,446.0,200.0,196.0,2.0,0.0001003403323178,0.0003854075909391,0.0509705285712662,0.0004152589514005,-0.2449164618556261,0.0,,0.0,,,
4150390,K01768.01,FALSE POSITIVE,39873.6,6.094,55.25178622,19.0,,,,,,0.0017760311628788,14.0,14.0,1800,pdcsap_flux,54788.0,0.0,29.42454208619893,37.0,0.0045956281966274,1.0,0.0231620062787471,,0.0,0.0,784.0,201.0,170.0,4.0,6.554783193533117e-05,0.0017760311628788,-0.3512137831382337,0.0017760311628788,-0.3512137831382337,0.0017760311628788,-0.3512137831382337,0.0,,,
4150539,K01330.01,FALSE POSITIVE,1048.1,4.486,8.65306587,158.0,0.0008750960314721,1.785472636815904,-6.431736738310434e-06,7.984632282000299,4.526366469148613e-05,0.0005519262682579,17.0,17.0,1800,pdcsap_flux,64762.0,0.0,29.42442507483065,27.0,0.0216012069565658,2.0,0.1574688860751675,,1.0,0.0312220129088045,5653.0,201.0,201.0,28.0,3.605902871592249e-05,0.0005519262682579,0.2722658998766065,0.0005519262682579,0.2722658998766065,0.0005519262682579,0.2722658998766065,0.0312220129088045,,,
4150539,K01330.02,FALSE POSITIVE,1025.9,24.312,94.219289,15.0,0.0008323406666788,22.739582089552087,-6.686171018310816e-05,4.819120313445561,1.535783290662618e-05,0.0,17.0,17.0,1800,pdcsap_flux,64762.0,0.0,29.42442507483065,149.0,0.010751513949548,2.0,0.1262159908588369,,1.0,0.0654704919551588,2736.0,200.0,200.0,14.0,6.889419607343552e-05,0.0,,0.0,,0.0,,0.0654704919551588,,,
4150611,K03156.01,FALSE POSITIVE,1112.0,1.43,0.761119678,1504.0,0.0008358157263793,0.199203980099502,-4.084000917392583e-05,1.0354526717260222,0.0002736107312009,0.0,48.0,18.0,60|1800,pdcsap_flux,65263.0,0.0,29.42443923500832,9.0,0.0782837903887873,4.0,0.4695156520539969,secondary_only,3.0,0.5571763480072935,20359.0,201.0,201.0,66.0,0.0002143858506277,0.0,,0.0,,0.0,,0.5571763480072935,,,
4150611,K03156.02,FALSE POSITIVE,3097.3,5.968,1.434200327,838.0,0.0023848944401705,2.850388059701501,9.472721601411216e-05,2.7701554697297586,6.469188067914633e-05,0.0,48.0,18.0,60|1800,pdcsap_flux,65263.0,0.0,29.42443923500832,37.0,0.173383496004925,4.0,0.520218194076276,primary_only,3.0,0.2922329650797542,45238.0,201.0,201.0,225.0,0.000395887354086,0.0,,0.0,,0.0,,0.2922329650797542,,,
4150611,K03156.03,FALSE POSITIVE,60715.0,3.9071,8.653098686,158.0,0.053840620692991,2.1770905472636817,-0.0008716429931612,52.239702966193526,0.0001881695192551,0.0297541617391071,48.0,18.0,60|1800,pdcsap_flux,65263.0,0.0,29.42443923500832,23.0,0.0188135879689808,4.0,0.6823927799825322,,3.0,0.6399338062914668,4998.0,201.0,201.0,25.0,0.0005487418791547,0.0297541617391071,-0.2718627511791304,0.0297541617391071,-0.2718627511791304,0.0297541617391071,-0.2718627511791304,0.6399338062914668,,,
4150611,K03156.04,FALSE POSITIVE,55654.0,14.48,94.212787,15.0,0.0469224350855381,20.459303482587146,-0.0034758004630891,14.145069763756156,0.0004874974625194,0.0073088770664494,48.0,18.0,60|1800,pdcsap_flux,65263.0,0.0,29.42443923500832,89.0,0.0064039431646718,4.0,0.6687096823621348,,3.0,0.6555322311263656,1589.0,201.0,201.0,8.0,0.0007806536205216,0.0055527085236398,0.1180049082123779,0.0124607745614857,0.3621552413654842,0.0073088770664494,-0.1781774631536895,0.6555322311263656,,,
4157488,K06390.01,FALSE POSITIVE,91307.3,6.78534,5.197420145,519.0,0.0810829776540372,3.7808859701492583,-0.002483390999158,447.90058099678953,7.809908289202472e-05,0.0003368136088789,17.0,17.0,1800,pdcsap_flux,64796.0,0.0,29.424428584752604,41.0,0.0543966991531334,1.0,0.3265479350577196,,0.0,0.0,14161.0,201.0,201.0,70.0,3.077013891573942e-05,0.0003368136088789,0.4966789370203774,0.0003368136088789,0.4966789370203774,0.0003368136088789,0.4966789370203774,0.0,,,
4165473,K00550.01,CONFIRMED,607.0,3.9734,13.02363236,78.0,0.0005900073912789,3.55826865671642,-1.6296878877497534e-05,7.935643569292007,3.874920237134649e-05,0.0,14.0,14.0,1800,pdcsap_flux,51808.0,0.0,29.4244225602597,25.0,0.0127121473300965,1.0,0.0754902717726992,,0.0,0.0,2495.0,201.0,201.0,13.0,1.947146095340384e-05,6.955498287208872e-05,0.1721618067718946,6.955498287208872e-05,0.1721618067718946,0.0,,0.0,,,
4173026,K02172.01,CONFIRMED,821.5,3.743,10.44087398,103.0,0.0006791557338713,2.2346268656716344,3.164013712275704e-05,4.546681283019834,6.977599357238518e-05,0.0,14.0,14.0,1800,pdcsap_flux,51817.0,0.0,29.424389697960574,23.0,0.0149372872071896,2.0,0.0974197657139548,,1.0,0.0060983847000019,3096.0,201.0,201.0,15.0,4.062668492909983e-05,0.0,,0.0,,0.0,,0.0060983847000019,,,
4173026,K02172.02,CONFIRMED,819.0,5.8,116.583183,9.0,0.0011567298693679,0.8079601990049725,0.0004741003065626,3.285533756234436,0.0003494072418266,0.0005047211844575,14.0,14.0,1800,pdcsap_flux,51817.0,0.0,29.424389697960574,35.0,0.0020729118938763,2.0,0.0577416677924233,,1.0,0.0448887430765964,416.0,201.0,187.0,2.0,9.170770727305102e-05,0.0004555573049267,-0.4106024178179723,0.0005047211844575,0.1576345550909046,0.0005047211844575,0.1576345550909046,0.0448887430765964,,,
4242692,K03928.01,CONFIRMED,66.2,2.1482,1.138548215,1178.0,5.988879442764272e-05,1.4962587064676656,-1.1939101932978424e-05,4.5163623174277,1.2385599543196513e-05,0.0,18.0,18.0,1800,pdcsap_flux,65249.0,0.0,29.424426080659032,13.0,0.07861619925629,1.0,0.4716547380036475,,0.0,0.0,20509.0,201.0,201.0,102.0,3.173749519364044e-06,0.0,,0.0,,0.0,,0.0,,,
4242806,K05049.01,FALSE POSITIVE,431.0,7.46,343.49816,,0.0001930691915938,0.5938308457711436,-9.37256297044442e-05,0.738594060501838,0.0001464780419873,0.000518954032914,17.0,17.0,1800,pdcsap_flux,64790.0,0.0,29.424410647479817,45.0,0.0009049053809584,1.0,0.0054329371816638,,0.0,0.0,222.0,200.0,172.0,1.0,7.337750988962707e-05,0.000518954032914,-0.3040736608831378,0.000518954032914,-0.3040736608831378,0.000518954032914,-0.3040736608831378,0.0,,,
4247023,K03559.01,FALSE POSITIVE,370871.0,11.555,47.189437,,0.2871104739667334,5.748756218905447,0.0172566436319662,259.58204707462613,0.0223208212322687,0.1354942586424162,2.0,2.0,1800,pdcsap_flux,8204.0,0.0,29.423380186781287,71.0,0.0102026716981881,1.0,0.068381277425646,,0.0,0.0,370.0,200.0,196.0,2.0,0.0005440678160106,0.1354942586424162,-0.2894372660078438,0.1354942586424162,-0.2894372660078438,0.1354942586424162,-0.2894372660078438,0.0,,,
4247807,K03748.01,FALSE POSITIVE,7765.3,8.0122,2.050435466,554.0,0.0079453275156938,4.4645094527363085,-0.0001627354526377,92.16450990908572,0.0016261258596002,0.0,14.0,14.0,1800,pdcsap_flux,54962.0,0.0,29.42454644478857,49.0,0.1628150079348396,2.0,0.4844619919216913,primary_only,1.0,0.0989410865689021,35601.0,201.0,201.0,177.0,1.773457971383374e-06,1.7291212351500107e-05,0.3344524654786724,1.7291212351500107e-05,0.3344524654786724,0.0,,0.0989410865689021,,,
4247807,K03748.02,FALSE POSITIVE,145.8,1.621,2.02487934,,0.0001687084259551,0.1935522388059705,-6.551448762193157e-05,0.7194529452934759,4.137497485501296e-05,0.0,14.0,14.0,1800,pdcsap_flux,54962.0,0.0,29.42454644478857,9.0,0.0333558969823192,2.0,0.5872057057603435,,1.0,0.4844619919216913,7248.0,201.0,201.0,37.0,1.7573902741432323e-05,0.0,,0.0,,0.0,,0.4844619919216913,,,
4255422,K03528.01,FALSE POSITIVE,66402.0,13.6363,165.40574995,8.0,,,,,,0.0,18.0,18.0,1800,pdcsap_flux,64749.0,0.0,29.4244363065809,83.0,0.0034350629699295,1.0,0.0153979212034162,,0.0,0.0,533.0,201.0,160.0,3.0,1.4907289567519632e-05,6.303573531907247e-05,0.1290556894122685,9.547013366817404e-05,-0.0452737563116561,0.0,,0.0,,,
4261960,K06397.01,FALSE POSITIVE,3348.7,16.467,1.461270059,781.0,0.0018337368965148,7.864835820895551,9.6052885055542e-05,1.1839956758699903,4.667043685913086e-05,,14.0,14.0,1800,pdcsap_flux,54957.0,0.0,29.424540147883818,,0.4695401755302781,1.0,1.0,none,0.0,0.0,54957.0,108.0,108.0,514.0,,,,,,,,0.0,blanking covers 1.88 of the orbit,,
4270253,K00551.01,CONFIRMED,604.3,3.3372,11.6370303,93.0,0.0005517997118953,1.195414925373127,-4.94296282838036e-05,4.986407618358324,4.102865683897061e-05,0.0,16.0,14.0,60|1800,pdcsap_flux,51756.0,0.0,29.424425242468715,21.0,0.0119489248042947,2.0,0.1173004096143442,,1.0,0.0492696498956642,2483.0,201.0,201.0,13.0,2.569375179641651e-05,8.578752009402724e-05,0.3290177201114677,8.578752009402724e-05,0.3290177201114677,0.0,,0.0492696498956642,,,
4270253,K00551.02,CONFIRMED,476.4,2.2682,5.68798675,180.0,0.0004417702206485,1.850670646766171,4.569386580455248e-05,6.28951394869762,5.232553919320981e-05,0.0,16.0,14.0,60|1800,pdcsap_flux,51756.0,0.0,29.424425242468715,13.0,0.0166154278283671,2.0,0.1314436973490996,,1.0,0.0359765051395007,3419.0,201.0,201.0,17.0,2.2762629935927456e-05,0.0,,0.0,,0.0,,0.0359765051395007,,,
4281023,K05055.01,FALSE POSITIVE,568.1,3.134,230.385488,,0.0004950007096583,0.0,1.8063893212239e-05,2.356885725672042,0.0002011486952845,0.0,14.0,14.0,1800,pdcsap_flux,51794.0,0.0,29.42437428049743,19.0,0.0005668036405718,1.0,0.0029733173726686,,0.0,0.0,102.0,198.0,93.0,0.0,7.990866830157611e-05,0.000262510058528,0.2067432065408696,0.0004819350094393,-0.057670691785922,0.0,,0.0,,,
4281700,K05056.01,FALSE POSITIVE,,2.43,222.84909312,,0.0004244858882818,0.0967164179104485,0.000112256713086,2.1250991903107463,0.0002125408836801,0.0,14.0,14.0,1800,pdcsap_flux,51780.0,0.0,29.424371598288417,15.0,0.0004543433342377,1.0,0.003051371185786,,0.0,0.0,96.0,196.0,59.0,0.0,0.0001296616379396,0.000408815653632,0.0397240930488164,0.0009149688099341,0.0609646439244339,0.0,,0.0,,,
4284980,K07690.01,FALSE POSITIVE,101.1,3.63,2.2430415,469.0,0.0001138714525746,0.2167164179104466,-3.9834975960939545e-05,1.3815993517760865,2.3176892683829383e-05,0.0,13.0,13.0,1800,pdcsap_flux,50150.0,0.0,29.424257604405284,23.0,0.0674307630955557,1.0,0.405643070787637,,0.0,0.0,13734.0,201.0,201.0,68.0,1.966546056391993e-05,0.0,,0.0,,0.0,,0.0,,,
4346875,K06113.01,FALSE POSITIVE,175471.0,4.53365,4.694218481,289.0,0.1574512643513755,2.5262129353233918,-0.0044905371373665,799.506177806793,0.00072463945232,0.0050041007189086,17.0,17.0,1800,pdcsap_flux,64793.0,0.0,29.424411496147517,27.0,0.0402414340316541,1.0,0.2402883027487537,,0.0,0.0,10553.0,201.0,201.0,52.0,4.672783615979383e-05,0.0050041007189086,0.4892280186613644,0.0050041007189086,0.4892280186613644,0.0050041007189086,0.4892280186613644,0.0,,,
4349935,K06403.01,FALSE POSITIVE,176.6,3.2604,0.792023257,1703.0,0.000184139444294,2.076274626865682,2.7736960546698164e-05,6.325838115819342,1.538347699092668e-05,0.0,17.0,17.0,1800,pdcsap_flux,64737.0,0.0,29.424413418746557,19.0,0.1715227410298129,1.0,0.5146824845142655,primary_only,0.0,0.0,44414.0,201.0,201.0,221.0,3.2343742282854965e-05,0.0,,0.0,,0.0,,0.0,,,
4352168,K06404.01,FALSE POSITIVE,436506.0,6.29783,10.643743766,0.0,,,,,,,,,,,,,,,,,,,,,,,,,,,,,,,,,,koi_num_transits is 0,precheck
4356621,K06405.01,FALSE POSITIVE,60.6,2.924,1.7317958,772.0,6.417409608094893e-05,0.2909452736318401,3.2318473659476155e-06,1.7907016383178125,1.1665115440595564e-05,0.0,17.0,17.0,1800,pdcsap_flux,64716.0,0.0,29.42442406900227,17.0,0.0703508654619287,1.0,0.4221367204400766,,0.0,0.0,18122.0,201.0,201.0,91.0,1.2973701036329375e-05,0.0,,0.0,,0.0,,0.0,,,
4356766,K03669.01,FALSE POSITIVE,44612.0,5.6803,1.731803197,656.0,0.065669307327945,3.0521014925373127,-0.0018319571480827,29.2183410244698,0.0008210334811976,0.0052258644970708,14.0,14.0,1800,pdcsap_flux,54966.0,0.0,29.424541069893166,35.0,0.1366663181339921,1.0,0.4090892551759269,primary_only,0.0,0.0,30009.0,201.0,201.0,150.0,0.0005763128921023,0.0052258644970708,0.4996117664788657,0.0052258644970708,0.4996117664788657,0.0052258644970708,0.4996117664788657,0.0,,,
4357985,K06406.01,FALSE POSITIVE,313.8,1.549,8.65298599,157.0,0.0003560144133567,0.1233034825870658,-3.451866592063535e-05,2.361430407028205,6.50714559549126e-05,0.0,17.0,17.0,1800,pdcsap_flux,64728.0,0.0,29.424425064353272,9.0,0.0074588895372366,1.0,0.0447719688542825,,0.0,0.0,1961.0,201.0,201.0,10.0,3.811380859867297e-05,0.0,,0.0,,0.0,,0.0,,,
4370527,K02166.01,CONFIRMED,1350.7,3.816,61.6174528,14.0,0.0012149293703279,0.6075223880596998,-0.0001825715954416,2.802099696173222,9.417503345188204e-05,0.0,14.0,14.0,1800,pdcsap_flux,51808.0,0.0,29.42442926578224,23.0,0.0025804377294869,1.0,0.0156732550957381,,0.0,0.0,469.0,201.0,157.0,3.0,9.98300004026169e-05,0.0003020387160843,-0.0983824867127271,0.0003789662718794,-0.0558052641761949,0.0,,0.0,,,
4371172,K08093.01,FALSE POSITIVE,225.6,5.692,73.992267,16.0,0.0002117240029537,0.6796417910447659,-0.0001379849700333,0.6309647035652207,0.0002231356494404,0.0003800283257852,14.0,14.0,1800,pdcsap_flux,51813.0,0.0,29.42442540486809,35.0,0.0032052899077503,1.0,0.0191264740509138,,0.0,0.0,723.0,201.0,201.0,4.0,6.079492046113773e-05,0.0003800283257852,-0.4979479209906496,0.0003800283257852,-0.4979479209906496,0.0003800283257852,-0.4979479209906496,0.0,,,
4372961,K06410.01,FALSE POSITIVE,328.2,20.143,2.53470797,426.0,0.0002438426017761,10.021393034825897,-3.600120544433594e-05,3.551276315339448,9.834766387939451e-06,,14.0,14.0,1800,pdcsap_flux,51783.0,0.0,29.424420291907158,,0.3311196700370444,1.0,1.0,none,0.0,0.0,51783.0,152.0,152.0,341.0,,,,,,,,0.0,blanking covers 1.32 of the orbit,,
4374610,K04712.01,FALSE POSITIVE,75.4,2.704,1.44438449,368.0,6.947610167395979e-05,0.5919203980099539,1.0181819702248518e-05,1.808930307019677,3.629692011808405e-05,0.0,14.0,14.0,1800,pdcsap_flux,51785.0,0.0,29.424410490319133,17.0,0.0780032376743859,1.0,0.4675871391329536,,0.0,0.0,16196.0,201.0,201.0,81.0,6.376101285335056e-06,0.0,,0.0,,0.0,,0.0,,,
4380560,K07548.01,FALSE POSITIVE,149.0,5.55,0.705816203,1232.0,0.0003148913383483,3.534328358208951,7.033348083496094e-06,2.633654606293313,4.684925079345703e-05,,11.0,11.0,1800,pdcsap_flux,41799.0,0.0,29.42452909424901,,0.32763487012213,1.0,1.0,none,0.0,0.0,41799.0,154.0,154.0,272.0,,,,,,,,0.0,blanking covers 1.31 of the orbit,,
4391348,K02514.01,FALSE POSITIVE,139.1,2.381,1.96433113,582.0,0.0001350822572504,0.4738308457711417,-2.497484605601397e-05,2.0942656609809487,9.201732918295846e-06,0.0,14.0,14.0,1800,pdcsap_flux,54909.0,0.0,29.424529680982232,15.0,0.050504892896206,1.0,0.302627984483418,,0.0,0.0,11194.0,201.0,201.0,56.0,2.0397570796819903e-05,0.0,,0.0,,0.0,,0.0,,,
4454219,K06416.01,FALSE POSITIVE,99376.0,2.235,1.22578134,21.0,0.0789492625788149,0.1779104477611939,-0.0113676037218066,79.02035803360332,0.0061548614782285,0.0,1.0,1.0,1800,pdcsap_flux,1284.0,0.0,29.4256807572674,13.0,0.0759719510822378,1.0,0.4478193146417445,,0.0,0.0,380.0,200.0,92.0,0.0,0.0003079279977341,0.0,,0.0,,0.0,,0.0,,,
4454934,K02245.01,CONFIRMED,370.7,4.749,33.4698571,43.0,0.0003288880040174,0.9450746268656652,1.0610206850669712e-05,3.2771338911948367,7.941561875202119e-05,0.0,17.0,17.0,1800,pdcsap_flux,64738.0,0.0,29.42442204686813,29.0,0.0059120359973093,1.0,0.0360839074423059,,0.0,0.0,1628.0,201.0,200.0,9.0,2.7258315334619265e-05,0.0,,0.0,,0.0,,0.0,,,
4469825,K05064.01,FALSE POSITIVE,265.6,11.18,253.87706,,0.0002000124069745,2.0023880597014987,1.4134895617523568e-05,1.4262222151359132,0.0001155860489697,0.0001343744479067,15.0,15.0,1800,pdcsap_flux,52276.0,0.0,29.424454914405946,69.0,0.0018348776109717,1.0,0.0100619787282883,,0.0,0.0,451.0,200.0,189.0,2.0,4.239968414527119e-05,0.0001343744479067,0.4926710263515358,0.0001418652066891,-0.4690342014990565,0.0001343744479067,0.4926710263515358,0.0,,,
4474637,K03829.01,FALSE POSITIVE,372425.0,16.1723,3.886730304,0.0,,,,,,,,,,,,,,,,,,,,,,,,,,,,,,,,,,koi_num_transits is 0,precheck
4483138,K02910.01,CONFIRMED,468.3,3.736,15.3626052,58.0,0.0004240256945783,2.304796019900502,8.14870591847594e-05,2.8908608588910094,0.0001677780463706,0.0,11.0,11.0,1800,pdcsap_flux,41978.0,0.0,29.42450703936629,23.0,0.0101328299881498,1.0,0.0595788270046214,,0.0,0.0,1733.0,201.0,201.0,8.0,4.575584260764218e-05,0.0001399951227245,0.0915530110520453,0.0001399951227245,0.0915530110520453,0.0,,0.0,,,
4484312,K06419.01,FALSE POSITIVE,39.4,2.532,2.24294107,483.0,3.288292944592097e-05,0.3527164179104476,-7.90898248237415e-06,1.5997341275256287,1.4059879626326932e-05,0.0,14.0,14.0,1800,pdcsap_flux,51763.0,0.0,29.42436112090945,15.0,0.0470364564682923,1.0,0.2828081834515001,,0.0,0.0,9895.0,201.0,201.0,49.0,5.3420630483243855e-06,1.6739537713861274e-05,-0.4470816016359518,1.6739537713861274e-05,-0.4470816016359518,0.0,,0.0,,,
4544620,K03915.01,FALSE POSITIVE,1027.1,5.2094,2.189090653,599.0,0.0009236381917138,2.902750248756228,1.7233146413664358e-05,13.464983713344491,5.021564001450596e-05,0.0005293549630085,16.0,16.0,1800,pdcsap_flux,63123.0,0.0,29.42436153476592,31.0,0.0991545658631677,1.0,0.5941574386515216,,0.0,0.0,25070.0,201.0,201.0,125.0,4.367032523115872e-05,0.0005293549630085,-0.3512662774640613,0.0005293549630085,-0.3512662774640613,0.0005293549630085,-0.3512662774640613,0.0,,,
4545570,K04506.01,CONFIRMED,210.0,2.885,5.60473115,241.0,0.0001677353049437,0.803781094527368,-3.392996924567182e-05,1.4135542917961006,3.228464889193372e-05,0.0,17.0,17.0,1800,pdcsap_flux,64740.0,0.0,29.42441416787915,17.0,0.0214476537975123,1.0,0.1284522706209453,,0.0,0.0,5607.0,201.0,201.0,28.0,2.9741971285936075e-05,0.0,,0.0,,0.0,,0.0,,,
4545926,K04787.01,FALSE POSITIVE,37.0,2.115,2.4826619,541.0,2.9509292238771856e-05,0.2525373134328337,-9.355809798328174e-06,1.5173857766983392,8.442724109936073e-06,0.0,18.0,18.0,1800,pdcsap_flux,65217.0,0.0,29.42442975821905,13.0,0.0354961744891642,1.0,0.214223285339712,,0.0,0.0,9325.0,201.0,201.0,44.0,5.913889613310053e-06,0.0,,0.0,,0.0,,0.0,,,
4556468,K04491.01,CONFIRMED,239.8,14.077,114.336052,12.0,0.0001870923644017,2.8013930348258853,-2.2408906432347383e-05,1.423830398812978,5.947684612161997e-05,0.0,17.0,17.0,1800,pdcsap_flux,64732.0,0.0,29.42442725412548,87.0,0.0051299800579669,1.0,0.0304177223011802,,0.0,0.0,1430.0,201.0,201.0,7.0,3.47631181309626e-05,0.0,,0.0,,0.0,,0.0,,,
4563268,K00627.01,CONFIRMED,407.3,3.5413,7.75192755,175.0,0.000388632827698,3.171313432835836,-2.482090266719972e-05,10.247609281854102,5.63011579257644e-06,0.0,18.0,17.0,60|1800,pdcsap_flux,64737.0,0.0,29.424432618543506,21.0,0.0190345131214063,2.0,0.2008434125770425,,1.0,0.0989851244265258,4932.0,201.0,201.0,25.0,7.772728885831648e-06,0.0,,0.0,,0.0,,0.0989851244265258,,,
4563268,K00627.02,CONFIRMED,120.0,3.2935,4.16536757,311.0,0.0001143902460827,1.3108457711442862,1.8712556193456464e-07,4.314639423719096,1.3283823384613314e-05,0.0,18.0,17.0,60|1800,pdcsap_flux,64737.0,0.0,29.424432618543506,21.0,0.0329452717822611,2.0,0.2424270509909325,,1.0,0.0571543321439053,8557.0,201.0,201.0,42.0,5.910849073565538e-06,0.0,,0.0,,0.0,,0.0571543321439053,,,
4570555,K05072.01,FALSE POSITIVE,395.1,1.9278,4.750256809,225.0,0.0003789700539077,1.5729313432835792,9.991981309021014e-06,8.898281266854317,1.1345359316461412e-05,0.0,23.0,15.0,60|1800,pdcsap_flux,52276.0,0.0,29.42443378153257,11.0,0.0169096120967214,1.0,0.1017675415104445,,0.0,0.0,3519.0,201.0,201.0,17.0,1.0567129495662009e-05,0.0,,0.0,,0.0,,0.0,,,
4639868,K01326.01,FALSE POSITIVE,19981.1,2.2868,53.100942624,27.0,,,,,,0.0,18.0,18.0,1800,pdcsap_flux,65145.0,0.0,29.424430271610618,13.0,0.0017943812035131,1.0,0.0096093330263258,,0.0,0.0,410.0,201.0,157.0,2.0,1.8200553268453345e-05,5.546915721454937e-05,0.0771298860757406,6.482806413843356e-05,0.2417643614980575,0.0,,0.0,,,
4645833,K04783.01,FALSE POSITIVE,172.8,2.255,0.743495989,1800.0,0.000141914935079,0.8975124378109456,-1.1065211690031164e-05,2.67873755770472,1.159106491321893e-05,0.0,17.0,17.0,1800,pdcsap_flux,64734.0,0.0,29.42442356608808,13.0,0.1263736922908044,1.0,0.3791979485278215,primary_only,0.0,0.0,32720.0,201.0,201.0,163.0,4.472673492505209e-05,0.0,,0.0,,0.0,,0.0,,,
4647662,K04806.01,FALSE POSITIVE,42.4,3.287,1.06484622,1258.0,4.0554016980220986e-05,0.5233034825870676,-4.7566667215059866e-06,1.580752234274425,1.9363624821355785e-06,0.0,17.0,17.0,1800,pdcsap_flux,64721.0,0.0,29.424425656325184,21.0,0.1286179457286643,1.0,0.3862270360470326,primary_only,0.0,0.0,33326.0,201.0,201.0,167.0,5.683440435808085e-06,1.9107257843598013e-05,-0.4839079289366183,1.9107257843598013e-05,-0.4839079289366183,0.0,,0.0,,,
4647949,K05074.01,FALSE POSITIVE,,5.3,45.41810604,,0.0001711334844975,0.3164179104477593,4.6264676443530384e-05,0.577663687690422,0.0001859588328443,0.0,2.0,2.0,1800,pdcsap_flux,8633.0,0.0,29.4234599720221,33.0,0.0048622312242356,1.0,0.0294219854048418,,0.0,0.0,171.0,200.0,163.0,1.0,6.597235455378034e-05,0.0002532176411669,0.4877072948809309,0.0002532176411669,0.4877072948809309,0.0,,0.0,,,
4659255,K03580.01,FALSE POSITIVE,142501.0,9.72673,198.01379181,7.0,,,,,,0.0114490279667875,13.0,13.0,1800,pdcsap_flux,50044.0,0.0,29.424335723742843,59.0,0.0020467282251508,1.0,0.0102709615538326,,0.0,0.0,408.0,201.0,163.0,2.0,0.0001014649035765,0.0114490279667875,0.4604376009315463,0.0114490279667875,0.4604376009315463,0.0114490279667875,0.4604376009315463,0.0,,,
4666008,K03872.01,FALSE POSITIVE,631.7,5.1297,2.248063246,475.0,0.0005725170084505,3.062507462686561,-1.607120609758983e-05,18.444779818601223,1.7581962896695558e-05,0.0003687971883757,14.0,14.0,1800,pdcsap_flux,51751.0,0.0,29.42439330217894,31.0,0.0950762841660727,1.0,0.5696508280033236,,0.0,0.0,19709.0,201.0,201.0,95.0,3.6733555177652354e-05,0.0003687971883757,-0.488956455245625,0.0003687971883757,-0.488956455245625,0.0003687971883757,-0.488956455245625,0.0,,,
4669402,K04128.01,FALSE POSITIVE,618.1,10.424,143.196381,8.0,0.0005261394308828,6.015840796019919,-1.0264603612308854e-05,5.10417136574822,1.4291644958475125e-05,0.0001899766378448,14.0,14.0,1800,pdcsap_flux,51801.0,0.0,29.424377879477102,63.0,0.0030331306580529,1.0,0.0188606397559892,,0.0,0.0,681.0,201.0,201.0,3.0,3.641799787934352e-05,0.0001899766378448,0.4990046208907994,0.0001899766378448,0.4990046208907994,0.0001899766378448,0.4990046208907994,0.0,,,
4673628,K04056.01,CONFIRMED,405.7,1.0582,3.951383138,268.0,0.0003651564877954,0.6528199004975133,-8.071179699464803e-05,4.84764666416497,4.857513293821114e-07,0.0,14.0,14.0,1800,pdcsap_flux,51763.0,0.0,29.424363127327524,7.0,0.0111585399660797,1.0,0.0670363000598883,,0.0,0.0,2305.0,201.0,201.0,11.0,1.958107684549661e-05,0.0,,0.0,,0.0,,0.0,,,
4677282,K02766.01,FALSE POSITIVE,219.5,7.219,1.572181216,858.0,0.0001726197622015,3.160557213930339,-1.581107315085095e-05,6.507313304534589,4.668922127137876e-06,0.0,17.0,17.0,1800,pdcsap_flux,64767.0,0.0,29.424448287463747,45.0,0.1913212443995175,1.0,0.5752929732734263,primary_only,0.0,0.0,49627.0,201.0,201.0,247.0,2.380068034676797e-05,0.0,,0.0,,0.0,,0.0,,,
4740375,K05080.01,FALSE POSITIVE,,5.03,471.95076253,,0.0001730412936586,0.2001990049751262,-0.0001201692107053,0.517854783222484,5.689999492353159e-06,0.0016528697711117,17.0,17.0,1800,pdcsap_flux,64788.0,0.0,29.42442423664033,31.0,0.0004440788107001,1.0,0.003241340989072,,0.0,0.0,161.0,201.0,111.0,1.0,0.0001196841819709,0.0014588116360767,0.0078117010263916,0.0016528697711117,0.0196352993612794,0.0016528697711117,0.0196352993612794,0.0,,,
4743513,K00024.01,FALSE POSITIVE,3657.8,2.2647,2.086075752,641.0,0.0039785198738006,1.4421970149253696,1.3916063136831802e-05,141.42701458584986,2.265913237142758e-05,0.0001201838396973,21.0,18.0,60|1800,pdcsap_flux,65260.0,0.0,29.42444083280861,13.0,0.045234455129221,1.0,0.271345387680049,,0.0,0.0,11776.0,201.0,201.0,59.0,4.880536367447718e-06,0.0001201838396973,-0.4967332340190344,0.0001201838396973,-0.4967332340190344,0.0001201838396973,-0.4967332340190344,0.0,,,
4757437,K00497.01,CONFIRMED,585.7,5.0036,13.19322809,84.0,0.0005385072163203,4.480835820895544,3.502705924263161e-05,7.193906022810388,5.745284753944091e-06,0.0,14.0,14.0,1800,pdcsap_flux,51774.0,0.0,29.42439707927406,31.0,0.0158022988696266,2.0,0.1822729555375284,,1.0,0.0973075288754973,3312.0,201.0,201.0,16.0,1.917006929937636e-05,0.0,,0.0,,0.0,,0.0973075288754973,,,
4757437,K00497.02,CONFIRMED,179.0,3.504,4.42535097,230.0,0.000160266312756,1.6038208955223865,2.8915103784110663e-05,2.8696960510023297,8.331970871633398e-05,0.0,14.0,14.0,1800,pdcsap_flux,51774.0,0.0,29.42439707927406,21.0,0.0329917335347528,2.0,0.2353111600417197,,1.0,0.0480163788774288,6719.0,201.0,201.0,34.0,1.2325101635927848e-05,3.807672179900745e-05,0.3206798420335784,3.807672179900745e-05,0.3206798420335784,0.0,,0.0480163788774288,,,
4758368,K06448.01,FALSE POSITIVE,31525.9,10.0159,1.874967748,575.0,0.0300858199891771,5.979641791044764,-0.0010175995389548,12.332173646846028,0.000207127666124,,24.0,15.0,60|1800,pdcsap_flux,52283.0,0.0,29.42441551946104,61.0,0.2225793841583811,1.0,0.668075665130157,primary_only,0.0,0.0,46576.0,201.0,201.0,232.0,,,,,,,,0.0,blanking covers 0.89 of the orbit,,
4764774,K04825.01,FALSE POSITIVE,86.5,3.741,1.29019586,830.0,8.362419634655449e-05,0.6700298507462676,2.0342187249666743e-05,1.60998431989786,2.1110565838089457e-05,0.0,14.0,14.0,1800,pdcsap_flux,51413.0,0.0,29.42438609374221,23.0,0.1208149900589512,1.0,0.7252445879446833,,0.0,0.0,24795.0,201.0,201.0,123.0,8.80208399715171e-06,0.0001004134969965,-0.4881376355256224,0.0001004134969965,-0.4881376355256224,0.0,,0.0,,,
4828341,K01496.01,FALSE POSITIVE,3758.6,2.2348,36.12895451,33.0,0.0033675703711051,1.2007880597014844,-0.0002485415278284,10.521073943384788,2.235403258232793e-05,0.0,14.0,14.0,1800,pdcsap_flux,54909.0,0.0,29.424539058236405,13.0,0.0025773418558484,1.0,0.0152616146715474,,0.0,0.0,599.0,201.0,201.0,3.0,6.63568771906062e-05,0.000214490803556,0.1324494290360012,0.000249532614271,0.4333540907063286,0.0,,0.0,,,
4829935,K02395.01,FALSE POSITIVE,488.3,1.218,16.9329284,78.0,0.0004556755332675,0.1211940298507463,-5.573615209031324e-06,3.206144323639907,5.2171097423059365e-05,0.0,17.0,17.0,1800,pdcsap_flux,64750.0,0.0,29.424426583573226,7.0,0.0029971189153554,1.0,0.0181621621621621,,0.0,0.0,756.0,201.0,174.0,4.0,3.355831954803512e-05,0.0001074739268389,0.0593478231495095,0.0001510627525567,0.4976764645202688,0.0,,0.0,,,
4832225,K04013.01,FALSE POSITIVE,152.5,1.1171,0.947730124,391.0,0.0001433500047731,0.5335402985074609,-1.9581947689251145e-05,5.187723320602029,6.246020973976751e-05,0.0,18.0,18.0,1800,pdcsap_flux,65238.0,0.0,29.424440329894423,7.0,0.0491129617542191,1.0,0.2947668536742389,,0.0,0.0,12827.0,201.0,201.0,64.0,2.8981282886747502e-06,0.0,,0.0,,0.0,,0.0,,,
4843751,K05094.01,FALSE POSITIVE,920.0,2.562,310.61299,,0.0008579619647135,0.0509850746268656,0.0002676858695104,1.9515651127881437,0.0003866991358693,0.0013877977453035,14.0,14.0,1800,pdcsap_flux,51810.0,0.0,29.42440546117723,15.0,0.0003436752596856,1.0,0.0018143215595444,,0.0,0.0,83.0,199.0,83.0,0.0,0.0002069267901792,0.0013661387133078,-0.1097715624822651,0.0014988582873051,-0.1111462635210078,0.0013877977453035,-0.108310942628601,0.0,,,
4847843,K03505.01,FALSE POSITIVE,460.9,14.992,30.9604688,35.0,0.0005068074860398,7.45870646766171,-0.0001025121075519,5.339813466065229,7.706996593659365e-05,0.0001913001657911,14.0,14.0,1800,pdcsap_flux,51814.0,0.0,29.42438433878124,91.0,0.0201762664093337,1.0,0.1241556336125371,,0.0,0.0,4296.0,201.0,201.0,22.0,2.7876645168433843e-05,0.0001913001657911,-0.495840952032151,0.0003426926911682,0.460916688234082,0.0001913001657911,-0.495840952032151,0.0,,,
4850961,K04092.01,CONFIRMED,449.1,5.43,24.4972683,43.0,0.0004063160593572,2.161194029850755,5.321741240005285e-05,3.0204398641730905,2.1191459019465064e-05,0.0,14.0,14.0,1800,pdcsap_flux,51771.0,0.0,29.424371849745512,33.0,0.0092357236418886,1.0,0.0551660195862548,,0.0,0.0,1876.0,201.0,201.0,9.0,4.0669605905956647e-05,0.0003936945641653,-0.4990687334024888,0.0003936945641653,-0.4990687334024888,0.0,,0.0,,,
4852297,K04695.01,FALSE POSITIVE,166.0,1.921,3.28931936,323.0,0.0001526019757663,0.4969751243781102,-2.196685854194413e-05,2.204090772032097,2.004505058994521e-05,0.0,14.0,14.0,1800,pdcsap_flux,51769.0,0.0,29.42436690442264,11.0,0.024333808276575,1.0,0.1470378025459251,,0.0,0.0,5040.0,201.0,201.0,25.0,1.678337683889812e-05,0.0,,0.0,,0.0,,0.0,,,
4852528,K00500.01,CONFIRMED,1480.1,2.3982,7.053527145,152.0,0.0013506532917936,2.052191044776128,-5.256775417694648e-05,10.309533958559111,2.926664114166755e-06,0.0,40.0,14.0,60|1800,pdcsap_flux,51813.0,0.0,29.4243638869375,15.0,0.0141666712193534,5.0,0.3435624264180804,,4.0,0.2814737614112288,2948.0,201.0,201.0,15.0,2.9993876413016672e-05,9.036288391750524e-05,-0.4911336327679382,9.036288391750524e-05,-0.4911336327679382,0.0,,0.2814737614112288,,,
4852528,K00500.02,CONFIRMED,1491.3,2.3569,9.521644639,106.0,0.0013416039042405,1.9699462686567248,1.31632775648427e-05,8.057766381093714,0.0001397094730273,0.0,40.0,14.0,60|1800,pdcsap_flux,51813.0,0.0,29.4243638869375,15.0,0.0103137819557378,5.0,0.3340860401829656,,4.0,0.2915291529152915,2165.0,201.0,201.0,8.0,3.780534680996005e-05,0.0,,0.0,,0.0,,0.2915291529152915,,,
4852528,K00500.03,CONFIRMED,539.0,1.8732,3.072146607,326.0,0.000394502264172,1.4911044776119424,-9.595733369005544e-06,4.864503502719902,1.8281840609146729e-06,0.0,40.0,14.0,60|1800,pdcsap_flux,51813.0,0.0,29.4243638869375,11.0,0.025405688589913,5.0,0.3692509601837376,,4.0,0.2572906413448362,5305.0,201.0,201.0,27.0,2.003401483071008e-05,0.0,,0.0,,0.0,,0.2572906413448362,,,
4852528,K00500.04,CONFIRMED,565.5,2.0271,4.645382149,189.0,0.00047098312418,0.6857850746268677,8.066891898472761e-05,4.361485626674277,9.139473600372485e-06,0.0,40.0,14.0,60|1800,pdcsap_flux,51813.0,0.0,29.4243638869375,13.0,0.0181820348231591,5.0,0.3531160133557215,,4.0,0.2735992897535367,3826.0,201.0,201.0,19.0,2.7100461555750496e-05,0.0,,0.0,,0.0,,0.2735992897535367,,,
4852528,K00500.05,CONFIRMED,450.0,1.1879,0.986785834,939.0,0.0002414197018537,0.8037532338308402,3.296515284190171e-05,3.763444916962549,7.4031579950673e-05,0.0,40.0,14.0,60|1800,pdcsap_flux,51813.0,0.0,29.4243638869375,7.0,0.0501586379008895,5.0,0.4343311524134869,,4.0,0.1902225310250323,10428.0,201.0,201.0,52.0,1.1643178587662728e-05,0.0,,0.0,,0.0,,0.1902225310250323,,,
4927315,K01663.01,FALSE POSITIVE,519.3,3.219,11.76921923,91.0,0.0004392906540834,0.8968358208955223,3.464324727708856e-05,4.222699132365984,6.560413999090464e-05,9.133608538680615e-05,14.0,14.0,1800,pdcsap_flux,51744.0,0.0,29.42443278618157,19.0,0.0113962530036072,1.0,0.0690128324056895,,0.0,0.0,2337.0,201.0,201.0,13.0,2.7984124006321215e-05,9.133608538680615e-05,0.3433396070026243,9.766841095959487e-05,-0.2364447645559016,9.133608538680615e-05,0.3433396070026243,0.0,,,
4927734,K03212.01,FALSE POSITIVE,7.7,6.61,3.0001191,371.0,1.3456850152304687e-05,1.4469651741293463,-2.871925808833886e-06,1.3914418777696207,2.74143716527675e-06,0.0,15.0,15.0,1800,pdcsap_flux,52233.0,0.0,29.424455406842757,41.0,0.091801911019688,1.0,0.5530220358777018,,0.0,0.0,19160.0,201.0,201.0,95.0,6.914769627954098e-06,0.0,,0.0,,0.0,,0.0,,,
4940438,K01561.01,FALSE POSITIVE,2121.3,2.0718,9.08590495,99.0,0.0018234252020563,1.2781253731343234,6.839800223157333e-05,8.54878854498741,4.926767558888212e-05,0.0,12.0,12.0,1800,pdcsap_flux,46058.0,0.0,29.424257604405284,13.0,0.0095009798666229,1.0,0.0557557861826392,,0.0,0.0,1683.0,201.0,201.0,8.0,5.052518520418791e-05,0.0001565425868993,0.2779179573837172,0.0001567214276322,-0.1947557909807799,0.0,,0.0,,,
4945877,K01936.01,FALSE POSITIVE,28.6,1.895,1.339670241,998.0,2.8545649041311627e-05,1.055920398009956,-2.74355620011324e-06,6.197623588374037,4.8057354213870696e-06,0.0,18.0,18.0,1800,pdcsap_flux,65263.0,0.0,29.42446354252752,11.0,0.0589386334911751,1.0,0.3539065013866969,,0.0,0.0,15366.0,201.0,201.0,77.0,1.4738366442352157e-06,0.0,,0.0,,0.0,,0.0,,,
4948863,K06479.01,FALSE POSITIVE,67298.6,3.1273,8.643550046,155.0,0.0575297975324946,1.804809950248753,-0.0009060778710977,430.7598736222408,0.0002882347045138,0.0089182427675719,17.0,17.0,1800,pdcsap_flux,64792.0,0.0,29.42444938234985,19.0,0.015075306554969,1.0,0.0910451907642918,,0.0,0.0,3875.0,201.0,201.0,18.0,3.04794756264426e-05,0.0089182427675719,-0.4971080490383557,0.0089182427675719,-0.4971080490383557,0.0089182427675719,-0.4971080490383557,0.0,,,
5015027,K05114.01,FALSE POSITIVE,59.9,1.22,34.4886903,,3.890796349770298e-05,0.1699502487562179,-5.230923912913354e-07,0.7201900951712458,4.43455667287207e-05,9.302275346945166e-05,15.0,15.0,1800,pdcsap_flux,52279.0,0.0,29.42445281369146,7.0,0.0014739131260468,1.0,0.0088754566843283,,0.0,0.0,296.0,200.0,177.0,2.0,1.5838002163361297e-05,5.556341095802608e-05,0.0707880940740116,0.0001079918229497,0.1579332076515239,9.302275346945166e-05,0.1256913580192552,0.0,,,
5024126,K06493.01,FALSE POSITIVE,596.8,3.0999,0.787122102,1104.0,0.0005316896893605,1.788997014925377,-8.75241388154091e-06,7.03745461447468,1.3911372644392904e-05,0.000351055909442,11.0,11.0,1800,pdcsap_flux,41964.0,0.0,29.424528339877725,19.0,0.1640946171779584,1.0,0.4924697359641597,primary_only,0.0,0.0,27562.0,201.0,201.0,137.0,6.504941844668192e-05,0.000351055909442,0.4966459033361402,0.000351055909442,0.4966459033361402,0.000351055909442,0.4966459033361402,0.0,,,
5025234,K06497.01,FALSE POSITIVE,83.5,14.41,1.77555333,581.0,6.854534149169922e-05,2.867661691542303,-5.841255187988281e-06,1.494536364928872,4.0531158447265625e-05,,15.0,15.0,1800,pdcsap_flux,52278.0,0.0,29.42440494778566,,0.3381574951999142,1.0,1.0,none,0.0,0.0,52278.0,149.0,149.0,352.0,,,,,,,,0.0,blanking covers 1.35 of the orbit,,
5026187,K06499.01,FALSE POSITIVE,421.3,18.534,3.58966681,298.0,0.0002017820175994,9.22089552238806,2.122316617758635e-05,1.1683258910563887,1.5164817514401465e-05,,15.0,15.0,1800,pdcsap_flux,52265.0,0.0,29.4244010921102,113.0,0.2151313870826913,1.0,0.6439682387831245,primary_only,0.0,0.0,44969.0,201.0,201.0,224.0,,,,,,,,0.0,blanking covers 0.86 of the orbit,,
5036480,K04080.01,FALSE POSITIVE,142.4,1.962,1.061002863,1264.0,0.000128836185687,0.3904477611940307,7.583175096304018e-06,2.395700584486893,2.4439831164402293e-06,0.0,17.0,17.0,1800,pdcsap_flux,64787.0,0.0,29.424449293292128,13.0,0.077049744963789,1.0,0.4619599611033078,,0.0,0.0,19954.0,201.0,201.0,100.0,1.96142603430251e-05,0.0,,0.0,,0.0,,0.0,,,
5036705,K02437.01,CONFIRMED,137.6,3.829,4.14789051,319.0,0.0001297855665278,1.828776119402988,3.518344822550645e-05,2.296086444524501,2.4572188528360077e-06,0.0,17.0,17.0,1800,pdcsap_flux,64733.0,0.0,29.424450299120508,23.0,0.0384633264262963,1.0,0.2313966601269831,,0.0,0.0,9827.0,201.0,201.0,57.0,1.1213683581361964e-05,0.0,,0.0,,0.0,,0.0,,,
5040223,K04354.01,FALSE POSITIVE,98.3,5.412,0.996023763,1352.0,8.413527027806289e-05,2.5848358208955062,-2.375567042300908e-06,4.223460261403431,4.783381356565641e-06,,17.0,17.0,1800,pdcsap_flux,64584.0,0.0,29.424458759604025,33.0,0.2264002209352911,1.0,0.6783568685742599,primary_only,0.0,0.0,58493.0,201.0,201.0,291.0,,,,,,,,0.0,blanking covers 0.91 of the orbit,,
5080346,K06509.01,FALSE POSITIVE,38.4,8.689,2.31169425,454.0,3.9431015849134e-05,2.4208159203980277,-1.7668088191369336e-06,2.161351522796429,7.099934911214412e-06,0.0,13.0,13.0,1800,pdcsap_flux,50138.0,0.0,29.42393741570413,53.0,0.156613127651577,1.0,0.4696238382065499,primary_only,0.0,0.0,31430.0,201.0,201.0,157.0,1.686895273278386e-05,0.0,,0.0,,0.0,,0.0,,,
5088536,K00282.01,CONFIRMED,639.2,5.9291,27.50871575,47.0,0.0006247746491722,5.427633830845792,-7.760150211422179e-06,29.10448662540737,1.87116224045214e-05,0.0,39.0,18.0,60|1800,pdcsap_flux,65215.0,0.0,29.424434965476397,37.0,0.0089806385575572,3.0,0.1031511155409031,,2.0,0.0519512382120677,2319.0,201.0,201.0,11.0,6.139910671371362e-06,0.0,,0.0,,0.0,,0.0519512382120677,,,
5088536,K00282.02,CONFIRMED,77.4,3.2893,8.45744892,160.0,7.236197904780806e-05,0.9818805970149258,1.133522766205708e-05,4.677836213639039,8.437059557109272e-06,0.0,39.0,18.0,60|1800,pdcsap_flux,65215.0,0.0,29.424434965476397,21.0,0.016205142704742,3.0,0.1275780111937437,,2.0,0.0301924403894809,4226.0,201.0,201.0,21.0,3.986512432305056e-06,0.0,,0.0,,0.0,,0.0301924403894809,,,
5088536,K00282.03,CONFIRMED,136.5,2.55,87.5177787,14.0,0.0001178977712064,0.3552238805970167,-4.8781742446823984e-05,2.2498665566119063,1.49159681089861e-05,0.0,39.0,18.0,60|1800,pdcsap_flux,65215.0,0.0,29.424434965476397,15.0,0.00121403903959,3.0,0.0812389787625546,,2.0,0.0751207544276623,284.0,201.0,159.0,1.0,1.4222677579284592e-05,5.4044372764794346e-05,0.1096033400154012,5.4044372764794346e-05,0.1096033400154012,0.0,,0.0751207544276623,,,
5095082,K04320.01,CONFIRMED,98.2,8.798,20.6579443,66.0,7.234878396322753e-05,3.326606965174153,1.9456621321856105e-05,1.6075639331542235,4.578167618340956e-06,0.0,17.0,17.0,1800,pdcsap_flux,64741.0,0.0,29.42442675121129,53.0,0.0177453926687823,1.0,0.1054355045488948,,0.0,0.0,4515.0,201.0,201.0,22.0,1.0568336480994688e-05,0.0,,0.0,,0.0,,0.0,,,
5108946,K02955.01,FALSE POSITIVE,135.0,1.1656,0.591280187,1806.0,0.000119276257439,0.3711363184079631,-6.474353995145066e-06,3.6748086152955937,4.6305067235130615e-05,0.0,14.0,14.0,1800,pdcsap_flux,51762.0,0.0,29.424396901158616,7.0,0.0821381601049092,1.0,0.4926973455430625,,0.0,0.0,17055.0,201.0,201.0,85.0,1.1550355898543297e-05,0.0,,0.0,,0.0,,0.0,,,
5119143,K06527.01,FALSE POSITIVE,318.5,3.487,0.530799654,2514.0,0.0001909732818603,1.1102885572139345,-6.35385513305664e-05,1.2423503267392992,1.710653305053711e-05,,18.0,18.0,1800,pdcsap_flux,65261.0,0.0,29.42446194996592,,0.2737222331849272,1.0,1.0,none,0.0,0.0,65261.0,184.0,184.0,355.0,,,,,,,,0.0,blanking covers 1.09 of the orbit,,
5130740,K03583.01,FALSE POSITIVE,46455.4,6.68665,210.30644361,5.0,,,,,,0.0,17.0,17.0,1800,pdcsap_flux,64742.0,0.0,29.42444987478666,41.0,0.0013247830731393,1.0,0.0068116524049303,,0.0,0.0,247.0,201.0,137.0,1.0,2.2608003378136263e-05,7.076358412305694e-05,0.0943374606421083,7.873487948351077e-05,-0.2941551755559902,0.0,,0.0,,,
5130890,K06530.01,FALSE POSITIVE,,2.73,0.91057795,1470.0,3.713749970535307e-05,0.217313432835819,-9.79895799835262e-07,2.149709045900384,1.622488530994559e-05,0.0,18.0,18.0,1800,pdcsap_flux,65259.0,0.0,29.424465218908157,17.0,0.1249206616523055,1.0,0.7499501984400619,,0.0,0.0,32547.0,201.0,201.0,162.0,2.3936314749417863e-05,0.0,,0.0,,0.0,,0.0,,,
5179609,K05132.01,FALSE POSITIVE,9304.4,12.9395,43.9311596,32.0,0.009022025088028,8.497582089552221,-0.0001100178688863,186.1145334220704,1.3863945678371792e-05,0.0,18.0,18.0,1800,pdcsap_flux,65259.0,0.0,29.42443848587573,79.0,0.012272515413714,1.0,0.0755604590937648,,0.0,0.0,3247.0,201.0,201.0,16.0,1.660343504482815e-05,0.0,,0.0,,0.0,,0.0,,,
5181455,K06536.01,FALSE POSITIVE,118321.0,3.38646,5.579631021,243.0,0.1058496172600078,1.954374925373143,-0.0023571007606695,915.475340584282,0.000282553869306,0.009744751628431,17.0,17.0,1800,pdcsap_flux,64794.0,0.0,29.42442507483065,21.0,0.0252888586125021,1.0,0.1513720406210451,,0.0,0.0,6582.0,201.0,201.0,33.0,2.608413077927909e-05,0.009744751628431,0.4999840407980122,0.009744751628431,0.4999840407980122,0.009744751628431,0.4999840407980122,0.0,,,
5200084,K03159.01,FALSE POSITIVE,13.1,10.542,2.9039446,372.0,4.552859352191518e-06,6.923104477611944,-2.47246398843437e-06,0.6041680641839005,5.256822661614535e-07,0.0,16.0,15.0,60|1800,pdcsap_flux,52275.0,0.0,29.42440495302435,65.0,0.1512597726554425,1.0,0.453065518890483,primary_only,0.0,0.0,31602.0,201.0,201.0,157.0,1.95177007168581e-06,0.0,,0.0,,0.0,,0.0,,,
5201593,K07721.01,FALSE POSITIVE,214.7,2.32,0.50727675,2116.0,0.0002189450212607,1.6620895522387953,1.960886783047844e-05,5.39791676048835,1.024268309812726e-05,0.0,14.0,14.0,1800,pdcsap_flux,51813.0,0.0,29.42436874320265,15.0,0.1905600181097727,1.0,0.5718449037886245,primary_only,0.0,0.0,39504.0,201.0,201.0,197.0,5.50667678891952e-05,0.0,,0.0,,0.0,,0.0,,,
5206233,K03779.01,FALSE POSITIVE,3509.8,2.6078,6.195861785,180.0,0.0030476275014615,1.5568955223880463,-0.0001436186842165,26.425633032426795,7.374916182889546e-05,0.0007145145267157,14.0,14.0,1800,pdcsap_flux,54942.0,0.0,29.4245243165642,15.0,0.0175372429379222,1.0,0.1050198391030541,,0.0,0.0,3795.0,201.0,201.0,19.0,2.9526614145127672e-05,0.0007145145267157,-0.4945493027131626,0.0007145145267157,-0.4945493027131626,0.0007145145267157,-0.4945493027131626,0.0,,,
5213404,K03468.01,CONFIRMED,115.9,9.678,20.7057153,66.0,0.0001016735850429,1.348179104477605,-4.413025809202331e-05,2.2701917168990278,5.506534862920187e-05,0.0,17.0,17.0,1800,pdcsap_flux,64730.0,0.0,29.424451226368543,59.0,0.0194752991701764,1.0,0.1159276996755754,,0.0,0.0,5111.0,201.0,201.0,25.0,1.2783143314622112e-05,0.0,,0.0,,0.0,,0.0,,,
5217733,K03155.01,FALSE POSITIVE,94008.0,24.3711,161.2529031,6.0,0.0914843726408083,16.974895522388174,-0.0004165954808794,117.6834932861428,0.0010199588952444,0.0371346194317899,15.0,14.0,60|1800,pdcsap_flux,54970.0,0.0,29.424518449231982,149.0,0.0062973284851204,1.0,0.0365835910496634,,0.0,0.0,1180.0,201.0,201.0,6.0,0.0004185825099863,0.0371346194317899,0.16909168342722,0.0371346194317899,0.16909168342722,0.0371346194317899,0.16909168342722,0.0,,,
5218441,K00407.01,FALSE POSITIVE,4872.2,5.9128,3.613757526,371.0,0.0047121345625684,4.471371144278578,3.618514028047581e-05,52.38987039287653,1.938183452787623e-05,0.0002466340721573,17.0,17.0,1800,pdcsap_flux,64783.0,0.0,29.424450555816293,37.0,0.0681746533612522,1.0,0.4089807511229797,,0.0,0.0,17591.0,201.0,201.0,87.0,2.387282767217884e-05,0.0002466340721573,-0.4972021045356917,0.0002466340721573,-0.4972021045356917,0.0002466340721573,-0.4972021045356917,0.0,,,
5270698,K01543.01,FALSE POSITIVE,25886.2,4.7136,3.964333304,338.0,0.0252554851020473,3.752119402985059,-0.0001928508267614,270.21968106467534,1.7443886260570807e-05,0.000185249326375,29.0,17.0,60|1800,pdcsap_flux,64794.0,0.0,29.42442507483065,29.0,0.049541747612854,1.0,0.298129456431151,,0.0,0.0,12807.0,201.0,201.0,42.0,1.9647197156481557e-05,0.000185249326375,-0.4983862748513873,0.000185249326375,-0.4983862748513873,0.000185249326375,-0.4983862748513873,0.0,,,
5271608,K01673.01,FALSE POSITIVE,222.2,2.2003,2.49047468,456.0,0.000203672803529,0.9195283582089564,-4.8707464636366105e-05,3.257532157374298,4.458220588277051e-05,0.0,14.0,14.0,1800,pdcsap_flux,54918.0,0.0,29.42453471012413,13.0,0.0368119248121272,1.0,0.2206562511380604,,0.0,0.0,8100.0,201.0,201.0,40.0,2.0112169298023195e-05,0.0,,0.0,,0.0,,0.0,,,
5272233,K02711.01,CONFIRMED,214.6,3.011,9.02436414,143.0,0.0002196276476665,1.6777711442786087,3.860317136394897e-06,5.033938826215483,3.0611797304791466e-06,0.0,17.0,17.0,1800,pdcsap_flux,64793.0,0.0,29.424425823963247,19.0,0.0139021798530099,2.0,0.1049033074560523,,1.0,0.0245396879292516,3472.0,201.0,201.0,17.0,1.7311313932142313e-05,5.4568491553275145e-05,-0.161120731504809,6.477992250586428e-05,-0.1089875570560213,0.0,,0.0245396879292516,,,
5272233,K02711.02,CONFIRMED,159.0,3.398,17.3408735,76.0,0.0001341190662722,0.4057313432835805,3.3194135881320364e-05,2.118362828578933,0.0001099807387302,8.35472541854676e-05,17.0,17.0,1800,pdcsap_flux,64793.0,0.0,29.424425823963247,21.0,0.0081647175001497,2.0,0.0869847051379007,,1.0,0.0402821292423564,2121.0,201.0,201.0,10.0,1.8529020433332908e-05,7.318986278248563e-05,0.2705676660852821,8.35472541854676e-05,0.2552588207725016,8.35472541854676e-05,0.2552588207725016,0.0402821292423564,,,
5272878,K00826.01,CONFIRMED,780.7,2.9721,6.365839713,216.0,0.0007553953668588,2.5432895522388126,3.85195449397191e-05,12.315786760288171,9.486383992185488e-05,0.0,17.0,17.0,1800,pdcsap_flux,64739.0,0.0,29.424428762868047,19.0,0.0194534429993744,1.0,0.1187537651183985,,0.0,0.0,5174.0,201.0,201.0,26.0,1.616642860241445e-05,0.0,,0.0,,0.0,,0.0,,,
5284133,K06552.01,FALSE POSITIVE,262984.0,5.3022,8.784575777,122.0,0.2355338110407292,2.954459701492524,-0.0077039950301087,2768.496518118384,0.001981235725272,0.0302360913441258,16.0,15.0,60|1800,pdcsap_flux,52283.0,0.0,29.424420883879066,33.0,0.0251491939517934,1.0,0.1516554138056347,,0.0,0.0,5184.0,201.0,201.0,26.0,2.6682088071184416e-05,0.0302360913441258,-0.3836741897667319,0.0302360913441258,-0.3836741897667319,0.0302360913441258,-0.3836741897667319,0.0,,,
5289857,K05150.01,FALSE POSITIVE,174.5,2.359,26.524553,43.0,0.0001159336815602,0.3755621890547258,-7.054562926489538e-06,0.9334861059788226,1.5893380756137887e-05,0.0,14.0,14.0,1800,pdcsap_flux,51638.0,0.0,29.42435499164276,15.0,0.00370568607383,1.0,0.0223672489252101,,0.0,0.0,814.0,201.0,201.0,4.0,3.894301713767744e-05,0.0001572985006395,0.0618898987094118,0.0001682095852736,0.1258129834829779,0.0,,0.0,,,
5303557,K03982.01,FALSE POSITIVE,6071.6,4.384,2.399081606,260.0,0.0053231805200045,2.5300696517412824,-0.0006004533086712,16.86845159163695,2.528213456165496e-05,0.0,8.0,8.0,1800,pdcsap_flux,30133.0,0.0,29.42428224720061,27.0,0.0761402472553768,1.0,0.4559784953373378,,0.0,0.0,9168.0,201.0,201.0,46.0,0.0001076986724303,0.0,,0.0,,0.0,,0.0,,,
5305399,K07725.01,FALSE POSITIVE,1023.4,22.99,322.48381,4.0,0.0009073046154325,5.947661691542322,3.9980906114234216e-05,4.917349924755444,9.350418507581004e-06,0.0003599580643616,17.0,17.0,1800,pdcsap_flux,64756.0,0.0,29.424451058730483,141.0,0.0029704333580859,1.0,0.0154734696398789,,0.0,0.0,739.0,201.0,201.0,4.0,5.57721065405647e-05,0.0003599580643616,-0.499206291585239,0.0003599580643616,-0.499206291585239,0.0003599580643616,-0.499206291585239,0.0,,,
5306383,K04158.01,FALSE POSITIVE,80.1,1.519,0.842336445,1589.0,8.091112054275929e-05,0.8766368159203967,-1.4615484890123651e-06,3.978016355889424,8.887527904510861e-06,5.679331698538181e-05,17.0,17.0,1800,pdcsap_flux,64796.0,0.0,29.42444904707372,9.0,0.0751382265867252,1.0,0.4508920303722452,,0.0,0.0,19482.0,201.0,201.0,97.0,6.277753980639544e-06,5.679331698538181e-05,0.4988496191448325,5.679331698538181e-05,0.4988496191448325,5.679331698538181e-05,0.4988496191448325,0.0,,,
5350447,K04008.01,FALSE POSITIVE,858.1,6.198,70.7511986,21.0,0.0007321190486626,2.9602388059701483,-9.28706385250333e-05,4.268132650130195,0.0002522464535942,0.0002332901192667,17.0,17.0,1800,pdcsap_flux,64702.0,0.0,29.424419039860368,37.0,0.0036501148405986,1.0,0.0225495347902692,,0.0,0.0,1048.0,201.0,201.0,5.0,4.9794313369614e-05,0.0002332901192667,0.417155754598292,0.0002332901192667,0.417155754598292,0.0002332901192667,0.417155754598292,0.0,,,
5357545,K02219.01,CONFIRMED,273.3,0.9269,3.757294695,359.0,0.0002427331087937,0.2397950248756231,-2.200870590662873e-05,3.8038326141165952,7.887425470287646e-05,0.0,17.0,17.0,1800,pdcsap_flux,64786.0,0.0,29.424424907192588,5.0,0.0102788938500692,1.0,0.0617880406260611,,0.0,0.0,2682.0,201.0,201.0,13.0,1.9607056138390086e-05,6.049354035253529e-05,-0.1723586342472158,6.049354035253529e-05,-0.1723586342472158,0.0,,0.0,,,
5359678,K06569.01,FALSE POSITIVE,149524.0,4.88748,3.115304946,431.0,0.1180459130721476,2.9178985074626773,-0.0034591682236662,2046.4896307557203,0.0328214117453096,0.0,17.0,17.0,1800,pdcsap_flux,64794.0,0.0,29.424425745382905,29.0,0.0653692025435509,1.0,0.3915486001790289,,0.0,0.0,16909.0,201.0,201.0,84.0,2.3898127137725133e-05,0.0001221746235787,-0.1322753160926199,0.0001221746235787,-0.1322753160926199,0.0,,0.0,,,
5360974,K03289.01,FALSE POSITIVE,1046.5,3.107,29.8042694,39.0,0.0008263364118209,1.5457711442786073,0.0001098034618861,3.0108923103594853,3.75333441117176e-05,0.0,14.0,14.0,1800,pdcsap_flux,54908.0,0.0,29.42453353665769,19.0,0.004343617070289,1.0,0.0259707146499599,,0.0,0.0,963.0,201.0,201.0,5.0,6.917982976765415e-05,0.0002130159879281,-0.1704130372394129,0.0002130159879281,-0.1704130372394129,0.0,,0.0,,,
5371777,K04327.01,CONFIRMED,77.3,2.215,0.991659646,1078.0,6.11788233586541e-05,0.7493532338308468,-8.475509170047246e-07,1.7315471485390657,1.2708829435492676e-05,0.0,14.0,14.0,1800,pdcsap_flux,51747.0,0.0,29.42439381033182,13.0,0.0930678857801042,1.0,0.5573849691769571,,0.0,0.0,19247.0,201.0,201.0,95.0,9.802753630867978e-06,0.0,,0.0,,0.0,,0.0,,,
5383248,K00261.01,CONFIRMED,646.7,3.9699,16.23847733,79.0,0.0006294005482302,3.476131343283598,-1.08985641016357e-05,38.956096973956434,2.047384339598501e-05,2.2482638763032803e-05,48.0,18.0,60|1800,pdcsap_flux,65266.0,0.0,29.42446262575686,25.0,0.0101864538551534,1.0,0.0598780375693316,,0.0,0.0,2554.0,201.0,201.0,13.0,5.318617375540824e-06,2.2482638763032803e-05,0.075535388799707,2.2482638763032803e-05,0.075535388799707,2.2482638763032803e-05,0.075535388799707,0.0,,,
5384079,K02011.01,CONFIRMED,130.0,2.0261,7.05675145,181.0,0.0001245770683379,0.9676895522388111,7.232196223561083e-06,4.902618373135615,4.098363909466052e-06,0.0,18.0,18.0,1800,pdcsap_flux,65232.0,0.0,29.424464794574305,13.0,0.0119631297674985,2.0,0.1035228108903605,,1.0,0.0352281089036055,2992.0,201.0,201.0,15.0,6.238857660426777e-06,0.0,,0.0,,0.0,,0.0352281089036055,,,
5384079,K02011.02,CONFIRMED,67.9,5.02,17.2653659,77.0,6.251287618430634e-05,1.7982089552238896,1.339947646727957e-06,2.1931314509250672,2.644697260623108e-05,1.7855342548278585e-05,18.0,18.0,1800,pdcsap_flux,65232.0,0.0,29.424464794574305,31.0,0.0121148122708865,2.0,0.1041973264655383,,1.0,0.0343389747363257,3082.0,201.0,201.0,12.0,5.852180272741236e-06,1.7855342548278585e-05,0.4964507735933289,1.8982449168203352e-05,0.2041809275581913,1.7855342548278585e-05,0.4964507735933289,0.0343389747363257,,,
5385491,K03988.01,FALSE POSITIVE,117.2,28.0218,12.425484,114.0,0.0001306315580676,19.517671641791168,-2.821942714281711e-06,5.800105430714749,9.99304028448389e-06,0.0001426186899529,18.0,18.0,1800,pdcsap_flux,65201.0,0.0,29.424464972689748,171.0,0.0939661585818306,1.0,0.5695311421603964,,0.0,0.0,24787.0,201.0,201.0,124.0,1.829614425019508e-05,0.0001426186899529,-0.3825372305636762,0.0001426186899529,-0.3825372305636762,0.0001426186899529,-0.3825372305636762,0.0,,,
5385647,K06572.01,FALSE POSITIVE,126.6,21.826,12.4269264,109.0,0.0001514099467251,17.37393034825857,5.4367243794262166e-05,3.337826626432922,9.078386255445547e-05,0.0,17.0,17.0,1800,pdcsap_flux,64796.0,0.0,29.424448208883405,133.0,0.0731811420937253,1.0,0.4402740909932712,,0.0,0.0,18841.0,201.0,201.0,94.0,4.088047173806177e-05,0.0,,0.0,,0.0,,0.0,,,
5387843,K01762.01,FALSE POSITIVE,438.5,1.2137,0.870693883,1533.0,0.0004187103315398,0.8936696517412974,-3.5034622496432632e-06,9.699619108420388,1.321922228392225e-05,0.0,17.0,17.0,1800,pdcsap_flux,64738.0,0.0,29.42445139400661,7.0,0.0580810711097339,1.0,0.3483888906052086,,0.0,0.0,15028.0,201.0,201.0,75.0,9.176978038074956e-06,0.0,,0.0,,0.0,,0.0,,,
5392897,K03342.01,FALSE POSITIVE,205992.0,18.3609,42.39930429,26.0,0.1978473964475933,10.961731343283535,-0.0073830099785017,836.9722366572207,0.0007709985214761,0.01005538048181,14.0,14.0,1800,pdcsap_flux,54970.0,0.0,29.42451828159392,113.0,0.0180436333286826,1.0,0.1021466254320538,,0.0,0.0,3605.0,201.0,201.0,17.0,6.853947225518952e-05,0.01005538048181,0.224014618221075,0.01005538048181,0.224014618221075,0.01005538048181,0.224014618221075,0.0,,,
5397106,K05159.01,FALSE POSITIVE,,4.07,440.65087204,,0.0004080446507822,0.1619900497512425,-8.651395747683033e-05,1.14185329444223,7.247393244380618e-05,0.0,17.0,17.0,1800,pdcsap_flux,64768.0,0.0,29.42444854415953,25.0,0.0003848473793964,1.0,0.0026710721343873,,0.0,0.0,100.0,200.0,81.0,0.0,0.0001539179396582,0.0005770172493028,0.0467241825094716,0.0007701835910407,-0.3230179372455954,0.0,,0.0,,,
5436013,K02471.01,CONFIRMED,217.1,4.548,25.8859397,51.0,0.0002140569696966,1.5386268656716378,-4.39382679079392e-05,2.6240591547482133,1.6261800562800133e-05,0.0,17.0,17.0,1800,pdcsap_flux,64728.0,0.0,29.42441954277456,27.0,0.0073205764286007,1.0,0.0450964034111976,,0.0,0.0,1884.0,201.0,201.0,9.0,1.9102811851364043e-05,7.080660058722543e-05,0.1121845615462478,7.080660058722543e-05,0.1121845615462478,0.0,,0.0,,,
5436502,K00834.01,CONFIRMED,3341.8,8.2183,23.65369415,57.0,0.0032200112552986,7.1961233830845615,3.924666466514904e-05,36.95859782626251,3.78502214892773e-05,0.0,37.0,17.0,60|1800,pdcsap_flux,64763.0,0.0,29.4244175311178,51.0,0.0144767732471363,5.0,0.3989160477433102,,4.0,0.3424331794388771,3806.0,201.0,201.0,19.0,2.7192420178631505e-05,0.0,,0.0,,0.0,,0.3424331794388771,,,
5436502,K00834.02,CONFIRMED,504.6,6.7372,13.23352214,97.0,0.0005169442401141,3.0836935323382986,3.0443725967943536e-06,7.095373908880304,0.0001292964216849,0.0,37.0,17.0,60|1800,pdcsap_flux,64763.0,0.0,29.4244175311178,41.0,0.0212125436975062,5.0,0.414542254064821,,4.0,0.3297870697774964,5469.0,201.0,201.0,27.0,2.1522550646638192e-05,0.0,,0.0,,0.0,,0.3297870697774964,,,
5436502,K00834.03,CONFIRMED,285.0,4.9843,6.15560285,203.0,0.0002661043133375,3.9676019900497295,2.1799321949456107e-05,4.239336425302195,3.6045995995603874e-05,0.0,37.0,17.0,60|1800,pdcsap_flux,64763.0,0.0,29.4244175311178,31.0,0.0337382335617488,5.0,0.4446211571421954,,4.0,0.2992449392399981,8792.0,201.0,201.0,44.0,1.3055463219411757e-05,3.96487410675439e-05,-0.124650480627423,3.96487410675439e-05,-0.124650480627423,0.0,,0.2992449392399981,,,
5436502,K00834.04,CONFIRMED,115.9,3.388,2.090811305,527.0,0.0001102940744042,1.2136119402985155,-1.0805106414601973e-05,2.463276791722242,4.054087507610049e-05,0.0,37.0,17.0,60|1800,pdcsap_flux,64763.0,0.0,29.4244175311178,21.0,0.0675176503633199,5.0,0.531723360560814,,4.0,0.2114942173772061,17500.0,201.0,201.0,87.0,1.0291201732640363e-05,0.0,,0.0,,0.0,,0.2114942173772061,,,
5436502,K00834.05,CONFIRMED,370.3,7.159,50.4467417,22.0,0.0003570878537423,1.7096119402985082,2.01396881607252e-05,3.052820420855209,1.0205611587377206e-05,0.0,37.0,17.0,60|1800,pdcsap_flux,64763.0,0.0,29.4244175311178,43.0,0.0059130016451918,5.0,0.3843552645800843,,4.0,0.3604681685530318,1590.0,201.0,201.0,8.0,3.731333864394219e-05,0.0001334810555643,0.4290898918134909,0.0001334810555643,0.4290898918134909,0.0,,0.3604681685530318,,,
5440317,K03141.01,CONFIRMED,96.4,1.591,2.31941571,578.0,7.210795356737965e-05,0.1899701492537309,9.586846435594154e-06,1.457325241352848,3.186613199746002e-05,0.0,17.0,17.0,1800,pdcsap_flux,64729.0,0.0,29.42442456143908,9.0,0.0285811924015409,1.0,0.1717931684407298,,0.0,0.0,7415.0,201.0,201.0,38.0,1.193753410770093e-05,0.0,,0.0,,0.0,,0.0,,,
5444334,K04064.01,FALSE POSITIVE,202.5,3.083,0.759763198,1764.0,0.0001978524792369,1.8405970149253743,-2.3371101273150785e-05,4.290714321832877,4.266094605975823e-05,0.0,17.0,17.0,1800,pdcsap_flux,64731.0,0.0,29.42442666739225,19.0,0.1690768040245789,1.0,0.5063107321067186,primary_only,0.0,0.0,43734.0,201.0,201.0,217.0,6.419433125314766e-06,2.235683141593725e-05,0.4087983145017593,2.235683141593725e-05,0.4087983145017593,0.0,,0.0,,,
5470960,K06007.01,FALSE POSITIVE,202.6,27.29,12.4227918,110.0,0.0002296336105889,10.861691542288552,4.635526365648346e-05,3.01139850588007,4.669689512060149e-05,0.0001491477469287,16.0,16.0,1800,pdcsap_flux,63103.0,0.0,29.42439514619764,167.0,0.0915320285198157,1.0,0.5519388935549815,,0.0,0.0,23026.0,201.0,201.0,115.0,2.3693007005511776e-05,0.0001491477469287,0.381009030940417,0.0001491477469287,0.381009030940417,0.0001491477469287,0.381009030940417,0.0,,,
5471059,K03956.01,FALSE POSITIVE,426.2,0.9105,2.636899795,508.0,0.0003387348605077,0.5979402985074629,-2.257141506034621e-06,4.0772625829493245,5.10135872802131e-05,0.0,17.0,17.0,1800,pdcsap_flux,64737.0,0.0,29.42444979620632,5.0,0.0143871602826682,2.0,0.2341319492716684,,1.0,0.1622874090550998,3739.0,201.0,201.0,19.0,1.7774068370094254e-05,6.57400432096944e-05,-0.4981816939554271,6.57400432096944e-05,-0.4981816939554271,0.0,,0.1622874090550998,,,
5471059,K03956.02,FALSE POSITIVE,110.4,16.332,12.4249559,112.0,0.0001409065531791,13.325611940298488,-1.665502186287693e-05,2.955708982888208,7.342212996697128e-06,0.0,17.0,17.0,1800,pdcsap_flux,64737.0,0.0,29.42444979620632,99.0,0.054768806060712,2.0,0.3575544124689127,,1.0,0.0432364799110246,14061.0,201.0,201.0,70.0,1.97845937746876e-05,6.569928263588931e-05,-0.4936104750585925,6.569928263588931e-05,-0.4936104750585925,0.0,,0.0432364799110246,,,
5471068,K06008.01,FALSE POSITIVE,180.5,25.71,12.426469,112.0,0.0002057650148742,15.860895522387985,-1.2297839632857688e-05,3.932941776044802,2.8816500603379147e-05,0.0001476856696706,17.0,17.0,1800,pdcsap_flux,64708.0,0.0,29.42444987478666,157.0,0.086207111609903,1.0,0.5192402794090375,,0.0,0.0,22179.0,201.0,201.0,110.0,2.736623485116374e-05,0.0001476856696706,0.394401165785764,0.0001476856696706,0.394401165785764,0.0001476856696706,0.394401165785764,0.0,,,
5471688,K03499.01,FALSE POSITIVE,131.4,6.79,12.4281308,96.0,0.0001917499589334,1.0809950248756175,-6.80296158250826e-06,1.148403414665084,0.0001313395084791,0.0,14.0,14.0,1800,pdcsap_flux,54927.0,0.0,29.42452029325068,41.0,0.0227642170185935,2.0,0.4665100952172884,,1.0,0.3825623099750578,4909.0,201.0,201.0,24.0,3.4811654528702575e-05,0.000111832002425,0.367896003554874,0.000111832002425,0.367896003554874,0.0,,0.3825623099750578,,,
5471688,K03499.02,FALSE POSITIVE,96.3,2.947,0.96283264,741.0,8.481741774712948e-05,1.1142885572139318,-2.130110712261768e-07,2.00170267836588,2.494742079139911e-06,0.0,14.0,14.0,1800,pdcsap_flux,54927.0,0.0,29.42452029325068,19.0,0.1275316826262419,2.0,0.3825623099750578,primary_only,1.0,0.0666703078631638,28020.0,201.0,201.0,140.0,1.280132042700366e-05,0.0,,0.0,,0.0,,0.0666703078631638,,,
5471769,K06011.01,FALSE POSITIVE,139.4,28.88,12.4255705,112.0,0.0001576035777031,15.517611940298522,6.529253288811709e-06,3.992977348981285,6.550428567897448e-06,0.0001143999750341,17.0,17.0,1800,pdcsap_flux,64752.0,0.0,29.424449214711785,177.0,0.0968433065776201,1.0,0.5828082530269335,,0.0,0.0,24892.0,201.0,201.0,124.0,2.236532162498138e-05,0.0001143999750341,0.3837230470658096,0.0001143999750341,0.3837230470658096,0.0001143999750341,0.3837230470658096,0.0,,,
5477805,K01607.01,FALSE POSITIVE,191.2,1.9398,5.00673576,271.0,0.000191585455767,0.8878686567164222,2.9410733048407245e-05,5.007957265203232,1.958454423722777e-05,0.0,17.0,17.0,1800,pdcsap_flux,64777.0,0.0,29.424449298530817,11.0,0.0161432525849936,1.0,0.0974111181437856,,0.0,0.0,4184.0,201.0,201.0,21.0,9.104278295812284e-06,4.257707477184347e-05,0.4948314738473418,4.257707477184347e-05,0.4948314738473418,0.0,,0.0,,,
5478083,K03738.01,FALSE POSITIVE,437862.0,4.8707,15.85231085,41.0,0.2480324184313697,3.0048099502487577,-0.023746259562003,84.54516899421482,0.0201562169616782,0.0,8.0,8.0,1800,pdcsap_flux,30161.0,0.0,29.424282666295767,29.0,0.0128022870137783,1.0,0.0784125194787971,,0.0,0.0,1645.0,201.0,201.0,8.0,0.0008746092675127,0.0031371350400315,-0.3991602684589341,0.0031371350400315,-0.3991602684589341,0.0,,0.0,,,
5480736,K03904.01,FALSE POSITIVE,347.9,5.449,8.56751264,155.0,0.000292780112251,2.819383084577121,-1.933112251029101e-05,3.52545922142511,9.084882121201954e-05,0.0002227382034215,17.0,17.0,1800,pdcsap_flux,64756.0,0.0,29.4244478631299,33.0,0.0265003013367794,1.0,0.1592439310643029,,0.0,0.0,6733.0,201.0,201.0,34.0,2.392088402652648e-05,0.0002227382034215,0.4706004899254715,0.0002227382034215,0.4706004899254715,0.0002227382034215,0.4706004899254715,0.0,,,
5513822,K06590.01,FALSE POSITIVE,23.2,2.619,0.755109271,1374.0,1.5603140332887122e-05,0.3648358208955242,3.805701798142991e-07,0.7681751807179245,1.3405662819820918e-06,0.0,14.0,14.0,1800,pdcsap_flux,50542.0,0.0,29.423963399603963,17.0,0.1445155081402781,1.0,0.4339163468006806,primary_only,0.0,0.0,29233.0,201.0,201.0,145.0,5.215270287926998e-06,0.0,,0.0,,0.0,,0.0,,,
5513897,K02591.01,FALSE POSITIVE,106.0,2.967,0.755109106,1376.0,0.0001099092985227,1.889432835820884,-1.025412712207796e-05,5.318846214682616,3.0223120960348737e-06,0.0,13.0,13.0,1800,pdcsap_flux,50165.0,0.0,29.42394345067441,19.0,0.1637180627510536,1.0,0.4913983853284162,primary_only,0.0,0.0,32851.0,201.0,201.0,164.0,1.0366310312218552e-05,0.0,,0.0,,0.0,,0.0,,,
5520547,K02990.01,CONFIRMED,219.9,4.562,11.20058855,121.0,0.0001833834416231,2.178865671641802,2.758812996717097e-06,2.3688456355072307,8.156753393395721e-05,0.0,17.0,17.0,1800,pdcsap_flux,64719.0,0.0,29.424417520640414,27.0,0.0169708343882816,1.0,0.1036326272037577,,0.0,0.0,4403.0,201.0,201.0,22.0,1.6939399515837572e-05,7.359470002488155e-05,0.4991707434166942,7.359470002488155e-05,0.4991707434166942,0.0,,0.0,,,
5524881,K03030.01,FALSE POSITIVE,214.6,4.095,7.19552624,159.0,0.0001982025870378,0.3259701492537319,4.007184432186506e-05,2.33774386089542,8.94143223917343e-06,0.0,14.0,14.0,1800,pdcsap_flux,54913.0,0.0,29.42453554831445,25.0,0.0237126506538874,1.0,0.1424981334110319,,0.0,0.0,5172.0,201.0,201.0,25.0,2.319573505805437e-05,0.0,,0.0,,0.0,,0.0,,,
5529560,K06593.01,FALSE POSITIVE,70.0,2.734,0.759755409,1495.0,7.008307711386941e-05,0.6528955223880608,-1.0790605060151393e-05,2.773318099408314,9.118758109161185e-06,0.0,14.0,14.0,1800,pdcsap_flux,54905.0,0.0,29.424534285790287,17.0,0.1499386056581094,1.0,0.4493215554138967,primary_only,0.0,0.0,32907.0,201.0,201.0,163.0,6.135668074303435e-06,0.0,,0.0,,0.0,,0.0,,,
5547480,K00224.01,FALSE POSITIVE,907.6,2.3607,3.979867514,269.0,0.0007720694967469,1.3623940298507415,5.964323623064427e-05,10.60660169231716,2.9481157371447075e-05,8.250680295129875e-05,20.0,14.0,60|1800,pdcsap_flux,51758.0,0.0,29.424368067411702,15.0,0.0247150186919513,1.0,0.1486919896441129,,0.0,0.0,5129.0,201.0,201.0,25.0,1.6443242282874835e-05,8.250680295129875e-05,0.4975663859418892,8.250680295129875e-05,0.4975663859418892,8.250680295129875e-05,0.4975663859418892,0.0,,,
5561278,K01621.01,CONFIRMED,164.6,5.3357,20.31047472,67.0,0.0001523949217135,3.7164079601990174,-6.282057005257968e-06,8.142201725976477,2.208486211030536e-05,0.0,30.0,18.0,60|1800,pdcsap_flux,65244.0,0.0,29.42446514032781,33.0,0.0109461170355812,1.0,0.0648488749923364,,0.0,0.0,2905.0,201.0,201.0,13.0,5.233260613301216e-06,1.833103640691558e-05,0.4974928600349314,1.833103640691558e-05,0.4974928600349314,0.0,,0.0,,,
5562090,K02664.01,CONFIRMED,756.7,3.171,28.8431751,44.0,0.000596151501262,0.7572537313432832,-0.0001130036449481,2.269325105828316,3.386622859569144e-05,0.0,25.0,16.0,60|1800,pdcsap_flux,63123.0,0.0,29.42439230158925,19.0,0.0045808063620568,1.0,0.0265830204521331,,0.0,0.0,1112.0,201.0,201.0,5.0,7.206948128634169e-05,0.000222457981028,0.1625323961305294,0.0002257207444753,-0.1042995744592867,0.0,,0.0,,,
5563057,K05179.01,FALSE POSITIVE,22.0,4.848,1.049468616,1280.0,2.2100886531983832e-05,3.2802388059701224,-8.812181752082537e-07,2.2804799218651683,4.365754466051364e-06,0.0,18.0,18.0,1800,pdcsap_flux,65204.0,0.0,29.424465632764623,29.0,0.1924783618303074,1.0,0.5779553401631802,primary_only,0.0,0.0,50208.0,201.0,201.0,250.0,1.7057613910643087e-06,0.0,,0.0,,0.0,,0.0,,,
5563937,K04406.01,FALSE POSITIVE,226.2,2.129,0.519437968,2184.0,0.0001926504067554,0.8897313432835865,-3.5300014509243027e-06,4.287926832725624,1.5028163007690942e-05,0.0,14.0,14.0,1800,pdcsap_flux,54937.0,0.0,29.42451911978424,13.0,0.1707775303274198,1.0,0.5130422119882775,primary_only,0.0,0.0,37561.0,201.0,201.0,186.0,4.987474150911587e-05,0.0,,0.0,,0.0,,0.0,,,
5598645,K07560.01,FALSE POSITIVE,31.1,2.614,0.648772102,1602.0,3.078647101062426e-05,1.0924179104477645,-8.404475927648036e-06,2.761869128845497,1.628188576185963e-07,0.0,14.0,14.0,1800,pdcsap_flux,50639.0,0.0,29.42395987920463,15.0,0.1678812426288124,1.0,0.5028140366120974,primary_only,0.0,0.0,33985.0,201.0,201.0,169.0,1.9756052780969256e-06,0.0,,0.0,,0.0,,0.0,,,
5599774,K02337.01,CONFIRMED,834.0,2.2128,8.49640437,120.0,0.0007117366823817,1.365110447761191,-1.2094381248273224e-05,3.2485053996462296,0.0001159466209842,0.0,13.0,13.0,1800,pdcsap_flux,50134.0,0.0,29.423946960596368,13.0,0.0108516492371231,1.0,0.0651254637571309,,0.0,0.0,2156.0,201.0,201.0,11.0,5.457400273007551e-05,0.0,,0.0,,0.0,,0.0,,,
5609593,K02834.01,CONFIRMED,1209.3,5.568,136.205112,10.0,0.0010099188169908,2.54853731343285,-2.4399809841479936e-06,2.3532991420990985,5.025107951694974e-05,0.0,16.0,16.0,1800,pdcsap_flux,63107.0,0.0,29.42437033576425,35.0,0.0017033134556653,1.0,0.0103475050311375,,0.0,0.0,449.0,201.0,200.0,2.0,9.77591134523522e-05,0.0003293530761231,0.2403082506387024,0.0003293530761231,0.2403082506387024,0.0,,0.0,,,
5617854,K01588.01,CONFIRMED,532.8,1.5639,3.517494725,384.0,0.0005058923267118,1.18265074626866,1.983906295333071e-05,8.480432065255112,3.5780558222842096e-05,0.0,17.0,17.0,1800,pdcsap_flux,64788.0,0.0,29.424426583573226,9.0,0.0185252587692224,1.0,0.1109310366117182,,0.0,0.0,4842.0,201.0,201.0,24.0,1.4882390264671153e-05,0.0,,0.0,,0.0,,0.0,,,
5621294,K06606.01,FALSE POSITIVE,358893.0,5.00453,0.938905082,1434.0,0.3056617052956802,2.5894085572139294,-0.0090041378804897,32.03082416456174,8.063797751445279e-05,,18.0,18.0,1800,pdcsap_flux,65267.0,0.0,29.42444653250277,31.0,0.2220906962066409,1.0,0.6658801538296536,primary_only,0.0,0.0,57981.0,201.0,201.0,288.0,,,,,,,,0.0,blanking covers 0.89 of the orbit,,
5629538,K02345.01,CONFIRMED,292.5,4.509,15.18727049,73.0,0.0002896864221474,1.2562388059701428,-9.179664408098807e-05,3.6989028431539577,3.595071666462335e-05,0.0,14.0,14.0,1800,pdcsap_flux,51761.0,0.0,29.42438584752381,27.0,0.0123705573113816,1.0,0.0742257684356948,,0.0,0.0,2596.0,201.0,201.0,13.0,2.2350963485965345e-05,0.0,,0.0,,0.0,,0.0,,,
5641294,K06133.01,FALSE POSITIVE,29.3,21.34,2.6160943,,1.883506774902344e-05,5.520796019900504,5.960464477539063e-06,1.0296573912782807,9.298324584960938e-06,,18.0,18.0,1800,pdcsap_flux,65240.0,0.0,29.424463296309117,,0.3398832628726979,1.0,1.0,none,0.0,0.0,65240.0,148.0,148.0,441.0,,,,,,,,0.0,blanking covers 1.36 of the orbit,,
5648449,K00979.01,FALSE POSITIVE,625.6,3.2797,4.348866254,307.0,0.0005613699027513,1.7622268656716331,2.003520046278684e-05,55.55740506837932,1.0068740820323718e-05,7.763410998129494e-05,19.0,18.0,60|1800,pdcsap_flux,65267.0,0.0,29.42446404544171,21.0,0.0314229407586344,1.0,0.1863882206934591,,0.0,0.0,8195.0,201.0,201.0,41.0,2.755446639941728e-06,7.763410998129494e-05,0.4584014634380344,7.763410998129494e-05,0.4584014634380344,7.763410998129494e-05,0.4584014634380344,0.0,,,
5649215,K00839.01,FALSE POSITIVE,1177.9,4.7211,2.446737317,552.0,0.0011048475907631,2.5367104477612,-0.0001250419964954,22.97672632697092,5.529982872842787e-05,0.0,17.0,17.0,1800,pdcsap_flux,64762.0,0.0,29.4244497071486,29.0,0.0803978827777039,1.0,0.4823662024026435,,0.0,0.0,20890.0,201.0,201.0,104.0,1.2226564858008128e-05,0.0,,0.0,,0.0,,0.0,,,
5653163,K05190.01,FALSE POSITIVE,349.6,6.825,2.40435325,259.0,0.0002886285663842,2.716417910447752,4.828823705493868e-05,3.820404498181964,7.696241666843573e-05,0.0,8.0,8.0,1800,pdcsap_flux,30143.0,0.0,29.42428467271384,41.0,0.1182750496417279,1.0,0.7085558836214046,,0.0,0.0,14330.0,201.0,201.0,72.0,2.8331169657254595e-05,0.0,,0.0,,0.0,,0.0,,,
5653795,K07734.01,FALSE POSITIVE,216.3,4.79,118.314913,7.0,0.0001833060207306,0.2859701492537336,5.216182581879725e-05,1.358446279314221,7.217023235528419e-05,0.0,17.0,17.0,1800,pdcsap_flux,64774.0,0.0,29.424447192577645,29.0,0.0016868823064877,1.0,0.0098650693179362,,0.0,0.0,388.0,200.0,171.0,2.0,3.743171992747118e-05,0.000112627669714,0.0126089242567179,0.0001204175116424,0.0438162469267404,0.0,,0.0,,,
5696909,K06614.01,FALSE POSITIVE,2671.5,1.02608,0.643002821,2077.0,0.0023541678160045,0.6738435820895523,-9.075640018463282e-05,38.47567325922703,5.49832933799399e-05,0.000596554923705,17.0,17.0,1800,pdcsap_flux,64755.0,0.0,29.424423644668423,7.0,0.0664901178300325,1.0,0.3989035595706895,,0.0,0.0,17219.0,201.0,201.0,86.0,1.3440570600856547e-05,0.000596554923705,0.4994835473629397,0.000596554923705,0.4994835473629397,0.000596554923705,0.4994835473629397,0.0,,,
5697628,K06615.01,FALSE POSITIVE,59.7,1.907,1.95119541,690.0,4.952760839915804e-05,0.0759004975124382,-1.9195054851928184e-05,0.8826450023390618,1.581193352617749e-05,0.0,17.0,17.0,1800,pdcsap_flux,64748.0,0.0,29.424425064353272,11.0,0.0407228988578511,1.0,0.2442855377772286,,0.0,0.0,10605.0,201.0,201.0,53.0,1.034106116202711e-05,3.349126851615036e-05,-0.4971957398608093,3.349126851615036e-05,-0.4971957398608093,0.0,,0.0,,,
5725087,K00033.01,FALSE POSITIVE,275.3,1.2335,0.366197145,1824.0,0.0002800895399203,0.9082487562189118,-2.7573227119437327e-05,15.073676993845464,8.99263064557676e-06,7.559084102970459e-05,18.0,18.0,1800,pdcsap_flux,65266.0,0.0,29.42446195520461,7.0,0.1403501748582265,1.0,0.421291330861398,primary_only,0.0,0.0,36643.0,201.0,201.0,182.0,1.7885459998288588e-05,7.559084102970459e-05,-0.4912170782430908,7.559084102970459e-05,-0.4912170782430908,7.559084102970459e-05,-0.4912170782430908,0.0,,,
5731312,K06621.01,FALSE POSITIVE,278086.0,2.58667,7.946367138,167.0,0.2266764763092604,1.4413285572139254,0.0061864914768036,2489.27984804911,0.0010671008192951,0.009307295900705,20.0,17.0,60|1800,pdcsap_flux,64798.0,0.0,29.42444836604409,15.0,0.0135631685265668,1.0,0.0817154850458347,,0.0,0.0,3462.0,201.0,201.0,17.0,1.7988547506359787e-05,0.009307295900705,-0.2422900189556543,0.009307295900705,-0.2422900189556543,0.009307295900705,-0.2422900189556543,0.0,,,
5736801,K07739.01,FALSE POSITIVE,178.3,2.372,6.6751871,168.0,0.0001430533118548,0.3776318407960202,1.3060474985393531e-05,0.9352697578372948,7.13066926673056e-05,0.0,14.0,14.0,1800,pdcsap_flux,54925.0,0.0,29.42451760056429,15.0,0.0148060768713634,1.0,0.0886845698680018,,0.0,0.0,3207.0,201.0,201.0,16.0,3.398158854966433e-05,0.0,,0.0,,0.0,,0.0,,,
5737869,K06624.01,FALSE POSITIVE,174.0,3.024,26.2402438,52.0,0.0001971420415662,0.1805373134328362,3.105391501290189e-05,1.2086021162144729,2.3838414057841817e-05,0.0,17.0,17.0,1800,pdcsap_flux,64729.0,0.0,29.42444778454956,19.0,0.0048017846541502,1.0,0.0286733921426254,,0.0,0.0,1240.0,201.0,201.0,6.0,3.62838069837561e-05,0.0001248291386352,0.2016706198350926,0.0001248291386352,0.2016706198350926,0.0,,0.0,,,
5738634,K03951.01,FALSE POSITIVE,70.6,4.07,2.40435335,560.0,6.740700121377063e-05,2.4298507462686527,9.432648465756976e-06,3.6095080471535215,1.6315609482342452e-06,0.0,18.0,18.0,1800,pdcsap_flux,65210.0,0.0,29.42446648143232,25.0,0.0705317849114537,1.0,0.42294126667689,,0.0,0.0,18528.0,201.0,201.0,92.0,4.029450709702242e-06,0.0,,0.0,,0.0,,0.0,,,
5768927,K06135.01,FALSE POSITIVE,46829.0,2.9472,4.390513938,236.0,0.0422920393706262,1.7595223880597015,-0.0012025981182004,789.1543461063851,0.0004241206651833,0.0013159763510346,14.0,14.0,1800,pdcsap_flux,50642.0,0.0,29.423962393775582,19.0,0.0279693907670268,1.0,0.1694443347419138,,0.0,0.0,5674.0,201.0,201.0,28.0,9.311299080495847e-06,0.0013159763510346,-0.4993530657082546,0.0013159763510346,-0.4993530657082546,0.0013159763510346,-0.4993530657082546,0.0,,,
5771589,K06625.01,FALSE POSITIVE,1684.2,2.3544,10.738427243,93.0,0.0017770085642747,1.2181970149253656,0.0001574031111375,43.90504986776888,0.0002684897226659,0.0003607964237255,15.0,14.0,60|1800,pdcsap_flux,50635.0,0.0,29.423965070745908,15.0,0.0091354159952937,1.0,0.0545472499259405,,0.0,0.0,1807.0,201.0,201.0,9.0,5.942153059156441e-06,0.0003607964237255,0.4967987817922563,0.0003607964237255,0.4967987817922563,0.0003607964237255,0.4967987817922563,0.0,,,
5774375,K07740.01,FALSE POSITIVE,370546.0,7.5945,1.549979213,672.0,0.3259320297106716,3.9294925373134415,-0.0113552674361453,13.36719989038589,0.0011981701546928,,14.0,13.0,60|1800,pdcsap_flux,50173.0,0.0,29.423953168443404,47.0,0.2041559637354955,1.0,0.6108464712096148,primary_only,0.0,0.0,40912.0,201.0,201.0,203.0,,,,,,,,0.0,blanking covers 0.82 of the orbit,,
5781192,K06626.01,FALSE POSITIVE,237595.0,5.3012,9.459993213,143.0,0.2074909805539455,2.95390248756221,-0.0044344684892729,2651.551452086886,0.0007044345774064,0.0586519336932098,19.0,18.0,60|1800,pdcsap_flux,65263.0,0.0,29.424435546970926,33.0,0.0233492063218178,1.0,0.1399414676003248,,0.0,0.0,6090.0,201.0,201.0,30.0,1.816695438298448e-05,0.0586519336932098,-0.4795655836863325,0.0586519336932098,-0.4795655836863325,0.0586519336932098,-0.4795655836863325,0.0,,,
5791705,K08106.01,FALSE POSITIVE,289.1,9.312,614.39054,3.0,0.0001854713214322,0.7412537313432783,9.153777720138924e-05,1.127565247671003,0.0001963255350349,0.0003289750021211,18.0,18.0,1800,pdcsap_flux,65213.0,0.0,29.424445851473138,57.0,0.0006315201402677,1.0,0.0042322849738549,,0.0,0.0,217.0,200.0,166.0,1.0,4.361747333731825e-05,0.0003289750021211,-0.305328150130159,0.0003844980195963,0.0368768258774937,0.0003289750021211,-0.305328150130159,0.0,,,
5791986,K00413.01,CONFIRMED,1124.8,2.5967,15.22895514,93.0,0.0010753220876756,2.222051741293539,-3.690586024107656e-05,8.821403117834409,2.3863830885706427e-05,0.0,23.0,17.0,60|1800,pdcsap_flux,64792.0,0.0,29.424431277439,15.0,0.0071046130439473,2.0,0.058433139893814,,1.0,0.0166224225212989,1937.0,201.0,201.0,10.0,2.761368814167888e-05,0.0001093777063058,0.0408396242586117,0.0003369382288918,-0.4991366811457864,0.0,,0.0166224225212989,,,
5791986,K00413.02,CONFIRMED,650.6,3.2648,24.67458244,52.0,0.0006170673305316,1.9491343283582017,-2.5315484257992796e-05,4.264087910587206,8.596427300777698e-06,0.0,23.0,17.0,60|1800,pdcsap_flux,64792.0,0.0,29.424431277439,19.0,0.005513095658827,2.0,0.0544974688233115,,1.0,0.0224564761081615,1436.0,201.0,201.0,7.0,3.5908510706647866e-05,0.0001286232742897,0.115412222732924,0.0001286232742897,0.115412222732924,0.0,,0.0224564761081615,,,
5794379,K00842.01,CONFIRMED,1149.4,3.0957,12.71809866,107.0,0.0010655326208709,2.525844776119393,2.861778299745321e-05,8.164700765217901,2.2765004341285252e-05,0.0,17.0,17.0,1800,pdcsap_flux,64699.0,0.0,29.42443663137965,19.0,0.0101420427257481,2.0,0.0751789053926644,,1.0,0.0159198751139893,2672.0,201.0,201.0,14.0,4.217574471550791e-05,0.000168246583951,0.1605155438282538,0.000168246583951,0.1605155438282538,0.0,,0.0159198751139893,,,
5794379,K00842.02,CONFIRMED,1563.8,4.3246,36.06588163,38.0,0.0015666603926993,3.356405970149269,-3.0277718931270847e-05,7.447942230486681,4.442142395710835e-05,0.000299553778976,17.0,17.0,1800,pdcsap_flux,64699.0,0.0,29.42443663137965,27.0,0.0049961808369265,2.0,0.0602482264022627,,1.0,0.0310669407564259,1375.0,201.0,201.0,6.0,5.752274811511805e-05,0.000182256739153,-0.3132608576074742,0.000299553778976,-0.3238777418859432,0.000299553778976,-0.3238777418859432,0.0310669407564259,,,
5802285,K06627.01,FALSE POSITIVE,4759.6,1.8478,1.208524388,887.0,0.0041207079572799,1.0663920398009938,-0.0001303904267687,65.0521835930682,0.0025245324857271,0.0,14.0,14.0,1800,pdcsap_flux,51804.0,0.0,29.42437309655361,11.0,0.0637071683709097,1.0,0.3825380279515095,,0.0,0.0,13225.0,201.0,201.0,66.0,1.754405743975358e-05,0.0,,0.0,,0.0,,0.0,,,
5802292,K04767.01,FALSE POSITIVE,180.8,1.336,1.208528832,716.0,0.0001648078817786,0.3456318407960221,-5.061871555311903e-05,1.6349141760826411,4.914601318684042e-06,0.0,11.0,11.0,1800,pdcsap_flux,41933.0,0.0,29.42451668903232,9.0,0.0460615131329085,1.0,0.2767510075596785,,0.0,0.0,7756.0,201.0,201.0,38.0,2.7728061295147156e-05,0.0,,0.0,,0.0,,0.0,,,
5802478,K01834.01,FALSE POSITIVE,417.0,2.15,3.79188234,281.0,0.0004635651378721,1.5830845771144375,-5.391090079132077e-06,6.040283232271734,4.922509375671069e-06,0.0,14.0,14.0,1800,pdcsap_flux,51814.0,0.0,29.424372426001355,13.0,0.0236250298139085,1.0,0.1415833558497703,,0.0,0.0,4923.0,201.0,201.0,24.0,3.329763887491235e-05,0.0001057522484716,-0.1780862934456075,0.0001143105234551,-0.1426487487247446,0.0,,0.0,,,
5817957,K07742.01,FALSE POSITIVE,1157.2,23.27,372.76888,4.0,0.0012088045984216,10.650945273631876,7.914612205850435e-05,3.9088850761550273,2.9168315019867382e-05,0.0004865965647107,17.0,17.0,1800,pdcsap_flux,64736.0,0.0,29.42445022054017,143.0,0.0026010307870478,1.0,0.0163741967375185,,0.0,0.0,702.0,201.0,201.0,4.0,8.295583252036709e-05,0.0004865965647107,0.0127597484520315,0.0004865965647107,0.0127597484520315,0.0004865965647107,0.0127597484520315,0.0,,,
5857540,K02448.01,CONFIRMED,912.8,3.5374,13.62801048,59.0,0.0008794087564552,2.18227661691543,4.816038333965711e-05,4.952951815804178,2.212248082100743e-05,0.0,10.0,10.0,1800,pdcsap_flux,40336.0,0.0,29.424016698030755,21.0,0.0108153473232922,1.0,0.0631445854819516,,0.0,0.0,1654.0,201.0,201.0,8.0,4.729066180004648e-05,0.0,,0.0,,0.0,,0.0,,,
5860968,K04384.01,CONFIRMED,352.8,10.768,122.358116,8.0,0.0003041238121445,3.214328358208949,-0.0001150531812416,1.5639451528832595,5.773283766652426e-05,0.0,13.0,13.0,1800,pdcsap_flux,50113.0,0.0,29.42395518533885,65.0,0.0036668320936444,1.0,0.024025701913675,,0.0,0.0,669.0,201.0,201.0,3.0,4.258556821197388e-05,0.0001348166353081,0.0449896499479215,0.000157354839543,0.2264978385833207,0.0,,0.0,,,
5864975,K01787.01,CONFIRMED,7320.0,6.593,98.7179332,10.0,0.0072409996998246,5.248159203980122,-0.0004981387566554,20.55404079903637,0.0001539821770902,0.0,11.0,11.0,1800,pdcsap_flux,40349.0,0.0,29.425035612657663,41.0,0.0027827601776951,1.0,0.0172742818905053,,0.0,0.0,449.0,201.0,199.0,2.0,8.678655601948019e-05,0.0002701048723415,0.2878814338372767,0.0002954562999653,-0.2032757375259118,0.0,,0.0,,,
5887316,K07747.01,FALSE POSITIVE,1242.8,1.0869,0.603086711,1772.0,0.0011164523563815,0.7137850746268606,-7.167137939434465e-05,11.063010177464829,1.9918835067356252e-05,0.0003875850578114,14.0,14.0,1800,pdcsap_flux,51802.0,0.0,29.42437444813549,7.0,0.0750928501225091,1.0,0.4500791475232616,,0.0,0.0,15554.0,201.0,201.0,78.0,9.817415433538531e-06,0.0003875850578114,0.4988891966521282,0.0003875850578114,0.4988891966521282,0.0003875850578114,0.4988891966521282,0.0,,,
5893123,K00653.01,FALSE POSITIVE,146.0,1.5034,1.125963085,1186.0,0.0001434557330006,0.8975522388059654,1.2618902109906571e-06,7.385590968170032,1.0857068111214121e-07,3.053481031034533e-05,23.0,17.0,60|1800,pdcsap_flux,64721.0,0.0,29.424446694902144,9.0,0.0556338546984128,1.0,0.3336011495496052,,0.0,0.0,14389.0,201.0,201.0,71.0,5.500497637667667e-06,3.053481031034533e-05,0.4939886207184619,3.053481031034533e-05,0.4939886207184619,3.053481031034533e-05,0.4939886207184619,0.0,,,
5894825,K06633.01,FALSE POSITIVE,54.4,10.32,1.36293943,994.0,2.813339233398437e-05,3.491343283582088,4.0531158447265625e-06,1.1410739730213366,7.987022399902344e-06,,17.0,17.0,1800,pdcsap_flux,64777.0,0.0,29.424445694312453,,0.3154945777744503,1.0,1.0,none,0.0,0.0,64777.0,160.0,160.0,407.0,,,,,,,,0.0,blanking covers 1.26 of the orbit,,
5905728,K05209.01,FALSE POSITIVE,34.7,2.619,7.87173698,174.0,3.878296160098049e-05,0.3648358208955242,4.27810126668593e-06,2.378470912026359,1.979335310420272e-05,0.0,19.0,18.0,60|1800,pdcsap_flux,65267.0,0.0,29.42446363158524,17.0,0.0138628869685633,1.0,0.0845909877886221,,0.0,0.0,3660.0,201.0,201.0,18.0,4.436917113279204e-06,1.5697760780919445e-05,0.2018151990010964,1.8044643166459373e-05,-0.4809319842006511,0.0,,0.0,,,
5955427,K08112.01,FALSE POSITIVE,696.9,15.396,213.201978,6.0,0.0005528282912551,1.2255522388059747,-0.0001159142952945,1.3267669319241586,0.0007343672588289,0.0005171548591883,17.0,17.0,1800,pdcsap_flux,64781.0,0.0,29.424425158649683,95.0,0.0030088839044448,1.0,0.0162702026828854,,0.0,0.0,735.0,201.0,201.0,4.0,0.0001059509836741,0.0005171548591883,-0.1705267353355969,0.0005171548591883,-0.1705267353355969,0.0005171548591883,-0.1705267353355969,0.0,,,
5955621,K04624.01,FALSE POSITIVE,90.7,3.402,14.0801852,97.0,6.184953558785455e-05,0.4062089552238817,3.0564465836047106e-06,1.8659833544232345,3.737437832285195e-05,7.586392328517988e-05,18.0,18.0,1800,pdcsap_flux,65266.0,0.0,29.42443864303641,21.0,0.0100673391710785,1.0,0.0611650782949774,,0.0,0.0,2691.0,201.0,201.0,13.0,2.3122455418774124e-05,7.116918819016771e-05,0.2009463985797239,7.852684032416679e-05,-0.4995502610806865,7.586392328517988e-05,0.19213747680503,0.0,,,
5956977,K08113.01,FALSE POSITIVE,432.6,2.285,77.773042,17.0,0.000450208137789,0.1818905472636809,-0.000104667124937,2.9769253121709744,0.0002030914549566,0.0001991986164977,18.0,18.0,1800,pdcsap_flux,65261.0,0.0,29.42443965410348,13.0,0.0012241816815309,1.0,0.0075236358621535,,0.0,0.0,314.0,200.0,156.0,2.0,4.178388447246252e-05,0.0001739947272213,-0.4995282569309713,0.0001991986164977,-0.1256937759334747,0.0001991986164977,-0.1256937759334747,0.0,,,
5962514,K06639.01,FALSE POSITIVE,149304.0,4.9939,0.790046373,227.0,0.1365825533866882,2.782670646766164,-0.0056146085262298,14.040440523722468,0.0882725417613983,,2.0,2.0,1800,pdcsap_flux,8635.0,0.0,29.423512447974645,,0.2633758900462247,1.0,1.0,none,0.0,0.0,8635.0,191.0,191.0,47.0,,,,,,,,0.0,blanking covers 1.05 of the orbit,,
5963222,K01035.01,FALSE POSITIVE,5811.5,3.3208,1.217266418,1099.0,0.0054007158050706,2.2469094527363085,-9.713459574234308e-05,10.691146704387483,1.943372386437048e-05,0.0,18.0,18.0,1800,pdcsap_flux,65265.0,0.0,29.424448785139248,21.0,0.1136699941940456,1.0,0.6824331571286294,,0.0,0.0,29630.0,201.0,201.0,147.0,0.0006383448906946,0.0,,0.0,,0.0,,0.0,,,
5963582,K02479.01,CONFIRMED,138.6,8.567,25.5433704,51.0,0.0001249698463792,2.557313432835837,7.505199610458035e-06,4.15121156586564,3.186746450944966e-05,0.0,18.0,18.0,1800,pdcsap_flux,65233.0,0.0,29.42444962856825,53.0,0.0139745980167649,1.0,0.0814311774715251,,0.0,0.0,3488.0,201.0,201.0,15.0,9.5471685173524e-06,3.87843161147039e-05,-0.499062458545287,3.87843161147039e-05,-0.499062458545287,0.0,,0.0,,,
5978361,K00558.01,CONFIRMED,796.5,2.1945,9.17858526,144.0,0.0007339748895348,1.92155223880598,6.915916732630478e-07,8.049596456589954,8.114468624698112e-06,0.0,17.0,17.0,1800,pdcsap_flux,64765.0,0.0,29.424446364864707,13.0,0.0099620472447406,1.0,0.0602485910599861,,0.0,0.0,2554.0,201.0,201.0,13.0,2.471578580302736e-05,7.468056231763054e-05,0.385414269548264,7.626235371116508e-05,-0.1973654942690564,0.0,,0.0,,,
5991070,K07756.01,FALSE POSITIVE,34.5,4.415,0.94102954,1434.0,3.07304957836152e-05,0.439303482587063,-7.759571961418743e-06,0.7237110745632057,2.3835532174554253e-05,0.0,18.0,18.0,1800,pdcsap_flux,65267.0,0.0,29.424464213079773,27.0,0.1954862472577995,1.0,0.5864832151010465,primary_only,0.0,0.0,51022.0,201.0,201.0,254.0,5.456671834508863e-06,0.0,,0.0,,0.0,,0.0,,,
5991765,K04538.01,FALSE POSITIVE,88.1,2.854,9.25801294,146.0,7.998796606689673e-05,0.3407761194029853,-1.596777532897331e-05,1.6157112951539525,9.232120488200655e-06,0.0,18.0,18.0,1800,pdcsap_flux,65213.0,0.0,29.424464805051684,17.0,0.0128447289323692,1.0,0.0767024979681965,,0.0,0.0,3377.0,201.0,201.0,17.0,1.1563290100729584e-05,4.790629714246375e-05,-0.4951721748525062,4.790629714246375e-05,-0.4951721748525062,0.0,,0.0,,,
6020753,K00657.01,CONFIRMED,549.1,2.0396,4.069425638,257.0,0.0005173163253278,1.542384079601988,-5.824290559508505e-06,13.184279925035211,1.5631926310710753e-05,0.0,28.0,13.0,60|1800,pdcsap_flux,50148.0,0.0,29.423949318006635,13.0,0.0208833729604898,2.0,0.1419797399696897,,1.0,0.0232312355427933,4206.0,201.0,201.0,21.0,1.1547597416015664e-05,3.5753499295076985e-05,0.3849363256292028,3.5753499295076985e-05,0.3849363256292028,0.0,,0.0232312355427933,,,
6020753,K00657.02,CONFIRMED,792.6,2.9227,16.28247625,66.0,0.0007642940001331,2.384690547263672,-3.776399582144929e-05,10.063946566279968,2.5250317040814707e-05,0.0,28.0,13.0,60|1800,pdcsap_flux,50148.0,0.0,29.423949318006635,17.0,0.0074791551848059,2.0,0.1085187843981813,,1.0,0.062913775225333,1560.0,201.0,201.0,8.0,1.839171486042317e-05,0.0,,0.0,,0.0,,0.062913775225333,,,
6035124,K02071.01,CONFIRMED,127.8,2.0808,3.85690686,347.0,0.0001125984124485,1.5321313432835904,1.8712862316361267e-06,3.457311610608269,3.0007511455654168e-06,0.0,17.0,17.0,1800,pdcsap_flux,64782.0,0.0,29.4244235556107,13.0,0.0224791531522749,1.0,0.1343120002469822,,0.0,0.0,5817.0,201.0,201.0,29.0,8.51521347556532e-06,0.0,,0.0,,0.0,,0.0,,,
6048024,K01684.01,FALSE POSITIVE,1688.4,2.6901,62.81584402,23.0,0.0015220421316267,1.6060298507462705,-0.0001552642485097,24.89340854009066,7.643729293171919e-05,0.0,18.0,18.0,1800,pdcsap_flux,65244.0,0.0,29.424453238025308,17.0,0.0017843826147478,1.0,0.0111121329164367,,0.0,0.0,495.0,201.0,201.0,2.0,1.63609750622133e-05,7.333619706906269e-05,0.0815107617477957,7.333619706906269e-05,0.0815107617477957,0.0,,0.0,,,
6049470,K08115.01,FALSE POSITIVE,81.0,12.62,354.7897,4.0,8.226290979707063e-05,1.004577114427864,-3.782489625847596e-06,1.565520222148738,0.0001303408521391,0.000230857666807,18.0,18.0,1800,pdcsap_flux,65262.0,0.0,29.42445273511112,77.0,0.0014820986441639,1.0,0.0090711286813153,,0.0,0.0,398.0,200.0,139.0,2.0,1.17170839141687e-05,0.000230857666807,-0.0853400899435415,0.000230857666807,-0.0853400899435415,0.000230857666807,-0.0853400899435415,0.0,,,
6056992,K00051.01,FALSE POSITIVE,29375.6,3.8853,10.431146765,121.0,0.025697656979658,2.3195820895522328,-0.0005638745395689,102.84854606257616,0.0001855617094982,0.0,35.0,16.0,60|1800,pdcsap_flux,60716.0,0.0,29.42443245090544,23.0,0.015519626331324,1.0,0.0925620923644508,,0.0,0.0,3789.0,201.0,201.0,19.0,6.946877284164964e-05,0.0,,0.0,,0.0,,0.0,,,
6065010,K05235.01,FALSE POSITIVE,194.3,10.08,159.05846,,9.024158933712556e-05,0.8023880597014923,-9.44764086474592e-06,0.5872846502000606,0.0002377200986333,0.0005035965362671,18.0,18.0,1800,pdcsap_flux,65266.0,0.0,29.42446161992848,61.0,0.0026405385793374,1.0,0.015199338093341,,0.0,0.0,533.0,201.0,201.0,3.0,2.429022154194784e-05,0.0005035965362671,0.3241821835844063,0.0005035965362671,0.3241821835844063,0.0005035965362671,0.3241821835844063,0.0,,,
6066379,K03649.01,FALSE POSITIVE,126636.0,4.36797,1.303858554,479.0,0.1109558817110035,2.4338937313432893,-0.0046291983800189,12.494056670845064,0.0002564187206705,0.0101055157289458,8.0,8.0,1800,pdcsap_flux,30161.0,0.0,29.424286516732536,27.0,0.139584734434315,1.0,0.4182222074864892,primary_only,0.0,0.0,16813.0,201.0,201.0,84.0,0.0015456239107031,0.0101055157289458,-0.4939786685458264,0.0101055157289458,-0.4939786685458264,0.0101055157289458,-0.4939786685458264,0.0,,,
6072593,K03070.01,FALSE POSITIVE,163.1,1.7,5.07538255,260.0,0.0001665690750071,0.608955223880597,1.647510809332786e-05,2.9695558217170808,6.668753353322732e-05,0.0,17.0,17.0,1800,pdcsap_flux,64744.0,0.0,29.42444787360728,11.0,0.0139562550478748,1.0,0.0832972939577412,,0.0,0.0,3559.0,201.0,201.0,18.0,1.6448325671176468e-05,5.118956337213376e-05,-0.0690752192984456,5.118956337213376e-05,-0.0690752192984456,0.0,,0.0,,,
6115516,K03134.01,FALSE POSITIVE,191.6,0.8408,0.865759153,1308.0,0.0001520303983332,0.4015761194029839,1.326916017196922e-05,3.473608218716645,5.885928569648868e-06,0.0,14.0,14.0,1800,pdcsap_flux,54934.0,0.0,29.424531357362863,5.0,0.0404654495559613,1.0,0.2424727855244475,,0.0,0.0,8874.0,201.0,201.0,44.0,1.3664576666559024e-05,0.0,,0.0,,0.0,,0.0,,,
6124941,K01058.01,FALSE POSITIVE,536.7,0.9361,5.670155713,232.0,0.0004594125156893,0.5588656716417884,-1.670543952425607e-05,7.013518856383303,6.658222167188477e-05,0.0,17.0,17.0,1800,pdcsap_flux,64758.0,0.0,29.424433121457696,5.0,0.0068788528288987,1.0,0.0410914481608449,,0.0,0.0,1795.0,201.0,201.0,5.0,1.5046006948009282e-05,0.0,,0.0,,0.0,,0.0,,,
6147573,K06669.01,FALSE POSITIVE,145045.0,6.32201,25.836831272,53.0,0.1273552624374959,3.522712039801006,-0.0043099059239622,2043.3778046517652,0.0058645761999835,0.0686377656094797,18.0,18.0,1800,pdcsap_flux,65266.0,0.0,29.42446262575686,39.0,0.0101954098225197,1.0,0.0632795023442527,,0.0,0.0,2650.0,201.0,201.0,13.0,2.009082553698942e-05,0.0686377656094797,-0.2731471039894965,0.0686377656094797,-0.2731471039894965,0.0686377656094797,-0.2731471039894965,0.0,,,
6200715,K00451.01,FALSE POSITIVE,540.0,3.435,3.723560726,366.0,0.0004938981464845,2.5976119402985045,-1.6877965458572677e-06,10.78004347930028,1.765109061158121e-05,0.0,17.0,17.0,1800,pdcsap_flux,64759.0,0.0,29.42442640545778,21.0,0.0384376704267559,1.0,0.2318751061628499,,0.0,0.0,10142.0,201.0,201.0,51.0,1.2942738492203576e-05,0.0,,0.0,,0.0,,0.0,,,
6206214,K02252.01,CONFIRMED,134.2,4.389,13.53953595,98.0,0.0001259880972487,2.0962388059701595,-4.033582541307368e-07,3.6900150158372496,3.828812423023464e-05,0.0,17.0,17.0,1800,pdcsap_flux,64754.0,0.0,29.424432618543506,27.0,0.0135067406058329,1.0,0.0815548074250239,,0.0,0.0,3457.0,201.0,201.0,17.0,1.013069422143955e-05,3.193026260162046e-05,0.3897818933975166,3.821973660000921e-05,-0.2213981190164231,0.0,,0.0,,,
6209347,K06025.01,FALSE POSITIVE,79078.0,2.4682,2.136577151,330.0,0.0699244741966338,1.3753154228855704,-0.0026631821281332,378.3873089822861,4.221639440726843e-05,0.0009387595344709,8.0,8.0,1800,pdcsap_flux,34251.0,0.0,29.423514800146226,15.0,0.0481338418406902,1.0,0.2875828442965168,,0.0,0.0,6546.0,201.0,201.0,32.0,6.759684213597411e-05,0.0009387595344709,0.4998240896714886,0.0009387595344709,0.4998240896714886,0.0009387595344709,0.4998240896714886,0.0,,,
6268722,K06026.01,FALSE POSITIVE,48488.0,2.42989,2.638432816,388.0,0.0436180434970655,1.4506805970149197,-0.0017205299425993,344.9095446574986,0.0003014195765568,0.0001391700018696,14.0,14.0,1800,pdcsap_flux,50642.0,0.0,29.423975637182597,15.0,0.0383733161794735,1.0,0.2298684886062951,,0.0,0.0,7687.0,201.0,201.0,38.0,8.784695738005799e-06,0.0001391700018696,-0.4963449357928353,0.0001391700018696,-0.4963449357928353,0.0001391700018696,-0.4963449357928353,0.0,,,
6290382,K03869.01,FALSE POSITIVE,2336.0,2.824,6.12810722,216.0,0.001894930438646,1.0115820895522436,0.0001098467766995,5.245519241026763,0.0001359557368845,0.000830168842444,18.0,18.0,1800,pdcsap_flux,65262.0,0.0,29.42445139400661,17.0,0.0192011435900866,1.0,0.1148447795041524,,0.0,0.0,4980.0,201.0,201.0,25.0,6.347474650127256e-05,0.000830168842444,-0.498343489729463,0.000830168842444,-0.498343489729463,0.000830168842444,-0.498343489729463,0.0,,,
6301030,K06027.01,FALSE POSITIVE,375940.0,6.4648,11.991000357,55.0,0.324419156205701,3.344971144278603,-0.0080397429038477,358.4764578040884,0.0035905262634033,0.1256474355430438,8.0,8.0,1800,pdcsap_flux,30161.0,0.0,29.42428627051413,39.0,0.0224640696061207,1.0,0.1355061171711813,,0.0,0.0,2806.0,201.0,201.0,14.0,0.0002638978998935,0.1256474355430438,0.3059572338946277,0.1256474355430438,0.3059572338946277,0.1256474355430438,0.3059572338946277,0.0,,,
6307521,K01126.01,FALSE POSITIVE,778.9,22.695,29.7452499,46.0,0.0008797176413395,16.710746268656806,4.5061331586104814e-05,8.434947154156767,0.0001985201058055,0.0001143398340935,17.0,17.0,1800,pdcsap_flux,64617.0,0.0,29.42445273511112,139.0,0.0317907902330314,2.0,0.1923332869059225,,1.0,0.0058653295572372,8374.0,201.0,201.0,42.0,2.508356960497464e-05,0.0001143398340935,-0.495539512693738,0.0001143398340935,-0.495539512693738,0.0001143398340935,-0.495539512693738,0.0058653295572372,,,
6307521,K01126.02,FALSE POSITIVE,967.3,22.86,475.91706,5.0,0.0007308346486569,9.553432835820928,0.0001254492786881,2.1200575895248845,0.0002762949926472,0.0014745606266466,17.0,17.0,1800,pdcsap_flux,64617.0,0.0,29.42445273511112,139.0,0.0020013991513563,2.0,0.1075723106922326,,1.0,0.0974047077394493,507.0,200.0,199.0,3.0,7.888361721312666e-05,0.0014745606266466,0.2865796354881855,0.0014745606266466,0.2865796354881855,0.0014745606266466,0.2865796354881855,0.0974047077394493,,,
6312534,K01689.01,FALSE POSITIVE,2773.7,3.096,1.507761203,892.0,0.0027687488001963,1.7251343283582126,-3.224206536611707e-05,56.7120974546027,0.00185756257263,0.0,17.0,17.0,1800,pdcsap_flux,64769.0,0.0,29.424446700140837,19.0,0.0855573148740848,1.0,0.5135018295789653,,0.0,0.0,22196.0,201.0,201.0,110.0,1.908248542639725e-05,0.0,,0.0,,0.0,,0.0,,,
6343576,K04438.01,FALSE POSITIVE,186.6,3.15,6.39903778,162.0,0.0001712806486723,0.9402985074626846,1.0346764952040566e-05,2.9811696737397035,4.372364961202635e-07,5.058156723258822e-05,14.0,14.0,1800,pdcsap_flux,50618.0,0.0,29.42397496663034,19.0,0.0205108962491545,1.0,0.121024141609704,,0.0,0.0,4187.0,201.0,201.0,21.0,1.1016976620261952e-05,5.058156723258822e-05,0.4897034924038259,5.058156723258822e-05,0.4897034924038259,5.058156723258822e-05,0.4897034924038259,0.0,,,
6356207,K02021.01,CONFIRMED,558.4,2.0111,3.76417012,301.0,0.0004910584560317,1.16063482587065,6.687505555935669e-05,4.077989347845584,8.137460068935454e-05,0.0,14.0,14.0,1800,pdcsap_flux,54969.0,0.0,29.424528250820003,13.0,0.0222614362959061,1.0,0.1342574905856028,,0.0,0.0,4919.0,201.0,201.0,25.0,3.177033332592932e-05,0.0,,0.0,,0.0,,0.0,,,
6363560,K05270.01,FALSE POSITIVE,,5.96,606.91488768,,0.0001353809055812,0.2372139303482567,7.997656704161749e-05,1.184460056172695,9.766804341793112e-05,0.0002181617380907,17.0,17.0,1800,pdcsap_flux,64738.0,0.0,29.42442975821905,37.0,0.0004091732438507,2.0,0.2329234761654669,,1.0,0.2306836788285087,145.0,199.0,103.0,1.0,6.073894401659092e-05,0.0002181617380907,0.316301576410176,0.0003567367562056,-0.323901110249695,0.0002181617380907,0.316301576410176,0.2306836788285087,,,
6363560,K05270.02,FALSE POSITIVE,29.5,1.679,0.907818056,1471.0,2.9182729560539578e-05,0.3675422885572128,-8.093008404097546e-06,2.067095613360084,3.4862932053458806e-06,0.0,17.0,17.0,1800,pdcsap_flux,64738.0,0.0,29.42442975821905,11.0,0.0770620642219671,2.0,0.4626494485464487,,1.0,0.0016837097222651,19920.0,201.0,201.0,99.0,4.646385667769548e-06,0.0,,0.0,,0.0,,0.0016837097222651,,,
6364143,K05272.01,FALSE POSITIVE,65.4,12.472,5.2433865,266.0,5.829136450752337e-05,7.445970149253718,1.0966523552591312e-05,2.8471541970280567,1.3334092944794484e-05,0.0,17.0,17.0,1800,pdcsap_flux,64707.0,0.0,29.42443227802869,77.0,0.0991089759770077,1.0,0.5950206314618202,,0.0,0.0,25942.0,201.0,201.0,129.0,7.045458787871483e-06,0.0,,0.0,,0.0,,0.0,,,
6369845,K07777.01,FALSE POSITIVE,266.8,4.234,27.6760342,48.0,0.0002592085532218,0.4212935323383079,-1.6904862263467102e-05,2.7020435239489884,3.501790991156106e-05,0.0,18.0,18.0,1800,pdcsap_flux,65252.0,0.0,29.4244518969208,25.0,0.0063743477621033,1.0,0.0377153190706798,,0.0,0.0,1672.0,201.0,201.0,8.0,2.7268508428148328e-05,0.0,,0.0,,0.0,,0.0,,,
6388770,K03035.01,FALSE POSITIVE,,10.73,21.3419702,65.0,0.0001338340355938,3.843582089552236,-2.4112635595874288e-05,2.2511481273002056,2.8533778380079863e-05,0.0,17.0,17.0,1800,pdcsap_flux,64725.0,0.0,29.424448711797595,65.0,0.0209485501640018,1.0,0.1246195442255697,,0.0,0.0,5368.0,201.0,201.0,27.0,1.0851662505949645e-05,3.896190401109223e-05,-0.0784017523754067,3.896190401109223e-05,-0.0784017523754067,0.0,,0.0,,,
6421137,K04739.01,FALSE POSITIVE,426.0,5.593,118.4039,,6.747640280013734e-05,0.2226069651741289,3.4876085918456035e-05,0.5119046373002811,6.243969500685509e-05,0.000138613834606,14.0,14.0,1800,pdcsap_flux,50635.0,0.0,29.423972279182635,35.0,0.001968192489155,1.0,0.0127777229189295,,0.0,0.0,451.0,201.0,194.0,2.0,3.237142243669213e-05,0.000138613834606,-0.1309629349092374,0.000138613834606,-0.1309629349092374,0.000138613834606,-0.1309629349092374,0.0,,,
6428700,K00853.01,CONFIRMED,1024.4,2.9667,8.20396958,162.0,0.0009513192748771,2.479629850746277,1.200233942044715e-05,7.721323784973684,4.646452007284197e-05,0.0,17.0,17.0,1800,pdcsap_flux,64782.0,0.0,29.42441233433783,19.0,0.0150674010665943,2.0,0.1212373807539131,,1.0,0.0348090518971319,3899.0,201.0,201.0,20.0,2.676194653148172e-05,0.0,,0.0,,0.0,,0.0348090518971319,,,
6428700,K00853.02,CONFIRMED,647.5,4.016,14.49645186,89.0,0.0005820596650065,1.9980099502487476,-3.065362033061181e-05,4.0880951349232335,4.811568169671432e-05,0.0,17.0,17.0,1800,pdcsap_flux,64782.0,0.0,29.42441233433783,25.0,0.0115430544625237,2.0,0.1111882930443641,,1.0,0.0450588126331388,3008.0,201.0,201.0,15.0,3.107813028342647e-05,9.369332434483456e-05,0.0353099897301366,0.0001076737861647,-0.4985562791615848,0.0,,0.0450588126331388,,,
6435936,K00854.01,CONFIRMED,1626.0,4.685,56.0560754,24.0,0.001459681727061,2.2376119402985006,-0.0001863744053919,4.371018015067893,9.182678405428302e-05,0.0,34.0,17.0,60|1800,pdcsap_flux,64796.0,0.0,29.424423398450017,29.0,0.003482376030437,1.0,0.0196925736156552,,0.0,0.0,913.0,201.0,201.0,4.0,9.102313970331616e-05,0.0003031810967091,0.2108420792852421,0.0003031810967091,0.2108420792852421,0.0,,0.0,,,
6445531,K07779.01,FALSE POSITIVE,98.6,2.833,1.71024931,663.0,0.0001176175564182,0.3382686567164175,4.0367076239777866e-05,1.5980178379223058,4.394092246395864e-06,0.0,14.0,14.0,1800,pdcsap_flux,54922.0,0.0,29.42452414892614,17.0,0.0690201516097478,1.0,0.4146789993081097,,0.0,0.0,15106.0,201.0,201.0,75.0,2.325996506235989e-05,0.0,,0.0,,0.0,,0.0,,,
6462874,K01231.01,FALSE POSITIVE,2691.1,7.0813,22.34293693,30.0,0.0090923762653385,0.7046069651741329,0.0007251215508279,25.40940048976299,0.0001783499513403,0.0,9.0,9.0,1800,pdcsap_flux,30543.0,0.0,29.425322273746133,43.0,0.0132057019894504,2.0,0.1405886782568837,,1.0,0.0636152309858232,1694.0,201.0,201.0,9.0,8.253406657251042e-05,0.0002743669509245,0.2807885883940598,0.0002743669509245,0.2807885883940598,0.0,,0.0636152309858232,,,
6462874,K01231.02,FALSE POSITIVE,878.3,5.404,10.42360821,58.0,0.0011648988735364,1.3980497512437828,-0.0001031632255683,4.845970562802881,0.0001824095774478,0.0,9.0,9.0,1800,pdcsap_flux,30543.0,0.0,29.425322273746133,33.0,0.0216016049462268,2.0,0.1645876305536456,,1.0,0.0415152408080411,2591.0,201.0,201.0,13.0,6.385833048673026e-05,0.0002513300379036,-0.4864855376152975,0.0002513300379036,-0.4864855376152975,0.0,,0.0415152408080411,,,
6468138,K01826.01,CONFIRMED,832.1,9.0636,134.2520474,9.0,0.0008089897837819,3.066292537313455,-2.5958892226563e-05,9.458486420379137,9.453177000073864e-07,0.0,18.0,18.0,1800,pdcsap_flux,65189.0,0.0,29.42446462693624,55.0,0.0028129924817816,1.0,0.0148031109543021,,0.0,0.0,613.0,201.0,195.0,3.0,1.8909717172248096e-05,5.744552978925732e-05,0.0495944428283966,5.744552978925732e-05,0.0495944428283966,0.0,,0.0,,,
6470149,K01230.01,FALSE POSITIVE,7343.4,24.9393,165.739861,9.0,0.0071516090300739,21.34109253731356,-0.0001845199391221,71.78129969944408,0.0004253595528215,0.0,21.0,17.0,60|1800,pdcsap_flux,64795.0,0.0,29.4244450237602,153.0,0.0062696897036736,1.0,0.0360984643876842,,0.0,0.0,1723.0,201.0,201.0,9.0,4.765050408156304e-05,0.0001586851961141,-0.4882396543192475,0.0001586851961141,-0.4882396543192475,0.0,,0.0,,,
6501635,K00560.01,CONFIRMED,980.4,4.647,23.67513153,45.0,0.0008718932718513,1.2946865671641743,-8.011163913179686e-05,6.337033950074741,1.3315926468138173e-05,0.0,13.0,13.0,1800,pdcsap_flux,50173.0,0.0,29.4239632319659,29.0,0.0081784128529401,1.0,0.0499272517090865,,0.0,0.0,1648.0,201.0,201.0,8.0,3.828108641274918e-05,0.0,,0.0,,0.0,,0.0,,,
6508734,K07568.01,FALSE POSITIVE,717.4,16.25,480.03759,3.0,0.0003104156509668,2.2636815920398083,5.0815072933030336e-05,0.7806291317918705,0.0001502745033492,0.0014417966377953,17.0,17.0,1800,pdcsap_flux,64780.0,0.0,29.42441468127072,99.0,0.0014104798195769,1.0,0.0089225069465884,,0.0,0.0,387.0,201.0,200.0,2.0,0.0001248132766618,0.0010363016641881,0.0141229446329255,0.0014417966377953,0.4559557481153917,0.0014417966377953,0.4559557481153917,0.0,,,
6521045,K00041.01,CONFIRMED,220.5,6.3856,12.81590421,104.0,0.0002123622951976,5.845524378109436,-3.796133896116771e-07,13.916824745327402,4.093985036757175e-06,2.9536788843875783e-05,62.0,18.0,60|1800,pdcsap_flux,64952.0,0.0,29.42445138352923,39.0,0.0207606628691138,3.0,0.2136808720285749,,2.0,0.1013209754895923,5365.0,201.0,201.0,27.0,5.222820402797734e-06,2.9536788843875783e-05,-0.3131523043409619,2.9536788843875783e-05,-0.3131523043409619,2.9536788843875783e-05,-0.3131523043409619,0.1013209754895923,,,
6521045,K00041.02,CONFIRMED,68.7,4.4679,6.88707073,187.0,6.763346507021595e-05,3.55653731343282,-3.3521334052988294e-07,5.313826309439303,2.557746437092945e-06,0.0,62.0,18.0,60|1800,pdcsap_flux,64952.0,0.0,29.42445138352923,27.0,0.0270307228280781,3.0,0.2323715974873753,,2.0,0.0827380219238822,7043.0,201.0,201.0,35.0,5.245620044906507e-06,1.712172124324063e-05,0.0642737204836711,1.952006538707973e-05,0.0913044433117492,0.0,,0.0827380219238822,,,
6521045,K00041.03,CONFIRMED,99.7,5.966,35.3331932,35.0,8.682471289900295e-05,4.511601990049721,1.0717149284800165e-05,3.7790591908593374,1.616277631366625e-05,6.642976580717441e-05,62.0,18.0,60|1800,pdcsap_flux,64952.0,0.0,29.42445138352923,37.0,0.0070354052611733,3.0,0.1752832861189801,,2.0,0.1387948023155561,1900.0,201.0,201.0,10.0,8.682434119779513e-06,6.642976580717441e-05,-0.2906870074869467,6.642976580717441e-05,-0.2906870074869467,6.642976580717441e-05,-0.2906870074869467,0.1387948023155561,,,
6522745,K04574.01,FALSE POSITIVE,501.7,6.39,17.4453935,66.0,0.0004030611187373,2.7976119402985056,-5.821415990625578e-05,2.9375782921855405,5.128372309559648e-05,0.0001391145572084,14.0,14.0,1800,pdcsap_flux,54927.0,0.0,29.42452473042067,39.0,0.015261908537632,1.0,0.089882935532616,,0.0,0.0,3313.0,201.0,201.0,17.0,3.861862626704195e-05,0.0001391145572084,-0.4542092248379168,0.0001391145572084,-0.4542092248379168,0.0001391145572084,-0.4542092248379168,0.0,,,
6525106,K04483.01,FALSE POSITIVE,111.6,2.61,1.71028117,783.0,0.0001019828989485,0.6752238805970114,-1.3667998891797596e-05,2.146727740424504,8.65480846712341e-06,0.0,17.0,17.0,1800,pdcsap_flux,64747.0,0.0,29.42443479259964,15.0,0.0635860359732546,1.0,0.3823034271858155,,0.0,0.0,16424.0,201.0,201.0,81.0,1.0289818088816948e-05,0.0,,0.0,,0.0,,0.0,,,
6525209,K03479.01,FALSE POSITIVE,122372.0,20.8729,75.13194883,17.0,0.1166430539408255,12.461432835820858,-0.0025413542807912,457.3227145203232,8.944481288641892e-05,0.0251882793439842,17.0,17.0,1800,pdcsap_flux,64798.0,0.0,29.424433624371886,127.0,0.0115756902384434,2.0,0.270625636593722,,1.0,0.2150066360072841,2897.0,201.0,201.0,14.0,6.472739408489143e-05,0.0251882793439842,0.2177160550328659,0.0251882793439842,0.2177160550328659,0.0251882793439842,0.2177160550328659,0.2150066360072841,,,
6525209,K03479.02,FALSE POSITIVE,158.9,2.946,1.71029474,748.0,-4.902469436784962e-05,0.1758805970149253,0.0003349396979334,-0.0568976502347348,6.338675272887784e-06,0.0,17.0,17.0,1800,pdcsap_flux,64798.0,0.0,29.424433624371886,19.0,0.0717712550527986,2.0,0.4504305688447174,,1.0,0.0333652273218309,18554.0,201.0,201.0,92.0,4.838047168849123e-05,0.0,,0.0,,0.0,,0.0333652273218309,,,
6531801,K06727.01,FALSE POSITIVE,1773.0,1.21,0.515875396,1203.0,-8.649318664732952e-06,0.0722388059701493,2.431656622692291e-05,-0.1580008550919738,2.539395314105075e-05,0.0,17.0,17.0,1800,pdcsap_flux,64787.0,0.0,29.42443873209413,7.0,0.0977303183241301,1.0,0.5859354500131199,,0.0,0.0,25303.0,201.0,201.0,126.0,1.1027715845739717e-05,3.340100283633074e-05,-0.4633354078720011,3.340100283633074e-05,-0.4633354078720011,0.0,,0.0,,,
6541920,K00157.01,CONFIRMED,778.4,4.5706,13.02493307,99.0,0.0007127485949602,4.184031840796031,1.725393947338283e-05,15.2120159939499,2.9822949494828777e-05,0.0,61.0,17.0,60|1800,pdcsap_flux,64758.0,0.0,29.42444736021571,27.0,0.0146213163356137,6.0,0.1951727971833596,,5.0,0.119382933382748,3690.0,201.0,201.0,18.0,1.0088952805961104e-05,0.0,,0.0,,0.0,,0.119382933382748,,,
6541920,K00157.02,CONFIRMED,960.0,5.4921,22.687155,57.0,0.0009001628503881,4.918298507462671,8.649505802704738e-06,15.61410797003004,2.324643306372831e-05,0.0,61.0,17.0,60|1800,pdcsap_flux,64758.0,0.0,29.42444736021571,33.0,0.0100866547612514,6.0,0.1842706692609407,,5.0,0.1318138299515117,2521.0,201.0,201.0,13.0,1.3687415930510838e-05,4.320747768526978e-05,-0.2188180194174251,4.320747768526978e-05,-0.2188180194174251,0.0,,0.1318138299515117,,,
6541920,K00157.03,CONFIRMED,1376.1,4.2817,31.99552485,41.0,0.0013438789408778,3.4935263681592144,-0.0001364889739486,15.687430916314383,8.30598725213294e-05,0.0,61.0,17.0,60|1800,pdcsap_flux,64758.0,0.0,29.42444736021571,27.0,0.0055759099906331,6.0,0.1696161092065845,,5.0,0.1413879366255906,1406.0,201.0,201.0,7.0,1.7939984650136575e-05,5.688473097720248e-05,0.2869170096435122,5.688473097720248e-05,0.2869170096435122,0.0,,0.1413879366255906,,,
6541920,K00157.04,CONFIRMED,588.8,6.3794,46.6856205,28.0,0.0005575201292535,5.712895522388097,-2.5507353133669145e-05,6.0807881119498735,0.0001263658598511,0.0,61.0,17.0,60|1800,pdcsap_flux,64758.0,0.0,29.42444736021571,39.0,0.0056935803891335,6.0,0.1712529726057012,,5.0,0.1411254207974304,1541.0,201.0,201.0,8.0,1.8379302651762817e-05,5.89905283838732e-05,0.0900107794498371,6.191325938142977e-05,-0.4807706545608032,0.0,,0.1411254207974304,,,
6541920,K00157.05,CONFIRMED,1083.3,9.5574,118.3786735,12.0,0.0010328678128184,2.0921671641791155,-2.226516057080019e-06,12.710151776669646,5.695330701938062e-06,0.0,61.0,17.0,60|1800,pdcsap_flux,64758.0,0.0,29.42444736021571,59.0,0.0033639927549956,6.0,0.1644738873961518,,5.0,0.1469779795546496,863.0,201.0,176.0,4.0,2.3263629131566895e-05,8.193352434260337e-05,0.061414693725942,0.0001003034959806,-0.4986900999808354,0.0,,0.1469779795546496,,,
6541920,K00157.06,CONFIRMED,316.1,4.2246,10.30401132,117.0,0.00027716996264,3.783223880597024,1.565155775851146e-05,5.3266563828729545,5.184871191832308e-06,0.0,61.0,17.0,60|1800,pdcsap_flux,64758.0,0.0,29.42444736021571,25.0,0.0170831528162568,6.0,0.2017820192099818,,5.0,0.1109361005590043,4506.0,201.0,201.0,23.0,1.0182347521504864e-05,3.114043001950506e-05,-0.2501413065181012,3.114043001950506e-05,-0.2501413065181012,0.0,,0.1109361005590043,,,
6545018,K06729.01,FALSE POSITIVE,251876.0,6.43532,1.995728294,0.0,,,,,,,,,,,,,,,,,,,,,,,,,,,,,,,,,,koi_num_transits is 0,precheck
6546528,K01235.01,FALSE POSITIVE,508.4,3.2551,3.053563251,439.0,0.0004264686028959,1.7490089552238783,4.875622727174012e-05,9.532498873903236,0.0002628559665797,0.0,17.0,17.0,1800,pdcsap_flux,64789.0,0.0,29.42444644868374,19.0,0.044416688150229,1.0,0.2665884640911266,,0.0,0.0,11474.0,201.0,201.0,57.0,1.2521638760288557e-05,0.0,,0.0,,0.0,,0.0,,,
6592832,K04082.01,FALSE POSITIVE,122.4,2.594,0.924821319,1450.0,0.0001212377686315,1.290547263681585,7.074714068022736e-06,3.621867557586635,1.648184072355896e-05,0.0,17.0,17.0,1800,pdcsap_flux,64718.0,0.0,29.424418369308118,15.0,0.1168694223552315,1.0,0.7009487314193887,,0.0,0.0,30239.0,201.0,201.0,150.0,1.8265790948189498e-05,0.0,,0.0,,0.0,,0.0,,,
6599949,K04233.01,FALSE POSITIVE,531.2,13.06,409.2452,,0.0005670999028556,2.079203980099493,-1.90495073780772e-05,1.707805249696616,0.0007171449875719,0.0003165736823975,17.0,17.0,1800,pdcsap_flux,64737.0,0.0,29.4244253996294,79.0,0.0013296836875952,1.0,0.0085422555879945,,0.0,0.0,423.0,201.0,178.0,2.0,9.919625643882874e-05,0.0003165736823975,-0.1798737967787141,0.0004761656344305,0.2401400380404725,0.0003165736823975,-0.1798737967787141,0.0,,,
6607357,K02838.01,CONFIRMED,70.9,4.432,7.69994466,176.0,6.166643274485573e-05,1.8521791044775997,-9.945087194651592e-06,2.3213083176116265,1.715007366909216e-05,0.0,18.0,18.0,1800,pdcsap_flux,65196.0,0.0,29.42444904707372,27.0,0.023982856347784,2.0,0.2277900484692312,,1.0,0.0983802687281428,6308.0,201.0,201.0,31.0,6.427541884000609e-06,0.0,,0.0,,0.0,,0.0983802687281428,,,
6607357,K02838.02,CONFIRMED,54.3,3.804,4.77466043,265.0,4.24248385610948e-05,0.6813134328358226,1.4356769395540425e-07,1.7147330947015182,6.224472796745317e-06,0.0,18.0,18.0,1800,pdcsap_flux,65196.0,0.0,29.42444904707372,23.0,0.0331960779878957,2.0,0.2559973004478802,,1.0,0.072397079575434,8573.0,201.0,201.0,43.0,7.164603390885026e-06,0.0,,0.0,,0.0,,0.072397079575434,,,
6607610,K06742.01,FALSE POSITIVE,32548.4,17.1759,63.52017525,21.0,0.0316567156423436,12.988740298507494,-9.253281088261732e-05,345.19808590231776,4.6854973416055046e-05,0.0004937524368597,17.0,17.0,1800,pdcsap_flux,64791.0,0.0,29.424432194209658,105.0,0.0112666959305972,1.0,0.0666141902424719,,0.0,0.0,2876.0,201.0,201.0,14.0,2.8807513699910345e-05,0.0004937524368597,0.4295027163428156,0.0004937524368597,0.4295027163428156,0.0004937524368597,0.4295027163428156,0.0,,,
6608090,K05303.01,FALSE POSITIVE,332.8,6.75,438.81524,,2.9390165942833057e-05,0.2686567164179099,0.0001056769453744,0.1474016361205986,1.591735736294897e-05,0.0002601182276877,18.0,18.0,1800,pdcsap_flux,65124.0,0.0,29.424444856122136,41.0,0.0006409303377886,1.0,0.0031785516860143,,0.0,0.0,160.0,199.0,138.0,1.0,4.794558377370706e-05,0.0002601182276877,-0.1005884830591181,0.0002792972716004,0.0325647946164703,0.0002601182276877,-0.1005884830591181,0.0,,,
6610433,K06744.01,FALSE POSITIVE,,2.04,0.92098747,1469.0,1.5660736625178195e-05,0.3653731343283561,-1.541186218201318e-06,1.0606654759180183,3.690276767831513e-06,0.0,19.0,18.0,60|1800,pdcsap_flux,65231.0,0.0,29.424451729282737,13.0,0.0922922436718927,1.0,0.5535098342812467,,0.0,0.0,24096.0,201.0,201.0,120.0,1.3326184448300936e-05,0.0,,0.0,,0.0,,0.0,,,
6612284,K02908.01,FALSE POSITIVE,224.2,2.152,1.245353252,912.0,0.0001947022473067,1.156298507462682,8.364732584364987e-07,3.299277989449605,7.105400773532722e-06,0.0,14.0,14.0,1800,pdcsap_flux,54920.0,0.0,29.42452230490744,13.0,0.0720009896972322,1.0,0.4319009468317553,,0.0,0.0,15838.0,201.0,201.0,79.0,1.5399373162662266e-05,4.900162604781766e-05,0.4990246521203897,4.900162604781766e-05,0.4990246521203897,0.0,,0.0,,,
6614629,K02737.01,FALSE POSITIVE,64.0,1.0582,0.526615152,2540.0,5.677267783799067e-05,0.6738786069651748,-2.889183624121827e-06,5.360354695922407,5.306261375515042e-06,0.0,18.0,18.0,1800,pdcsap_flux,65127.0,0.0,29.424459943547845,7.0,0.0837265439462073,1.0,0.5024183518356442,,0.0,0.0,21813.0,201.0,201.0,109.0,3.1598956588665847e-06,0.0,,0.0,,0.0,,0.0,,,
6615511,K03306.01,CONFIRMED,358.1,5.198,25.1593389,47.0,0.0003034573866096,1.5516417910447724,1.9619061326747733e-05,1.6416004495873875,4.214451223572002e-05,0.0,14.0,14.0,1800,pdcsap_flux,54901.0,0.0,29.42452230490744,31.0,0.0086084667881846,1.0,0.0517659059033533,,0.0,0.0,1928.0,201.0,201.0,10.0,3.9485743210517806e-05,0.000162118855236,-0.1093846360084646,0.000162118855236,-0.1093846360084646,0.0,,0.0,,,
6616218,K01692.01,CONFIRMED,828.3,2.8617,5.960400011,104.0,0.00078248587722,2.3918686567164045,6.133423623655432e-06,21.920067713248024,2.01256139026329e-05,0.0,15.0,9.0,60|1800,pdcsap_flux,30542.0,0.0,29.425340043380857,17.0,0.0200049492953401,2.0,0.2187479536376138,,1.0,0.1112238884159518,2408.0,201.0,201.0,12.0,1.0652282564328009e-05,0.0,,0.0,,0.0,,0.1112238884159518,,,
6616218,K01692.02,CONFIRMED,84.2,2.184,2.46106962,242.0,7.56041379561534e-05,0.7388656716417866,-1.8916881148967057e-05,2.188429634497865,1.5198065384081085e-05,0.0,15.0,9.0,60|1800,pdcsap_flux,30542.0,0.0,29.425340043380857,13.0,0.0369757926636793,2.0,0.2682535524851024,,1.0,0.0589024949250212,4533.0,201.0,201.0,23.0,7.189624714923459e-06,0.0,,0.0,,0.0,,0.0589024949250212,,,
6621116,K01226.01,FALSE POSITIVE,83298.0,9.1713,137.75960504,10.0,,,,,,0.0,17.0,17.0,1800,pdcsap_flux,64480.0,0.0,29.424446364864707,57.0,0.0027739445092706,1.0,0.0130117866004962,,0.0,0.0,499.0,201.0,164.0,3.0,6.677548970477307e-05,0.0002111989244356,0.462912759783125,0.0002145919670137,-0.342224634032676,0.0,,0.0,,,
6629332,K01227.01,FALSE POSITIVE,20739.0,2.1064,2.155278342,615.0,0.0185293234327447,1.2575522388059657,-0.0005956271788091,428.8421686848226,5.735276636209541e-05,0.0,18.0,17.0,60|1800,pdcsap_flux,64797.0,0.0,29.424446186749265,13.0,0.0407217318321972,1.0,0.243637822738707,,0.0,0.0,10479.0,201.0,201.0,52.0,1.039385028798523e-05,0.0,,0.0,,0.0,,0.0,,,
6672229,K06754.01,FALSE POSITIVE,278997.0,7.06068,23.832382513,0.0,,,,,,,,,,,,,,,,,,,,,,,,,,,,,,,,,,koi_num_transits is 0,precheck
6675060,K03611.01,FALSE POSITIVE,145294.0,3.94077,10.443341795,60.0,0.1292893243852708,2.195851940298509,-0.0026602388655139,379.789261450662,0.0004401017921026,0.0,8.0,8.0,1800,pdcsap_flux,30156.0,0.0,29.42428659531288,25.0,0.0157228168169899,1.0,0.0956691868948136,,0.0,0.0,1877.0,201.0,201.0,9.0,8.580411384872508e-05,0.0,,0.0,,0.0,,0.0,,,
6685403,K08126.01,FALSE POSITIVE,1001.4,18.11,429.60143,4.0,0.0008112276670242,5.045572139303531,-0.0001171140759407,2.121522481438524,0.0009597339687031,0.000734726070064,17.0,17.0,1800,pdcsap_flux,64752.0,0.0,29.4244253996294,111.0,0.0017564730483633,1.0,0.0108722510501606,,0.0,0.0,524.0,201.0,201.0,3.0,0.0001272314402434,0.000734726070064,0.0616406005563454,0.000734726070064,0.0616406005563454,0.000734726070064,0.0616406005563454,0.0,,,
6695801,K05316.01,FALSE POSITIVE,86.4,1.669,1.10656965,1215.0,9.428370619513073e-05,0.2324975124378114,-1.0034286789251112e-05,2.5315648970699054,4.617348613988881e-05,0.0,17.0,17.0,1800,pdcsap_flux,64792.0,0.0,29.424434462562203,11.0,0.0628443647145633,1.0,0.3772842326213113,,0.0,0.0,16333.0,201.0,201.0,82.0,7.143911191800411e-06,2.2989273340323635e-05,-0.4921182222190479,2.2989273340323635e-05,-0.4921182222190479,0.0,,0.0,,,
6707260,K05318.01,FALSE POSITIVE,142.3,11.781,13.4256161,,8.6795715642074e-05,3.75116417910442,7.822879714414199e-05,0.9065070115800568,0.0001341394328474,0.0,18.0,18.0,1800,pdcsap_flux,65252.0,0.0,29.424457093700767,73.0,0.036562567880963,1.0,0.2200085821124256,,0.0,0.0,9507.0,201.0,201.0,44.0,4.696786495704272e-05,0.0,,0.0,,0.0,,0.0,,,
6720773,K04868.01,FALSE POSITIVE,113.2,0.871,1.318347743,1017.0,9.178074246363188e-05,0.208000000000001,-1.172177228914162e-05,1.7027138647156412,1.414885091999274e-05,0.0,17.0,17.0,1800,pdcsap_flux,64706.0,0.0,29.424447192577645,5.0,0.0275281441177896,1.0,0.164745155008809,,0.0,0.0,7132.0,201.0,201.0,36.0,1.2507246118623582e-05,3.908528152707369e-05,0.0677911073778485,5.2617936040610935e-05,-0.4986406227669674,0.0,,0.0,,,
6721380,K04488.01,FALSE POSITIVE,107.7,1.635,6.44173995,206.0,5.7847296031754425e-05,0.0976119402985075,1.5869101522958395e-05,1.0440828905808388,2.156464222680121e-05,0.0,17.0,17.0,1800,pdcsap_flux,64752.0,0.0,29.424446197226644,11.0,0.0105755588596835,1.0,0.0628706449221645,,0.0,0.0,2732.0,201.0,201.0,13.0,1.1973621227580144e-05,3.6691261602772585e-05,0.1623145315271021,3.6691261602772585e-05,0.1623145315271021,0.0,,0.0,,,
6752002,K04184.01,CONFIRMED,184.0,1.308,6.08003714,219.0,0.0001358476909627,0.4164776119403013,-2.9660054453484183e-05,2.4392845828877774,2.1804445557882524e-05,0.0,18.0,18.0,1800,pdcsap_flux,65259.0,0.0,29.42441710678395,9.0,0.0089637610338676,1.0,0.0537856847331402,,0.0,0.0,2324.0,201.0,201.0,12.0,1.4410015970424326e-05,4.588683695538887e-05,-0.4994174946954636,4.819448883985888e-05,-0.4069982993745576,0.0,,0.0,,,
6756202,K03547.01,FALSE POSITIVE,225767.0,12.0525,290.7778719,4.0,,,,,,0.0418474925680221,13.0,13.0,1800,pdcsap_flux,50107.0,0.0,29.423968428745862,73.0,0.0017270485429947,1.0,0.0092202686251421,,0.0,0.0,333.0,201.0,172.0,2.0,6.223323883592892e-05,0.0008158590339569,-0.2020646624613557,0.0418474925680221,-0.2417867789502336,0.0418474925680221,-0.2417867789502336,0.0,,,
6756669,K00862.01,FALSE POSITIVE,33003.6,3.11058,5.851520671,178.0,0.03239293157207,2.352279402985059,-0.0003993192949985,291.83536794180225,0.0002791909907718,0.0004603429535894,13.0,13.0,1800,pdcsap_flux,50172.0,0.0,29.423967255279425,19.0,0.0221493706144339,1.0,0.132265008371203,,0.0,0.0,4440.0,201.0,201.0,22.0,2.973755574436709e-05,0.0004603429535894,-0.4962691602434027,0.0004603429535894,-0.4962691602434027,0.0004603429535894,-0.4962691602434027,0.0,,,
6762829,K01740.01,FALSE POSITIVE,28241.1,9.9816,18.795269797,74.0,0.0277010685921046,7.945552238805931,-0.0001347436039578,806.7545750080515,1.1008521250133183e-06,0.000862083724161,28.0,17.0,60|1800,pdcsap_flux,64792.0,0.0,29.424413004890084,61.0,0.0221279079519456,1.0,0.1326552660822323,,0.0,0.0,5928.0,201.0,201.0,30.0,1.2750796996226075e-05,0.000862083724161,-0.4993403565224166,0.000862083724161,-0.4993403565224166,0.000862083724161,-0.4993403565224166,0.0,,,
6767337,K05326.01,FALSE POSITIVE,195.2,10.535,506.771836,,0.0001680521873194,0.2096517412935306,7.60693637379406e-05,2.988450496132064,0.0001743144381297,0.0002827425250322,18.0,18.0,1800,pdcsap_flux,65213.0,0.0,29.424436971894465,65.0,0.0008661853365768,1.0,0.0058577277536687,,0.0,0.0,254.0,199.0,90.0,0.0,2.656155207646476e-05,0.0002827425250322,-0.1285946041784977,0.0002827425250322,-0.1285946041784977,0.0002827425250322,-0.1285946041784977,0.0,,,
6774880,K02062.01,CONFIRMED,599.4,4.4408,34.3511339,37.0,0.000607766906745,1.5907343283582094,-2.0220550514538083e-05,4.753282752477143,2.903168138179701e-05,0.0,17.0,17.0,1800,pdcsap_flux,64720.0,0.0,29.42442591302097,27.0,0.0053865276724775,1.0,0.0317985166872682,,0.0,0.0,1393.0,201.0,201.0,7.0,3.188553778554262e-05,0.0,,0.0,,0.0,,0.0,,,
6778019,K02953.01,FALSE POSITIVE,104.7,1.8496,0.945825494,1416.0,9.551477245373086e-05,0.4048875621890528,-7.509181609521853e-06,2.904729581424976,1.0497821107957606e-06,7.844534319412233e-05,17.0,17.0,1800,pdcsap_flux,64784.0,0.0,29.42443144507706,11.0,0.0814808515477239,1.0,0.4897814275129661,,0.0,0.0,21133.0,201.0,201.0,106.0,1.136189196656353e-05,7.844534319412233e-05,-0.4990233965983267,7.844534319412233e-05,-0.4990233965983267,7.844534319412233e-05,-0.4990233965983267,0.0,,,
6781047,K06768.01,FALSE POSITIVE,,15.76,7.0435762,198.0,4.599969243679336e-05,14.427064676616936,1.511024587230736e-06,1.3084902203874895,3.554411867989771e-05,0.0,17.0,17.0,1800,pdcsap_flux,64785.0,0.0,29.424433954409324,97.0,0.0932291563292332,1.0,0.5564714054179208,,0.0,0.0,24558.0,201.0,201.0,122.0,5.389205493699509e-05,0.0,,0.0,,0.0,,0.0,,,
6783732,K07790.01,FALSE POSITIVE,31.8,1.509,0.721335207,1857.0,2.4473842846206573e-05,0.4804776119403016,-2.4266992394439413e-06,1.6723449590520345,8.897735598312195e-07,0.0,17.0,17.0,1800,pdcsap_flux,64698.0,0.0,29.424441828159612,9.0,0.0871647458627373,1.0,0.5233392067760981,,0.0,0.0,22599.0,201.0,201.0,113.0,3.8171167402821005e-06,1.1546122497096968e-05,-0.4890349584808208,1.1546122497096968e-05,-0.4890349584808208,0.0,,0.0,,,
6784235,K00863.01,CONFIRMED,781.2,2.1814,3.167893418,430.0,0.0007355755073154,1.7798487562189,1.77683372440951e-05,8.334276500250663,5.287612240878481e-05,0.0,17.0,17.0,1800,pdcsap_flux,64736.0,0.0,29.424438821151853,13.0,0.0286915166243344,1.0,0.1729640385565991,,0.0,0.0,7535.0,201.0,201.0,38.0,1.951781409999954e-05,7.187772219297006e-05,0.493481327986795,7.187772219297006e-05,0.493481327986795,0.0,,0.0,,,
6806632,K06772.01,FALSE POSITIVE,63501.9,9.55999,9.469191607,145.0,0.0625718378292674,6.278202388059707,-0.0013963192293303,815.8978094427133,0.000170754872299,0.0048717715420191,17.0,17.0,1800,pdcsap_flux,64797.0,0.0,29.42444359359797,59.0,0.0420662009175316,1.0,0.2522801981573221,,0.0,0.0,10994.0,201.0,201.0,55.0,4.487412960323642e-05,0.0008144650801207,-0.4654974052325862,0.0048717715420191,-0.2949091130661538,0.0048717715420191,-0.2949091130661538,0.0,,,
6806695,K04061.01,FALSE POSITIVE,130.9,1.514,0.855922327,1566.0,0.0001142069329971,0.4820696517412914,-2.667280329338162e-05,3.0251865716373287,2.9319549963435776e-06,0.0001073609928219,17.0,17.0,1800,pdcsap_flux,64797.0,0.0,29.424443425959907,9.0,0.0737021705631162,1.0,0.4422426964211306,,0.0,0.0,19102.0,201.0,201.0,95.0,1.5265816049492795e-05,0.0001073609928219,-0.4932695421640447,0.0001073609928219,-0.4932695421640447,0.0001073609928219,-0.4932695421640447,0.0,,,
6841577,K06773.01,FALSE POSITIVE,209006.0,5.8262,15.53753378,67.0,0.1970264547916763,3.362384079602009,-0.0073482923208166,2022.3434026435812,0.0011549916002607,0.0092542532316902,13.0,13.0,1800,pdcsap_flux,50173.0,0.0,29.423968931660056,35.0,0.0156239939214686,1.0,0.0939947780678851,,0.0,0.0,3153.0,201.0,201.0,16.0,2.8626796378179487e-05,0.0092542532316902,0.4237976513717902,0.0092542532316902,0.4237976513717902,0.0092542532316902,0.4237976513717902,0.0,,,
6850504,K00070.01,CONFIRMED,1034.4,3.7768,10.854095934,123.0,0.0010013118248307,3.382208955223885,2.721541620842593e-06,27.8312350491913,2.5110372580683386e-05,0.0,61.0,17.0,60|1800,pdcsap_flux,64787.0,0.0,29.424417028203607,23.0,0.0144983670333815,5.0,0.2381341935882198,,4.0,0.1658820442372698,3724.0,201.0,201.0,18.0,9.813427218962544e-06,3.425809011958769e-05,0.494961266652719,3.425809011958769e-05,0.494961266652719,0.0,,0.1658820442372698,,,
6850504,K00070.02,CONFIRMED,383.4,2.463,3.696121272,343.0,0.0003644620384449,2.1566567164179062,7.340645050812888e-06,13.152479618718733,1.596380935342534e-05,0.0,61.0,17.0,60|1800,pdcsap_flux,64787.0,0.0,29.424417028203607,15.0,0.0277655932930114,5.0,0.275471931097288,,4.0,0.1300878262614413,7148.0,201.0,201.0,36.0,4.665926790123231e-06,4.795807818236408e-05,-0.4969505313176659,4.795807818236408e-05,-0.4969505313176659,0.0,,0.1300878262614413,,,
6850504,K00070.03,CONFIRMED,814.5,7.1786,77.6114427,16.0,0.000795731291209,6.4285970149254,5.672244659415959e-06,13.19919393691748,7.080410029380868e-05,0.0001086534938792,61.0,17.0,60|1800,pdcsap_flux,64787.0,0.0,29.424417028203607,43.0,0.003853920542226,5.0,0.2113695648818435,,4.0,0.1925077561856545,907.0,201.0,201.0,4.0,1.761227419409177e-05,0.0001086534938792,0.2072215715837879,0.0001956452180236,-0.3877274121223755,0.0001086534938792,0.2072215715837879,0.1925077561856545,,,
6850504,K00070.04,CONFIRMED,84.4,2.9815,6.09855603,196.0,7.413808876333139e-05,0.7713333333333292,-9.588799667170632e-06,2.0855517241300205,3.717809279368822e-05,0.0,61.0,17.0,60|1800,pdcsap_flux,64787.0,0.0,29.424417028203607,19.0,0.0203702591327453,5.0,0.2551900844305185,,4.0,0.1502616265608841,5233.0,201.0,201.0,26.0,7.701038386172065e-06,0.0,,0.0,,0.0,,0.1502616265608841,,,
6850504,K00070.05,CONFIRMED,98.1,3.382,19.5776073,60.0,7.032384497906996e-05,1.346069651741289,-2.312245604951801e-05,1.4051165720707943,3.428015586870448e-05,4.992592158570286e-05,61.0,17.0,60|1800,pdcsap_flux,64787.0,0.0,29.424417028203607,21.0,0.0071978492829747,5.0,0.2189019402040533,,4.0,0.184790158519456,1855.0,201.0,201.0,9.0,1.4093622601657562e-05,4.992592158570286e-05,-0.3236234477300755,5.2172892863078246e-05,-0.3083280180037541,4.992592158570286e-05,-0.3236234477300755,0.184790158519456,,,
6859801,K03321.01,FALSE POSITIVE,16629.5,5.4674,10.882416555,106.0,0.0156184428618815,3.046511442786056,5.642638537473044e-05,225.34690819442997,0.000401541690738,0.0001203629678653,14.0,14.0,1800,pdcsap_flux,54961.0,0.0,29.42452514427714,33.0,0.020933616369304,1.0,0.1241061843852913,,0.0,0.0,4618.0,201.0,201.0,23.0,2.0983145606384987e-05,0.0001203629678653,0.3504363471858664,0.0001203629678653,0.3504363471858664,0.0001203629678653,0.3504363471858664,0.0,,,
6862332,K04023.01,FALSE POSITIVE,1977.0,8.1,119.0192648,11.0,0.0021339161839801,1.289552238805974,-6.175826225884862e-05,6.559606378554641,6.537267670236879e-05,0.000337697077995,16.0,16.0,1800,pdcsap_flux,63160.0,0.0,29.424378806725144,49.0,0.002835675388914,1.0,0.0163869537682077,,0.0,0.0,696.0,201.0,175.0,3.0,8.055454399895896e-05,0.000337697077995,0.0313473344523598,0.0003792758521303,0.0441078737024734,0.000337697077995,0.0313473344523598,0.0,,,
6863998,K00867.01,CONFIRMED,1442.4,3.984,16.08518937,82.0,0.0013842120165149,3.2506268656716264,2.5279744787165548e-05,11.416419172842565,1.3126893382953142e-05,0.0,17.0,17.0,1800,pdcsap_flux,64791.0,0.0,29.424431612715125,25.0,0.0103200525764155,1.0,0.0632032226698152,,0.0,0.0,2607.0,201.0,201.0,13.0,4.517834375584832e-05,0.0,,0.0,,0.0,,0.0,,,
6864893,K02375.01,FALSE POSITIVE,413.6,7.005,40.8792243,32.0,0.0004201770739453,1.6728358208955254,-8.35824649575434e-05,3.9959194972037904,1.3003608993478188e-05,0.0002178038145919,17.0,17.0,1800,pdcsap_flux,64765.0,0.0,29.424433116219006,43.0,0.0071399348935297,1.0,0.045101520883193,,0.0,0.0,1911.0,201.0,201.0,10.0,2.816894561659524e-05,0.0002178038145919,-0.1251512856890732,0.0002178038145919,-0.1251512856890732,0.0002178038145919,-0.1251512856890732,0.0,,,
6877871,K06785.01,FALSE POSITIVE,221.7,4.164,0.536869783,1709.0,0.0001053810119628,3.811820895522388,-2.092123031616211e-05,3.1547610125783607,1.7523765563964844e-05,,17.0,17.0,1800,pdcsap_flux,64767.0,0.0,29.424443263560534,,0.3231696129934733,1.0,1.0,none,0.0,0.0,64767.0,156.0,156.0,416.0,,,,,,,,0.0,blanking covers 1.29 of the orbit,,
6880517,K03305.01,CONFIRMED,983.9,7.298,65.6491001,17.0,0.00086476053658,2.759442786069667,-0.0001721201580208,3.066100299788642,8.087321035754602e-05,0.0,14.0,14.0,1800,pdcsap_flux,54949.0,0.0,29.424513168632984,45.0,0.0046319497581861,1.0,0.0268794700540501,,0.0,0.0,1003.0,201.0,201.0,4.0,0.0001012055688111,0.0,,0.0,,0.0,,0.0,,,
6922710,K02087.01,CONFIRMED,157.3,4.901,23.1274171,54.0,0.0001354495680834,3.998825870646772,3.0921195356747866e-05,1.892109200009734,1.7928683637702392e-06,8.894102763790102e-05,21.0,18.0,60|1800,pdcsap_flux,65263.0,0.0,29.424416520050727,29.0,0.0088297077209427,1.0,0.0508710908171552,,0.0,0.0,2135.0,201.0,201.0,11.0,1.6899783870297335e-05,8.894102763790102e-05,-0.0309179620304157,8.894102763790102e-05,-0.0309179620304157,8.894102763790102e-05,-0.0309179620304157,0.0,,,
6928906,K03242.01,FALSE POSITIVE,21.8,6.698,1.54945486,684.0,2.2388541438767007e-05,2.66587064676617,-4.8490320255778485e-06,2.7946591241632386,4.020982506847126e-06,0.0,14.0,14.0,1800,pdcsap_flux,50603.0,0.0,29.423988042399287,41.0,0.1801171112098956,1.0,0.5404027429203803,primary_only,0.0,0.0,36463.0,201.0,201.0,181.0,3.2404759861879736e-06,0.0,,0.0,,0.0,,0.0,,,
6929841,K03026.01,CONFIRMED,237.4,1.381,3.51575492,293.0,0.0001993344709939,0.4397213930348228,-2.593722512322927e-07,1.951587924807865,7.058736068976668e-05,0.0,13.0,13.0,1800,pdcsap_flux,50170.0,0.0,29.42397161386907,9.0,0.0163668025718546,1.0,0.0975882001195933,,0.0,0.0,3268.0,201.0,201.0,16.0,3.134836424661373e-05,0.0,,0.0,,0.0,,0.0,,,
6932987,K01366.01,CONFIRMED,987.7,4.6509,19.25404023,71.0,0.0009227023311161,3.7022089552238655,-1.5162825752201847e-05,7.769390947544727,3.23778801232244e-05,0.0,17.0,17.0,1800,pdcsap_flux,64772.0,0.0,29.4244116533082,29.0,0.0100647707018943,2.0,0.0705397393935651,,1.0,0.0096646699191008,2681.0,201.0,201.0,13.0,3.344777003471878e-05,0.0001340264183534,0.228458587369978,0.0001340264183534,0.228458587369978,0.0,,0.0096646699191008,,,
6932987,K01366.02,CONFIRMED,1109.8,4.432,54.1558384,23.0,0.0010893271122071,2.557771144278591,-0.0001360385631277,5.449885758153527,2.916510567596564e-05,0.0,17.0,17.0,1800,pdcsap_flux,64772.0,0.0,29.4244116533082,27.0,0.0034099124327593,2.0,0.0507935527697153,,1.0,0.0311245599950595,836.0,201.0,201.0,4.0,5.4531394575145286e-05,0.0001699624214386,0.0613727564882905,0.0001703202595105,0.0673401032456191,0.0,,0.0311245599950595,,,
6934291,K01367.01,CONFIRMED,334.8,1.0258,0.567856484,2354.0,0.000321958022508,0.7144875621890581,-1.1655057051251916e-05,8.82271926933717,1.743430558931447e-05,0.0,26.0,17.0,60|1800,pdcsap_flux,64769.0,0.0,29.42441451363265,7.0,0.0752684311458292,1.0,0.4516821318840803,,0.0,0.0,19512.0,201.0,201.0,96.0,7.372135542328694e-06,0.0,,0.0,,0.0,,0.0,,,
6953281,K08130.01,FALSE POSITIVE,231.2,1.5368,0.566799395,2302.0,0.0002383173501391,0.8869094527363123,6.821111694144122e-06,5.637969913258615,1.5079902484838035e-05,0.0,16.0,16.0,1800,pdcsap_flux,63114.0,0.0,29.42438685335219,9.0,0.1129735386067822,1.0,0.6773774439902399,,0.0,0.0,28543.0,201.0,201.0,142.0,1.131902545162442e-05,0.0,,0.0,,0.0,,0.0,,,
6956014,K00031.01,FALSE POSITIVE,400.8,1.967,0.925589891,1443.0,0.0003527712472518,1.3309054726368217,1.7827388845703673e-05,9.934412049019016,0.000195092918493,0.0,18.0,18.0,1800,pdcsap_flux,65262.0,0.0,29.424451226368543,13.0,0.0885471353244645,1.0,0.5315191075970702,,0.0,0.0,23116.0,201.0,201.0,115.0,4.672983682110865e-06,0.0,,0.0,,0.0,,0.0,,,
6967278,K06152.01,FALSE POSITIVE,645.1,7.844,395.07333,4.0,0.0008003525948987,0.9365970149253732,7.30914919173653e-05,7.3578708336488035,0.0001977038332739,0.0028731884223561,8.0,8.0,1800,pdcsap_flux,31497.0,0.0,29.42339962755796,47.0,0.000827272580848,1.0,0.0055560847064799,,0.0,0.0,191.0,200.0,145.0,1.0,3.534570360548081e-05,0.0005244924931547,0.3788121031956984,0.0028731884223561,0.4997087316748395,0.0028731884223561,0.4997087316748395,0.0,,,
7011044,K05342.01,FALSE POSITIVE,,1.8,25.50236699,,0.0003267705007719,0.1074626865671639,-0.0002771639852221,0.7124417957160593,5.3166046628194685e-05,0.0,7.0,7.0,1800,pdcsap_flux,23270.0,0.0,29.423898848472163,11.0,0.0029409034867002,1.0,0.0168886978942844,,0.0,0.0,273.0,200.0,173.0,1.0,0.0001140276040937,0.000358544539079,0.181229670255642,0.0003968794178151,-0.3473977314787139,0.0,,0.0,,,
7024511,K00311.01,FALSE POSITIVE,1972.0,6.945,66.1544958,,0.0036117360942637,1.243880597014929,-0.0005760258553884,5.416526963779202,0.0015303549099149,0.0,17.0,17.0,1800,pdcsap_flux,64748.0,0.0,29.424422382144257,43.0,0.0043742302998551,1.0,0.0269969728794711,,0.0,0.0,1182.0,201.0,201.0,6.0,0.000158862195138,0.000495128846532,0.4410082752161209,0.000495128846532,0.4410082752161209,0.0,,0.0,,,
7031340,K07804.01,FALSE POSITIVE,40.0,3.011,0.566769068,2358.0,4.7339810489654965e-05,0.5392835820895527,1.1731655503499638e-05,2.252999509811829,4.584312340960572e-06,,17.0,17.0,1800,pdcsap_flux,64793.0,0.0,29.424425572506152,19.0,0.221357057780248,1.0,0.6642075532850771,primary_only,0.0,0.0,57374.0,201.0,201.0,285.0,,,,,,,,0.0,blanking covers 0.89 of the orbit,,
7031898,K07807.01,FALSE POSITIVE,19.9,2.637,0.566792595,2368.0,1.6563832237803666e-05,0.2099104477611924,2.366041196966151e-06,1.057572714986396,5.4122645857246354e-06,0.0,18.0,18.0,1800,pdcsap_flux,65261.0,0.0,29.42444167099893,17.0,0.1938539793378916,1.0,0.5819402093133724,primary_only,0.0,0.0,50620.0,201.0,201.0,250.0,5.013137793799638e-07,1.5538483644217391e-06,0.4450382148824308,1.5538483644217391e-06,0.4450382148824308,0.0,,0.0,,,
7032383,K06811.01,FALSE POSITIVE,69.4,4.109,0.566797404,2366.0,7.092952728271484e-05,1.962507462686559,3.272294998168945e-05,3.017458660816347,5.960464477539063e-06,,17.0,17.0,1800,pdcsap_flux,64710.0,0.0,29.42443043924868,,0.3020626631757356,1.0,1.0,none,0.0,0.0,64710.0,167.0,167.0,389.0,,,,,,,,0.0,blanking covers 1.21 of the orbit,,
7032687,K07577.01,FALSE POSITIVE,93.2,3.813,0.5668004,2011.0,8.07642936706543e-05,1.517611940298504,3.516674041748047e-05,2.4700945380832064,5.364418029785156e-07,,14.0,14.0,1800,pdcsap_flux,54899.0,0.0,29.42452515475452,,0.2803014959057898,1.0,1.0,none,0.0,0.0,54899.0,180.0,180.0,306.0,,,,,,,,0.0,blanking covers 1.12 of the orbit,,
7033671,K00670.01,CONFIRMED,262.2,3.587,9.48965527,140.0,0.0002492102926663,2.855323383084569,1.3516849410866172e-06,6.169261271035532,2.1158924668585044e-05,0.0,18.0,17.0,60|1800,pdcsap_flux,64731.0,0.0,29.424433037638664,21.0,0.0157496061849392,1.0,0.0937881386043781,,0.0,0.0,4016.0,201.0,201.0,20.0,9.169563605756312e-06,0.0,,0.0,,0.0,,0.0,,,
7033713,K06813.01,FALSE POSITIVE,99.5,4.933,2.19642864,515.0,9.827568012721331e-05,0.7853532338308469,1.2258034834955469e-05,1.6234088342093504,1.1545214016361882e-05,0.0,14.0,14.0,1800,pdcsap_flux,54909.0,0.0,29.424523478373885,31.0,0.0935799428779378,1.0,0.5599628476206087,,0.0,0.0,20391.0,201.0,201.0,102.0,1.6076355263393038e-05,0.0,,0.0,,0.0,,0.0,,,
7045605,K07808.01,FALSE POSITIVE,525.1,6.947,361.526458,4.0,0.000420874588133,1.1059900497512412,5.147344877165505e-05,1.3617416124874118,7.519854431259354e-06,0.0003186382718466,17.0,17.0,1800,pdcsap_flux,64770.0,0.0,29.42444149288349,43.0,0.0008006560154259,1.0,0.0052030260923266,,0.0,0.0,224.0,200.0,199.0,1.0,8.431955433959466e-05,0.0002795169285217,0.1236114311732389,0.0003239615585387,0.1222102831462435,0.0003186382718466,0.032636891420465,0.0,,,
7047207,K02494.01,CONFIRMED,217.5,6.805,19.1187425,73.0,0.0002284791714888,0.8125373134328306,-1.0919552739907523e-05,3.246344261024744,2.208537987269388e-05,0.0,17.0,17.0,1800,pdcsap_flux,64730.0,0.0,29.42444368265569,41.0,0.0148305604652955,1.0,0.0897111076780472,,0.0,0.0,4000.0,201.0,201.0,20.0,1.6702054278059353e-05,5.156791131688543e-05,-0.4276697377991748,5.156791131688543e-05,-0.4276697377991748,0.0,,0.0,,,
7047299,K05351.01,FALSE POSITIVE,101231.0,3.95004,35.882272887,38.0,,,,,,0.0,17.0,17.0,1800,pdcsap_flux,64598.0,0.0,29.42444301210344,25.0,0.0045868053152125,1.0,0.0237778259388835,,0.0,0.0,1029.0,201.0,170.0,4.0,3.247828135771207e-05,0.0001014713506167,-0.4661520513145423,0.0001014713506167,-0.4661520513145423,0.0,,0.0,,,
7090801,K06817.01,FALSE POSITIVE,560.0,17.66,548.08441,3.0,0.0006091780262031,1.4057711442786034,-1.0864957145639842e-05,1.5318261622257714,0.0003271985089322,0.0,17.0,17.0,1800,pdcsap_flux,64749.0,0.0,29.424403103766963,109.0,0.0013425547596461,1.0,0.0082781201254073,,0.0,0.0,428.0,201.0,201.0,2.0,0.0001126427816212,0.0004425209726832,0.2459715806717177,0.0005146345887862,-0.4229563283219793,0.0,,0.0,,,
7097571,K06818.01,FALSE POSITIVE,123355.0,6.7598,2.213964145,470.0,0.1130149455470227,3.7666547263681607,-0.0045248151937937,10.573279980962004,0.0001479477604121,0.0190612312327561,15.0,14.0,60|1800,pdcsap_flux,50642.0,0.0,29.42398821003735,41.0,0.1272190129950516,1.0,0.3840290667825125,primary_only,0.0,0.0,25933.0,201.0,201.0,129.0,0.0011080841366367,0.0190612312327561,0.4959559537295098,0.0190612312327561,0.4959559537295098,0.0190612312327561,0.4959559537295098,0.0,,,
7102227,K01360.01,CONFIRMED,1346.6,4.42,36.7704935,37.0,0.001314851769236,3.694328358208949,-8.79345266907583e-05,7.348018044647467,0.0002104792799063,0.0,17.0,17.0,1800,pdcsap_flux,64766.0,0.0,29.424412166699767,27.0,0.0050085448721722,3.0,0.2214742303060247,,2.0,0.197665441744125,1308.0,201.0,201.0,7.0,5.629482882720822e-05,0.0001904396716027,0.1292013500313245,0.0001904396716027,0.1292013500313245,0.0,,0.197665441744125,,,
7102227,K01360.02,CONFIRMED,831.3,2.4184,14.58932429,94.0,0.0006981004217274,0.9144199004975064,2.149694562747495e-05,4.082744668046021,6.328677194411547e-06,0.0,17.0,17.0,1800,pdcsap_flux,64766.0,0.0,29.424412166699767,15.0,0.0069068768822786,3.0,0.2274495877466572,,2.0,0.1931877837136769,1794.0,201.0,201.0,8.0,4.923491489175296e-05,0.0001517101681299,-0.4993567826826094,0.0001579346381413,-0.3782568659525677,0.0,,0.1931877837136769,,,
7102227,K01360.03,CONFIRMED,128.2,1.103,0.764017553,1685.0,9.34347783962952e-05,0.4609552238806009,-2.205589119796958e-05,1.806299781957554,2.748484533732221e-05,0.0,17.0,17.0,1800,pdcsap_flux,64766.0,0.0,29.424412166699767,7.0,0.0601535045273146,3.0,0.3839514560108699,,2.0,0.0359602260445295,15595.0,201.0,201.0,81.0,1.2771673526543467e-05,3.846941317164898e-05,0.2143371029689583,3.846941317164898e-05,0.2143371029689583,0.0,,0.0359602260445295,,,
7106437,K08134.01,FALSE POSITIVE,195.8,3.703,212.760495,7.0,0.0001819917421358,0.1473830845771147,-3.159814780495651e-06,1.692577176519217,1.7627781354612182e-05,0.0001917576359755,18.0,18.0,1800,pdcsap_flux,65223.0,0.0,29.42443437350448,23.0,0.0007251894514847,1.0,0.0047375925670392,,0.0,0.0,210.0,200.0,128.0,1.0,2.8127766363457107e-05,0.0001917576359755,0.1283835353823311,0.0001917576359755,0.1283835353823311,0.0001917576359755,0.1283835353823311,0.0,,,
7115925,K04258.01,FALSE POSITIVE,24.9,2.75,0.566801617,2374.0,2.6151546080210863e-05,0.9850746268656732,-2.2126010736922552e-06,2.727949139299432,3.280164605601321e-06,,18.0,18.0,1800,pdcsap_flux,65217.0,0.0,29.42444308544509,17.0,0.2021577389630723,1.0,0.6070196421178528,primary_only,0.0,0.0,52747.0,201.0,201.0,263.0,,,,,,,,0.0,blanking covers 0.81 of the orbit,,
7116236,K06828.01,FALSE POSITIVE,100.3,4.929,0.566793818,2015.0,9.41753387451172e-05,2.4522388059701425,9.238719940185549e-06,3.0800445085925445,2.0384788513183597e-05,,14.0,14.0,1800,pdcsap_flux,54933.0,0.0,29.42452364077326,,0.3623451658747626,1.0,1.0,none,0.0,0.0,54933.0,139.0,139.0,395.0,,,,,,,,0.0,blanking covers 1.45 of the orbit,,
7117126,K07814.01,FALSE POSITIVE,18.5,2.6079,0.566717263,2358.0,1.7573783815616473e-05,0.8303761194029846,-3.061285595684637e-06,1.7055728268788777,7.875032242088409e-06,0.0,17.0,17.0,1800,pdcsap_flux,64748.0,0.0,29.424429590580985,15.0,0.1917402329069336,1.0,0.5756162352505096,primary_only,0.0,0.0,49669.0,201.0,201.0,247.0,2.972509098530817e-06,0.0,,0.0,,0.0,,0.0,,,
7117355,K04866.01,FALSE POSITIVE,38.6,3.172,0.566798364,2368.0,3.539662859930459e-05,0.6312437810945242,1.43355644778298e-05,2.0554926491324537,8.228203049465144e-06,,17.0,17.0,1800,pdcsap_flux,64714.0,0.0,29.424432618543506,19.0,0.2331811011837477,1.0,0.6997713014185493,primary_only,0.0,0.0,60370.0,201.0,201.0,301.0,,,,,,,,0.0,blanking covers 0.93 of the orbit,,
7117485,K07816.01,FALSE POSITIVE,54.6,5.835,0.566789505,2368.0,4.017353057861328e-05,1.8579104477611987,-1.4603137969970703e-06,2.343333875707346,1.1742115020751951e-05,,17.0,17.0,1800,pdcsap_flux,64712.0,0.0,29.42443144507706,,0.4289511323961441,1.0,1.0,none,0.0,0.0,64712.0,118.0,118.0,552.0,,,,,,,,0.0,blanking covers 1.72 of the orbit,,
7119080,K06154.01,FALSE POSITIVE,,2.52,13.59940118,86.0,0.0034509740383881,0.200597014925373,0.0019522147935955,0.7181958527849605,0.0032514855094729,0.0,14.0,14.0,1800,pdcsap_flux,54965.0,0.0,29.424519868916832,15.0,0.0077209281945751,1.0,0.0455562630765032,,0.0,0.0,1735.0,201.0,201.0,9.0,0.0019661019021975,0.0,,0.0,,0.0,,0.0,,,
7122259,K03454.01,FALSE POSITIVE,233450.0,8.03365,20.882125422,55.0,0.2032856525052032,4.476461691542284,-0.0063663445394932,1387.8438712631976,0.0017125412550191,0.0586350480179644,14.0,14.0,1800,pdcsap_flux,54965.0,0.0,29.42451878450811,49.0,0.0160297579821071,1.0,0.0958064222687164,,0.0,0.0,3542.0,201.0,201.0,16.0,6.254961953464708e-05,0.0586350480179644,-0.3977961800597835,0.0586350480179644,-0.3977961800597835,0.0586350480179644,-0.3977961800597835,0.0,,,
7124026,K02275.01,FALSE POSITIVE,161.1,13.877,15.7455586,84.0,0.0001526842348035,12.427164179104505,-2.3362163064200026e-05,6.014657393126522,2.3611723765748494e-05,0.0,17.0,17.0,1800,pdcsap_flux,64762.0,0.0,29.424438307760283,85.0,0.0367219955812385,1.0,0.220530558043297,,0.0,0.0,9227.0,201.0,201.0,46.0,7.743199376316557e-06,2.6186978261288907e-05,0.4593696955387739,2.6186978261288907e-05,0.4593696955387739,0.0,,0.0,,,
7124613,K00673.01,CONFIRMED,291.0,2.965,4.41746257,304.0,0.0002862576216171,2.714228855721407,-1.6493102905745793e-05,11.7153333648809,5.423172362850615e-06,0.0,19.0,18.0,60|1800,pdcsap_flux,65253.0,0.0,29.424450634396635,19.0,0.0279666583947233,1.0,0.1677470767627542,,0.0,0.0,7301.0,201.0,201.0,36.0,5.958185700710738e-06,0.0,,0.0,,0.0,,0.0,,,
7131760,K03407.01,CONFIRMED,955.2,6.432,92.436978,15.0,0.0007819466093592,1.6640000000000006,-0.0001669957916934,3.413627335324982,5.036549591674877e-05,0.0002835123867643,17.0,17.0,1800,pdcsap_flux,64794.0,0.0,29.42444167099893,39.0,0.0028992726265888,1.0,0.01782572460413,,0.0,0.0,778.0,201.0,199.0,4.0,6.990781640843293e-05,0.0002656036430995,0.2034372505994796,0.0003166459822327,0.2128598866358932,0.0002835123867643,0.1983635235029492,0.0,,,
7134976,K00874.01,CONFIRMED,755.9,2.2607,4.601811819,295.0,0.0007061856991056,1.5746169154228968,-4.4810322667676594e-05,8.610169397162027,5.028228187420325e-05,0.0,17.0,17.0,1800,pdcsap_flux,64792.0,0.0,29.42444350454025,13.0,0.0204692927564783,2.0,0.1549728361526114,,1.0,0.0361155698234349,5385.0,201.0,201.0,27.0,1.7655744003681417e-05,6.108464025211813e-05,0.2650540698469988,6.108464025211813e-05,0.2650540698469988,0.0,,0.0361155698234349,,,
7134976,K00874.02,CONFIRMED,353.6,3.252,11.18719905,117.0,0.0002914157667758,0.5824477611940262,1.725922684125969e-05,2.576068752987539,7.677714988663098e-06,0.0,17.0,17.0,1800,pdcsap_flux,64792.0,0.0,29.42444350454025,19.0,0.0121120576646931,2.0,0.1296456352636127,,1.0,0.0622299049265341,3122.0,201.0,201.0,15.0,2.811743246711193e-05,0.0001305769000936,0.2645859461821687,0.0001305769000936,0.2645859461821687,0.0,,0.0622299049265341,,,
7137725,K01699.01,FALSE POSITIVE,119.6,3.66,2.253551793,599.0,0.0001233818400998,2.257910447761198,-5.9290915914722575e-06,9.411081294985154,1.621921904337853e-05,1.7424778236296845e-05,18.0,18.0,1800,pdcsap_flux,65236.0,0.0,29.42445909488015,23.0,0.0676709541239285,1.0,0.4056962413391379,,0.0,0.0,17776.0,201.0,201.0,89.0,4.143185027728335e-06,1.7424778236296845e-05,-0.4993979589148486,1.7424778236296845e-05,-0.4993979589148486,1.7424778236296845e-05,-0.4993979589148486,0.0,,,
7137798,K06836.01,FALSE POSITIVE,182828.0,5.74622,2.25353739,599.0,0.1526792075043416,3.08752119402987,-0.0040049447612695,12.571733198018874,0.0005849142865713,0.0,18.0,18.0,1800,pdcsap_flux,65264.0,0.0,29.424458602443337,35.0,0.1062444467954149,1.0,0.6367982348614857,,0.0,0.0,27899.0,201.0,201.0,139.0,0.014769115633938,0.0,,0.0,,0.0,,0.0,,,
7138841,K05361.01,FALSE POSITIVE,134.5,3.428,22.0495604,62.0,2.9453723379813116e-05,0.341094527363186,-2.726170186695409e-05,0.4225905862671524,5.730060082442812e-05,6.515949879215555e-05,18.0,18.0,1800,pdcsap_flux,65264.0,0.0,29.42445926251821,21.0,0.0064778313373237,1.0,0.0387349840647217,,0.0,0.0,1713.0,201.0,201.0,8.0,1.2497849975497588e-05,6.515949879215555e-05,-0.369620670855012,6.515949879215555e-05,-0.369620670855012,6.515949879215555e-05,-0.369620670855012,0.0,,,
7174351,K01365.01,FALSE POSITIVE,295.7,1.3233,1.487084251,896.0,0.0002777999361788,0.4213492537313427,-3.48029442631681e-05,2.543448105939648,0.0001684281309084,0.0,17.0,17.0,1800,pdcsap_flux,64701.0,0.0,29.424406634643677,9.0,0.037077589896418,1.0,0.2229022735351849,,0.0,0.0,9575.0,201.0,201.0,48.0,2.4635369046306763e-05,0.0,,0.0,,0.0,,0.0,,,
7175184,K00369.01,CONFIRMED,112.7,1.9531,5.88527364,225.0,0.0001128662872247,0.7384855721393024,7.748571266286142e-06,4.997258022203644,1.951528936161573e-05,0.0,19.0,18.0,60|1800,pdcsap_flux,65231.0,0.0,29.42441710678395,11.0,0.0138275926736121,2.0,0.110576259753798,,1.0,0.0303843264705431,3569.0,201.0,201.0,18.0,4.332098088109404e-06,1.4117984741712776e-05,0.3590549492632333,1.4117984741712776e-05,0.3590549492632333,0.0,,0.0303843264705431,,,
7175184,K00369.02,CONFIRMED,114.6,2.369,10.10463142,132.0,0.0001046757721294,1.8857711442786136,-8.032804676205707e-06,5.1331449961598485,1.635937647759267e-05,0.0,19.0,18.0,60|1800,pdcsap_flux,65231.0,0.0,29.42441710678395,15.0,0.0097686228453579,2.0,0.097944228970888,,1.0,0.0410541000444573,2644.0,201.0,201.0,13.0,5.5880906314719646e-06,0.0,,0.0,,0.0,,0.0410541000444573,,,
7199724,K07822.01,FALSE POSITIVE,39.4,4.124,0.566795586,2370.0,3.1113624572753906e-05,1.887601990049751,1.0788440704345705e-05,2.41153545511495,6.258487701416016e-06,,17.0,17.0,1800,pdcsap_flux,64714.0,0.0,29.42443194799125,,0.3031663223526467,1.0,1.0,none,0.0,0.0,64714.0,166.0,166.0,391.0,,,,,,,,0.0,blanking covers 1.21 of the orbit,,
7200301,K06844.01,FALSE POSITIVE,49.3,2.2,0.566791802,2370.0,5.165186941047395e-05,0.7880597014925321,-9.300216100127656e-06,2.436248064370594,1.7007774587463054e-05,1.0240557230090095e-05,17.0,17.0,1800,pdcsap_flux,64724.0,0.0,29.424432105151936,13.0,0.1617289917447794,1.0,0.4856467461837958,primary_only,0.0,0.0,41907.0,201.0,201.0,209.0,1.7818865813922446e-06,1.0240557230090095e-05,0.4703901265117018,1.0240557230090095e-05,0.4703901265117018,1.0240557230090095e-05,0.4703901265117018,0.0,,,
7210749,K07828.01,FALSE POSITIVE,509.5,3.815,17.5859472,77.0,0.0003124442782646,0.5314427860696528,-8.4157711292554e-05,0.7643707025975407,0.0001410100509201,0.0,17.0,17.0,1800,pdcsap_flux,64738.0,0.0,29.42444066517055,23.0,0.009038940668111,1.0,0.0540177330161574,,0.0,0.0,2396.0,201.0,201.0,12.0,0.0001008056003009,0.0,,0.0,,0.0,,0.0,,,
7211469,K01377.01,CONFIRMED,198.5,4.623,11.29689442,121.0,0.0001799873621736,2.116000000000005,1.2859544143650758e-05,3.292515387791953,4.891058657141567e-05,0.0,17.0,17.0,1800,pdcsap_flux,64702.0,0.0,29.42444217391312,29.0,0.0170511463450501,1.0,0.1020215758400049,,0.0,0.0,4454.0,201.0,201.0,22.0,1.5974557151770452e-05,0.0,,0.0,,0.0,,0.0,,,
7212066,K03610.01,FALSE POSITIVE,31353.0,2.8592,3.840485025,291.0,0.035341759108512,1.706985074626867,-0.0054440515995837,334.6353259775732,3.473397895847885e-05,0.0,14.0,14.0,1800,pdcsap_flux,54966.0,0.0,29.42451375536621,17.0,0.0310203874140437,2.0,0.1863333697194629,,1.0,0.1718698832005239,6698.0,201.0,201.0,33.0,2.1917852740551732e-05,8.033346988944867e-05,0.4628093095945637,8.033346988944867e-05,0.4628093095945637,0.0,,0.1718698832005239,,,
7212066,K03610.02,FALSE POSITIVE,,2.65,1.92027188,,0.0216675454206038,1.6348258706467569,0.0086708273299526,313.8514810501357,0.0284376023377691,0.0,14.0,14.0,1800,pdcsap_flux,54966.0,0.0,29.42451375536621,17.0,0.0575005382397552,2.0,0.3521267692755521,,1.0,0.0914565367681839,12608.0,201.0,201.0,62.0,1.3363868610079876e-05,5.053310964175939e-05,0.499074505110392,5.053310964175939e-05,0.499074505110392,0.0,,0.0914565367681839,,,
7257373,K06034.01,FALSE POSITIVE,430422.0,8.57374,5.233450136,0.0,,,,,,,,,,,,,,,,,,,,,,,,,,,,,,,,,,koi_num_transits is 0,precheck
7280953,K06850.01,FALSE POSITIVE,,1.22,0.56680208,2361.0,5.828601668367295e-05,0.3641791044776089,-7.174510899599085e-06,1.693659623745147,1.7038621041298718e-05,0.0,18.0,18.0,1800,pdcsap_flux,65261.0,0.0,29.42444301210344,7.0,0.0896844509345013,1.0,0.5383307028700143,,0.0,0.0,23440.0,201.0,201.0,116.0,1.0208126905017022e-05,0.0,,0.0,,0.0,,0.0,,,
7281229,K06852.01,FALSE POSITIVE,129.1,3.752,0.566813319,2307.0,0.0001235008239746,1.343999999999996,6.437301635742188e-06,2.522644140136291,2.7179718017578125e-05,,16.0,16.0,1800,pdcsap_flux,63107.0,0.0,29.424379802076142,,0.2758109735479475,1.0,1.0,none,0.0,0.0,63107.0,183.0,183.0,347.0,,,,,,,,0.0,blanking covers 1.10 of the orbit,,
7282042,K04718.01,FALSE POSITIVE,20.2,3.325,0.566803216,2373.0,1.7647159232248022e-05,1.257213930348261,3.2022066865922127e-06,1.8747119892284283,6.454125544452793e-06,,18.0,18.0,1800,pdcsap_flux,65215.0,0.0,29.424445359036326,21.0,0.2444263948330643,1.0,0.7334662270949934,primary_only,0.0,0.0,63767.0,201.0,201.0,317.0,,,,,,,,0.0,blanking covers 0.98 of the orbit,,
7283710,K04672.01,FALSE POSITIVE,948.0,6.681,353.40191,,0.0004697286153459,0.2659104477611942,-0.0001303762377564,0.8619434939447842,0.0002858173348659,0.0007488072159315,17.0,17.0,1800,pdcsap_flux,64764.0,0.0,29.424432618543506,41.0,0.0007877008927314,1.0,0.0049564572910876,,0.0,0.0,213.0,197.0,128.0,1.0,0.0001550437774649,0.0007488072159315,0.3789768963892689,0.0007593419001413,0.3561335705000551,0.0007488072159315,0.3789768963892689,0.0,,,
7286173,K01862.01,CONFIRMED,580.0,4.7381,56.4349933,25.0,0.0005436812663045,4.1487840796020174,2.8554028500327178e-05,8.373257447365651,2.0430874740906543e-05,0.0,17.0,17.0,1800,pdcsap_flux,64764.0,0.0,29.424436977133155,29.0,0.0034981989327769,1.0,0.0217404731023408,,0.0,0.0,961.0,201.0,201.0,5.0,2.0823330649779048e-05,6.269899243815935e-05,-0.2030853114549675,7.936811813225031e-05,-0.1978380130558021,0.0,,0.0,,,
7295570,K06035.01,FALSE POSITIVE,16112.0,2.994,3.6037011,25.0,0.0145554969706933,1.727880597014937,-0.0001137763189487,57.10853668995911,0.0003625580512631,0.0003631879083145,1.0,1.0,1800,pdcsap_flux,4366.0,0.0,29.423164101317525,19.0,0.0346171884233129,1.0,0.2077416399450297,,0.0,0.0,593.0,201.0,201.0,3.0,4.4268742558712426e-05,0.0003631879083145,-0.4856609235640471,0.0003631879083145,-0.4856609235640471,0.0003631879083145,-0.4856609235640471,0.0,,,
7362450,K07585.01,FALSE POSITIVE,26.1,5.148,0.566807422,2377.0,2.759695053100586e-05,1.6391641791044835,9.864568710327148e-06,3.431749688325973,4.76837158203125e-07,,18.0,18.0,1800,pdcsap_flux,65219.0,0.0,29.424445359036326,,0.37843541152501,1.0,1.0,none,0.0,0.0,65219.0,133.0,133.0,492.0,,,,,,,,0.0,blanking covers 1.51 of the orbit,,
7366258,K00880.01,CONFIRMED,1843.5,3.9783,26.44439337,53.0,0.0017707858741522,3.245976119402977,-0.0001434370811081,9.643550302563158,1.154383120649527e-06,0.0,49.0,17.0,60|1800,pdcsap_flux,64764.0,0.0,29.424434965476397,25.0,0.0062683419385241,4.0,0.2005280711506392,,3.0,0.168643073312334,1676.0,201.0,201.0,8.0,3.965832759588257e-05,0.0002343845308265,-0.499401058069331,0.0002343845308265,-0.499401058069331,0.0,,0.168643073312334,,,
7366258,K00880.02,CONFIRMED,3644.3,6.3994,51.53997972,28.0,0.003405725217027,4.839347263681571,2.072099182137688e-05,17.297888270471496,0.0001887815167315,0.0,49.0,17.0,60|1800,pdcsap_flux,64764.0,0.0,29.424434965476397,39.0,0.0051734918817439,4.0,0.198335495028102,,3.0,0.1710054968809832,1449.0,201.0,201.0,7.0,4.404661973103544e-05,0.0,,0.0,,0.0,,0.1710054968809832,,,
7366258,K00880.03,CONFIRMED,702.3,2.9003,5.902245782,220.0,0.0006270367768553,2.481848756218911,-4.150522145507374e-05,6.593666272867396,1.3126354874049008e-05,0.0,49.0,17.0,60|1800,pdcsap_flux,64764.0,0.0,29.424434965476397,17.0,0.020474551178786,4.0,0.2390525600642332,,3.0,0.1314310419368785,5335.0,201.0,201.0,26.0,1.8867767224236274e-05,0.0,,0.0,,0.0,,0.1314310419368785,,,
7366258,K00880.04,CONFIRMED,391.6,1.8876,2.382951591,515.0,0.0002658678529143,0.4132059701492534,-1.56273757478953e-06,4.723025644975765,5.182367346368011e-07,0.0,49.0,17.0,60|1800,pdcsap_flux,64764.0,0.0,29.424434965476397,11.0,0.0330052865098257,4.0,0.2742881847940214,,3.0,0.0955005867457229,8562.0,201.0,201.0,43.0,1.610796430697917e-05,5.613152874683891e-05,0.4035320015733584,5.613152874683891e-05,0.4035320015733584,0.0,,0.0955005867457229,,,
7368664,K00614.01,CONFIRMED,3860.7,2.2491,12.874712426,102.0,0.0035389364050442,1.4322626865671593,0.0001185455663501,39.76319083136777,1.4293485601335476e-05,0.0,17.0,17.0,1800,pdcsap_flux,64766.0,0.0,29.42443764768541,13.0,0.00727880335492,1.0,0.0442979341012259,,0.0,0.0,1853.0,201.0,201.0,9.0,1.9887903745366528e-05,8.092664195114008e-05,0.3470824147857038,9.805426534625904e-05,0.4999372852390252,0.0,,0.0,,,
7375100,K05383.01,FALSE POSITIVE,,1.65,98.51783198,,0.0001539234647608,0.0985074626865664,2.9323788415469565e-05,1.0913721474635794,6.976802124913918e-08,0.0004331681080317,17.0,17.0,1800,pdcsap_flux,64785.0,0.0,29.42444083280861,11.0,0.0006978432088716,1.0,0.0042139384116693,,0.0,0.0,200.0,200.0,116.0,1.0,5.041426874289697e-05,0.0003447530862745,0.3470514355977044,0.0004331681080317,0.344870675569981,0.0004331681080317,0.344870675569981,0.0,,,
7376500,K03535.01,FALSE POSITIVE,362900.0,4.71655,5.877122485,131.0,0.3100952801797878,2.628127363184084,-0.009869130270784,1753.641492406315,0.0019591262722916,0.0492522801035159,10.0,10.0,1800,pdcsap_flux,37874.0,0.0,29.424521969631314,29.0,0.0334386287112861,1.0,0.2002693140412948,,0.0,0.0,5042.0,201.0,201.0,25.0,5.254078991216335e-05,0.0492522801035159,0.2607333911146868,0.0492522801035159,0.2607333911146868,0.0492522801035159,0.2607333911146868,0.0,,,
7385387,K06874.01,FALSE POSITIVE,125.1,3.52,1.65546056,684.0,0.0001151443335905,1.400995024875619,2.3716865603429227e-05,1.7396340698110384,5.495543162126193e-05,0.0,14.0,14.0,1800,pdcsap_flux,54924.0,0.0,29.424509386299174,21.0,0.0885956876355101,1.0,0.5323355909984706,,0.0,0.0,19340.0,201.0,201.0,96.0,2.3754539297648517e-05,0.0,,0.0,,0.0,,0.0,,,
7385478,K06875.01,FALSE POSITIVE,174198.0,5.09197,1.655472351,809.0,0.147722254459847,2.634651144278614,-0.0054346307268076,8.316784197224473,0.0003511737911372,0.0140909404257865,20.0,18.0,60|1800,pdcsap_flux,65265.0,0.0,29.42445826716721,31.0,0.1281600484227396,1.0,0.3823182410173906,primary_only,0.0,0.0,33270.0,201.0,201.0,166.0,0.0022566894936516,0.0140909404257865,-0.49914115376239,0.0140909404257865,-0.49914115376239,0.0140909404257865,-0.49914115376239,0.0,,,
7385509,K00675.01,FALSE POSITIVE,1059.4,3.2424,1.655467295,788.0,0.0011125338450854,2.4519641791044826,-9.13416559661373e-05,20.12174450173832,4.14175282144047e-05,0.0001403528716601,20.0,16.0,60|1800,pdcsap_flux,63161.0,0.0,29.42439229111187,19.0,0.0816083775306476,1.0,0.4903500577888254,,0.0,0.0,20478.0,201.0,201.0,102.0,2.799984116187096e-05,0.0001261217249284,0.4793133060554212,0.0001403528716601,-0.4795851299296891,0.0001403528716601,-0.4795851299296891,0.0,,,
7431709,K07838.01,FALSE POSITIVE,49.3,2.353,0.572513875,2335.0,3.7469172841198e-05,0.4682587064676635,-3.054681660508152e-06,1.077125036503764,7.959541032942496e-07,0.0,17.0,17.0,1800,pdcsap_flux,64791.0,0.0,29.424415933317505,15.0,0.1712476691794879,1.0,0.5136207189270114,primary_only,0.0,0.0,44388.0,201.0,201.0,222.0,1.1880161642026154e-05,0.0,,0.0,,0.0,,0.0,,,
7436215,K00885.01,FALSE POSITIVE,,2.28,25.58546721,,2.1036326520174065e-05,0.2268656716417916,-8.899076186430488e-05,0.1100506941054587,3.676679751252188e-05,0.0,17.0,17.0,1800,pdcsap_flux,64755.0,0.0,29.424422382144257,13.0,0.0037130453479805,1.0,0.0219442514091575,,0.0,0.0,961.0,201.0,201.0,5.0,4.662318325885507e-05,0.0001428294706402,0.1558666902935653,0.0002475125624551,-0.4997483536812241,0.0,,0.0,,,
7440748,K00457.01,CONFIRMED,761.3,1.8806,4.9213639,273.0,0.0006824698869668,1.5344199004975108,1.5196218245749904e-05,9.680866162893684,1.225129070026032e-05,0.0,21.0,17.0,60|1800,pdcsap_flux,64793.0,0.0,29.424423901364207,11.0,0.0159220766693016,2.0,0.1177287669964348,,1.0,0.0249255320790826,4117.0,201.0,201.0,21.0,1.4113971457716332e-05,0.0,,0.0,,0.0,,0.0249255320790826,,,
7440748,K00457.02,CONFIRMED,728.9,1.3867,7.064252021,185.0,0.0006866307843711,0.910668656716422,7.817025398482169e-05,7.933214957001778,9.020594936026692e-05,0.0,21.0,17.0,60|1800,pdcsap_flux,64793.0,0.0,29.424423901364207,9.0,0.0081790919257843,2.0,0.0940842374947911,,1.0,0.0475668667911657,2149.0,201.0,201.0,11.0,2.2698565206508375e-05,0.0,,0.0,,0.0,,0.0475668667911657,,,
7449844,K01452.01,FALSE POSITIVE,12072.0,2.2245,1.152216965,1162.0,0.0114724872441854,1.5051343283582082,-0.0001120054393097,163.8241688928507,7.15838860080309e-05,0.0003456049633069,18.0,17.0,60|1800,pdcsap_flux,64793.0,0.0,29.424435882247053,13.0,0.0804427489053678,1.0,0.4829842729924529,,0.0,0.0,20808.0,201.0,201.0,103.0,5.596966808890472e-05,0.0003456049633069,0.4930362123517808,0.0003456049633069,0.4930362123517808,0.0003456049633069,0.4930362123517808,0.0,,,
7455553,K06879.01,FALSE POSITIVE,1643.5,2.6358,3.258249472,408.0,0.0015191318779701,1.5736119402985078,-2.233656985006771e-05,85.1550946481014,0.0008912842312179,0.0,17.0,17.0,1800,pdcsap_flux,64786.0,0.0,29.424439324066043,17.0,0.0337067498802007,1.0,0.2003982341863983,,0.0,0.0,8680.0,201.0,201.0,43.0,5.074037378449602e-06,1.5248675385048928e-05,0.3974511025978174,1.5248675385048928e-05,0.3974511025978174,0.0,,0.0,,,
7456380,K05391.01,FALSE POSITIVE,426.6,5.06,368.72715,,0.0003704154695054,0.2013930348258696,2.1082886728085448e-05,1.2373715565429664,7.664616138736147e-05,0.0007783861839464,17.0,17.0,1800,pdcsap_flux,64780.0,0.0,29.424440822331235,31.0,0.000571786843831,1.0,0.0032880518678604,,0.0,0.0,123.0,201.0,111.0,1.0,8.529696798073817e-05,0.0007783861839464,0.2246136292603193,0.0007783861839464,0.2246136292603193,0.0007783861839464,0.2246136292603193,0.0,,,
7461307,K02909.01,FALSE POSITIVE,80.6,1.7603,0.77359329,1727.0,7.397338707204604e-05,0.6305552238805943,2.598480760340749e-06,3.4455620688647426,1.2102529279411913e-05,2.837682852496748e-05,17.0,17.0,1800,pdcsap_flux,64722.0,0.0,29.42444368265569,11.0,0.0948118789051716,1.0,0.5687401501807732,,0.0,0.0,24584.0,201.0,201.0,111.0,7.757422948450587e-06,2.837682852496748e-05,0.4955259206451401,2.837682852496748e-05,0.4955259206451401,2.837682852496748e-05,0.4955259206451401,0.0,,,
7510820,K03303.01,CONFIRMED,659.2,4.313,29.3493852,47.0,0.0006437744575541,1.2016318407960191,-7.390963940767659e-05,3.108473713958372,0.0002206319611037,0.0,17.0,17.0,1800,pdcsap_flux,64764.0,0.0,29.424410490319133,27.0,0.0061230697716057,1.0,0.0367024890371193,,0.0,0.0,1600.0,201.0,201.0,8.0,5.187290068808788e-05,0.0001645977587004,0.1758829384758527,0.0001645977587004,0.1758829384758527,0.0,,0.0,,,
7522911,K01705.01,CONFIRMED,437.8,6.501,20.4998763,67.0,0.0004150645401819,1.8112238805970056,0.0001003293432029,2.915561706867532,5.91318040713551e-05,0.0,17.0,17.0,1800,pdcsap_flux,64720.0,0.0,29.42442557774484,39.0,0.013213494366305,1.0,0.0810414091470951,,0.0,0.0,3524.0,201.0,201.0,17.0,3.4392498224210307e-05,0.0,,0.0,,0.0,,0.0,,,
7541502,K06885.01,FALSE POSITIVE,237120.0,6.86103,44.827323809,28.0,0.2101789933246611,3.959599402985054,-0.0067917470211869,3276.84589388472,0.0063298936636833,0.0122050818292011,19.0,18.0,60|1800,pdcsap_flux,65263.0,0.0,29.42445524444338,41.0,0.0063772767524124,1.0,0.0374484776979299,,0.0,0.0,1593.0,201.0,201.0,8.0,1.943628669691444e-05,0.0002517012860958,-0.0272747028940902,0.0122050818292011,-0.2034469731794844,0.0122050818292011,-0.2034469731794844,0.0,,,
7552344,K00888.01,FALSE POSITIVE,1823.5,0.9967,1.000747038,668.0,0.0014594226503084,0.8528975124378111,9.340395043488936e-05,18.32683932740723,0.0005883628954783,0.0,17.0,17.0,1800,pdcsap_flux,64749.0,0.0,29.42444452084601,7.0,0.0414981659597644,1.0,0.2494555900477227,,0.0,0.0,10762.0,201.0,201.0,54.0,1.5687887533512535e-05,0.0,,0.0,,0.0,,0.0,,,
7552701,K03994.01,FALSE POSITIVE,83.3,1.4759,1.324247867,1015.0,8.157772010441988e-05,0.4405671641791068,-5.945695489284475e-07,3.97485265416244,9.053831278582614e-06,0.0,17.0,17.0,1800,pdcsap_flux,64733.0,0.0,29.42444401793182,9.0,0.0464383102784588,1.0,0.2790385120417716,,0.0,0.0,12072.0,201.0,201.0,60.0,5.075033587892807e-06,3.0437112359948948e-05,-0.4956963341044865,3.0437112359948948e-05,-0.4956963341044865,0.0,,0.0,,,
7603200,K00314.01,CONFIRMED,756.0,2.3188,13.78109471,98.0,0.0007082484860091,1.9842467661691563,4.852034983904296e-06,17.54772590821452,1.4957128932735486e-05,0.0,53.0,18.0,60|1800,pdcsap_flux,65262.0,0.0,29.424436977133155,15.0,0.0070108121814559,3.0,0.073227912108118,,2.0,0.0324844473047102,1867.0,201.0,201.0,9.0,1.350220513029754e-05,0.0,,0.0,,0.0,,0.0324844473047102,,,
7603200,K00314.02,CONFIRMED,598.3,1.7012,23.08902241,55.0,0.0005544232323801,0.9817870646766174,3.810551029159726e-07,8.713124644356078,2.5611867926933485e-05,0.0,53.0,18.0,60|1800,pdcsap_flux,65262.0,0.0,29.424436977133155,11.0,0.0030700014957165,3.0,0.0621341668965094,,2.0,0.0447427293064877,768.0,201.0,201.0,3.0,1.871058481992536e-05,0.0,,0.0,,0.0,,0.0447427293064877,,,
7603200,K00314.03,CONFIRMED,137.6,2.0138,10.31282204,122.0,8.659639652652817e-05,0.4007562189054694,-2.894189792712609e-05,1.867160130637053,9.78611419943931e-06,0.0,53.0,18.0,60|1800,pdcsap_flux,65262.0,0.0,29.424436977133155,13.0,0.0081363115748415,3.0,0.0774263736937268,,2.0,0.0302013422818791,2072.0,201.0,201.0,10.0,1.6157195107296917e-05,0.0,,0.0,,0.0,,0.0302013422818791,,,
7604328,K02458.01,CONFIRMED,277.1,2.427,4.35407371,297.0,0.0001963469774824,0.4346865671641824,9.081285640144544e-07,1.4904850453324097,1.5904602386762612e-05,0.0,17.0,17.0,1800,pdcsap_flux,64787.0,0.0,29.4244249019539,15.0,0.0232253762189983,2.0,0.2101193140599194,,1.0,0.0807415067837683,6044.0,201.0,201.0,30.0,2.8751436574368023e-05,0.0001636406331314,-0.4984006417054229,0.0001636406331314,-0.4984006417054229,0.0,,0.0807415067837683,,,
7604328,K02458.02,CONFIRMED,279.6,1.8952,2.936587946,455.0,0.000243415376857,0.5657313432835842,5.297660648873048e-05,2.2623583463174937,7.93233158150608e-05,0.0,17.0,17.0,1800,pdcsap_flux,64787.0,0.0,29.4244249019539,11.0,0.0268906186767636,2.0,0.2203837189559634,,1.0,0.0699523052464228,6979.0,201.0,201.0,34.0,2.251644038803293e-05,0.0,,0.0,,0.0,,0.0699523052464228,,,
7605600,K06893.01,FALSE POSITIVE,178470.0,2.08375,3.326193904,196.0,0.1695123622316837,1.326965174129355,-0.0042161628809616,401.18411454623634,0.0009894734361743,0.0194656611469391,8.0,8.0,1800,pdcsap_flux,31346.0,0.0,29.424443347379565,13.0,0.0261027826917292,1.0,0.1575001595099853,,0.0,0.0,3306.0,201.0,201.0,16.0,0.0001040332794978,0.0194656611469391,0.499712244882546,0.0194656611469391,0.499712244882546,0.0194656611469391,0.499712244882546,0.0,,,
7622473,K08139.01,FALSE POSITIVE,192.9,4.303,40.244826,8.0,0.0001718260540382,0.5137910447761185,2.8356684340646865e-06,1.8785546840493528,0.0014724819234861,0.0021561598857461,4.0,4.0,1800,pdcsap_flux,13453.0,0.0,29.4241606205469,27.0,0.0044550240238749,1.0,0.031145469412027,,0.0,0.0,277.0,201.0,171.0,1.0,0.0001870774385595,0.0021561598857461,0.4249995793057438,0.0021561598857461,0.4249995793057438,0.0021561598857461,0.4249995793057438,0.0,,,
7626370,K01706.01,CONFIRMED,278.7,1.9046,1.921437488,697.0,0.0002540227814743,1.4402945273631822,-1.802622181357183e-05,9.069024334074392,1.786200627384993e-05,0.0,17.0,17.0,1800,pdcsap_flux,64756.0,0.0,29.42444418556988,11.0,0.0413015431565959,1.0,0.247791710420656,,0.0,0.0,10683.0,201.0,201.0,53.0,7.53314639381859e-06,0.0,,0.0,,0.0,,0.0,,,
7629518,K01495.01,CONFIRMED,867.7,5.0478,15.59466045,84.0,0.0008337324332454,4.419964179104444,2.2092661021710924e-06,9.472978824812392,5.033171741919418e-05,0.0,17.0,17.0,1800,pdcsap_flux,64730.0,0.0,29.42444552667439,31.0,0.0134869881055986,1.0,0.0814923528503012,,0.0,0.0,3424.0,201.0,201.0,17.0,2.42637716201366e-05,8.344495617573777e-05,-0.3600466900075706,8.344495617573777e-05,-0.3600466900075706,0.0,,0.0,,,
7664272,K07845.01,FALSE POSITIVE,386.0,5.12,341.01495,3.0,0.0003799610951014,0.1018905472636824,0.0001770437331156,2.8884696872103994,0.0001643483941307,0.0,17.0,17.0,1800,pdcsap_flux,64753.0,0.0,29.424409484490752,31.0,0.0006255835215826,1.0,0.0033357527836548,,0.0,0.0,126.0,194.0,55.0,0.0,6.571462898621197e-05,0.000291879864957,0.0510897565956705,0.0003319120082303,-0.1706796018053977,0.0,,0.0,,,
7668648,K06899.01,FALSE POSITIVE,238224.0,8.3777,27.81892382,51.0,0.2357800108357498,4.501450746268652,-0.0575707337452928,962.5293625640658,0.0032826329139913,0.045703729061854,19.0,17.0,60|1800,pdcsap_flux,64792.0,0.0,29.424411496147517,51.0,0.0125479632350973,1.0,0.0779571552043462,,0.0,0.0,3421.0,201.0,201.0,17.0,6.028440166190538e-05,0.045703729061854,-0.4904039338881653,0.045703729061854,-0.4904039338881653,0.045703729061854,-0.4904039338881653,0.0,,,
7668663,K01898.01,CONFIRMED,190.9,2.4384,6.4980147,200.0,0.0001759937038504,1.6983880597014962,6.843689418722931e-06,6.05040650904782,1.8402766832625872e-06,0.0,18.0,18.0,1800,pdcsap_flux,65239.0,0.0,29.42442641593516,15.0,0.015635544807247,1.0,0.0936556354327932,,0.0,0.0,3968.0,201.0,201.0,20.0,6.635133732024156e-06,2.1895274507022225e-05,0.3540940296095523,2.1895274507022225e-05,0.3540940296095523,0.0,,0.0,,,
7670485,K06900.01,FALSE POSITIVE,77323.6,4.05376,8.467706136,318.0,0.0681220863261221,2.258811542288562,-0.0024698020137156,522.7759245843815,0.0004208331165865,0.0131017027237712,17.0,17.0,1800,pdcsap_flux,64792.0,0.0,29.42441518418491,25.0,0.0199471573474389,1.0,0.1191659464131374,,0.0,0.0,5194.0,201.0,201.0,26.0,2.575335867892261e-05,0.0131017027237712,0.4942050927824535,0.0131017027237712,0.4942050927824535,0.0131017027237712,0.4942050927824535,0.0,,,
7672940,K01463.01,FALSE POSITIVE,22771.7,11.5521,1064.2680956,3.0,,,,,,0.0001543487781271,18.0,18.0,1800,pdcsap_flux,64948.0,0.0,29.42442591302097,71.0,0.0004522709099239,1.0,0.00192461661637,,0.0,0.0,81.0,199.0,78.0,0.0,4.228202491155643e-05,0.0001543487781271,0.0127719158392461,0.0002333780343273,-0.0121595180703111,0.0001543487781271,0.0127719158392461,0.0,,,
7694615,K04489.01,FALSE POSITIVE,49.2,0.9942,0.631106722,2114.0,5.0043404843269634e-05,0.2572059701492546,-7.380587407457284e-06,3.252592407754658,6.276698632845523e-06,0.0,18.0,18.0,1800,pdcsap_flux,65212.0,0.0,29.42445675842464,7.0,0.0656386607145027,1.0,0.3937312151137827,,0.0,0.0,17106.0,201.0,201.0,85.0,4.862082033434723e-06,0.0,,0.0,,0.0,,0.0,,,
7697568,K01829.01,FALSE POSITIVE,2940.7,2.5997,22.84156293,57.0,0.0026258642447977,1.2933830845771157,6.314664619200272e-05,11.347874478009592,9.824407263581136e-05,0.0,16.0,16.0,1800,pdcsap_flux,63170.0,0.0,29.424390038475394,15.0,0.004742268892251,2.0,0.0533164476808611,,1.0,0.0255501028969447,1193.0,201.0,201.0,7.0,6.916411242445851e-05,0.0002144665024178,0.1491389650273398,0.0002144665024178,0.1491389650273398,0.0,,0.0255501028969447,,,
7697568,K01829.02,FALSE POSITIVE,255.1,2.089,10.3482112,125.0,0.0003643627393761,0.2494328358208974,-0.000124490210788,2.045741399419965,6.637428941747014e-05,0.0,16.0,16.0,1800,pdcsap_flux,63170.0,0.0,29.424390038475394,13.0,0.008411276594999,2.0,0.0629887604875732,,1.0,0.0141364571790406,2147.0,201.0,201.0,11.0,4.958875856390611e-05,0.0,,0.0,,0.0,,0.0141364571790406,,,
7699298,K04534.01,FALSE POSITIVE,54.8,3.253,1.1578141,1158.0,5.137275292121935e-05,2.3305074626865725,-6.559550524976032e-08,4.223905587634317,4.744615659357798e-06,0.0,17.0,17.0,1800,pdcsap_flux,64761.0,0.0,29.424444264150225,19.0,0.1170668647640987,1.0,0.7018730408733651,,0.0,0.0,30293.0,201.0,201.0,151.0,8.277506139389068e-06,0.0,,0.0,,0.0,,0.0,,,
7700622,K00315.01,CONFIRMED,937.6,3.9885,35.58349688,39.0,0.0006673218559761,2.619313432835833,-5.3305076058940415e-05,9.192558250299316,1.7463839111497848e-06,8.544041961666693e-05,44.0,18.0,60|1800,pdcsap_flux,65260.0,0.0,29.42445776425302,25.0,0.0046703532415726,1.0,0.0279037695372356,,0.0,0.0,1230.0,201.0,201.0,6.0,1.5846462249076775e-05,8.544041961666693e-05,0.388548116055438,8.544041961666693e-05,0.388548116055438,8.544041961666693e-05,0.388548116055438,0.0,,,
7700871,K00088.01,FALSE POSITIVE,121.8,3.7256,5.17968868,520.0,0.0001135044020881,2.224238805970145,-9.19983459524154e-07,10.748185878890608,2.7794065182717986e-07,5.8800271393932846e-05,30.0,18.0,60|1800,pdcsap_flux,65103.0,0.0,29.42445449007209,23.0,0.0299696261539281,1.0,0.1800531465523862,,0.0,0.0,7752.0,201.0,201.0,39.0,2.659287059276149e-06,5.8800271393932846e-05,-0.4946456828503982,5.8800271393932846e-05,-0.4946456828503982,5.8800271393932846e-05,-0.4946456828503982,0.0,,,
7701809,K05415.01,FALSE POSITIVE,92.6,4.202,30.2111162,,7.497925622967916e-05,0.4181094527363176,4.333824600444292e-05,1.010351565377602,1.8759291352532517e-06,0.0,18.0,18.0,1800,pdcsap_flux,65222.0,0.0,29.424458099529147,25.0,0.0057953281889443,1.0,0.0356934776609119,,0.0,0.0,1576.0,201.0,199.0,9.0,1.9032157451702924e-05,5.966822265002225e-05,-0.467372926235813,5.966822265002225e-05,-0.467372926235813,0.0,,0.0,,,
7732285,K03023.01,FALSE POSITIVE,113.5,3.0112,4.39049637,305.0,9.708682677689318e-05,1.378260696517413,-1.4205481213558355e-06,4.811715188388755,8.800370931094648e-06,0.0,18.0,18.0,1800,pdcsap_flux,65213.0,0.0,29.424417777336203,19.0,0.0285768751624469,1.0,0.1714075414411237,,0.0,0.0,7459.0,201.0,201.0,37.0,6.37465917129647e-06,2.042765053378304e-05,0.4966667850267615,2.042765053378304e-05,0.4966667850267615,0.0,,0.0,,,
7750740,K06162.01,FALSE POSITIVE,205698.0,4.26585,5.874197307,225.0,0.1821773681113141,2.37699104477612,-0.0061490789932922,1622.6513059615695,0.0002906772005999,0.0044166068440884,17.0,17.0,1800,pdcsap_flux,64794.0,0.0,29.424425745382905,27.0,0.0302583894804131,1.0,0.1818532580177176,,0.0,0.0,7792.0,201.0,201.0,38.0,2.6451792580117827e-05,0.0044166068440884,0.4997114948602759,0.0044166068440884,0.4997114948602759,0.0044166068440884,0.4997114948602759,0.0,,,
7751562,K06912.01,FALSE POSITIVE,55165.0,7.80412,17.042155208,82.0,0.0536460900755647,5.591011343283588,-0.0007663782076922,410.2339110664705,0.0004698640068396,0.0008592545735892,17.0,17.0,1800,pdcsap_flux,64793.0,0.0,29.424427751800977,47.0,0.0190804310075772,1.0,0.1160310527371784,,0.0,0.0,5029.0,201.0,201.0,26.0,4.07467534745944e-05,0.0008592545735892,-0.37357242505982,0.0008592545735892,-0.37357242505982,0.0008592545735892,-0.37357242505982,0.0,,,
7757698,K07848.01,FALSE POSITIVE,913.0,3.239,369.181947,3.0,0.0008283793517265,0.0644577114427868,0.0001825878797717,2.5886288218491225,0.0004201037478714,0.0004191162978071,17.0,17.0,1800,pdcsap_flux,64763.0,0.0,29.42443613894284,19.0,0.0003655604896989,1.0,0.0021154054012321,,0.0,0.0,77.0,198.0,77.0,0.0,9.675022173721743e-05,0.000332275156974,0.258819223302797,0.0009107067088708,0.3487927988299908,0.0004191162978071,0.2569000307318766,0.0,,,
7762886,K08144.01,FALSE POSITIVE,541.6,23.66,315.81065,4.0,0.0006468436834995,6.591840796019866,5.882988461880512e-05,2.039200945740388,0.000202106270092,0.0003586938270091,17.0,17.0,1800,pdcsap_flux,64751.0,0.0,29.42444100044668,145.0,0.0031215962265152,1.0,0.0165866164229123,,0.0,0.0,656.0,201.0,201.0,3.0,6.921677627315883e-05,0.0002405260981237,0.1547679317144634,0.0003586938270091,-0.4047781918883946,0.0003586938270091,-0.4047781918883946,0.0,,,
7767559,K00895.01,FALSE POSITIVE,12861.0,3.8636,4.409409243,303.0,0.0126175866636356,3.2292776119403066,-4.880936983753248e-05,101.96309609184163,4.41327740937636e-05,0.0001600533152749,31.0,17.0,60|1800,pdcsap_flux,64795.0,0.0,29.424442509189248,23.0,0.0365090479158623,1.0,0.2198626437225094,,0.0,0.0,9548.0,201.0,201.0,48.0,3.4681477344077645e-05,0.0001600533152749,0.4938835567771825,0.0001600533152749,0.4938835567771825,0.0001600533152749,0.4938835567771825,0.0,,,
7770471,K03706.01,FALSE POSITIVE,605713.0,4.66082,1.157804607,0.0,,,,,,,,,,,,,,,,,,,,,,,,,,,,,,,,,,koi_num_transits is 0,precheck
7777365,K06916.01,FALSE POSITIVE,136.0,3.349,0.88512187,615.0,0.0001162011306679,0.5998208955223896,-9.574665813971706e-06,1.3316060197272643,6.918565696067969e-05,0.0,6.0,6.0,1800,pdcsap_flux,26043.0,0.0,29.42371285927948,21.0,0.1576524898957323,1.0,0.4739853319510041,primary_only,0.0,0.0,16449.0,201.0,201.0,82.0,2.804694444911886e-05,0.0,,0.0,,0.0,,0.0,,,
7777522,K04415.01,FALSE POSITIVE,177.3,3.156,0.885129679,1485.0,0.0001757085745844,2.198208955223868,-1.6467643364048712e-05,3.189004586244175,6.966264577856762e-06,0.0,16.0,16.0,1800,pdcsap_flux,63103.0,0.0,29.42439363745507,19.0,0.1485658012830004,1.0,0.4463813130912952,primary_only,0.0,0.0,37534.0,201.0,201.0,187.0,7.232974897618982e-06,2.7141421965803936e-05,-0.4814106796703729,2.7141421965803936e-05,-0.4814106796703729,0.0,,0.0,,,
7778437,K00131.01,CONFIRMED,6536.0,4.589,5.014234733,266.0,0.0064387016083612,4.018228855721377,1.829908859207752e-05,179.63125201008893,3.834938784319508e-05,0.0,24.0,17.0,60|1800,pdcsap_flux,64787.0,0.0,29.424444431788288,29.0,0.0381331037565794,1.0,0.2279469646688378,,0.0,0.0,9839.0,201.0,201.0,49.0,7.266639285250775e-06,2.7336272167333146e-05,0.4771705108167925,2.7336272167333146e-05,0.4771705108167925,0.0,,0.0,,,
7798259,K06917.01,FALSE POSITIVE,289817.0,2.4577,1.734221252,772.0,0.2486344365308049,1.3694646766169245,-0.0090442540910721,524.9590657424411,0.0004267492235472,0.0028166497015198,17.0,17.0,1800,pdcsap_flux,64793.0,0.0,29.42440008628182,15.0,0.059049078396755,1.0,0.3545907736946892,,0.0,0.0,15332.0,201.0,201.0,77.0,9.117175732126112e-05,0.0028166497015198,-0.4980798771793958,0.0028166497015198,-0.4980798771793958,0.0028166497015198,-0.4980798771793958,0.0,,,
7800285,K05427.01,FALSE POSITIVE,4398.5,1.54684,0.533000886,1257.0,0.0038039591601092,0.9234865671641848,-0.0002047302996152,91.39652445633546,6.039305635141545e-06,0.0,17.0,17.0,1800,pdcsap_flux,64767.0,0.0,29.42440327664372,9.0,0.1209222505244891,1.0,0.7253230811987587,,0.0,0.0,31358.0,201.0,201.0,157.0,1.587470164941804e-05,0.0,,0.0,,0.0,,0.0,,,
7812167,K01482.01,FALSE POSITIVE,879.4,4.091,17.7940049,65.0,0.000763642369288,1.5468457711442842,3.480934700850202e-05,5.177140113059576,6.283055395084336e-05,0.0,14.0,14.0,1800,pdcsap_flux,54906.0,0.0,29.42452079616487,25.0,0.0095795372818703,1.0,0.0584453429497687,,0.0,0.0,2112.0,201.0,201.0,11.0,3.3450580413271054e-05,0.0001458625028266,0.4160445048266343,0.0001458625028266,0.4160445048266343,0.0,,0.0,,,
7816680,K06920.01,FALSE POSITIVE,140032.0,4.73293,4.292599454,303.0,0.1059834286111273,2.8256298507462674,-0.004178385806051,1191.1356900144915,0.0342454810568454,0.0,16.0,16.0,1800,pdcsap_flux,63170.0,0.0,29.424377968534827,29.0,0.0459407915366768,1.0,0.2757479816368529,,0.0,0.0,11545.0,201.0,201.0,58.0,2.4309760852119488e-05,7.93859622759685e-05,-0.0922449662360497,7.93859622759685e-05,-0.0922449662360497,0.0,,0.0,,,
7821010,K02938.01,FALSE POSITIVE,461962.0,4.16665,24.238241803,0.0,,,,,,,,,,,,,,,,,,,,,,,,,,,,,,,,,,koi_num_transits is 0,precheck
7831264,K00171.01,CONFIRMED,510.6,3.651,5.968724048,225.0,0.0004913277549354,3.2695522388059586,4.756434473507376e-06,16.673534272900874,2.2057091785154803e-05,0.0,30.0,17.0,60|1800,pdcsap_flux,64747.0,0.0,29.42444041371345,23.0,0.0254870218118014,2.0,0.178093193507035,,1.0,0.0295921046534974,6567.0,201.0,201.0,33.0,8.188430150747306e-06,0.0,,0.0,,0.0,,0.0295921046534974,,,
7831264,K00171.02,CONFIRMED,251.1,3.0946,13.07141889,98.0,0.0002341117243483,2.3401950248756105,-1.745393454877231e-05,4.5887314830125705,3.602293838833592e-05,0.0,30.0,17.0,60|1800,pdcsap_flux,64747.0,0.0,29.42444041371345,19.0,0.009864397105758,2.0,0.1310330980585973,,1.0,0.076266081826185,2556.0,201.0,201.0,12.0,1.2963362054204242e-05,0.0,,0.0,,0.0,,0.076266081826185,,,
7841368,K07851.01,FALSE POSITIVE,78.6,3.739,25.3710555,53.0,6.948975238219024e-05,0.297631840796023,1.1123145242764032e-05,1.0510036679845929,2.027101144008725e-05,0.0,17.0,17.0,1800,pdcsap_flux,64742.0,0.0,29.424444688484076,23.0,0.0061405276050366,1.0,0.0357264217972876,,0.0,0.0,1589.0,201.0,201.0,8.0,1.3924056967385632e-05,4.1882146042282464e-05,-0.1139023394922366,4.1882146042282464e-05,-0.1139023394922366,0.0,,0.0,,,
7874976,K08146.01,FALSE POSITIVE,72.6,10.14,185.83013,7.0,5.6176104135996496e-05,2.825074626865664,-4.840891153912175e-05,1.0601476569985206,3.3836320271762865e-05,0.0001743481841331,17.0,17.0,1800,pdcsap_flux,64667.0,0.0,29.42441232386045,63.0,0.0022735817921453,1.0,0.0141184839253405,,0.0,0.0,565.0,201.0,200.0,3.0,1.2874301484212004e-05,0.0001743481841331,-0.0384419501487849,0.0001743481841331,-0.0384419501487849,0.0001743481841331,-0.0384419501487849,0.0,,,
7877824,K03530.01,FALSE POSITIVE,488997.0,6.40303,9.44942685,0.0,,,,,,,,,,,,,,,,,,,,,,,,,,,,,,,,,,koi_num_transits is 0,precheck
7886329,K06930.01,FALSE POSITIVE,7984.0,1.35349,0.567493852,1180.0,0.0070479760045567,0.8349888557213954,-0.0002795834761553,112.81508775648469,4.222325665259597e-05,0.0024397400101743,18.0,18.0,1800,pdcsap_flux,65263.0,0.0,29.42443612846546,9.0,0.0993762601443419,1.0,0.5959119255933684,,0.0,0.0,25942.0,201.0,201.0,129.0,0.0001851044898623,0.0024397400101743,0.4987694829671086,0.0024397400101743,0.4987694829671086,0.0024397400101743,0.4987694829671086,0.0,,,
7898352,K01486.01,CONFIRMED,8088.6,7.1545,127.2824442,11.0,0.0077232424506441,5.125611940298484,-6.291681752912393e-05,30.32430218269675,2.1190233661094737e-05,0.0003130260914151,26.0,17.0,60|1800,pdcsap_flux,64759.0,0.0,29.42443964886479,43.0,0.0023420682132584,2.0,0.0355780663691533,,1.0,0.0233635479238407,617.0,201.0,201.0,3.0,7.247741492063503e-05,0.0003130260914151,0.4994804598044269,0.0003130260914151,0.4994804598044269,0.0003130260914151,0.4994804598044269,0.0233635479238407,,,
7898352,K01486.02,CONFIRMED,974.9,5.879,30.1837021,41.0,0.0009870522248532,2.4568955223880757,-0.0001517519377105,6.550293688262678,0.0001545970147148,0.0,26.0,17.0,60|1800,pdcsap_flux,64759.0,0.0,29.42443964886479,35.0,0.008115582791063,2.0,0.0561157522506524,,1.0,0.0071032597785635,2019.0,201.0,201.0,10.0,4.183478360580119e-05,0.0,,0.0,,0.0,,0.0071032597785635,,,
7903086,K02761.01,FALSE POSITIVE,648.6,1.6605,1.846861455,619.0,0.0005645836374756,1.28874626865671,1.4022387576639872e-05,5.043918206627367,8.267480318824294e-05,0.0001496568826575,14.0,14.0,1800,pdcsap_flux,54931.0,0.0,29.424507877556607,11.0,0.0374622036821922,1.0,0.2249003295042872,,0.0,0.0,8318.0,201.0,201.0,41.0,2.1852062680093853e-05,0.0001496568826575,-0.4989067260385249,0.0001496568826575,-0.4989067260385249,0.0001496568826575,-0.4989067260385249,0.0,,,
7938499,K05448.01,FALSE POSITIVE,160.3,14.241,7.2269859,192.0,0.0001916023668782,7.651880597014916,-3.703530343945882e-05,5.221553914522296,8.932186381205298e-06,0.0,17.0,17.0,1800,pdcsap_flux,64734.0,0.0,29.424403774319217,87.0,0.0821054597602023,1.0,0.4933265362869589,,0.0,0.0,21231.0,201.0,201.0,106.0,1.586881111989502e-05,5.7229191435581583e-05,0.4955332698642105,5.7229191435581583e-05,0.4955332698642105,0.0,,0.0,,,
7941200,K00092.01,CONFIRMED,636.1,3.3104,65.7045275,20.0,0.0006291515623401,2.964537313432821,-5.459937527740877e-05,15.97632119119637,5.064845049007616e-05,5.300605001767877e-05,54.0,18.0,60|1800,pdcsap_flux,65258.0,0.0,29.42441937513649,21.0,0.0020992972414775,1.0,0.0121211192497471,,0.0,0.0,535.0,201.0,201.0,3.0,1.236352823302581e-05,4.147200100035331e-05,-0.4923840269377105,6.30729157410359e-05,-0.4808378921095843,5.300605001767877e-05,0.0914830183482126,0.0,,,
7959310,K08150.01,FALSE POSITIVE,213.5,19.53,350.514,4.0,0.000206723048577,3.497910447761214,-9.580731400093968e-05,2.0993518045968798,8.873161196321089e-05,0.0,17.0,17.0,1800,pdcsap_flux,64738.0,0.0,29.424430774524808,119.0,0.0023215905784077,1.0,0.0146281936420649,,0.0,0.0,634.0,201.0,201.0,3.0,2.95082129603341e-05,9.69224294615767e-05,0.1369908323975772,0.0001043526415297,0.2919570035062826,0.0,,0.0,,,
7982917,K05456.01,FALSE POSITIVE,128.9,3.195,11.8045536,,5.6053887129814406e-05,0.4450746268656713,-4.231187445802309e-05,0.6635065495306486,4.726796359011409e-05,0.0,8.0,8.0,1800,pdcsap_flux,34250.0,0.0,29.42370673525147,19.0,0.0112774277207737,1.0,0.0675620437956204,,0.0,0.0,1545.0,201.0,201.0,8.0,4.5873823813819326e-05,0.0,,0.0,,0.0,,0.0,,,
8008206,K00569.01,CONFIRMED,561.7,2.8066,20.72904234,65.0,0.000565218004032,1.898993034825866,1.3257327854399037e-06,4.51777768448902,2.001727875455828e-06,0.0,17.0,17.0,1800,pdcsap_flux,64776.0,0.0,29.42440395243466,17.0,0.0056414408706671,2.0,0.1495770038285785,,1.0,0.1193806348030134,1464.0,201.0,201.0,7.0,2.742980553897103e-05,0.0001060425136863,0.1932087679639044,0.0001674242315289,-0.4993327045847458,0.0,,0.1193806348030134,,,
8008206,K00569.02,CONFIRMED,209.2,1.5599,1.632916419,807.0,0.0001996555882807,0.9002407960199034,-4.624225521054903e-06,3.949736829163165,9.354323781685103e-06,0.0,17.0,17.0,1800,pdcsap_flux,64776.0,0.0,29.42440395243466,9.0,0.0398035273435102,2.0,0.2518371001605533,,1.0,0.0170124737557119,10304.0,201.0,201.0,51.0,1.067194418283721e-05,0.0,,0.0,,0.0,,0.0170124737557119,,,
8009350,K01569.01,CONFIRMED,1215.6,2.8831,13.75207851,98.0,0.001092031343796,1.836003980099491,0.0001173432256154,5.766104282667653,8.751970181686275e-06,0.0,17.0,17.0,1800,pdcsap_flux,64766.0,0.0,29.424406121252105,17.0,0.0087353461936181,1.0,0.0515085075502578,,0.0,0.0,2252.0,201.0,201.0,10.0,4.9880863246121616e-05,0.0,,0.0,,0.0,,0.0,,,
8016691,K03286.01,CONFIRMED,310.8,3.844,18.1373788,67.0,0.0002883790640733,0.8414726368159227,9.91611623083477e-05,2.3881130869905363,7.054906080006251e-05,0.0,14.0,14.0,1800,pdcsap_flux,54957.0,0.0,29.42452053946909,23.0,0.0088307504867608,1.0,0.053842094728606,,0.0,0.0,2059.0,201.0,201.0,10.0,3.925390397919206e-05,0.0001248427815582,-0.1478669709244431,0.0001248427815582,-0.1478669709244431,0.0,,0.0,,,
8019043,K06048.01,FALSE POSITIVE,72584.2,2.53163,1.985586627,677.0,0.064976531538815,1.5114208955223951,-0.0020550597823509,188.3360452839493,0.0002399261938993,0.0005519920101023,20.0,18.0,60|1800,pdcsap_flux,65261.0,0.0,29.42443236184772,15.0,0.0531251479532317,2.0,0.4179525290755581,,1.0,0.1433628047378985,13996.0,201.0,201.0,70.0,5.7637363519441705e-05,0.0005519920101023,0.4984365477682635,0.0005519920101023,0.4984365477682635,0.0005519920101023,0.4984365477682635,0.1433628047378985,,,
8019043,K06048.02,FALSE POSITIVE,,0.92,0.80489537,1291.0,0.0002661076705902,0.0915422885572135,-0.0001552552142949,0.1605864529059624,2.7894208839973625e-05,9.995100006143788e-05,20.0,18.0,60|1800,pdcsap_flux,65261.0,0.0,29.42443236184772,5.0,0.047625237716715,2.0,0.4022463645975391,,1.0,0.1610456474770537,12470.0,201.0,201.0,62.0,1.196431318576736e-05,9.995100006143788e-05,-0.4939692399594268,9.995100006143788e-05,-0.4939692399594268,9.995100006143788e-05,-0.4939692399594268,0.1610456474770537,,,
8027902,K06955.01,FALSE POSITIVE,47.0,10.16,1.79621807,757.0,9.567792229159268e-05,11.524776119402985,2.880752536849052e-06,3.967980836868848,9.40405691995938e-06,,18.0,18.0,1800,pdcsap_flux,65202.0,0.0,29.424445191398263,63.0,0.2356803666568911,1.0,0.7081837980430048,primary_only,0.0,0.0,61486.0,201.0,201.0,306.0,,,,,,,,0.0,blanking covers 0.94 of the orbit,,
8039892,K00903.01,CONFIRMED,6932.3,4.2362,5.007316661,271.0,0.0068203867921978,3.540704477611936,-0.0001025159097483,72.62093633936884,6.38198725783079e-05,0.0,17.0,17.0,1800,pdcsap_flux,64773.0,0.0,29.42444066517055,25.0,0.0352500840835744,1.0,0.2103808685717814,,0.0,0.0,9126.0,201.0,201.0,45.0,2.252069533417622e-05,7.12241449987161e-05,0.1653544875518007,7.12241449987161e-05,0.1653544875518007,0.0,,0.0,,,
8039925,K06956.01,FALSE POSITIVE,82.6,19.27,20.2594232,69.0,9.010198984060748e-05,8.436616915422888,-9.990313808883045e-06,3.5653262336317963,4.525795833809632e-05,0.0,17.0,17.0,1800,pdcsap_flux,64733.0,0.0,29.424442833988,117.0,0.0396317633893282,1.0,0.2410053604807439,,0.0,0.0,10135.0,201.0,201.0,50.0,6.369522780600101e-06,0.0,,0.0,,0.0,,0.0,,,
8042789,K03838.01,FALSE POSITIVE,1191.0,3.6752,4.618309224,288.0,0.0010054685153464,2.0478726368159097,8.067835338687601e-06,14.452095504996793,5.178512895376297e-05,0.0002630378186025,16.0,16.0,1800,pdcsap_flux,63102.0,0.0,29.424392050132155,23.0,0.0331578778955606,1.0,0.1989160406960159,,0.0,0.0,8500.0,201.0,201.0,44.0,2.3986783768481245e-05,0.0002630378186025,-0.4984796960050539,0.0002630378186025,-0.4984796960050539,0.0002630378186025,-0.4984796960050539,0.0,,,
8043882,K06169.01,FALSE POSITIVE,88.5,4.013,0.779609509,1467.0,9.679994993871954e-05,1.3576318407960155,-2.4081402881348524e-05,3.926484732240661,2.6006112385013047e-05,,14.0,14.0,1800,pdcsap_flux,54962.0,0.0,29.42450452479534,25.0,0.2144770316460228,1.0,0.6438084494741821,primary_only,0.0,0.0,47169.0,201.0,201.0,235.0,,,,,,,,0.0,blanking covers 0.86 of the orbit,,
8052474,K03640.01,FALSE POSITIVE,11311.6,14.502,245.4382021,6.0,,,,,,0.0020770014753889,18.0,18.0,1800,pdcsap_flux,64919.0,0.0,29.42446547036525,89.0,0.0024619231840437,1.0,0.0122306258568369,,0.0,0.0,497.0,201.0,168.0,3.0,1.8598254177251584e-05,0.0001320458685389,0.0176304139110003,0.0020770014753889,-0.4073590757345575,0.0020770014753889,-0.4073590757345575,0.0,,,
8076630,K02235.01,FALSE POSITIVE,232.5,2.4318,0.861643331,1555.0,0.0002120644400641,1.30663880597014,1.4950906910504712e-05,8.548155960496645,2.0190727211377716e-05,0.0,17.0,17.0,1800,pdcsap_flux,64740.0,0.0,29.424404287710782,15.0,0.117595060919702,1.0,0.7054834723509422,,0.0,0.0,30457.0,201.0,201.0,151.0,1.1715281801473231e-05,0.0,,0.0,,0.0,,0.0,,,
8078502,K03383.01,CONFIRMED,672.2,5.218,37.8862977,35.0,0.0005899063105664,1.142248756218907,-1.5411099323459077e-05,2.0817923334826776,3.585038675468777e-05,0.0,16.0,16.0,1800,pdcsap_flux,63127.0,0.0,29.42436220531817,31.0,0.0057386622569527,1.0,0.0343909895924089,,0.0,0.0,1461.0,201.0,201.0,8.0,6.382290055858868e-05,0.000228079731939,0.067430643252948,0.000228079731939,0.067430643252948,0.0,,0.0,,,
8081899,K02426.01,CONFIRMED,75.8,2.61,4.16056658,328.0,6.563943163329089e-05,1.4023880597014848,4.999248712223015e-06,2.1899707859148743,2.3119857240572195e-05,0.0,17.0,17.0,1800,pdcsap_flux,64721.0,0.0,29.42441124469042,15.0,0.0261382669665149,1.0,0.1572132692634539,,0.0,0.0,6866.0,201.0,201.0,34.0,6.975820206567695e-06,5.583057464897401e-05,-0.4969283855147151,5.583057464897401e-05,-0.4969283855147151,0.0,,0.0,,,
8082001,K01570.01,CONFIRMED,721.7,3.4617,6.33855946,174.0,0.0006715289943822,2.548913432835829,-3.61725298858584e-06,9.773321735229406,6.1418774107036e-05,0.0,14.0,14.0,1800,pdcsap_flux,54905.0,0.0,29.424526998773217,21.0,0.022755564716277,1.0,0.1344504143520626,,0.0,0.0,4870.0,201.0,201.0,25.0,1.9174945862393088e-05,0.0,,0.0,,0.0,,0.0,,,
8094221,K06962.01,FALSE POSITIVE,188.2,37.68,10.8632531,129.0,0.000145119078418,14.2471641791046,4.9986643336774605e-05,2.333391532486372,2.253403302576729e-05,0.0,17.0,17.0,1800,pdcsap_flux,64725.0,0.0,29.42442423664033,231.0,0.1445239271834695,1.0,0.4330475086906141,primary_only,0.0,0.0,37219.0,201.0,201.0,185.0,1.17123093386732e-05,0.0,,0.0,,0.0,,0.0,,,
8098728,K02008.01,FALSE POSITIVE,263.8,4.642,24.4851178,55.0,0.000233838905761,2.7713432835821017,1.8640271892911286e-05,6.691848987318973,4.727898274325959e-05,0.0001227216642745,19.0,18.0,60|1800,pdcsap_flux,65263.0,0.0,29.42444594053086,29.0,0.0078993561822547,1.0,0.0478525351271011,,0.0,0.0,2000.0,201.0,201.0,10.0,9.629422956859202e-06,0.0001227216642745,0.4242394445075602,0.0001227216642745,0.4242394445075602,0.0001227216642745,0.4242394445075602,0.0,,,
8107380,K00162.01,CONFIRMED,716.4,4.6919,14.00640392,96.0,0.000681907355073,4.20170149253729,-8.811986834666996e-07,18.340184381229847,5.409346756479749e-05,0.0,30.0,17.0,60|1800,pdcsap_flux,64756.0,0.0,29.42444016225636,29.0,0.013957603568335,1.0,0.0860769658410031,,0.0,0.0,3646.0,201.0,201.0,19.0,1.0142795063663534e-05,0.0,,0.0,,0.0,,0.0,,,
8112013,K06969.01,FALSE POSITIVE,61541.9,3.34624,1.790518325,751.0,0.0589298569207261,2.130938905472646,-0.0017676929460406,48.19579113406459,0.000230408756394,0.0019243517982777,19.0,18.0,60|1800,pdcsap_flux,65262.0,0.0,29.42445524968207,21.0,0.0778694441268377,1.0,0.4659066531825565,,0.0,0.0,20407.0,201.0,201.0,100.0,0.0001990370470141,0.0019243517982777,-0.4938203673235816,0.0019243517982777,-0.4938203673235816,0.0019243517982777,-0.4938203673235816,0.0,,,
8120608,K00571.01,CONFIRMED,659.1,2.2691,7.26731094,179.0,0.0006031122744355,1.941717412935332,4.563059740991804e-05,6.33952013467974,6.240794976053454e-05,0.0,43.0,17.0,60|1800,pdcsap_flux,64793.0,0.0,29.42444301210344,13.0,0.013009741032676,5.0,0.1731514206781596,,4.0,0.1031284243668297,3298.0,201.0,201.0,17.0,2.3381549451834825e-05,8.015261661553641e-05,-0.4998726914974346,8.015261661553641e-05,-0.4998726914974346,0.0,,0.1031284243668297,,,
8120608,K00571.02,CONFIRMED,799.7,2.7399,13.3430025,99.0,0.0007616034434833,0.3271522388059722,-5.643202273519776e-05,8.47925706948873,0.0001028126517765,0.0,43.0,17.0,60|1800,pdcsap_flux,64793.0,0.0,29.42444301210344,17.0,0.0085559828082172,5.0,0.1598166468600003,,4.0,0.1147809176917259,2200.0,201.0,159.0,12.0,3.745860354537227e-05,0.0,,0.0,,0.0,,0.1147809176917259,,,
8120608,K00571.03,CONFIRMED,471.3,1.7574,3.886795001,332.0,0.0004449416219182,1.3989253731343254,1.7511555882143703e-05,5.4089233349630925,5.402557981615264e-05,0.0,43.0,17.0,60|1800,pdcsap_flux,64793.0,0.0,29.42444301210344,11.0,0.0188394293964977,5.0,0.1896809840569197,,4.0,0.0851172194527186,4957.0,201.0,201.0,24.0,1.895074837952073e-05,0.0,,0.0,,0.0,,0.0851172194527186,,,
8120608,K00571.04,CONFIRMED,661.3,3.2881,22.40777833,54.0,0.0006226109948147,2.8791323383084766,-3.061761047529199e-05,4.1998322384835465,7.298769802654981e-06,0.0,43.0,17.0,60|1800,pdcsap_flux,64793.0,0.0,29.42444301210344,21.0,0.006114134326438,5.0,0.1545074313583257,,4.0,0.1220039201765622,1595.0,201.0,201.0,8.0,4.401046747193997e-05,0.0,,0.0,,0.0,,0.1220039201765622,,,
8120608,K00571.05,CONFIRMED,500.1,5.786,129.945392,8.0,0.0005239227941888,0.8060099502487617,3.394024562553e-05,2.5650084386798757,0.0001848970699283,0.0003548976045755,43.0,17.0,60|1800,pdcsap_flux,64793.0,0.0,29.42444301210344,35.0,0.0018552665055897,5.0,0.1424536601176053,,4.0,0.13285385766981,486.0,201.0,201.0,2.0,7.151746611849246e-05,0.0002612323547349,0.3144663099863596,0.0003970711828418,-0.4315827335739353,0.0003548976045755,-0.4329741834531275,0.13285385766981,,,
8129641,K08153.01,FALSE POSITIVE,7676.4,3.9174,0.808106001,1403.0,0.0106556045671961,2.104871641791036,-0.0001587879938843,18.755324989746345,3.741880947405463e-05,,14.0,14.0,1800,pdcsap_flux,54943.0,0.0,29.42449447698891,23.0,0.2019846403788802,1.0,0.6059006606847096,primary_only,0.0,0.0,44387.0,201.0,201.0,221.0,,,,,,,,0.0,blanking covers 0.81 of the orbit,,
8153568,K06051.01,FALSE POSITIVE,841897.0,14.0841,3.60727417,0.0,,,,,,,,,,,,,,,,,,,,,,,,,,,,,,,,,,koi_num_transits is 0,precheck
8156120,K00318.01,CONFIRMED,1388.2,12.391,38.5833679,35.0,0.0015548638391309,7.397611940298532,-0.0002034090287433,16.927157561190995,0.0001879875029336,9.821501952322896e-05,53.0,18.0,60|1800,pdcsap_flux,65261.0,0.0,29.424432618543506,75.0,0.013381197515074,1.0,0.0800324849450667,,0.0,0.0,3413.0,201.0,201.0,17.0,1.8043202272367817e-05,9.821501952322896e-05,0.4984662195701124,9.821501952322896e-05,0.4984662195701124,9.821501952322896e-05,0.4984662195701124,0.0,,,
8158324,K06981.01,FALSE POSITIVE,227.3,25.65,593.19521,3.0,0.0002865172874908,5.104477611940297,-2.127664848805555e-05,1.732069156325293,5.141537814878916e-05,0.0,17.0,17.0,1800,pdcsap_flux,64729.0,0.0,29.4244225602597,157.0,0.0018016834626833,1.0,0.0113241360132243,,0.0,0.0,621.0,201.0,201.0,3.0,5.6214261567119256e-05,0.0001939579137688,0.38306507278989,0.0002982867808821,-0.406973125596807,0.0,,0.0,,,
8162376,K06982.01,FALSE POSITIVE,50.8,1.301,0.706430188,1887.0,5.047146765446709e-05,0.1812338308457701,-1.4582591830736291e-06,2.356103991384612,4.363119213479649e-06,0.0,17.0,17.0,1800,pdcsap_flux,64794.0,0.0,29.424423230811957,7.0,0.0767355844273933,1.0,0.4607371052875266,,0.0,0.0,19832.0,201.0,201.0,99.0,6.910691633539412e-06,2.599300409356076e-05,-0.4903685678734691,2.599300409356076e-05,-0.4903685678734691,0.0,,0.0,,,
8176019,K02843.01,FALSE POSITIVE,,8.05,187.51251276,,0.0004105608023926,0.8009950248756142,4.707169043660642e-06,0.8870452430078033,1.4167423477928764e-05,0.0,14.0,14.0,1800,pdcsap_flux,54910.0,0.0,29.424506871728227,49.0,0.0017887695158561,1.0,0.0115097432161719,,0.0,0.0,455.0,201.0,201.0,2.0,0.0001177879689045,0.0004103580535164,0.177289540967834,0.0004159673108509,-0.0780573074206054,0.0,,0.0,,,
8177798,K03624.01,FALSE POSITIVE,25883.7,3.6373,1.450205839,246.0,0.0224919187735505,2.099138308457718,-0.0003849855333371,19.125009818671447,0.0074319215651575,0.0,4.0,4.0,1800,pdcsap_flux,17198.0,0.0,29.423198718577623,23.0,0.104505279589256,1.0,0.6265263402721246,,0.0,0.0,7209.0,201.0,201.0,36.0,0.0023211845333875,0.0,,0.0,,0.0,,0.0,,,
8178616,K06984.01,FALSE POSITIVE,30.9,3.233,1.01884975,1312.0,2.990700040095273e-05,0.6433830845771107,-1.509288282020016e-06,2.2232437768793845,1.5419007048933508e-07,0.0,17.0,17.0,1800,pdcsap_flux,64730.0,0.0,29.42444217391312,19.0,0.1322160930336718,1.0,0.3968638961841495,primary_only,0.0,0.0,34246.0,201.0,201.0,170.0,4.280775290164795e-06,0.0,,0.0,,0.0,,0.0,,,
8180020,K01741.01,FALSE POSITIVE,58570.0,4.9041,5.803127153,195.0,0.0566031246885885,0.1951880597014912,0.0001079163062879,502.05605078754087,0.0001343635918826,0.0005894642220518,23.0,14.0,60|1800,pdcsap_flux,54964.0,0.0,29.424504021881148,31.0,0.0352116186002171,1.0,0.2101739320282366,,0.0,0.0,7610.0,198.0,115.0,15.5,2.9561211517550688e-05,0.0005894642220518,-0.480459318682872,0.0005894642220518,-0.480459318682872,0.0005894642220518,-0.480459318682872,0.0,,,
8191672,K00018.01,CONFIRMED,7251.5,4.56904,3.548465446,378.0,0.0071345426782871,3.9098252736318138,-6.865346913553783e-05,397.9846510538789,1.0950157459554966e-05,1.993135989253325e-05,51.0,18.0,60|1800,pdcsap_flux,65264.0,0.0,29.42445927299559,27.0,0.0536504214466195,1.0,0.3203450600637411,,0.0,0.0,14073.0,201.0,201.0,70.0,4.658826119524395e-06,1.993135989253325e-05,0.4972592831926412,1.993135989253325e-05,0.4972592831926412,1.993135989253325e-05,0.4972592831926412,0.0,,,
8192911,K03058.01,FALSE POSITIVE,342.1,3.147,7.53887442,151.0,0.0003609665254955,0.563641791044776,1.782366760916254e-05,3.3293871452651915,5.204083089460632e-06,0.0,14.0,14.0,1800,pdcsap_flux,54964.0,0.0,29.424496142892167,19.0,0.017393180028591,1.0,0.1041408922203624,,0.0,0.0,3825.0,201.0,201.0,19.0,3.795937306407757e-05,0.0001354490424594,0.4892501460407252,0.0001354490424594,0.4892501460407252,0.0,,0.0,,,
8196180,K06990.01,FALSE POSITIVE,129243.0,4.29947,3.671661096,365.0,0.1149206028826504,2.395724577114421,-0.0037802322649627,341.13717239201424,0.0006853064244161,0.0218772065972984,22.0,18.0,60|1800,pdcsap_flux,65268.0,0.0,29.424461777089164,27.0,0.0487911543711095,1.0,0.2920726849298278,,0.0,0.0,12782.0,201.0,201.0,64.0,4.115514288439811e-05,0.0218772065972984,0.396561464604021,0.0218772065972984,0.396561464604021,0.0218772065972984,0.396561464604021,0.0,,,
8197761,K06175.01,FALSE POSITIVE,5915.0,2.876,9.86869589,139.0,0.0049719769382057,1.2019104477611904,-0.0003272376943089,7.799807975505578,0.0001432017528963,0.0003160954358381,19.0,18.0,60|1800,pdcsap_flux,65268.0,0.0,29.42446262575686,17.0,0.0121427729326182,1.0,0.0733131090273947,,0.0,0.0,3233.0,201.0,201.0,16.0,6.0670978069925696e-05,0.0003160954358381,-0.4990943740013215,0.0003160954358381,-0.4990943740013215,0.0003160954358381,-0.4990943740013215,0.0,,,
8210721,K06991.01,FALSE POSITIVE,65410.8,6.6324,22.673145675,61.0,0.0612319668814507,4.223617910447786,-0.0013238128098815,736.6439779017004,3.3994211713683775e-05,0.001410064894317,17.0,17.0,1800,pdcsap_flux,64791.0,0.0,29.424401773139834,41.0,0.0121884278415196,1.0,0.0743158772051673,,0.0,0.0,3315.0,201.0,201.0,16.0,2.344436191038177e-05,0.001410064894317,-0.4177223702400711,0.001410064894317,-0.4177223702400711,0.001410064894317,-0.4177223702400711,0.0,,,
8219268,K02133.01,CONFIRMED,396.8,11.261,6.24667547,214.0,0.0004101893401297,9.86037810945271,-2.825778040338456e-05,9.74806472485076,4.84499140573913e-05,0.0,18.0,18.0,1800,pdcsap_flux,65252.0,0.0,29.42442305269651,69.0,0.0751132879540056,2.0,0.4664837859375957,,1.0,0.0300067430883344,19382.0,201.0,201.0,96.0,2.5897160161591315e-05,9.335281486078097e-05,-0.4953431564963529,9.335281486078097e-05,-0.4953431564963529,0.0,,0.0300067430883344,,,
8219268,K02133.02,FALSE POSITIVE,167.1,10.755,43.501748,24.0,3.1207813664058115e-05,2.354328358208988,-6.00676893923735e-05,0.2817151224446066,1.4108163263193418e-06,0.0,18.0,18.0,1800,pdcsap_flux,65252.0,0.0,29.42442305269651,65.0,0.0103013101910295,2.0,0.271348004658861,,1.0,0.2223226874272053,2605.0,201.0,201.0,13.0,4.657699262677588e-05,0.0001552906467117,0.4902562620543451,0.0001552906467117,0.4902562620543451,0.0,,0.2223226874272053,,,
8230616,K01713.01,CONFIRMED,545.8,2.3726,6.82778157,188.0,0.000503322733685,1.4636935323383045,1.6332457062451233e-05,4.486951636960028,3.227902501434787e-05,0.0,17.0,17.0,1800,pdcsap_flux,64766.0,0.0,29.42442624829709,15.0,0.0144788365473931,2.0,0.1573356390698823,,1.0,0.0778958095296915,3751.0,201.0,201.0,19.0,3.15447909824311e-05,0.0,,0.0,,0.0,,0.0778958095296915,,,
8230616,K01713.02,CONFIRMED,436.3,1.3988,2.240486703,598.0,0.0003955716379614,1.1134726368159242,6.608935122609516e-06,5.639576807455891,3.732456988314592e-05,0.0,17.0,17.0,1800,pdcsap_flux,64766.0,0.0,29.42442624829709,9.0,0.0260136930316489,2.0,0.1937436309174567,,1.0,0.0434487230954513,6731.0,201.0,201.0,34.0,2.166660072539188e-05,0.0,,0.0,,0.0,,0.0434487230954513,,,
8233702,K02140.01,CONFIRMED,684.8,5.513,41.6977582,34.0,0.0005986584542662,5.0467263681592165,7.600824960829478e-05,3.494817293956657,0.000163216435249,0.0,17.0,17.0,1800,pdcsap_flux,64758.0,0.0,29.424431277439,33.0,0.0055088892844443,1.0,0.0343432471663732,,0.0,0.0,1488.0,201.0,201.0,7.0,4.38711608109033e-05,0.0,,0.0,,0.0,,0.0,,,
8240123,K03826.01,FALSE POSITIVE,1688.1,25.08,2.30120705,492.0,0.000752568244934,13.475820895522396,3.933906555175781e-06,1.6317532724950166,4.667043685913086e-05,,14.0,14.0,1800,pdcsap_flux,53809.0,0.0,29.42449681868311,,0.4541095074430612,1.0,1.0,none,0.0,0.0,53809.0,111.0,111.0,486.0,,,,,,,,0.0,blanking covers 1.82 of the orbit,,
8244947,K05494.01,FALSE POSITIVE,,3.27,223.52131732,,0.000156433898929,0.0650746268656718,-8.260236655333042e-05,0.8895186587805947,0.0002000137683855,0.0,17.0,17.0,1800,pdcsap_flux,64761.0,0.0,29.424441749579277,21.0,0.0006095615471205,1.0,0.0036132857738453,,0.0,0.0,177.0,199.0,132.0,1.0,4.34268590808645e-05,0.0001833307704273,0.3089654091661101,0.0001833307704273,0.3089654091661101,0.0,,0.0,,,
8254882,K04164.01,FALSE POSITIVE,30.0,1.488,0.92565941,1445.0,2.387657233027252e-05,0.414567164179106,-1.1888886630728734e-07,1.6797469106749274,4.158864608250212e-08,0.0,18.0,18.0,1800,pdcsap_flux,65257.0,0.0,29.424456926062703,9.0,0.0669792791281622,1.0,0.4029299538746801,,0.0,0.0,17514.0,201.0,201.0,88.0,3.6232490615399457e-06,0.0,,0.0,,0.0,,0.0,,,
8263746,K03581.01,FALSE POSITIVE,419208.0,5.0746,10.9938268,0.0,,,,,,,,,,,,,,,,,,,,,,,,,,,,,,,,,,koi_num_transits is 0,precheck
8265239,K05496.01,FALSE POSITIVE,,1.46,37.47695717,,0.0004914374764297,0.0581094527363186,1.0235054376916963e-05,1.128076334815552,0.0008045043660854,0.0,3.0,3.0,1800,pdcsap_flux,12981.0,0.0,29.42477921023965,9.0,0.0016232196508746,1.0,0.0094753871042292,,0.0,0.0,72.0,193.0,66.0,0.0,0.0001751479933094,0.0006527365667713,0.1095909450476659,0.0008167078702493,0.4995694661703215,0.0,,0.0,,,
8285970,K07009.01,FALSE POSITIVE,420.1,0.6743,0.562498925,2377.0,0.0003679481363841,0.5501751243781087,-2.790537119812253e-05,6.46356880071811,2.133346052524132e-05,0.0001265251988927,17.0,17.0,1800,pdcsap_flux,64704.0,0.0,29.42441082559526,5.0,0.0499482436047914,1.0,0.2998269040553907,,0.0,0.0,12944.0,201.0,201.0,64.0,1.3245105931981892e-05,0.0001265251988927,-0.4771291218759674,0.0001265251988927,-0.4771291218759674,0.0001265251988927,-0.4771291218759674,0.0,,,
8288404,K05498.01,FALSE POSITIVE,77183.1,14.9678,519.80221867,3.0,,,,,,0.0001188447820594,18.0,18.0,1800,pdcsap_flux,64221.0,0.0,29.42443915642798,91.0,0.0011997992908323,1.0,0.0029896762741159,,0.0,0.0,13.0,48.0,7.0,0.0,2.9411487840854244e-05,9.308313163725046e-05,0.1163989858672909,0.0001772197778922,-0.0334259505753805,0.0001188447820594,-0.1235608722991498,0.0,,,
8299955,K01147.01,FALSE POSITIVE,79.8,2.957,2.6827683,498.0,9.209967007195452e-05,1.294606965174136,-9.221745047693908e-06,4.962638094020636,1.257349146244202e-05,0.0,18.0,18.0,1800,pdcsap_flux,65234.0,0.0,29.42444552667439,19.0,0.0459258197337926,1.0,0.2758684121776987,,0.0,0.0,11956.0,201.0,201.0,60.0,5.062586571494332e-06,0.0,,0.0,,0.0,,0.0,,,
8302455,K07014.01,FALSE POSITIVE,95343.5,3.94526,2.441988077,284.0,0.0849493441904931,2.2768664676617023,-0.0035610565442465,958.0184302717392,0.0011720992793662,0.0,11.0,10.0,60|1800,pdcsap_flux,33913.0,0.0,29.42371211014688,25.0,0.0673163947365715,1.0,0.4026184648954678,,0.0,0.0,9075.0,201.0,201.0,45.0,1.3440720388454574e-05,4.438735069056676e-05,-0.138151001763177,4.438735069056676e-05,-0.138151001763177,0.0,,0.0,,,
8311864,K07016.01,CONFIRMED,189.9,9.969,384.847556,4.0,0.0001485322106665,0.5951641791044793,-5.63181933255219e-06,2.00480630522896,3.4155767175581e-05,0.0001192728669912,18.0,18.0,1800,pdcsap_flux,65205.0,0.0,29.42445532826241,61.0,0.0010793234711356,1.0,0.007438079901848,,0.0,0.0,324.0,201.0,132.0,1.0,2.8657185131433404e-05,0.0001192728669912,-0.0463789303700559,0.0001287253481251,-0.4960520715319383,0.0001192728669912,-0.0463789303700559,0.0,,,
8316503,K07019.01,FALSE POSITIVE,155614.0,4.90392,5.065329723,266.0,0.1386913122444394,2.7325325373134257,-0.0039733331824853,2047.5565020883532,3.082857919767257e-05,0.0103163853427667,17.0,17.0,1800,pdcsap_flux,64793.0,0.0,29.42444066517055,29.0,0.0403389337267038,1.0,0.2444399858009353,,0.0,0.0,10497.0,201.0,201.0,52.0,1.4981030007599091e-05,0.0103163853427667,-0.4293948042414889,0.0103163853427667,-0.4293948042414889,0.0103163853427667,-0.4293948042414889,0.0,,,
8330575,K07020.01,FALSE POSITIVE,48673.6,3.85011,0.957079167,1402.0,0.043480532480619,2.2985731343283606,-0.0014173161822906,20.928388562176337,0.0003325359948591,0.0,17.0,17.0,1800,pdcsap_flux,64799.0,0.0,29.424449036596343,23.0,0.1676154445016772,1.0,0.5021065139894134,primary_only,0.0,0.0,43402.0,201.0,201.0,216.0,0.0002300521077697,0.0,,0.0,,0.0,,0.0,,,
8349405,K01149.01,FALSE POSITIVE,,1.29,7.1688266,,3.537779339646274e-05,0.1283582089552237,2.1733891599429175e-05,0.2408332952357696,1.3836753076645893e-08,0.0,17.0,17.0,1800,pdcsap_flux,64720.0,0.0,29.42440964165144,7.0,0.0074977402856975,1.0,0.0448238566131026,,0.0,0.0,1961.0,201.0,201.0,10.0,3.768446877767036e-05,0.0001565009349238,0.4156664978960716,0.0001565009349238,0.4156664978960716,0.0,,0.0,,,
8349582,K00122.01,CONFIRMED,507.3,3.8757,11.523067458,116.0,0.000484900330361,3.4707761194029936,2.877565684511474e-06,23.532614710848893,1.0025468661911674e-05,0.0,62.0,18.0,60|1800,pdcsap_flux,65222.0,0.0,29.42442155443132,23.0,0.0140142805367233,1.0,0.0835914262058814,,0.0,0.0,3660.0,201.0,201.0,18.0,6.02482336987411e-06,1.967821036363837e-05,0.2130358983437978,1.967821036363837e-05,0.2130358983437978,0.0,,0.0,,,
8367298,K07025.01,FALSE POSITIVE,115.8,48.69,5.1348689,273.0,0.0001366138458251,56.19940298507472,0.0001293122768402,0.8803717657860798,2.682209014892578e-06,,17.0,17.0,1800,pdcsap_flux,64729.0,0.0,29.42443479259964,,0.3950928523218966,1.0,1.0,none,0.0,0.0,64729.0,128.0,128.0,509.0,,,,,,,,0.0,blanking covers 1.58 of the orbit,,
8378634,K01139.01,FALSE POSITIVE,426.6,5.63,3.629442796,369.0,0.0004082789513621,3.809353233830827,-3.513481833383736e-05,26.780430853143397,4.700304109372944e-06,7.989128942931245e-05,17.0,17.0,1800,pdcsap_flux,64788.0,0.0,29.42444083280861,35.0,0.064633429018875,1.0,0.3879267765635611,,0.0,0.0,16714.0,201.0,201.0,83.0,4.41870085063839e-06,7.989128942931245e-05,-0.4911935941586578,7.989128942931245e-05,-0.4911935941586578,7.989128942931245e-05,-0.4911935941586578,0.0,,,
8378922,K07028.01,FALSE POSITIVE,359086.0,10.0915,43.263305017,0.0,,,,,,,,,,,,,,,,,,,,,,,,,,,,,,,,,,koi_num_transits is 0,precheck
8381693,K04017.01,FALSE POSITIVE,148.7,40.4,21.5702917,66.0,0.0002337670112085,31.35522388059684,7.121382989971892e-05,3.003543433058603,4.228079225521153e-05,0.0,17.0,17.0,1800,pdcsap_flux,64733.0,0.0,29.424442163435742,247.0,0.0780394329731448,1.0,0.4645544003831122,,0.0,0.0,20390.0,201.0,201.0,102.0,2.145132284045008e-05,0.0,,0.0,,0.0,,0.0,,,
8395860,K04724.01,FALSE POSITIVE,1107.0,4.556,20.8822079,13.0,0.0007018263462592,0.3626666666666697,-0.0005714507447598,0.9334620303498372,0.0004533971548403,0.0,3.0,3.0,1800,pdcsap_flux,12969.0,0.0,29.424773583887145,27.0,0.0090906734691274,1.0,0.0527411519777932,,0.0,0.0,471.0,199.0,156.0,3.0,0.0001693595226035,0.0,,0.0,,0.0,,0.0,,,
8411947,K07034.01,FALSE POSITIVE,399778.0,3.5342,0.898837525,700.0,0.3275642601292697,1.82864079601989,-0.0103692680662794,384.76435016145456,0.1193380107247631,0.0001746216523443,9.0,9.0,1800,pdcsap_flux,30541.0,0.0,29.425219532568008,21.0,0.1638319821297328,1.0,0.4920598539667987,primary_only,0.0,0.0,19967.0,201.0,201.0,99.0,3.641147226688479e-05,0.0001746216523443,0.3601252763449402,0.0001746216523443,0.3601252763449402,0.0001746216523443,0.3601252763449402,0.0,,,
8414914,K05513.01,FALSE POSITIVE,488038.0,10.578,100.303613,0.0,,,,,,,,,,,,,,,,,,,,,,,,,,,,,,,,,,koi_num_transits is 0,precheck
8415863,K07037.01,FALSE POSITIVE,48152.7,3.96227,27.533803402,49.0,0.0432216758858602,2.365534328358212,-0.0011172818379269,1277.7014757969514,0.0006879116228448,0.0002556496146111,18.0,18.0,1800,pdcsap_flux,65260.0,0.0,29.42442188970745,25.0,0.0059960689383487,1.0,0.0362549800796812,,0.0,0.0,1558.0,201.0,201.0,8.0,9.357836951310805e-06,0.0002556496146111,0.3604388659430208,0.0002556496146111,0.3604388659430208,0.0002556496146111,0.3604388659430208,0.0,,,
8417078,K04693.01,CONFIRMED,57.0,6.852,23.6223571,61.0,5.506077602845938e-05,0.9545074626865696,-9.038082147916349e-06,1.498295153372467,1.2876969717079412e-05,0.0,18.0,18.0,1800,pdcsap_flux,65205.0,0.0,29.42442439380102,41.0,0.0120860081316779,1.0,0.0727858293075684,,0.0,0.0,3308.0,201.0,201.0,16.0,8.599030466832635e-06,0.0,,0.0,,0.0,,0.0,,,
8429450,K07039.01,FALSE POSITIVE,317484.0,5.49531,1.352576807,0.0,,,,,,,,,,,,,,,,,,,,,,,,,,,,,,,,,,koi_num_transits is 0,precheck
8444552,K01769.01,FALSE POSITIVE,61953.4,2.25397,0.589049151,2274.0,0.0547441153812712,1.2559434825870692,-0.0017385838991269,320.5785985589408,0.0011955033298141,0.0,17.0,17.0,1800,pdcsap_flux,64793.0,0.0,29.42444041371345,13.0,0.1594356201129074,1.0,0.4784776133224268,primary_only,0.0,0.0,41308.0,201.0,201.0,205.0,3.142154280573943e-05,0.0,,0.0,,0.0,,0.0,,,
8445775,K07042.01,FALSE POSITIVE,44979.8,4.34991,13.254134073,104.0,0.040170070122631,2.5103958208955355,-0.0014962985279727,458.0268724182017,0.0005901983298316,0.0,17.0,17.0,1800,pdcsap_flux,64792.0,0.0,29.424440497532487,27.0,0.0136746956837577,1.0,0.082294110383998,,0.0,0.0,3619.0,201.0,201.0,18.0,2.2000574332424527e-05,0.0,,0.0,,0.0,,0.0,,,
8453191,K07043.01,FALSE POSITIVE,153902.0,6.99715,5.776764285,235.0,0.1278858604717524,3.898909452736334,-0.0035388765676219,1966.3582870416908,0.0142783700037272,0.0,17.0,17.0,1800,pdcsap_flux,64797.0,0.0,29.42444284446537,43.0,0.050469069237203,1.0,0.3013256786579625,,0.0,0.0,13086.0,201.0,201.0,65.0,1.8222006127718e-05,0.0,,0.0,,0.0,,0.0,,,
8456679,K00102.01,CONFIRMED,952.6,2.2741,1.73513619,772.0,0.0009202353950658,1.9912517412935409,-1.3104441248912302e-05,59.86858417831035,1.0305883984096376e-05,0.0,53.0,17.0,60|1800,pdcsap_flux,64782.0,0.0,29.42444452084601,13.0,0.0546090659700128,2.0,0.3865116853446945,,1.0,0.0877404217220833,14129.0,201.0,201.0,70.0,3.844407861950682e-06,0.0,,0.0,,0.0,,0.0877404217220833,,,
8456679,K00102.02,CONFIRMED,79.8,2.8349,4.06844957,292.0,7.462137092306698e-05,0.4513273631840775,8.25585247388183e-06,2.9631906989378503,2.846562384362094e-06,0.0,53.0,17.0,60|1800,pdcsap_flux,64782.0,0.0,29.42444452084601,17.0,0.0290333777772089,2.0,0.3095612978913896,,1.0,0.1636565712697971,7575.0,201.0,201.0,38.0,3.870443799626855e-06,0.0,,0.0,,0.0,,0.1636565712697971,,,
8460600,K01730.01,FALSE POSITIVE,75141.7,3.88771,6.352090869,212.0,0.0728245598339177,2.785225074626864,-0.0009184965002771,753.4496813457646,0.0001359955474893,0.0016768148769806,20.0,17.0,60|1800,pdcsap_flux,64799.0,0.0,29.424448119825684,23.0,0.0255015112358063,1.0,0.1519313569653852,,0.0,0.0,6603.0,201.0,201.0,33.0,2.510652532180666e-05,0.0016768148769806,0.4974147755400396,0.0016768148769806,0.4974147755400396,0.0016768148769806,0.4974147755400396,0.0,,,
8474892,K05520.01,FALSE POSITIVE,32171.9,7.2533,199.4424134,,,,,,,0.0,8.0,8.0,1800,pdcsap_flux,30099.0,0.0,29.424284924170934,45.0,0.0015153288018391,1.0,0.008903950297352,,0.0,0.0,138.0,201.0,105.0,1.0,7.756303493609002e-05,0.0002940686322394,0.1597643984005302,0.0002940686322394,0.1597643984005302,0.0,,0.0,,,
8479386,K07046.01,FALSE POSITIVE,361615.0,10.4634,5.860377067,0.0,,,,,,,,,,,,,,,,,,,,,,,,,,,,,,,,,,koi_num_transits is 0,precheck
8483241,K04270.01,FALSE POSITIVE,470.9,14.21,373.72257,,0.0005038371803968,4.241791044776129,6.409975570675908e-05,2.33361104068686,0.0001334065390737,0.0002344274737644,17.0,17.0,1800,pdcsap_flux,64737.0,0.0,29.42441417311784,87.0,0.0015842857265306,1.0,0.0093300585445726,,0.0,0.0,461.0,201.0,201.0,2.0,5.787481482348812e-05,0.0002344274737644,-0.0041147311764814,0.0002445974115307,0.023412233321986,0.0002344274737644,-0.0041147311764814,0.0,,,
8487645,K04254.01,FALSE POSITIVE,26.9,1.812,0.530967987,2527.0,2.5187585417918434e-05,0.6851343283582105,-5.312695402492906e-07,3.2823216335370167,1.441104359767298e-05,0.0,18.0,18.0,1800,pdcsap_flux,65181.0,0.0,29.424434965476397,11.0,0.1421931299974964,1.0,0.4267961522529571,primary_only,0.0,0.0,37111.0,201.0,201.0,185.0,2.387000048071863e-06,0.0,,0.0,,0.0,,0.0,,,
8491277,K00234.01,CONFIRMED,797.9,4.654,9.61375316,142.0,0.000759390001167,4.075144278606963,2.2786653470774357e-05,15.834314264310134,4.01319052928395e-05,0.0,21.0,17.0,60|1800,pdcsap_flux,64763.0,0.0,29.4244235556107,29.0,0.0201707557328907,1.0,0.1219832311659435,,0.0,0.0,5340.0,201.0,201.0,18.0,1.0827291867768006e-05,0.0,,0.0,,0.0,,0.0,,,
8491745,K03555.01,FALSE POSITIVE,62704.9,23.0078,111.31980522,12.0,0.0610077627120438,16.48320000000004,-0.0003492372782023,1023.4902367651276,0.0003507028294891,0.0092578419366706,17.0,17.0,1800,pdcsap_flux,64793.0,0.0,29.424424147582613,141.0,0.0086117500065576,1.0,0.0510857654376244,,0.0,0.0,2295.0,201.0,201.0,12.0,2.6428161470719e-05,0.0001222858585939,0.4935823060353086,0.0092578419366706,-0.4031161633975071,0.0092578419366706,-0.4031161633975071,0.0,,,
8494617,K02389.01,CONFIRMED,140.3,8.2,22.9221181,60.0,0.0001340145810648,6.037810945273631,-8.180139978608558e-06,3.7114583524078775,3.687658665907368e-05,0.0,17.0,17.0,1800,pdcsap_flux,64711.0,0.0,29.42443160747644,51.0,0.0149055451671661,1.0,0.0881457557447729,,0.0,0.0,3901.0,201.0,201.0,19.0,9.2811377541536e-06,0.0,,0.0,,0.0,,0.0,,,
8499922,K05525.01,FALSE POSITIVE,350.3,2.293,45.680876,,0.0003446592090374,0.2281592039800979,0.0001044407234072,1.3460629649472542,7.944756565436695e-05,0.0,15.0,15.0,1800,pdcsap_flux,56191.0,0.0,29.42425583896693,15.0,0.0020915025067966,1.0,0.0125820860991973,,0.0,0.0,487.0,200.0,191.0,2.0,4.233897580808679e-05,0.0001398753550801,0.0048613812348452,0.0001599463198761,-0.0333085395141954,0.0,,0.0,,,
8501062,K02176.01,FALSE POSITIVE,,12.57,24.40213373,,3.0549824005743353e-05,1.5008955223880631,-2.477342257289905e-05,0.7420821068360756,3.565019922990853e-05,0.0,8.0,8.0,1800,pdcsap_flux,31488.0,0.0,29.423484950093552,77.0,0.021463287013959,1.0,0.1286839430894309,,0.0,0.0,2797.0,201.0,201.0,14.0,1.0100738702073996e-05,3.344969085872229e-05,-0.3899966574405467,3.344969085872229e-05,-0.3899966574405467,0.0,,0.0,,,
8504570,K07048.01,FALSE POSITIVE,168776.0,5.50884,4.00770453,334.0,0.1492921070680009,3.0696023880596783,-0.0039351411870883,249.52658524901997,0.0006998538390912,0.0008572521167238,35.0,18.0,60|1800,pdcsap_flux,65263.0,0.0,29.424452981329523,33.0,0.0572734337778139,1.0,0.3437476058409818,,0.0,0.0,14813.0,201.0,201.0,75.0,5.564384191478917e-05,0.0008572521167238,-0.4988539291667003,0.0008572521167238,-0.4988539291667003,0.0008572521167238,-0.4988539291667003,0.0,,,
8506766,K00138.01,FALSE POSITIVE,7240.1,6.5868,48.93786896,27.0,0.0065344877088472,3.932417910447761,-0.0001133378795078,102.16582806708963,5.773648376528051e-05,0.0,18.0,17.0,60|1800,pdcsap_flux,64764.0,0.0,29.42444116808474,41.0,0.0056081314089161,1.0,0.0319158791921437,,0.0,0.0,1374.0,201.0,201.0,7.0,1.8375657780459576e-05,7.690236959501107e-05,-0.4996226936719312,7.690236959501107e-05,-0.4996226936719312,0.0,,0.0,,,
8509361,K01280.01,FALSE POSITIVE,227.5,3.6112,6.0990118,222.0,0.0002207007854101,2.5871283582089437,-7.371903947284153e-06,5.969714196699802,2.2681549424086175e-05,0.0,17.0,17.0,1800,pdcsap_flux,64761.0,0.0,29.42444158194121,23.0,0.0246706633141235,1.0,0.1488395793764765,,0.0,0.0,6378.0,201.0,201.0,32.0,1.0359550871571676e-05,4.868836740157256e-05,-0.4907475727099416,4.868836740157256e-05,-0.4907475727099416,0.0,,0.0,,,
8548069,K04486.01,FALSE POSITIVE,680.3,11.9,368.52466,,0.000654786956877,2.841791044776101,-4.16870383698198e-05,1.260722900201236,0.0003608879348264,0.0,17.0,17.0,1800,pdcsap_flux,64725.0,0.0,29.42441442457493,73.0,0.0013454549644882,1.0,0.0083120896098879,,0.0,0.0,382.0,201.0,201.0,2.0,9.3092349403347e-05,0.0002894005984054,0.0329807179912112,0.0004373528670856,-0.1483193384735815,0.0,,0.0,,,
8553907,K07056.01,FALSE POSITIVE,391261.0,11.6768,42.032096076,0.0,,,,,,,,,,,,,,,,,,,,,,,,,,,,,,,,,,koi_num_transits is 0,precheck
8556077,K02027.01,FALSE POSITIVE,80.0,2.1862,3.635723653,371.0,7.9448158771811e-05,1.6532457711442743,-1.3284451172990153e-05,6.425542411043948,6.494642274201823e-06,0.0,20.0,17.0,60|1800,pdcsap_flux,64683.0,0.0,29.42442263884004,13.0,0.0250546178314467,1.0,0.1507196635901241,,0.0,0.0,6545.0,201.0,201.0,33.0,3.218099487062453e-06,1.782296484742485e-05,0.4990673684967974,1.782296484742485e-05,0.4990673684967974,0.0,,0.0,,,
8558011,K00577.01,CONFIRMED,611.2,5.04,39.6766071,16.0,0.0005801160358447,4.011940298507496,-9.471147932560432e-05,4.357893990735719,6.679138061083112e-05,0.0,8.0,8.0,1800,pdcsap_flux,31311.0,0.0,29.424443845055062,31.0,0.0052927912780122,2.0,0.2650506211874421,,1.0,0.2407460636836894,626.0,201.0,201.0,3.0,4.717036334380111e-05,0.0002058130531362,-0.0534011226334847,0.0002058130531362,-0.0534011226334847,0.0,,0.2407460636836894,,,
8558011,K00577.02,CONFIRMED,109.7,1.2313,0.638162933,988.0,9.354542736561557e-05,0.2695383084577116,-1.0453993082415458e-05,2.9664691988929697,2.2854436665387115e-07,0.0,8.0,8.0,1800,pdcsap_flux,31311.0,0.0,29.424443845055062,7.0,0.0803935233679055,2.0,0.4893807288173485,,1.0,0.015042636773019,10058.0,201.0,201.0,49.0,8.265900546706194e-06,2.5496523387569248e-05,0.4747925542958776,2.5496523387569248e-05,0.4747925542958776,0.0,,0.015042636773019,,,
8559863,K07058.01,FALSE POSITIVE,45979.0,7.39097,22.470494368,59.0,0.0417484739729953,4.412519402985069,-0.0011813122654773,973.8121122466353,7.856916553927729e-05,0.020622582602033,19.0,18.0,60|1800,pdcsap_flux,65263.0,0.0,29.424443425959907,45.0,0.0137049536289638,1.0,0.0817614881326325,,0.0,0.0,3531.0,201.0,201.0,18.0,1.182351774200485e-05,0.020622582602033,0.4764815556824119,0.020622582602033,0.4764815556824119,0.020622582602033,0.4764815556824119,0.0,,,
8560280,K07896.01,FALSE POSITIVE,633.0,8.5,85.338393,15.0,0.0006949364342998,3.044776119402975,-3.079999785315923e-05,7.392888534869709,9.181041855610415e-05,0.0,18.0,18.0,1800,pdcsap_flux,65241.0,0.0,29.424445689073764,51.0,0.0041501445506088,1.0,0.0254901059149921,,0.0,0.0,1078.0,201.0,201.0,5.0,4.198505246601154e-05,0.0,,0.0,,0.0,,0.0,,,
8560804,K02969.01,FALSE POSITIVE,156.3,9.41,31.9729501,43.0,0.0001580178914014,6.92875621890546,2.174552978273514e-05,6.790025802413997,1.9100699668817e-05,2.193518372828329e-05,18.0,18.0,1800,pdcsap_flux,65226.0,0.0,29.424446186749265,57.0,0.0122629701703169,1.0,0.0751080857326832,,0.0,0.0,3273.0,201.0,201.0,16.0,6.720406671770851e-06,2.193518372828329e-05,-0.4754690540386126,2.193518372828329e-05,-0.4754690540386126,2.193518372828329e-05,-0.4754690540386126,0.0,,,
8561231,K02346.01,CONFIRMED,689.1,6.307,28.6853212,44.0,0.0007304245530203,2.510248756218908,5.579961498225483e-05,4.133336360844215,3.6078010524187576e-05,0.0,17.0,17.0,1800,pdcsap_flux,64726.0,0.0,29.424431612715125,39.0,0.0091611896145219,1.0,0.0528690170874146,,0.0,0.0,2239.0,201.0,201.0,11.0,4.742606813852936e-05,0.000142402383867,0.4378801899799519,0.000142402383867,0.4378801899799519,0.0,,0.0,,,
8565266,K00578.01,CONFIRMED,1156.4,5.2677,6.412512953,214.0,0.0011227094930501,4.61251343283582,1.0372200904829043e-06,26.89051137882106,1.27768952600249e-05,0.0,17.0,17.0,1800,pdcsap_flux,64739.0,0.0,29.42443722335156,33.0,0.0342280010362109,1.0,0.2046525278425678,,0.0,0.0,8926.0,201.0,201.0,43.0,1.2233203502759848e-05,0.0,,0.0,,0.0,,0.0,,,
8569819,K07062.01,FALSE POSITIVE,313094.0,13.7687,20.849919614,0.0,,,,,,,,,,,,,,,,,,,,,,,,,,,,,,,,,,koi_num_transits is 0,precheck
8573193,K04337.01,CONFIRMED,97.6,4.673,8.18504859,164.0,7.468395451826204e-05,0.650965174129353,-3.5597076254445525e-06,1.285910131717752,2.93162415561099e-05,0.0,17.0,17.0,1800,pdcsap_flux,64576.0,0.0,29.4244478631299,29.0,0.0237882929090019,1.0,0.1437530971258672,,0.0,0.0,6123.0,201.0,201.0,30.0,1.7251356971521713e-05,5.981434190649448e-05,0.3712464089797734,5.981434190649448e-05,0.3712464089797734,0.0,,0.0,,,
8574270,K07063.01,FALSE POSITIVE,24616.5,3.50007,15.120212531,89.0,0.0218028718096486,2.08959402985074,-0.0006399503103137,166.36081104703425,0.0002598492733592,0.003585790787566,17.0,17.0,1800,pdcsap_flux,64785.0,0.0,29.424440497532487,21.0,0.0096451190551059,1.0,0.0588407810449949,,0.0,0.0,2478.0,201.0,201.0,13.0,2.650880039228292e-05,0.003585790787566,-0.3564989241385304,0.003585790787566,-0.3564989241385304,0.003585790787566,-0.3564989241385304,0.0,,,
8582291,K02330.01,FALSE POSITIVE,172.8,2.83,2.4681015,543.0,0.0001670243882596,0.6758208955223879,-3.10674031778202e-05,3.188728480408657,1.8220744133601308e-05,3.4051861289130514e-05,17.0,17.0,1800,pdcsap_flux,64772.0,0.0,29.424443839816377,17.0,0.0477762631182982,1.0,0.2873000679305872,,0.0,0.0,12366.0,201.0,201.0,62.0,9.990777436429231e-06,3.4051861289130514e-05,0.4913685165684748,3.4051861289130514e-05,0.4913685165684748,3.4051861289130514e-05,0.4913685165684748,0.0,,,
8605074,K00915.01,FALSE POSITIVE,59130.1,8.30604,37.601661282,32.0,0.0577215754035191,5.950595820895497,0.0001468750665034,346.7007687701778,5.736630140207311e-05,0.0011083329035046,15.0,15.0,1800,pdcsap_flux,59058.0,0.0,29.424317608354613,51.0,0.0092039816380578,1.0,0.0570117511598767,,0.0,0.0,2221.0,201.0,201.0,11.0,4.843269775667598e-05,0.0011083329035046,0.4158374119905632,0.0011083329035046,0.4158374119905632,0.0011083329035046,0.4158374119905632,0.0,,,
8607720,K00981.01,FALSE POSITIVE,32.8,3.686,3.99751422,,2.354068179211133e-05,0.4401194029850721,-9.48420660007443e-07,0.859769979310585,2.9539039093307015e-05,0.0,34.0,18.0,60|1800,pdcsap_flux,65261.0,0.0,29.424419286078773,23.0,0.0384197090694359,1.0,0.2308882793705275,,0.0,0.0,10071.0,201.0,201.0,50.0,1.006026685224699e-05,0.0,,0.0,,0.0,,0.0,,,
8609450,K01278.01,CONFIRMED,624.4,6.148,24.8056775,52.0,0.0005765571790303,5.7503681592040135,1.546456688339415e-05,6.427108404628109,6.232299359654192e-05,0.0,19.0,17.0,60|1800,pdcsap_flux,64735.0,0.0,29.42441015504301,37.0,0.0103269369146102,5.0,0.1904688344790299,,4.0,0.1372673206148142,2585.0,201.0,201.0,15.0,2.526979533881132e-05,0.0,,0.0,,0.0,,0.1372673206148142,,,
8609450,K01278.02,CONFIRMED,791.7,6.43,44.3471936,33.0,0.0007034296664854,5.118407960199036,2.0434222054777077e-05,5.977787943743106,7.988123608249076e-06,0.0,19.0,17.0,60|1800,pdcsap_flux,64735.0,0.0,29.42441015504301,39.0,0.0060413443313505,5.0,0.1775700934579439,,4.0,0.1466903529775237,1699.0,201.0,201.0,8.0,3.735196039293953e-05,0.0001294963071277,-0.1941257505990636,0.0001294963071277,-0.1941257505990636,0.0,,0.1466903529775237,,,
8609450,K01278.03,CONFIRMED,140.0,4.907,9.2207691,137.0,0.0001328221250921,1.2694726368159197,-1.4539574302641078e-05,2.222387960070116,2.105910099481356e-05,0.0,19.0,17.0,60|1800,pdcsap_flux,64735.0,0.0,29.42441015504301,31.0,0.0221736745726919,5.0,0.2250868927164594,,4.0,0.1022321773383795,5751.0,201.0,201.0,28.0,2.0422750688803012e-05,6.330831975598361e-05,0.4895022133913423,6.330831975598361e-05,0.4895022133913423,0.0,,0.1022321773383795,,,
8609450,K01278.04,CONFIRMED,162.7,5.425,13.6396648,96.0,0.0001444638942318,0.863681592039796,1.5260971943931168e-05,1.7770448772286385,8.420575296153032e-06,0.0,19.0,17.0,60|1800,pdcsap_flux,64735.0,0.0,29.42441015504301,33.0,0.0165723769594885,5.0,0.2050204680620993,,4.0,0.1188228933343631,4315.0,201.0,201.0,21.0,2.088006180316808e-05,0.0,,0.0,,0.0,,0.1188228933343631,,,
8609450,K01278.05,FALSE POSITIVE,238.9,9.81,203.250506,7.0,0.0003510451722112,1.3665671641791124,2.4269089082817885e-06,1.824676929850576,0.0002089364598278,0.0,19.0,17.0,60|1800,pdcsap_flux,64735.0,0.0,29.42441015504301,61.0,0.0020110651040642,5.0,0.1692747354599521,,4.0,0.1570865837645786,554.0,201.0,201.0,3.0,6.375337299905083e-05,0.0002133479500139,-0.4479408474546881,0.0002133479500139,-0.4479408474546881,0.0,,0.1570865837645786,,,
8620402,K03267.01,CONFIRMED,196.2,3.605,14.1959621,90.0,0.0001962671007352,0.9326368159203976,-3.147315856255606e-05,2.2506819544654526,1.197013653908563e-05,0.0,17.0,17.0,1800,pdcsap_flux,64780.0,0.0,29.4244225602597,23.0,0.0105810604646044,1.0,0.0624421117628897,,0.0,0.0,2650.0,201.0,201.0,13.0,2.4245415569284343e-05,0.0,,0.0,,0.0,,0.0,,,
8621026,K07071.01,FALSE POSITIVE,245217.0,5.26926,4.059428737,171.0,0.236231171280851,3.145826865671618,-0.0070889406062498,1168.2094795237865,0.0003587700044319,0.0067508350412941,10.0,10.0,1800,pdcsap_flux,33917.0,0.0,29.42370037548244,33.0,0.0540845804235631,1.0,0.3251466816050948,,0.0,0.0,7362.0,201.0,201.0,37.0,4.2196581582255743e-05,0.0067508350412941,-0.4862479211094869,0.0067508350412941,-0.4862479211094869,0.0067508350412941,-0.4862479211094869,0.0,,,
8621353,K03682.01,FALSE POSITIVE,258242.0,5.9738,11.344347453,56.0,0.211107951551922,3.328684577114409,-0.0058162943787338,118.33205370367348,0.0036809177119511,0.0222597527513075,8.0,8.0,1800,pdcsap_flux,30159.0,0.0,29.42430538125336,37.0,0.0219411768164337,1.0,0.1307404091647601,,0.0,0.0,2709.0,201.0,201.0,13.0,0.000491456608705,0.0222597527513075,0.4462864272997149,0.0222597527513075,0.4462864272997149,0.0222597527513075,0.4462864272997149,0.0,,,
8622875,K05551.01,FALSE POSITIVE,1126.2,52.986,374.71687,,0.0009576646469239,27.41564179104469,3.696537288311319e-05,6.281709529531559,2.973008769990848e-05,0.0001093279566835,17.0,17.0,1800,pdcsap_flux,64730.0,0.0,29.42442926578224,325.0,0.0058917817070792,1.0,0.0346207322725166,,0.0,0.0,1437.0,201.0,201.0,7.0,2.236622870665539e-05,7.261980289730019e-05,0.0155367690522288,0.000146319241534,-0.1118730103633621,0.0001093279566835,-0.0139221394831679,0.0,,,
8625813,K03285.01,FALSE POSITIVE,1001.6,3.826,45.3965379,27.0,0.0011722613588965,0.6091144278606957,-9.068964168723603e-05,2.8150838218546395,0.0001231821892301,0.0,14.0,14.0,1800,pdcsap_flux,54962.0,0.0,29.424508893862367,23.0,0.0035116481132951,1.0,0.0223063207306866,,0.0,0.0,829.0,201.0,201.0,4.0,0.0001181736206273,0.0003647159067982,0.2589638647433451,0.0023848061401517,-0.4996103274676122,0.0,,0.0,,,
8625925,K00580.01,CONFIRMED,760.4,2.7975,6.521209629,201.0,0.0007255531021848,2.3382089552238705,-2.059492482620051e-05,11.168180448186634,1.991662449685183e-05,0.0,17.0,17.0,1800,pdcsap_flux,64740.0,0.0,29.42443378153257,17.0,0.017874367890528,1.0,0.106209453197405,,0.0,0.0,4519.0,201.0,201.0,22.0,1.906650739037562e-05,0.0,,0.0,,0.0,,0.0,,,
8669092,K00068.01,FALSE POSITIVE,2714.4,1.3292,1.000840564,1419.0,0.0024069086960177,0.8200039800994953,-0.000161832910833,47.09741398073994,1.0524093568164972e-05,0.0001534188876836,36.0,18.0,60|1800,pdcsap_flux,65259.0,0.0,29.42441468127072,9.0,0.0553368191952433,1.0,0.332092125224107,,0.0,0.0,14470.0,201.0,201.0,72.0,1.0131718898740828e-05,0.0001534188876836,0.4984835927434409,0.0001534188876836,0.4984835927434409,0.0001534188876836,0.4984835927434409,0.0,,,
8672910,K00918.01,CONFIRMED,15663.8,6.5292,39.6431552,30.0,0.0150794090132809,5.327307462686553,-0.000122326725092,98.60662951304528,8.28744120366931e-05,0.0,35.0,17.0,60|1800,pdcsap_flux,64790.0,0.0,29.42440747283399,39.0,0.006862470926633,2.0,0.0828368575397437,,1.0,0.0453310696095076,1653.0,201.0,201.0,8.0,4.028999385317197e-05,0.0,,0.0,,0.0,,0.0453310696095076,,,
8672910,K00918.02,FALSE POSITIVE,292.5,2.0705,5.71489488,,8.882841467816593e-05,0.1236119402985069,-2.730337968437357e-05,0.8127321439274733,6.640504333577102e-05,0.0,35.0,17.0,60|1800,pdcsap_flux,64790.0,0.0,29.42440747283399,13.0,0.0150957865621026,2.0,0.1078561506405309,,1.0,0.0190615835777126,3906.0,201.0,201.0,19.0,1.8209859879301543e-05,5.728783781500102e-05,-0.2527923312060572,5.728783781500102e-05,-0.2527923312060572,0.0,,0.0190615835777126,,,
8676061,K05558.01,FALSE POSITIVE,443.8,6.56,428.1186,,9.116093843797302e-06,0.5221890547263683,-8.687993579470366e-05,0.0222989050568769,0.0001155148292339,0.0,17.0,17.0,1800,pdcsap_flux,64747.0,0.0,29.424411155632697,41.0,0.0006384523665482,1.0,0.0040001853367723,,0.0,0.0,187.0,201.0,168.0,1.0,0.0001123145895266,0.0003387366500786,0.0041444354669455,0.0004478315592102,0.2711771377758138,0.0,,0.0,,,
8685497,K01629.01,CONFIRMED,132.7,2.1418,4.4096675,306.0,0.000117941190737,1.108195024875614,-2.0420720688418825e-05,3.964674238988291,1.3236525965854009e-05,0.0,18.0,18.0,1800,pdcsap_flux,65067.0,0.0,29.424436385161243,13.0,0.0202377314540533,1.0,0.1219973258333717,,0.0,0.0,5343.0,201.0,201.0,27.0,7.210752115791652e-06,2.322468561277713e-05,0.2209865287458194,2.322468561277713e-05,0.2209865287458194,0.0,,0.0,,,
8686150,K00919.01,FALSE POSITIVE,66067.7,16.9422,51.42598578,28.0,0.0643821625674856,12.137695522388045,-0.0007054399556672,355.12383010582056,0.0002666594736694,0.0012729428870829,17.0,17.0,1800,pdcsap_flux,64798.0,0.0,29.42442557774484,103.0,0.0137270095904421,1.0,0.086345257569678,,0.0,0.0,3699.0,201.0,201.0,18.0,5.718751661960534e-05,0.0001929788751362,0.4935236863777354,0.0012729428870829,-0.3386762700428203,0.0012729428870829,-0.3386762700428203,0.0,,,
8686761,K07904.01,FALSE POSITIVE,235.1,17.0849,374.93999098,4.0,0.0002976530893263,1.6999900497512517,-3.613759552378859e-06,1.6716849373879832,1.1753177105999768e-06,0.0,17.0,17.0,1800,pdcsap_flux,64745.0,0.0,29.42442893050611,105.0,0.0018986260480581,1.0,0.0121862692099776,,0.0,0.0,506.0,200.0,200.0,2.5,3.534689723256532e-05,0.0001085807518634,0.0774290461577459,0.0001175381517579,-0.0996178328236922,0.0,,0.0,,,
8711548,K07079.01,FALSE POSITIVE,488408.0,8.1018,18.778162159,0.0,,,,,,,,,,,,,,,,,,,,,,,,,,,,,,,,,,koi_num_transits is 0,precheck
8746295,K02475.01,FALSE POSITIVE,197.7,2.268,6.85567248,200.0,0.000174293983257,0.4062089552238817,-1.0771060882208694e-05,1.986108393441341,2.267330316330085e-05,0.0,17.0,17.0,1800,pdcsap_flux,64721.0,0.0,29.424421381554566,13.0,0.0137842057472383,1.0,0.0829097201835571,,0.0,0.0,3659.0,201.0,201.0,10.0,1.806240737449456e-05,6.082334772983256e-05,0.4976484294662325,8.54119973978662e-05,-0.4982604357717385,0.0,,0.0,,,
8749844,K07909.01,FALSE POSITIVE,235.9,4.868,361.51099,4.0,0.0002565868007352,0.0,7.7940372580243e-05,3.0639059057779554,0.0001925416755571,0.0006003683894695,18.0,18.0,1800,pdcsap_flux,64988.0,0.0,29.42444484564476,29.0,0.000561071001834,1.0,0.0036622145626884,,0.0,0.0,160.0,198.0,50.0,0.0,3.6660972759671104e-05,0.0006003683894695,0.0214603237370033,0.0006003683894695,0.0214603237370033,0.0006003683894695,0.0214603237370033,0.0,,,
8758161,K07087.01,FALSE POSITIVE,87567.2,3.90851,0.998217563,1348.0,0.077875465187986,2.1778762189054603,-0.0023032147914339,61.35537412780653,0.0020416498456922,0.0,25.0,18.0,60|1800,pdcsap_flux,65262.0,0.0,29.42444803076796,23.0,0.1631453796944798,1.0,0.4895957831509914,primary_only,0.0,0.0,42594.0,201.0,201.0,212.0,0.0001010868522939,0.0,,0.0,,0.0,,0.0,,,
8761550,K07912.01,FALSE POSITIVE,125.2,3.232,224.591055,7.0,8.44645277506828e-05,0.1286368159203981,-5.586221855424789e-05,0.9955392565208392,6.255424633838658e-07,0.0,18.0,18.0,1800,pdcsap_flux,65215.0,0.0,29.42445273511112,19.0,0.0005996083266391,1.0,0.0039101433719236,,0.0,0.0,181.0,199.0,151.0,1.0,2.5275006876999012e-05,8.43803777048624e-05,0.1281721600813135,9.872992779869084e-05,-0.198614377937009,0.0,,0.0,,,
8767034,K07089.01,FALSE POSITIVE,61.3,2.616,0.58640848,2285.0,5.899759422611783e-05,1.3014925373134425,1.300619546507065e-07,2.574876840741326,3.1351917954003383e-06,0.0,17.0,17.0,1800,pdcsap_flux,64781.0,0.0,29.424439826980237,17.0,0.1858772574366591,1.0,0.5572158503264846,primary_only,0.0,0.0,48144.0,201.0,201.0,240.0,1.1916169858862436e-05,0.0,,0.0,,0.0,,0.0,,,
8784288,K07091.01,FALSE POSITIVE,314683.0,4.72808,1.827558898,735.0,0.32081810552705,2.446369751243793,-0.009607814180276,1713.474542741773,0.1247019164145387,0.0,17.0,17.0,1800,pdcsap_flux,64799.0,0.0,29.424447616911493,29.0,0.1077958874807948,1.0,0.6474945601012362,,0.0,0.0,27947.0,201.0,201.0,138.0,0.0002876871618966,0.0,,0.0,,0.0,,0.0,,,
8802165,K00694.01,CONFIRMED,928.1,4.9974,17.42115972,80.0,0.0009068706442689,4.375832835820893,-2.094978620337251e-05,15.328019059950188,6.338513387926792e-05,0.0,18.0,17.0,60|1800,pdcsap_flux,64784.0,0.0,29.42440780811012,31.0,0.0119524189747799,1.0,0.0727803161274388,,0.0,0.0,3215.0,201.0,201.0,16.0,1.9147958323971117e-05,0.0,,0.0,,0.0,,0.0,,,
8804358,K07092.01,FALSE POSITIVE,277.6,2.523,62.519211,23.0,0.000115856095222,0.351462686567164,-5.620390539062825e-05,0.3749497108130651,0.0003180283926699,0.0,17.0,17.0,1800,pdcsap_flux,64735.0,0.0,29.424410065985285,15.0,0.0016814831524345,1.0,0.0105507067274272,,0.0,0.0,466.0,200.0,199.0,2.0,7.169989863723138e-05,0.0002221900169796,0.0139167052032925,0.0002221900169796,0.0139167052032925,0.0,,0.0,,,
8805348,K00695.01,CONFIRMED,588.0,4.8475,29.90721859,45.0,0.000559517054536,4.437512437810971,1.3277880074991089e-05,11.677110402310168,1.4811408677761762e-05,0.0,19.0,18.0,60|1800,pdcsap_flux,65211.0,0.0,29.424423230811957,29.0,0.0067535256098406,1.0,0.0399165784913588,,0.0,0.0,1753.0,201.0,201.0,9.0,1.192191346740774e-05,3.606559247470997e-05,0.4919348582526407,3.6621826132621216e-05,-0.4839495923693266,0.0,,0.0,,,
8808064,K08169.01,FALSE POSITIVE,512.7,10.857,447.97028,3.0,0.0004048041673614,1.2963582089552197,-0.0001099794692647,1.2130431449958752,0.0003822022219829,0.0,17.0,17.0,1800,pdcsap_flux,64724.0,0.0,29.4244175311178,67.0,0.0010098326165744,1.0,0.0060101353439218,,0.0,0.0,261.0,200.0,199.0,1.0,9.38338827223612e-05,0.0002815386408362,0.1681352838403692,0.0004341530841154,-0.2660927412866536,0.0,,0.0,,,
8822366,K01282.01,CONFIRMED,256.5,8.864,30.8639476,47.0,0.0002543665453706,7.4087164179104175,2.161141781786835e-05,9.925576208205,1.7668838281248433e-05,3.025837899817141e-05,33.0,18.0,60|1800,pdcsap_flux,65214.0,0.0,29.424448376521468,55.0,0.0119664969018199,1.0,0.0742018584966418,,0.0,0.0,3225.0,201.0,201.0,16.0,7.234153742980109e-06,3.025837899817141e-05,0.155169488757162,3.335560065931276e-05,0.1476904281935245,3.025837899817141e-05,0.155169488757162,0.0,,,
8823868,K00081.01,FALSE POSITIVE,1611.7,9.3113,23.8761144,57.0,0.0016042678098961,8.523777114427892,-1.764715928376237e-05,76.35905133249426,5.0086779522673375e-05,0.0048190791959583,27.0,18.0,60|1800,pdcsap_flux,65258.0,0.0,29.42444854415953,57.0,0.0162493287992175,1.0,0.098164209752061,,0.0,0.0,4231.0,201.0,201.0,21.0,5.161083038136937e-06,0.0048190791959583,-0.4983009437278572,0.0048190791959583,-0.4983009437278572,0.0048190791959583,-0.4983009437278572,0.0,,,
8845574,K01734.01,FALSE POSITIVE,787.5,2.058,1.878156188,696.0,0.0007285577493779,1.269611940298507,-0.0001016238388095,7.706622908925204,5.191622072187041e-05,0.0001519196254181,16.0,16.0,1800,pdcsap_flux,63136.0,0.0,29.42439706879668,13.0,0.0456564797687635,1.0,0.273932463253928,,0.0,0.0,11530.0,201.0,201.0,57.0,3.706988814232832e-05,0.0001519196254181,-0.4977778997165977,0.0001519196254181,-0.4977778997165977,0.0001519196254181,-0.4977778997165977,0.0,,,
8848115,K07101.01,FALSE POSITIVE,618.6,1.383,0.82484293,329.0,0.0005908954655252,1.1008955223880612,-4.359435858236616e-05,16.79550167513983,3.2588180975956504e-07,8.512068393828898e-05,4.0,4.0,1800,pdcsap_flux,13454.0,0.0,29.42416991922073,9.0,0.0698617856856698,1.0,0.4184629106585402,,0.0,0.0,3741.0,201.0,201.0,19.0,1.1610133541204047e-05,8.512068393828898e-05,-0.4934503569983992,8.512068393828898e-05,-0.4934503569983992,8.512068393828898e-05,-0.4934503569983992,0.0,,,
8866137,K02074.01,CONFIRMED,1166.8,4.645,33.4178173,37.0,0.001083770231944,2.9580099502487656,0.0001036295642211,4.467676437326727,0.0001866143212772,0.0,17.0,17.0,1800,pdcsap_flux,64721.0,0.0,29.424407551414333,29.0,0.0057915711528731,1.0,0.0344246844146413,,0.0,0.0,1377.0,200.0,200.0,7.0,5.761995136844633e-05,0.0,,0.0,,0.0,,0.0,,,
8878187,K00697.01,CONFIRMED,488.6,3.8627,3.032147946,216.0,0.0004712872905571,3.3822646766169173,-3.2868806815189444e-06,16.05438525922813,6.653828064306921e-06,0.0,23.0,8.0,60|1800,pdcsap_flux,31329.0,0.0,29.424433456733823,23.0,0.053079808835071,1.0,0.320789045293498,,0.0,0.0,6725.0,201.0,201.0,34.0,6.996451074577892e-06,2.11201993401966e-05,0.3824740142021261,2.11201993401966e-05,0.3824740142021261,0.0,,0.0,,,
8883329,K02595.01,CONFIRMED,87.6,4.318,9.18244299,143.0,7.607956678268302e-05,0.8593034825870647,-7.078248334013715e-06,2.570622483105511,1.33998973284033e-06,0.0,30.0,17.0,60|1800,pdcsap_flux,64728.0,0.0,29.424430606886744,27.0,0.0195935511783304,2.0,0.1574898034853541,,1.0,0.046734025460388,4967.0,201.0,201.0,25.0,7.407949705570216e-06,2.550202784534772e-05,-0.4982789866076918,2.550202784534772e-05,-0.4982789866076918,0.0,,0.046734025460388,,,
8883329,K02595.02,CONFIRMED,72.8,5.266,14.6134781,92.0,7.718649842902714e-05,0.733572139303484,1.8610431647969605e-05,3.0153334033490102,2.317159065090557e-05,0.0,30.0,17.0,60|1800,pdcsap_flux,64728.0,0.0,29.424430606886744,33.0,0.0150146778997579,2.0,0.1445124212087504,,1.0,0.0575485106908911,4016.0,201.0,201.0,20.0,7.464118544526998e-06,0.0,,0.0,,0.0,,0.0575485106908911,,,
8892303,K02688.01,CONFIRMED,7680.0,1.139,5.424749327,142.0,0.0072729026238652,0.9066666666666722,-0.0005857723538233,10.209135522069063,0.0004109763607039,0.0,10.0,10.0,1800,pdcsap_flux,37434.0,0.0,29.424509229138494,7.0,0.0087484841183581,1.0,0.0525458139659133,,0.0,0.0,1305.0,201.0,201.0,6.0,0.00012591653194,0.0005210658255476,0.2644328888079516,0.0005210658255476,0.2644328888079516,0.0,,0.0,,,
8940918,K04784.01,FALSE POSITIVE,216.0,1.184,1.405887031,943.0,0.0002433619587873,0.2120597014925356,-1.4492781555963674e-06,3.466021158621977,8.435897855396668e-05,0.0,17.0,17.0,1800,pdcsap_flux,64783.0,0.0,29.4244156870991,7.0,0.0350905387456649,1.0,0.2103175215720173,,0.0,0.0,9023.0,201.0,201.0,44.0,1.946943356407056e-05,0.0,,0.0,,0.0,,0.0,,,
8940961,K07110.01,FALSE POSITIVE,177074.0,4.4854,1.583334941,848.0,0.1502940198495111,2.499327363184085,-0.0040422763156298,270.41644287532506,0.1106833286804018,0.0,17.0,17.0,1800,pdcsap_flux,64792.0,0.0,29.4244156870991,27.0,0.1180367222545028,1.0,0.7082047166316829,,0.0,0.0,30635.0,201.0,201.0,153.0,0.0004596508292296,0.0,,0.0,,0.0,,0.0,,,
8950853,K01412.01,CONFIRMED,412.5,9.109,37.8145252,37.0,0.0003962966432976,7.976039800995013,-1.194421173145166e-05,8.667414187897137,5.6036251156577066e-05,0.0,19.0,18.0,60|1800,pdcsap_flux,65239.0,0.0,29.42444200103637,55.0,0.0100369279968287,1.0,0.0609757966860313,,0.0,0.0,2616.0,201.0,201.0,13.0,1.3832796158945726e-05,4.793611010101007e-05,-0.4335039191953961,4.793611010101007e-05,-0.4335039191953961,0.0,,0.0,,,
8953059,K06062.01,FALSE POSITIVE,40110.4,5.1339,5.499941387,250.0,0.0395160237064987,3.882352238805944,-0.0005783611090692,344.2760100493537,0.0001227393470123,0.0,20.0,17.0,60|1800,pdcsap_flux,64797.0,0.0,29.424430606886744,31.0,0.0388935963037018,1.0,0.2326342268932203,,0.0,0.0,10126.0,201.0,201.0,50.0,3.444637648959701e-05,0.000470914360255,0.4285911786951681,0.000470914360255,0.4285911786951681,0.0,,0.0,,,
8953281,K07112.01,FALSE POSITIVE,254.7,2.952,0.78430061,261.0,0.0002876259967381,0.8811940298507486,1.1159714107256136e-06,3.1105348158167523,5.010364286561764e-05,0.0,3.0,3.0,1800,pdcsap_flux,9817.0,0.0,29.42391980846878,19.0,0.1568276225107105,1.0,0.4697972904145869,primary_only,0.0,0.0,6162.0,201.0,201.0,31.0,5.454412106566671e-05,0.0,,0.0,,0.0,,0.0,,,
8953475,K07114.01,FALSE POSITIVE,40.8,5.771,2.6658312,265.0,3.872723625519825e-05,0.8039203980099452,-9.891056763744466e-06,1.5520092395037393,7.742604146709908e-08,0.0,10.0,10.0,1800,pdcsap_flux,33751.0,0.0,29.42371596058365,35.0,0.0902001347022022,1.0,0.5421468993511304,,0.0,0.0,12237.0,201.0,201.0,61.0,5.689783585345242e-06,0.0,,0.0,,0.0,,0.0,,,
8957954,K06189.01,FALSE POSITIVE,253149.0,4.87581,2.179924994,617.0,0.2203725735662481,2.716869253731361,-0.0067637382184172,1995.816731635746,0.0053317140268475,0.0,17.0,17.0,1800,pdcsap_flux,64793.0,0.0,29.424435457913205,29.0,0.0931952936725675,1.0,0.5589647029771735,,0.0,0.0,24239.0,201.0,201.0,121.0,0.0001332399513514,0.0,,0.0,,0.0,,0.0,,,
8958035,K01391.01,FALSE POSITIVE,7609.5,1.8071,7.981187121,171.0,0.0067514736396138,1.1148278606965103,0.000109704087549,101.00855440742728,3.209598695508298e-05,0.0,32.0,17.0,60|1800,pdcsap_flux,64788.0,0.0,29.424435468390584,11.0,0.0094341646413997,1.0,0.0575106501203926,,0.0,0.0,2496.0,201.0,201.0,13.0,1.774035779482358e-05,5.3562854446020935e-05,-0.4705121802066186,5.3562854446020935e-05,-0.4705121802066186,0.0,,0.0,,,
8972058,K00159.01,CONFIRMED,469.7,4.2447,8.99088621,147.0,0.0004517611082879,3.716752238805952,-1.8677367883079832e-05,17.76475299695998,3.84578595191698e-06,0.0,31.0,18.0,60|1800,pdcsap_flux,65237.0,0.0,29.424454914405946,25.0,0.0196713089087132,2.0,0.1800818553888131,,1.0,0.0722442785535815,5043.0,201.0,201.0,26.0,7.73260662426458e-06,2.4016630034595643e-05,-0.4483454861929498,2.4016630034595643e-05,-0.4483454861929498,0.0,,0.0722442785535815,,,
8972058,K00159.02,CONFIRMED,74.9,1.4012,2.403640701,524.0,5.942469684894203e-05,0.3624995024875644,5.213385004587678e-06,2.220668109320321,2.0820019323020134e-06,0.0,31.0,18.0,60|1800,pdcsap_flux,65237.0,0.0,29.424454914405946,9.0,0.0242895426546254,2.0,0.194920060701749,,1.0,0.0578199488020601,6276.0,201.0,201.0,31.0,6.718775467947635e-06,0.0,,0.0,,0.0,,0.0578199488020601,,,
8973129,K02286.01,CONFIRMED,532.6,3.056,24.1738244,57.0,0.0004684596486176,1.8244776119403028,3.058532985289464e-05,3.1209359993154746,0.0001016295204721,0.0,17.0,17.0,1800,pdcsap_flux,64756.0,0.0,29.424441335722804,19.0,0.00526740540621,1.0,0.0318117240101303,,0.0,0.0,1403.0,201.0,201.0,5.0,4.181896083293429e-05,0.0,,0.0,,0.0,,0.0,,,
8984755,K04664.01,FALSE POSITIVE,68.4,1.295,0.734573766,1822.0,6.988449486222681e-05,0.1288557213930351,2.4210060030060987e-06,2.021920293301048,9.26350101981832e-06,3.0747767164163164e-05,17.0,17.0,1800,pdcsap_flux,64771.0,0.0,29.42444753833115,7.0,0.0734552958883278,1.0,0.4405675379413626,,0.0,0.0,19051.0,201.0,201.0,95.0,8.603636737454233e-06,3.0747767164163164e-05,-0.4949918819725653,3.0747767164163164e-05,-0.4949918819725653,3.0747767164163164e-05,-0.4949918819725653,0.0,,,
9007918,K07122.01,FALSE POSITIVE,151432.0,3.82527,1.387206724,967.0,0.1329167839835812,2.13149373134328,-0.0045365146097879,19.47405722370455,0.0001819601234136,0.0,22.0,18.0,60|1800,pdcsap_flux,65261.0,0.0,29.42442506959196,23.0,0.1148972588169202,1.0,0.6894776359540921,,0.0,0.0,29947.0,201.0,201.0,150.0,0.0067020714031443,0.0,,0.0,,0.0,,0.0,,,
9009953,K04014.01,CONFIRMED,464.1,12.925,234.240739,6.0,0.0004400577948022,5.915920398009916,-3.6223446871486153e-05,4.622016485754931,7.00509174578201e-05,0.0002782673414468,17.0,17.0,1800,pdcsap_flux,64754.0,0.0,29.42441651481204,79.0,0.0022990948071875,1.0,0.0143620471322234,,0.0,0.0,629.0,201.0,201.0,3.0,2.6015520064845356e-05,0.0002782673414468,-0.1151670627579213,0.0002782673414468,-0.1151670627579213,0.0002782673414468,-0.1151670627579213,0.0,,,
9011874,K04369.01,FALSE POSITIVE,,25.28,361.54561249,,0.0005661401473515,5.533930348258714,0.0001219266895965,1.0545729469715226,0.0006527708318551,0.0007236289523654,16.0,16.0,1800,pdcsap_flux,63135.0,0.0,29.42437562160194,155.0,0.0029134175521559,1.0,0.0164251207729468,,0.0,0.0,762.0,201.0,201.0,4.0,0.0001085230330168,0.0004916608194633,-0.4154854094466818,0.0014474807850931,-0.3051397196587764,0.0007236289523654,-0.3014979477185815,0.0,,,
9027841,K04266.01,FALSE POSITIVE,975.6,0.5421,0.503999678,2652.0,0.0008555786325235,0.4746746268656687,9.966861812094052e-06,10.066965846406982,1.2181061820437655e-05,0.0003739241062133,17.0,17.0,1800,pdcsap_flux,64752.0,0.0,29.42443613894284,5.0,0.0448164968867301,1.0,0.2686866814924635,,0.0,0.0,11585.0,201.0,201.0,59.0,1.3145422325371023e-05,0.0003739241062133,0.4990678707453588,0.0003739241062133,0.4990678707453588,0.0003739241062133,0.4990678707453588,0.0,,,
9049550,K05606.01,FALSE POSITIVE,79201.0,1.9948,23.81490574,3.0,,,,,,0.0,1.0,1.0,1800,pdcsap_flux,3524.0,0.0,29.42426648922265,13.0,0.0034901110915195,1.0,0.0181611804767309,,0.0,0.0,40.0,198.0,31.0,0.0,0.000157795696577,0.0005679055987404,0.4978136902771389,0.0005679055987404,0.4978136902771389,0.0,,0.0,,,
9049673,K03799.01,FALSE POSITIVE,5673.8,5.2334,1.327471395,861.0,0.0077150022251911,2.707828855721378,-0.0001846418556564,53.4806125239376,0.0002651424718586,0.000536785885209,14.0,14.0,1800,pdcsap_flux,54965.0,0.0,29.424488185322843,33.0,0.1642659375973471,1.0,0.4932229600654962,primary_only,0.0,0.0,36126.0,201.0,201.0,182.0,0.0001541017831133,0.000536785885209,-0.4866153777245611,0.000536785885209,-0.4866153777245611,0.000536785885209,-0.4866153777245611,0.0,,,
9083564,K03249.01,FALSE POSITIVE,56.7,3.533,0.918420801,754.0,6.20002251990881e-05,2.0389452736318407,-1.1028105622479243e-05,5.39904649468717,1.4352022925878671e-05,0.0,10.0,10.0,1800,pdcsap_flux,33893.0,0.0,29.423730089329183,21.0,0.1602841890918075,1.0,0.4798926031923996,primary_only,0.0,0.0,21695.0,201.0,201.0,108.0,5.881177436108631e-06,0.0,,0.0,,0.0,,0.0,,,
9086001,K04821.01,FALSE POSITIVE,126.1,9.07,256.52387,,9.04977639806237e-05,0.1804975124378112,-2.3588292920817544e-05,0.8699590696453763,1.966913074880061e-05,0.0,18.0,18.0,1800,pdcsap_flux,65192.0,0.0,29.424442509189248,55.0,0.0014732222255444,1.0,0.0093262977052399,,0.0,0.0,366.0,200.0,125.0,1.0,2.840635656623891e-05,9.278980497229306e-05,0.3723532334251967,0.0001013706708542,-0.0744014064711333,0.0,,0.0,,,
9093859,K08177.01,FALSE POSITIVE,74.9,7.35,3.0447752,444.0,7.19453005266768e-05,0.8776119402985039,-1.6008038287385062e-05,1.3140939708026602,2.594235318165161e-05,0.0,17.0,17.0,1800,pdcsap_flux,64713.0,0.0,29.4244363065809,45.0,0.1005821382149985,1.0,0.6037117735230942,,0.0,0.0,26074.0,201.0,201.0,98.0,1.4711171970913494e-05,0.0,,0.0,,0.0,,0.0,,,
9097892,K03809.01,FALSE POSITIVE,527.4,2.0179,1.674690886,798.0,0.0004953639766445,1.1244019900497455,-8.68732512115944e-06,29.88141570130253,2.230923801993523e-05,0.0001435650417878,18.0,18.0,1800,pdcsap_flux,65230.0,0.0,29.42445155116729,13.0,0.0502057826728189,1.0,0.301916296182738,,0.0,0.0,13086.0,201.0,201.0,65.0,5.053390294459414e-06,0.0001435650417878,-0.4979154119558479,0.0001435650417878,-0.4979154119558479,0.0001435650417878,-0.4979154119558479,0.0,,,
9114508,K08178.01,FALSE POSITIVE,17283.0,35.35,256.45616,4.0,0.0153369880610678,16.88358208955225,0.0007896029808053,1.2363455788801734,0.0137293036045063,0.0,14.0,14.0,1800,pdcsap_flux,54909.0,0.0,29.424490113160573,217.0,0.0057433468030819,1.0,0.0328907829317598,,0.0,0.0,1197.0,201.0,201.0,6.0,0.0070415734162392,0.0,,0.0,,0.0,,0.0,,,
9115681,K01865.01,FALSE POSITIVE,176.1,4.414,1.86390886,724.0,0.000149201005656,1.7568159203980116,3.1531839541631967e-06,6.622833589262763,6.698170993302277e-06,0.0,18.0,18.0,1800,pdcsap_flux,65257.0,0.0,29.424458602443337,27.0,0.0986725642082449,1.0,0.5918292290482247,,0.0,0.0,25781.0,201.0,201.0,128.0,8.31511981247992e-06,0.0,,0.0,,0.0,,0.0,,,
9117123,K05619.01,FALSE POSITIVE,,2.78,2.16402661,618.0,0.0011162616095321,0.2212935323383074,0.0008778975676031,0.3482026135371671,0.0010815970310085,0.0,17.0,17.0,1800,pdcsap_flux,64779.0,0.0,29.42444719781633,17.0,0.0535267601600025,1.0,0.3220642492165671,,0.0,0.0,13888.0,201.0,201.0,70.0,0.0003329149087261,0.0014604154823697,0.4835846938839787,0.0014604154823697,0.4835846938839787,0.0,,0.0,,,
9143254,K01386.01,FALSE POSITIVE,18006.1,2.68228,1.137525054,1179.0,0.0160351399261208,1.4946037810945254,-0.0004129878300836,234.25247582015987,0.0019447057769912,0.0,26.0,17.0,60|1800,pdcsap_flux,64787.0,0.0,29.424413418746557,17.0,0.0982498506504689,1.0,0.5890687946655965,,0.0,0.0,25448.0,201.0,201.0,124.0,3.130974240379345e-05,9.509224550641182e-05,-0.2175152948892674,9.509224550641182e-05,-0.2175152948892674,0.0,,0.0,,,
9157634,K00526.01,CONFIRMED,905.5,1.7547,2.104721971,632.0,0.0008705374047719,1.5015343283582103,2.335917928508735e-05,20.771139376841447,5.2041679087899695e-05,0.0,17.0,17.0,1800,pdcsap_flux,64761.0,0.0,29.424433624371886,11.0,0.0347373672187508,1.0,0.2100029338645172,,0.0,0.0,8896.0,201.0,201.0,22.0,8.674336331794685e-06,0.0,,0.0,,0.0,,0.0,,,
9159265,K03877.01,FALSE POSITIVE,272.6,9.568,3.04476607,448.0,0.0002245621722382,4.569791044776082,-1.062924908534768e-05,9.10421429375175,5.7750570030545845e-06,1.6005814786668182e-05,17.0,17.0,1800,pdcsap_flux,64729.0,0.0,29.424436474218965,59.0,0.1309350726792179,1.0,0.3938883653385654,primary_only,0.0,0.0,33924.0,201.0,201.0,155.0,3.716176064002141e-06,1.6005814786668182e-05,-0.492604935986225,1.6005814786668182e-05,-0.492604935986225,1.6005814786668182e-05,-0.492604935986225,0.0,,,
9164836,K00213.01,FALSE POSITIVE,69850.7,5.27958,48.118812545,30.0,,,,,,0.0043752440417124,21.0,17.0,60|1800,pdcsap_flux,64536.0,0.0,29.42443865351379,33.0,0.0045716527147106,1.0,0.02550514441552,,0.0,0.0,1030.0,201.0,164.0,5.0,2.9486999844465344e-05,0.0002214695277176,0.1560324963604561,0.0043752440417124,-0.2599879006782009,0.0043752440417124,-0.2599879006782009,0.0,,,
9205938,K02162.01,CONFIRMED,338.2,7.989,108.593113,12.0,0.0003109896133134,3.338686567164185,-2.4750318462496423e-05,3.1078689109881927,2.214022511393132e-05,0.0,17.0,17.0,1800,pdcsap_flux,64729.0,0.0,29.424411574727856,49.0,0.0030653417219929,2.0,0.0247493395541411,,1.0,0.0054844042083146,831.0,201.0,201.0,4.0,2.424103624386764e-05,7.526008443270449e-05,0.0122958961486657,8.805301197056803e-05,0.373239883913322,0.0,,0.0054844042083146,,,
9205938,K02162.02,CONFIRMED,251.9,8.996,199.66876,7.0,0.0002179760958945,1.6112238805970245,-1.7805010848470637e-05,1.8530603610439595,3.536557424033138e-05,0.0,17.0,17.0,1800,pdcsap_flux,64729.0,0.0,29.424411574727856,55.0,0.0018772758108646,2.0,0.0206398986543898,,1.0,0.0096865392636994,472.0,200.0,195.0,2.0,2.859205711484105e-05,9.465564670840808e-05,0.4074622757055799,9.465564670840808e-05,0.4074622757055799,0.0,,0.0096865392636994,,,
9207508,K07146.01,FALSE POSITIVE,561687.0,8.17997,2.015152464,0.0,,,,,,,,,,,,,,,,,,,,,,,,,,,,,,,,,,koi_num_transits is 0,precheck
9210387,K02416.01,CONFIRMED,340.7,2.409,5.90608902,226.0,0.0004094835743906,0.3835223880597025,-6.364261331970322e-05,1.8486748086527536,8.680529723770203e-05,0.0,17.0,17.0,1800,pdcsap_flux,64675.0,0.0,29.4244172796607,15.0,0.0169951722129647,1.0,0.1026053343641283,,0.0,0.0,4351.0,201.0,201.0,22.0,6.25921663795719e-05,0.0,,0.0,,0.0,,0.0,,,
9210823,K00090.01,FALSE POSITIVE,132.3,1.737,0.828206212,1616.0,0.0001309014208835,1.3481194029850754,3.299277242740928e-06,10.66826884525526,3.066976286603129e-05,0.0,21.0,18.0,60|1800,pdcsap_flux,65251.0,0.0,29.42443135601934,11.0,0.0873876565417502,1.0,0.5238233896798516,,0.0,0.0,22825.0,201.0,201.0,114.0,3.0656398200798794e-06,0.0,,0.0,,0.0,,0.0,,,
9214712,K06064.01,FALSE POSITIVE,100158.0,8.8452,265.2996227,5.0,,,,,,0.0,16.0,16.0,1800,pdcsap_flux,63039.0,0.0,29.42438014259096,55.0,0.0013891840336944,2.0,0.0093751487174606,,1.0,0.0018401307127333,288.0,201.0,161.0,1.0,0.0001198289359708,0.0003903725237724,0.019394163791847,0.0005169474844101,0.4062819171757387,0.0,,0.0018401307127333,,,
9214712,K06064.02,FALSE POSITIVE,4946.0,4.563,265.299451,5.0,0.0046748455017394,0.1816119402985059,-9.796167216569174e-05,9.091599702763116,0.0006382345407823,0.0,16.0,16.0,1800,pdcsap_flux,63039.0,0.0,29.42438014259096,27.0,0.0007166430208707,2.0,0.0071701645013404,,1.0,0.0031250495724868,158.0,199.0,109.0,1.0,0.0001592792323952,0.0004781639509174,0.0931276152152978,0.0005910391073664,0.1151643881070748,0.0,,0.0031250495724868,,,
9225395,K02107.01,CONFIRMED,715.5,5.807,81.3153052,15.0,0.0006559668430425,1.733432835820894,-2.5781821993975385e-05,3.047763362117082,0.0002403896834691,0.0,17.0,17.0,1800,pdcsap_flux,64743.0,0.0,29.42443764768541,35.0,0.0029755570951645,1.0,0.0177316466645042,,0.0,0.0,745.0,201.0,196.0,4.0,4.969729532163565e-05,0.0001681167299347,-0.0584603234496757,0.0001681167299347,-0.0584603234496757,0.0,,0.0,,,
9244508,K02830.01,CONFIRMED,360.7,10.604,40.5289885,34.0,0.0003145940351049,7.807920398009987,-3.297672044622057e-05,4.504179848575421,2.174992205750126e-05,0.0,17.0,17.0,1800,pdcsap_flux,64761.0,0.0,29.42444753833115,65.0,0.0109016619877728,1.0,0.0646839919087104,,0.0,0.0,2854.0,201.0,201.0,15.0,2.029975275092095e-05,0.0,,0.0,,0.0,,0.0,,,
9271739,K05648.01,FALSE POSITIVE,1210.0,8.618,575.95408,,0.0006483273065417,0.3430049751243763,0.0003984792770365,1.3262557431969253,1.3893020171074076e-05,0.0008062944432147,15.0,15.0,1800,pdcsap_flux,58993.0,0.0,29.424478462315165,53.0,0.0006234582682934,1.0,0.0041191327784652,,0.0,0.0,207.0,201.0,148.0,1.0,0.0001856015685556,0.0008062944432147,0.2509670971939331,0.0011112871786412,0.2487070609713688,0.0008062944432147,0.2509670971939331,0.0,,,
9289960,K06197.01,FALSE POSITIVE,,1.32,0.53345831,2502.0,-1.8549451277216637e-05,0.0788059701492542,0.0002793347029514,-0.0077551781171844,0.0004149502528365,0.0,18.0,18.0,1800,pdcsap_flux,65262.0,0.0,29.42444987478666,9.0,0.1031008402512278,1.0,0.6187061383347124,,0.0,0.0,26915.0,201.0,201.0,134.0,0.0001132117988236,0.0004375859113558,0.3634848073421329,0.0004674632388794,0.4408104375305539,0.0,,0.0,,,
9291368,K07155.01,FALSE POSITIVE,522879.0,11.5917,3.796448299,0.0,,,,,,,,,,,,,,,,,,,,,,,,,,,,,,,,,,koi_num_transits is 0,precheck
9291368,K07155.02,FALSE POSITIVE,70781.0,11.4071,3.79654367,26.0,0.0710595229171588,7.264222885572166,0.0010332527713381,6.708242947925201,0.0008055401049545,0.0,2.0,2.0,1800,pdcsap_flux,4818.0,0.0,29.424692625179887,69.0,0.1251917203242214,2.0,0.386052303860523,primary_only,1.0,0.3700705687007057,2473.0,201.0,201.0,12.0,0.0030118032729372,0.0,,0.0,,0.0,,0.3700705687007057,,,
9291748,K07156.01,FALSE POSITIVE,394232.0,11.5142,15.926990634,81.0,0.3471690888826683,6.415872636815877,-0.0099703654516858,856.2704227980554,0.0005583342272396,0.0130812054991746,16.0,16.0,1800,pdcsap_flux,63169.0,0.0,29.42439079284668,71.0,0.0301223466728971,1.0,0.1815447450489955,,0.0,0.0,7459.0,201.0,201.0,37.0,6.742827774935546e-05,0.0130812054991746,0.4899732765694681,0.0130812054991746,0.4899732765694681,0.0130812054991746,0.4899732765694681,0.0,,,
9305012,K04416.01,FALSE POSITIVE,514.0,3.522,56.898749,,0.0004750928473984,0.2102686567164156,-0.0002312774884062,0.9163368254763938,0.0004883694060784,0.0,17.0,17.0,1800,pdcsap_flux,64797.0,0.0,29.424445269978605,21.0,0.0025791428208729,1.0,0.0154636788740219,,0.0,0.0,626.0,201.0,172.0,4.0,0.0001102024649122,0.000404721776635,0.0077715813895105,0.000404721776635,0.0077715813895105,0.0,,0.0,,,
9307966,K04910.01,FALSE POSITIVE,53.8,3.085,3.37487541,199.0,3.358136224729247e-05,0.3683582089552254,-4.898732138602924e-06,0.5475911829942718,5.608234300902293e-05,0.0,17.0,17.0,1800,pdcsap_flux,64514.0,0.0,29.424440319417045,19.0,0.0380878257863352,1.0,0.2279815233902719,,0.0,0.0,9838.0,201.0,201.0,49.0,1.5725568384987374e-05,0.0,,0.0,,0.0,,0.0,,,
9343862,K06201.01,FALSE POSITIVE,377575.0,4.27355,1.123258617,0.0,,,,,,,,,,,,,,,,,,,,,,,,,,,,,,,,,,koi_num_transits is 0,precheck
9346253,K01388.01,FALSE POSITIVE,28450.4,9.6114,34.064566412,41.0,0.0279351602040481,7.268322388059671,-0.0005041058885995,235.5146742908081,0.0001643020830821,0.0004003480127063,17.0,17.0,1800,pdcsap_flux,64789.0,0.0,29.42443437350448,59.0,0.0117563510175466,1.0,0.0714781830248962,,0.0,0.0,3020.0,201.0,201.0,14.0,3.6980490675111465e-05,0.0004003480127063,-0.2971692859321589,0.0004003480127063,-0.2971692859321589,0.0004003480127063,-0.2971692859321589,0.0,,,
9347066,K07933.01,FALSE POSITIVE,115.7,2.952,20.004714,68.0,0.0001241521255394,0.4699701492537333,3.899748572078199e-05,1.0079236948467472,9.35479063968181e-06,0.0,17.0,17.0,1800,pdcsap_flux,64794.0,0.0,29.42443429492414,19.0,0.0061485507865796,1.0,0.037858443683057,,0.0,0.0,1606.0,201.0,201.0,9.0,3.341906710053224e-05,0.0001010897915389,0.1279602786343305,0.0001194293260031,0.4999476012223963,0.0,,0.0,,,
9353182,K07164.01,FALSE POSITIVE,120206.0,7.77203,10.476258265,126.0,0.117210917680629,4.949352437810946,-0.0035700918657057,3565.639630786506,0.0003250946984938,0.0068650436678951,19.0,18.0,60|1800,pdcsap_flux,65262.0,0.0,29.424450210062787,47.0,0.0309112829353613,1.0,0.1831540559590573,,0.0,0.0,7864.0,201.0,201.0,39.0,1.286526777848117e-05,0.0068650436678951,-0.4767710462417286,0.0068650436678951,-0.4767710462417286,0.0068650436678951,-0.4767710462417286,0.0,,,
9357275,K07165.01,FALSE POSITIVE,165034.0,4.37027,1.588298157,673.0,0.1405354871476976,2.261234228855738,-0.0049085716985122,14.623929348587938,0.0003867503717399,0.0386759343003725,19.0,15.0,60|1800,pdcsap_flux,52201.0,0.0,29.424805780872703,27.0,0.1146476072712167,1.0,0.6880711097488554,,0.0,0.0,23893.0,201.0,201.0,119.0,0.0102348543283041,0.0386759343003725,-0.4983781447662853,0.0386759343003725,-0.4983781447662853,0.0386759343003725,-0.4983781447662853,0.0,,,
9366617,K04215.01,CONFIRMED,142.0,7.968,26.5487294,52.0,0.0001215799090295,1.7442388059701424,-1.347992969147338e-05,2.0857875802523527,6.414964647727395e-05,0.0,17.0,17.0,1800,pdcsap_flux,64732.0,0.0,29.424447203055024,49.0,0.0125053065628067,1.0,0.0736575418649199,,0.0,0.0,3306.0,201.0,201.0,17.0,1.3994906380680729e-05,0.0,,0.0,,0.0,,0.0,,,
9366886,K02901.01,FALSE POSITIVE,179.1,1.2792,0.633514386,2109.0,0.0001814318304071,0.53459104477612,-3.9122579318262574e-05,3.168804962650414,3.154797041760027e-05,0.0,17.0,17.0,1800,pdcsap_flux,64795.0,0.0,29.42444561049342,7.0,0.0841338431736891,1.0,0.504236437996759,,0.0,0.0,21674.0,201.0,201.0,102.0,2.243725009428932e-05,0.0,,0.0,,0.0,,0.0,,,
9366988,K03597.01,FALSE POSITIVE,95697.0,2.4494,1.219034103,639.0,0.0911570965606471,1.5598169154228851,-0.0014794887994219,58.70253316347394,3.15056659898616e-05,0.0055519108075321,10.0,10.0,1800,pdcsap_flux,37877.0,0.0,29.42448601126671,15.0,0.0837206548054491,1.0,0.5025741214985348,,0.0,0.0,12672.0,201.0,201.0,63.0,0.0008072417584291,0.0055519108075321,-0.4976562839032094,0.0055519108075321,-0.4976562839032094,0.0055519108075321,-0.4976562839032094,0.0,,,
9390653,K00249.01,CONFIRMED,1826.9,1.5832,9.549277089,138.0,0.0017801018468287,1.2602587064676565,7.035085477258285e-05,17.91458089671109,0.0001168584025337,0.0,38.0,17.0,60|1800,pdcsap_flux,64772.0,0.0,29.42440830054693,9.0,0.0069080272833066,1.0,0.0411134440807756,,0.0,0.0,1761.0,201.0,201.0,8.0,2.189325693288797e-05,0.0,,0.0,,0.0,,0.0,,,
9392702,K07167.01,FALSE POSITIVE,97123.4,5.36124,3.909314318,208.0,0.0880302436129187,2.98735761194031,-0.0029269204421099,629.6488497185956,0.000219180021217,0.0051457606839155,10.0,10.0,1800,pdcsap_flux,39075.0,0.0,29.42448315618094,33.0,0.0571417342860994,1.0,0.3428790786948176,,0.0,0.0,8929.0,201.0,201.0,45.0,2.8149477002838983e-05,0.0051457606839155,-0.4999879992944264,0.0051457606839155,-0.4999879992944264,0.0051457606839155,-0.4999879992944264,0.0,,,
9401997,K01633.01,CONFIRMED,472.2,4.561,32.2964275,43.0,0.0004681848288238,1.5430248756218896,2.307719613570125e-05,2.3653737554133545,3.103167012130648e-05,0.0,17.0,17.0,1800,pdcsap_flux,64784.0,0.0,29.424428092315797,27.0,0.005884293755607,1.0,0.0361663373672511,,0.0,0.0,1564.0,201.0,201.0,8.0,4.9085071612111926e-05,0.0001699115137145,0.2377550758151983,0.0001699115137145,0.2377550758151983,0.0,,0.0,,,
9402583,K04168.01,FALSE POSITIVE,159.5,2.918,0.536544193,2438.0,0.0001664106055663,2.0324378109452743,5.516383256187751e-06,3.979396026393965,4.056419487374896e-05,,16.0,16.0,1800,pdcsap_flux,63125.0,0.0,29.424384584999643,17.0,0.2266045088541911,1.0,0.6797782178217822,primary_only,0.0,0.0,57211.0,201.0,201.0,285.0,,,,,,,,0.0,blanking covers 0.91 of the orbit,,
9405595,K02125.01,CONFIRMED,570.1,5.389,23.3593589,59.0,0.0005603920914543,2.4666069651741456,2.851846082674303e-05,4.880722375940309,7.315816530484298e-05,0.0,17.0,17.0,1800,pdcsap_flux,64777.0,0.0,29.424432440428063,33.0,0.0096124926898857,1.0,0.0598051777637124,,0.0,0.0,2556.0,201.0,201.0,13.0,3.195704689762331e-05,0.0001055224672816,-0.393036935096017,0.0001267050074611,-0.3690057033713028,0.0,,0.0,,,
9407689,K05669.01,FALSE POSITIVE,251.9,2.227,130.110715,,0.0002060230449512,0.1329552238805957,-7.312242923440682e-05,1.059408106458669,0.0001384208814325,0.0,17.0,17.0,1800,pdcsap_flux,64756.0,0.0,29.42443479783833,13.0,0.0007131746733285,1.0,0.003922416455618,,0.0,0.0,162.0,200.0,108.0,1.0,5.624488353393871e-05,0.0001769267657429,0.1059370208222225,0.0002180023431517,-0.2752548420718539,0.0,,0.0,,,
9409493,K08182.01,FALSE POSITIVE,16650.0,20.17,60.049737,4.0,0.0404870935341993,17.25990049751252,-0.021030224436822,2.1788297356243143,0.0383636909644606,0.0396555818272162,2.0,2.0,1800,pdcsap_flux,8710.0,0.0,29.42457159049809,123.0,0.0139953430048605,1.0,0.0921928817451205,,0.0,0.0,606.0,201.0,201.0,3.0,0.0103592479905272,0.0372919603454069,0.1403326875663835,0.0396555818272162,0.175321045078535,0.0396555818272162,0.175321045078535,0.0,,,
9410930,K00196.01,CONFIRMED,10570.1,2.35672,1.855557556,725.0,0.0103152974075184,1.87599601990051,-5.7494038610439446e-05,294.2056834371828,3.5571726785477153e-05,6.100484507676196e-05,27.0,17.0,60|1800,pdcsap_flux,64790.0,0.0,29.424436474218965,15.0,0.0529203022289148,1.0,0.3167618459638833,,0.0,0.0,13739.0,201.0,201.0,68.0,8.873555134229028e-06,6.100484507676196e-05,-0.4972346705393887,6.100484507676196e-05,-0.4972346705393887,6.100484507676196e-05,-0.4972346705393887,0.0,,,
9412760,K01977.01,CONFIRMED,384.6,1.6165,9.38740646,138.0,0.0003547576809943,0.6433830845771117,1.6415085383192363e-05,5.040857975771743,5.101600750290203e-05,0.0,31.0,17.0,60|1800,pdcsap_flux,64792.0,0.0,29.4244363065809,9.0,0.0071749494339746,2.0,0.0742066921842202,,1.0,0.0328744289418446,1812.0,201.0,184.0,9.0,1.763959168832152e-05,0.0,,0.0,,0.0,,0.0328744289418446,,,
9412760,K01977.02,CONFIRMED,150.4,1.973,7.41556471,175.0,0.0001465369848158,0.5889552238805962,-4.63536327648395e-05,2.600951340813609,2.1171122612573257e-05,0.0,31.0,17.0,60|1800,pdcsap_flux,64792.0,0.0,29.4244363065809,13.0,0.0110859167909996,2.0,0.0858439313495493,,1.0,0.0208976416841585,2842.0,201.0,201.0,14.0,1.3477661884554458e-05,0.0,,0.0,,0.0,,0.0208976416841585,,,
9415108,K02121.01,CONFIRMED,294.8,2.1533,4.51005082,299.0,0.0002542742795818,0.5142208955223904,5.402308452595594e-05,2.9389441589784644,1.0829468612971738e-06,0.0,17.0,17.0,1800,pdcsap_flux,64791.0,0.0,29.42443731240928,13.0,0.0198935304532407,1.0,0.119214088376472,,0.0,0.0,5188.0,201.0,201.0,26.0,3.413587790621163e-05,0.0001967109979551,-0.4978571298379567,0.0001967109979551,-0.4978571298379567,0.0,,0.0,,,
9415172,K00938.01,CONFIRMED,994.5,3.3862,9.94602357,131.0,0.0009341630778808,2.89764378109453,-5.045908873657634e-05,8.511464396062077,1.5108274793673717e-05,0.0,17.0,17.0,1800,pdcsap_flux,64744.0,0.0,29.42443764768541,21.0,0.0141857362064009,3.0,0.327458915111825,,2.0,0.2651828740887186,3564.0,201.0,201.0,18.0,3.69097668876182e-05,0.0,,0.0,,0.0,,0.2651828740887186,,,
9415172,K00938.02,CONFIRMED,213.0,1.8955,1.04562195,1233.0,0.0002065808928922,1.4334129353233784,5.739433752149914e-06,4.344787046457909,2.701877654609497e-05,0.0,17.0,17.0,1800,pdcsap_flux,64744.0,0.0,29.42443764768541,11.0,0.0755331950201185,3.0,0.5021469170888422,,2.0,0.089599036204127,19554.0,201.0,201.0,98.0,1.644706677113685e-05,0.0,,0.0,,0.0,,0.089599036204127,,,
9415172,K00938.03,CONFIRMED,297.8,2.336,5.71462396,192.0,0.0002796682353733,0.883263681592033,-5.230604843720066e-05,2.6882469367089383,0.0001042126661668,0.0,17.0,17.0,1800,pdcsap_flux,64744.0,0.0,29.42443764768541,15.0,0.0170323251389113,3.0,0.3334826393179291,,2.0,0.2585413320153218,4346.0,201.0,201.0,22.0,3.5301792721367064e-05,0.0,,0.0,,0.0,,0.2585413320153218,,,
9426071,K00706.01,FALSE POSITIVE,43701.9,6.0624,28.714216138,45.0,0.0390456088547543,3.619343283582116,-0.00103447523323,688.2449409695838,0.0011475196338512,0.0,17.0,17.0,1800,pdcsap_flux,64795.0,0.0,29.42444334214088,37.0,0.0087970362410733,1.0,0.0523960182112817,,0.0,0.0,2220.0,201.0,201.0,11.0,1.69148331760693e-05,5.2816435730407285e-05,0.2115051252063822,5.2816435730407285e-05,0.2115051252063822,0.0,,0.0,,,
9447166,K03296.01,CONFIRMED,341.7,6.842,62.869463,20.0,0.0003265461939723,2.587024875621893,-1.2358300511383646e-05,2.7964845560261664,2.95352690646844e-05,0.0,17.0,17.0,1800,pdcsap_flux,64714.0,0.0,29.42440579645336,41.0,0.0045345278888946,1.0,0.0265784837902154,,0.0,0.0,1092.0,201.0,201.0,5.0,3.1798212863821584e-05,9.564433648612258e-05,0.0832548834978187,0.0001073174913941,0.4686897540538543,0.0,,0.0,,,
9451096,K07173.01,FALSE POSITIVE,231167.0,3.7184,1.250390814,1074.0,0.1990629285773633,2.071944278606968,-0.0075305637831535,23.2923670628906,0.0004430864909019,0.0740838825914476,19.0,18.0,60|1800,pdcsap_flux,65261.0,0.0,29.42441954277456,23.0,0.1239079267046929,1.0,0.7434302263219994,,0.0,0.0,32350.0,201.0,201.0,161.0,0.0105018965404897,0.0740838825914476,0.4993982754677838,0.0740838825914476,0.4993982754677838,0.0740838825914476,0.4993982754677838,0.0,,,
9451521,K05674.01,FALSE POSITIVE,478.7,2.819,231.521608,,0.0003348156634436,0.0560995024875618,-5.750740153664946e-05,1.3526382854620165,0.0001500688279038,0.0,17.0,17.0,1800,pdcsap_flux,64749.0,0.0,29.424409474013373,17.0,0.0005073320557333,1.0,0.0027799657137561,,0.0,0.0,106.0,200.0,74.0,0.0,8.937677276462175e-05,0.0002778444586607,0.0371044882899439,0.0004564824698712,-0.4999550108534454,0.0,,0.0,,,
9451706,K00271.01,CONFIRMED,339.8,7.0805,48.6303805,25.0,0.0003156625901616,6.481651741293508,-1.0264288977879232e-05,11.085782124158918,9.871038501807485e-06,4.962210571712866e-05,44.0,18.0,60|1800,pdcsap_flux,65256.0,0.0,29.424420883879066,43.0,0.0060665952085925,3.0,0.0945813411793551,,2.0,0.0614196395733725,1531.0,201.0,201.0,8.0,7.927929830928859e-06,3.01514371148226e-05,-0.3612264763642961,4.962210571712866e-05,0.4888551772397405,4.962210571712866e-05,0.4888551772397405,0.0614196395733725,,,
9451706,K00271.02,CONFIRMED,327.0,7.0445,29.39337161,48.0,0.0003119784723587,6.448696517412942,6.3746352901850045e-06,17.426808489894235,1.054719689219663e-05,3.1408060150117656e-05,44.0,18.0,60|1800,pdcsap_flux,65256.0,0.0,29.424420883879066,43.0,0.0099859532015535,3.0,0.1056301336275591,,2.0,0.0471374279759715,2781.0,201.0,201.0,13.0,6.780184566848257e-06,3.1408060150117656e-05,0.4549328600773241,3.1408060150117656e-05,0.4549328600773241,3.1408060150117656e-05,0.4549328600773241,0.0471374279759715,,,
9451706,K00271.03,CONFIRMED,107.3,3.414,14.4359459,90.0,0.0001044806293564,1.358805970149248,-1.55744308644179e-05,3.933384117812094,8.705058618385665e-08,1.950908410108809e-05,44.0,18.0,60|1800,pdcsap_flux,65256.0,0.0,29.424420883879066,21.0,0.0098538745562907,3.0,0.1057833762412651,,2.0,0.0492062032610028,2619.0,201.0,201.0,7.0,5.4056364184804194e-06,1.950908410108809e-05,0.1060133323844099,3.996194132316333e-05,-0.0553438634748508,1.950908410108809e-05,0.1060133323844099,0.0492062032610028,,,
9455526,K05676.01,FALSE POSITIVE,326.1,3.435,60.0546149,,0.0002145306751298,0.2050746268656711,-6.624692850265568e-05,1.5577124751653275,0.0001127928186888,0.0002138017120462,18.0,18.0,1800,pdcsap_flux,65246.0,0.0,29.42442926578224,21.0,0.0023832473197659,1.0,0.0142690739662201,,0.0,0.0,634.0,198.0,123.0,2.0,4.045103005002635e-05,0.0002138017120462,-0.4984953703727907,0.0002138017120462,-0.4984953703727907,0.0002138017120462,-0.4984953703727907,0.0,,,
9467404,K02717.01,CONFIRMED,108.7,1.743,0.929906166,1440.0,0.0001024882377358,1.5262089552238765,-7.230400152047345e-06,11.75289230132817,3.090381540116205e-06,0.0,18.0,18.0,1800,pdcsap_flux,65176.0,0.0,29.42444804124534,11.0,0.0780992778146607,1.0,0.4688228795875782,,0.0,0.0,20357.0,201.0,201.0,101.0,2.767378031828816e-06,0.0,,0.0,,0.0,,0.0,,,
9468717,K01954.01,FALSE POSITIVE,125.0,2.883,7.37339245,183.0,0.00010622115082,1.721194029850749,8.495337240344014e-07,6.485752958332264,6.24203741139695e-07,2.8313420983860915e-05,18.0,18.0,1800,pdcsap_flux,65220.0,0.0,29.42444770596921,17.0,0.016291686739121,1.0,0.0974701011959521,,0.0,0.0,4283.0,201.0,201.0,23.0,4.0896364319071175e-06,2.8313420983860915e-05,-0.4990282693569519,2.8313420983860915e-05,-0.4990282693569519,2.8313420983860915e-05,-0.4990282693569519,0.0,,,
9472074,K02735.01,CONFIRMED,280.9,0.7918,0.558841234,2391.0,0.0002094903940776,0.409687562189057,-5.892546531938159e-06,3.702001351237703,5.764928035389971e-06,0.0,17.0,17.0,1800,pdcsap_flux,64784.0,0.0,29.424436474218965,5.0,0.059035848930694,1.0,0.3540997777228945,,0.0,0.0,15306.0,201.0,201.0,76.0,1.6985872798934154e-05,6.287144536076816e-05,0.3043844148828544,6.287144536076816e-05,0.3043844148828544,0.0,,0.0,,,
9480310,K01470.01,CONFIRMED,1785.9,4.2572,15.43400996,58.0,0.0017284368451521,3.5582567164179317,-0.0002031146257807,8.765228169669852,8.38725386991257e-05,0.0,11.0,11.0,1800,pdcsap_flux,41854.0,0.0,29.42488976754248,27.0,0.0114930166426647,1.0,0.0717494146318153,,0.0,0.0,2004.0,201.0,201.0,10.0,4.264024336060617e-05,0.0,,0.0,,0.0,,0.0,,,
9509207,K07181.01,FALSE POSITIVE,214604.0,5.98531,14.199840087,98.0,0.185893671676656,3.335098109452724,-0.0056292640692533,2250.3749278551586,0.0018221656487389,0.1198317604431603,23.0,18.0,60|1800,pdcsap_flux,65263.0,0.0,29.42441660386976,37.0,0.0175627271250034,1.0,0.1076567120726905,,0.0,0.0,4647.0,201.0,201.0,23.0,3.208160959037688e-05,0.1198317604431603,-0.2650898281234519,0.1198317604431603,-0.2650898281234519,0.1198317604431603,-0.2650898281234519,0.0,,,
9518318,K01978.01,CONFIRMED,695.1,1.6919,6.51112385,209.0,0.0006339374428999,1.2457771144278609,-9.07930127969081e-06,4.978943739155191,1.0844628335116012e-05,0.0,17.0,17.0,1800,pdcsap_flux,64785.0,0.0,29.424417866393924,11.0,0.0108269839366261,2.0,0.0769159527668441,,1.0,0.0124102801574438,2827.0,201.0,201.0,14.0,3.1311249728732314e-05,9.635178690858837e-05,0.4433059522438455,9.635178690858837e-05,0.4433059522438455,0.0,,0.0124102801574438,,,
9518318,K01978.02,CONFIRMED,833.7,2.4453,23.85163321,54.0,0.0007970654323379,0.9732537313432834,0.0001153251206443,3.910491672300734,0.0001632871072477,0.0,17.0,17.0,1800,pdcsap_flux,64785.0,0.0,29.424417866393924,15.0,0.0042717200580328,2.0,0.0568032723624295,,1.0,0.0328162383267731,1071.0,201.0,201.0,5.0,5.710020658371824e-05,0.0001913876277627,-0.4998758559623067,0.0001966576892341,-0.0669466936661807,0.0,,0.0328162383267731,,,
9520443,K02893.01,FALSE POSITIVE,321.1,0.9394,0.99014722,1349.0,0.0003144061257223,0.2617233830845757,-2.537534185997892e-05,4.641880120912883,0.0001115411197326,0.0001562606811171,17.0,17.0,1800,pdcsap_flux,64729.0,0.0,29.424420291907158,5.0,0.0395311584742586,1.0,0.2371579971882773,,0.0,0.0,10215.0,201.0,201.0,51.0,2.098188479054659e-05,0.0001562606811171,-0.4959760678844188,0.0001562606811171,-0.4959760678844188,0.0001562606811171,-0.4959760678844188,0.0,,,
9529294,K07184.01,FALSE POSITIVE,59.6,2.521,2.51690133,268.0,6.128178693531883e-05,0.4515223880597024,1.2019204116420212e-05,1.58821037528282,2.804955769841744e-05,0.0,17.0,17.0,1800,pdcsap_flux,64757.0,0.0,29.424434116808698,15.0,0.0417345191146872,1.0,0.2507991414055623,,0.0,0.0,10861.0,201.0,201.0,54.0,9.148474982571518e-06,0.0,,0.0,,0.0,,0.0,,,
9532421,K03710.01,FALSE POSITIVE,23647.0,2.21,4.309067482,137.0,0.0213246364361524,1.3194029850746247,0.0003532438236807,61.20700361251159,0.0007444843997305,0.0040311073672834,7.0,7.0,1800,pdcsap_flux,28671.0,0.0,29.42421921005007,13.0,0.0213696661094279,1.0,0.1289107460500157,,0.0,0.0,2430.0,201.0,201.0,12.0,0.000112387847051,0.0040311073672834,-0.4999956923469906,0.0040311073672834,-0.4999956923469906,0.0040311073672834,-0.4999956923469906,0.0,,,
9536692,K01948.01,FALSE POSITIVE,1492.8,5.949,26.635216,50.0,0.0012031383901555,3.5516417910447906,8.21185802311053e-05,6.445699748121071,0.0002001673751546,0.0,16.0,16.0,1800,pdcsap_flux,63165.0,0.0,29.42439137434121,37.0,0.009306288336464,1.0,0.0565661363096651,,0.0,0.0,2364.0,201.0,201.0,12.0,4.075130454645893e-05,0.000125545707987,0.2247492010018143,0.0002190014829285,0.4015686793946328,0.0,,0.0,,,
9573539,K00180.01,CONFIRMED,671.4,3.2027,10.04556377,128.0,0.0006496132885417,2.804354228855705,-1.0322654693473154e-05,15.803584305677743,2.0869280988877748e-06,0.0,31.0,18.0,60|1800,pdcsap_flux,65261.0,0.0,29.424418872222304,19.0,0.0132840561653548,1.0,0.0803236236036836,,0.0,0.0,3379.0,201.0,201.0,17.0,1.360215654793343e-05,0.0,,0.0,,0.0,,0.0,,,
9579499,K01461.01,FALSE POSITIVE,6084.4,2.8419,7.94671044,164.0,0.0054004786679318,1.6966567164179118,-0.0002735470354834,35.97777805108116,0.0001930055363952,0.0033231720796486,17.0,17.0,1800,pdcsap_flux,64788.0,0.0,29.424417866393924,17.0,0.0149008197661219,1.0,0.0888436130147558,,0.0,0.0,3872.0,201.0,201.0,19.0,4.566873201868801e-05,0.0033231720796486,-0.4459586458454568,0.0033231720796486,-0.4459586458454568,0.0033231720796486,-0.4459586458454568,0.0,,,
9581498,K07194.01,FALSE POSITIVE,,1.17,10.54884842,125.0,5.247669261632115e-05,0.0931343283582091,2.541098061970004e-05,0.5483441950316437,2.598160069822164e-05,0.0,17.0,17.0,1800,pdcsap_flux,64738.0,0.0,29.424421208677813,7.0,0.0046213575225493,1.0,0.0279588495165127,,0.0,0.0,1179.0,201.0,201.0,6.0,2.112574976279365e-05,6.404697191475517e-05,-0.4982519349596333,6.404697191475517e-05,-0.4982519349596333,0.0,,0.0,,,
9582496,K04858.01,FALSE POSITIVE,651.0,4.986,224.447413,,0.0003583824450477,0.2976716417910428,-0.0001185279859202,0.6754925879100971,0.000209484961155,0.0007725356406973,17.0,17.0,1800,pdcsap_flux,64727.0,0.0,29.424420716241,31.0,0.0009256065695887,1.0,0.0050674370818978,,0.0,0.0,197.0,199.0,125.0,1.0,0.0001225123615933,0.0007725356406973,-0.0546459865583049,0.0007765242209553,-0.0456213225048131,0.0007725356406973,-0.0546459865583049,0.0,,,
9592575,K03565.01,FALSE POSITIVE,169658.0,5.9626,2.63757408,435.0,0.1506540903705215,3.322443781094513,-0.0043731219446685,404.7355436027721,0.0032385423698441,0.0,14.0,14.0,1800,pdcsap_flux,54969.0,0.0,29.42449639958795,37.0,0.0941932469501166,1.0,0.5646273354072295,,0.0,0.0,20813.0,201.0,201.0,103.0,0.0005008495423731,0.0,,0.0,,0.0,,0.0,,,
9592705,K00288.01,CONFIRMED,209.7,6.3093,10.27532513,126.0,0.0001981480164593,5.901235820895551,1.6205279619319055e-06,17.055994958526327,8.490668962690684e-06,0.0,48.0,18.0,60|1800,pdcsap_flux,65231.0,0.0,29.42444854415953,39.0,0.0255843485898533,1.0,0.1499900354126105,,0.0,0.0,6290.0,201.0,201.0,31.0,3.719884382005012e-06,1.3544149730093658e-05,0.3283044281388176,1.3544149730093658e-05,0.3283044281388176,0.0,,0.0,,,
9595956,K07604.01,FALSE POSITIVE,,5.33,316.950146,3.0,0.0012031482944756,0.2121393034825871,0.0001661362021206,0.9431332874335956,0.0009788970976579,0.0060511697543625,6.0,6.0,1800,pdcsap_flux,22135.0,0.0,29.42463092913385,33.0,0.0007006885345726,1.0,0.0056471651231082,,0.0,0.0,126.0,201.0,126.0,1.0,0.0006307050963482,0.0034578474308236,0.1397827846603655,0.0060511697543625,0.1708758383820378,0.0060511697543625,0.1708758383820378,0.0,,,
9597854,K07201.01,FALSE POSITIVE,106.1,1.94,1.287097944,1015.0,9.640408963962344e-05,0.2702487562189064,-1.2085145617679592e-05,1.6438125954632412,6.141992702357602e-05,0.0,16.0,16.0,1800,pdcsap_flux,63124.0,0.0,29.424391547217965,11.0,0.0628027833547167,1.0,0.3769247829668589,,0.0,0.0,15904.0,201.0,201.0,80.0,1.296015831149675e-05,0.0,,0.0,,0.0,,0.0,,,
9602514,K01490.01,FALSE POSITIVE,293.6,8.545,3.55650737,305.0,0.0003100193870826,5.101492537313419,-4.083061047699399e-05,10.82849910584957,3.384773066783531e-05,0.0,14.0,14.0,1800,pdcsap_flux,51728.0,0.0,29.42478767596185,53.0,0.1001099195435286,1.0,0.5997718836993504,,0.0,0.0,20574.0,201.0,201.0,102.0,1.4712035417179749e-05,0.0,,0.0,,0.0,,0.0,,,
9602775,K04684.01,FALSE POSITIVE,131.4,6.998,3.5564279,305.0,0.0001308564575585,0.9748457711442752,9.473236370016735e-06,1.756150604811879,1.8442398708962134e-05,0.0,14.0,14.0,1800,pdcsap_flux,51681.0,0.0,29.42478951474186,43.0,0.0819876970747342,1.0,0.4913411118205917,,0.0,0.0,16823.0,201.0,201.0,83.0,1.7241954078657515e-05,0.0,,0.0,,0.0,,0.0,,,
9640976,K00712.01,FALSE POSITIVE,162.5,1.931,2.178150857,616.0,0.0001726278966875,0.9606965174129368,-1.2165564460819844e-05,5.7086176861038815,2.7144551870694755e-06,3.619307202851196e-05,18.0,17.0,60|1800,pdcsap_flux,64774.0,0.0,29.424417866393924,11.0,0.036938825001382,1.0,0.221184425849878,,0.0,0.0,9561.0,201.0,201.0,37.0,6.793138994628811e-06,3.619307202851196e-05,0.4993502244827614,3.619307202851196e-05,0.4993502244827614,3.619307202851196e-05,0.4993502244827614,0.0,,,
9641031,K07211.01,FALSE POSITIVE,304072.0,3.8834,1.089077111,0.0,,,,,,,,,,,,,,,,,,,,,,,,,,,,,,,,,,koi_num_transits is 0,precheck
9645188,K05701.01,FALSE POSITIVE,,1.79,48.55059299,,0.000130288617344,0.1781094527363187,9.915355924194902e-05,0.4806825817601721,0.0001037238381889,0.0002440584012485,17.0,17.0,1800,pdcsap_flux,64791.0,0.0,29.42442457191646,11.0,0.0015361981953278,1.0,0.0092605454461267,,0.0,0.0,412.0,201.0,155.0,2.0,7.324052927604156e-05,0.0002440584012485,0.2450572670906279,0.0002669968436735,-0.4130116348329127,0.0002440584012485,0.2450572670906279,0.0,,,
9651155,K07955.01,FALSE POSITIVE,31355.0,4.846,1.07383154,87.0,0.0336016992325285,2.603820895522384,-0.0004135921620272,5.598869128005944,0.0006956370610289,0.0,2.0,2.0,1800,pdcsap_flux,4819.0,0.0,29.42476604541298,29.0,0.1880338387776044,1.0,0.5617347997509857,primary_only,0.0,0.0,3612.0,201.0,201.0,18.0,0.0081760388091223,0.0,,0.0,,0.0,,0.0,,,
9652655,K04578.01,FALSE POSITIVE,80.2,3.487,2.48882685,546.0,6.415559449834962e-05,1.0408955223880634,1.2524769888999645e-06,1.520983624791817,4.64226526971645e-05,0.0,17.0,17.0,1800,pdcsap_flux,64797.0,0.0,29.42443328385707,21.0,0.0583775712105752,1.0,0.3510965013812367,,0.0,0.0,15258.0,201.0,201.0,77.0,1.208831666699468e-05,0.0,,0.0,,0.0,,0.0,,,
9655005,K04047.01,FALSE POSITIVE,45.5,9.625,1.39862757,975.0,6.401538848876953e-05,8.044776119403027,1.877546310424805e-06,4.115926566351496,2.6226043701171875e-06,,19.0,18.0,60|1800,pdcsap_flux,65160.0,0.0,29.424451561644677,,0.2867394260408199,1.0,1.0,none,0.0,0.0,65160.0,176.0,176.0,372.0,,,,,,,,0.0,blanking covers 1.15 of the orbit,,
9656252,K02044.01,CONFIRMED,1125.3,4.1864,16.92342126,70.0,0.0010944157417301,3.415769154228841,-0.0001127215758708,6.925876947263877,1.585482126464921e-05,0.0,15.0,15.0,1800,pdcsap_flux,59079.0,0.0,29.424366233870387,25.0,0.0103072145196563,1.0,0.0600890333282553,,0.0,0.0,2374.0,201.0,201.0,12.0,4.5473698300018215e-05,0.0001507826399946,-0.4935502733146095,0.0001507826399946,-0.4935502733146095,0.0,,0.0,,,
9657636,K07219.01,FALSE POSITIVE,75.2,11.06,542.52829,3.0,7.644970914610916e-05,1.5406965174129468,1.701766135386862e-05,1.8005819261327307,1.5585128630979384e-05,7.190328270922919e-05,18.0,18.0,1800,pdcsap_flux,65230.0,0.0,29.424449717625976,67.0,0.0008494180705919,1.0,0.0051356737697378,,0.0,0.0,270.0,201.0,181.0,1.0,1.426082129986088e-05,6.947189771921991e-05,-0.1708309421704005,0.0001522312274141,-0.3529249410535382,7.190328270922919e-05,-0.1334565470643517,0.0,,,
9662475,K05703.01,FALSE POSITIVE,513.4,3.271,247.372131,,0.0003831020836884,0.1301890547263688,0.0001105345651341,2.042357281138502,1.7004528071518088e-05,0.0002391842026477,14.0,14.0,1800,pdcsap_flux,51708.0,0.0,29.42478699493222,21.0,0.0005509580489754,1.0,0.0034230679972151,,0.0,0.0,131.0,201.0,118.0,1.0,6.551541846266529e-05,0.0002243689134416,0.4999392578833905,0.0003353744508024,-0.1077711838393092,0.0002391842026477,0.2980782889873326,0.0,,,
9673173,K07222.01,FALSE POSITIVE,123177.0,7.60143,21.294733865,65.0,0.1094128581099486,4.23562268656714,-0.0021136366766661,692.0049873683162,0.0002009787240691,0.0534021088864464,17.0,17.0,1800,pdcsap_flux,64797.0,0.0,29.424444353207942,47.0,0.0148734542543671,1.0,0.0897263762211213,,0.0,0.0,3918.0,201.0,201.0,20.0,6.260813639167384e-05,0.0534021088864464,-0.159769007293047,0.0534021088864464,-0.159769007293047,0.0534021088864464,-0.159769007293047,0.0,,,
9710626,K07959.01,FALSE POSITIVE,1780.0,19.4,371.21454,3.0,0.0014286960475459,6.949253731343303,3.014484700114561e-05,2.416734328716104,0.0002571378780518,0.0006980482405505,17.0,17.0,1800,pdcsap_flux,64756.0,0.0,29.424431434599683,119.0,0.0021775368317559,1.0,0.012740132188523,,0.0,0.0,469.0,200.0,199.0,3.0,0.0001049560585066,0.0003446197088459,0.497313453674547,0.0010505335706314,0.3582232885461269,0.0006980482405505,0.0111783559850002,0.0,,,
9714358,K06073.01,FALSE POSITIVE,203491.0,3.35989,6.474202359,203.0,0.1802927205474599,1.9390409950248884,0.0001695704204156,1275.4604302598316,0.0003599821913486,0.0095471650810268,17.0,17.0,1800,pdcsap_flux,64797.0,0.0,29.42443370295223,21.0,0.0216235775318413,1.0,0.1289874531228297,,0.0,0.0,5510.0,201.0,201.0,27.0,2.9764800845467485e-05,0.0095471650810268,-0.491871804418767,0.0095471650810268,-0.491871804418767,0.0095471650810268,-0.491871804418767,0.0,,,
9716391,K03025.01,CONFIRMED,518.0,3.594,13.1829329,84.0,0.0004622538058088,0.500656716417911,-3.177985724556187e-05,2.0461206559943084,0.0001191822648477,0.0,14.0,14.0,1800,pdcsap_flux,54578.0,0.0,29.424223573878407,21.0,0.0113593842232178,1.0,0.0668217963281908,,0.0,0.0,2471.0,201.0,201.0,12.0,5.2409404867924e-05,0.0001607198609279,-0.1464289742558676,0.0001607198609279,-0.1464289742558676,0.0,,0.0,,,
9718379,K02379.01,FALSE POSITIVE,582.3,3.616,40.0088894,35.0,0.0005314444593156,0.1439203980099499,0.0001251748391294,5.23093613959371,0.0001629501642765,0.0002161233991155,17.0,17.0,1800,pdcsap_flux,64706.0,0.0,29.42443746956997,23.0,0.0037658297674882,1.0,0.0217599604364355,,0.0,0.0,1019.0,199.0,98.0,0.0,3.7024656012084366e-05,0.0002161233991155,-0.1129991041231939,0.0002161233991155,-0.1129991041231939,0.0002161233991155,-0.1129991041231939,0.0,,,
9724984,K00325.01,FALSE POSITIVE,467.3,3.4303,7.86335883,138.0,0.0004220107777581,2.0479402985074646,2.7102564388981065e-05,12.74555981900861,7.750617011748062e-06,0.0,14.0,14.0,1800,pdcsap_flux,51716.0,0.0,29.42478682729416,21.0,0.018176604903412,1.0,0.1087864490679866,,0.0,0.0,3806.0,201.0,201.0,19.0,7.291881822405699e-06,0.0,,0.0,,0.0,,0.0,,,
9761199,K01459.01,FALSE POSITIVE,4518.1,1.1315,0.692015479,964.0,0.0038864505637085,0.7430746268656718,-0.0005207732824179,44.55556726844949,0.0008223263601871,0.0,26.0,17.0,60|1800,pdcsap_flux,64729.0,0.0,29.424417363479733,7.0,0.0681282930281583,1.0,0.4090747578365184,,0.0,0.0,17632.0,201.0,201.0,87.0,3.017762993707356e-05,0.0,,0.0,,0.0,,0.0,,,
9763348,K01852.01,CONFIRMED,313.6,4.957,15.77382794,86.0,0.0002763913217451,4.241810945273601,-3.241848994572916e-05,4.535028250689728,5.294997663962686e-05,0.0,18.0,18.0,1800,pdcsap_flux,65259.0,0.0,29.424429087666795,31.0,0.0130939469767454,1.0,0.0796365252302364,,0.0,0.0,3470.0,201.0,201.0,14.0,2.1780163876121103e-05,0.0,,0.0,,0.0,,0.0,,,
9763754,K00589.01,FALSE POSITIVE,138.3,54.52,17.47702,,-5.204832554972505e-05,32.54925373134313,-1.6443195681503653e-05,-2.1441521810264166,1.4050456786929288e-06,0.0,17.0,17.0,1800,pdcsap_flux,64672.0,0.0,29.4244175311178,333.0,0.1299802063891136,1.0,0.3870299356754082,primary_only,0.0,0.0,33401.0,201.0,201.0,166.0,1.9017606577386868e-05,0.0,,0.0,,0.0,,0.0,,,
9777090,K03672.01,FALSE POSITIVE,226850.0,3.6845,5.50817321,16.0,0.1920049257204171,2.053054726368152,-0.0045144134526832,126.14985150521125,0.001168848961185,0.0313522097235003,1.0,1.0,1800,pdcsap_flux,4272.0,0.0,29.424547785893083,23.0,0.0278714607330464,1.0,0.1624531835205992,,0.0,0.0,477.0,201.0,201.0,2.0,0.0004776816502072,0.0313522097235003,0.4986550476307547,0.0313522097235003,0.4986550476307547,0.0313522097235003,0.4986550476307547,0.0,,,
9777251,K02600.01,FALSE POSITIVE,123.3,3.565,1.33255087,853.0,0.0001147248511642,1.0641791044776117,9.27776223225152e-06,2.657710003764984,3.650098388341405e-05,0.0,14.0,14.0,1800,pdcsap_flux,54959.0,0.0,29.424494220293127,21.0,0.1114716668690229,1.0,0.6682072090103531,,0.0,0.0,24467.0,201.0,201.0,122.0,8.49885894352026e-06,0.0,,0.0,,0.0,,0.0,,,
9777256,K02997.01,FALSE POSITIVE,140.5,4.216,1.33251589,579.0,0.0001337455977958,2.181412935323392,-4.824305438133614e-06,4.120540878815127,1.337237632159649e-05,0.0,10.0,10.0,1800,pdcsap_flux,37241.0,0.0,29.42435399629176,25.0,0.1318308231706465,1.0,0.3955586584678177,primary_only,0.0,0.0,19657.0,201.0,201.0,98.0,1.2536934106540045e-05,0.0,,0.0,,0.0,,0.0,,,
9787239,K00952.01,CONFIRMED,1525.2,2.1979,5.90127815,176.0,0.0014422427965911,1.8370507462686556,0.0001196396762821,7.900837916959089,0.000111050772065,0.0,37.0,14.0,60|1800,pdcsap_flux,51700.0,0.0,29.42478951998055,13.0,0.0155185307892437,5.0,0.2935783365570599,,4.0,0.222321083172147,3152.0,201.0,201.0,16.0,4.7573926256571416e-05,0.0,,0.0,,0.0,,0.222321083172147,,,
9787239,K00952.02,CONFIRMED,1367.6,2.3742,8.75209691,121.0,0.0012189391388728,1.7481671641791117,1.9094528107110875e-05,4.888219955031606,8.05637588330299e-06,0.0,37.0,14.0,60|1800,pdcsap_flux,51700.0,0.0,29.42478951998055,15.0,0.0113030055559565,5.0,0.2822823984526112,,4.0,0.228394584139265,2444.0,201.0,201.0,12.0,6.194397012741319e-05,0.0,,0.0,,0.0,,0.228394584139265,,,
9787239,K00952.03,CONFIRMED,1925.1,3.3002,22.78078241,47.0,0.0018115874531029,2.627024875621906,-7.65409031985298e-05,5.353997706307472,2.235445886489273e-05,0.0,37.0,14.0,60|1800,pdcsap_flux,51700.0,0.0,29.42478951998055,21.0,0.0060361549861857,5.0,0.2707736943907157,,4.0,0.2429206963249516,1330.0,201.0,201.0,7.0,8.759747782657875e-05,0.0003187759794711,0.2869878814498275,0.0003187759794711,0.2869878814498275,0.0,,0.2429206963249516,,,
9787239,K00952.04,CONFIRMED,614.1,1.6776,2.896005211,345.0,0.0004027816017755,0.4006208955223872,-3.386337728428224e-05,2.877659116715488,6.559111171977605e-07,0.0,37.0,14.0,60|1800,pdcsap_flux,51700.0,0.0,29.42478951998055,11.0,0.0241366969004393,5.0,0.3142746615087041,,4.0,0.1979497098646034,5010.0,201.0,201.0,25.0,3.715103601676891e-05,0.0001253218247815,0.0522054494198978,0.0001253218247815,0.0522054494198978,0.0,,0.1979497098646034,,,
9787239,K00952.05,CONFIRMED,843.3,0.6688,0.742957911,1202.0,0.0002184875350016,0.0798567164179106,-2.435593268712566e-05,1.4292822259987756,2.175578245722232e-05,0.0,37.0,14.0,60|1800,pdcsap_flux,51700.0,0.0,29.42478951998055,5.0,0.0375077326105309,5.0,0.3519342359767892,,4.0,0.163926499032882,7725.0,201.0,201.0,38.0,3.082421330689124e-05,0.0,,0.0,,0.0,,0.163926499032882,,,
9818462,K01521.01,CONFIRMED,569.7,4.045,25.9421582,50.0,0.0005728524436131,2.092935323383078,-5.415726649371511e-05,5.124969608336795,5.210890058449103e-06,0.0,17.0,17.0,1800,pdcsap_flux,64781.0,0.0,29.42440964165144,25.0,0.0064968251819028,1.0,0.0378042944690572,,0.0,0.0,1595.0,201.0,201.0,8.0,3.194166520100883e-05,9.81967443888232e-05,0.0952783297075628,0.000100557819629,0.2885588788691751,0.0,,0.0,,,
9824805,K01526.01,CONFIRMED,163.0,3.686,4.4444826,302.0,0.0001477346832173,0.8068855721392989,-1.878528964027737e-05,2.5429149233106925,4.607873658046824e-05,0.0,17.0,17.0,1800,pdcsap_flux,64725.0,0.0,29.42441996186972,23.0,0.0345559533371406,1.0,0.2072151409810737,,0.0,0.0,8957.0,201.0,201.0,44.0,1.5307165375079822e-05,0.0,,0.0,,0.0,,0.0,,,
9832208,K02553.01,CONFIRMED,885.4,6.758,88.0712769,15.0,0.000789091884357,1.7483383084577089,-0.0001273034196339,2.7960630549399266,0.0002849560074296,0.0004227832603419,17.0,17.0,1800,pdcsap_flux,64774.0,0.0,29.42443110980093,41.0,0.0031972209697045,1.0,0.0198845215672955,,0.0,0.0,833.0,201.0,201.0,5.0,9.270401960752249e-05,0.0003173987787685,0.4635800302587701,0.0004227832603419,0.4983498083043059,0.0004227832603419,0.4983498083043059,0.0,,,
9834719,K00715.01,FALSE POSITIVE,7662.0,1.7517,1.621668852,823.0,0.0067443915495764,1.080650746268658,-0.0002590040066786,170.50562906144185,0.0005229116067749,0.0,23.0,17.0,60|1800,pdcsap_flux,64797.0,0.0,29.424433446256444,11.0,0.0450076474675977,1.0,0.2705372162291464,,0.0,0.0,11643.0,201.0,201.0,58.0,9.588478162168987e-06,0.0,,0.0,,0.0,,0.0,,,
9836149,K01958.01,CONFIRMED,776.8,3.6765,17.8159689,75.0,0.0007635379033026,2.633910447761181,-8.782705149590342e-06,6.261901076579927,5.273849241982376e-05,0.0,17.0,17.0,1800,pdcsap_flux,64792.0,0.0,29.42443479783833,23.0,0.0085983255168345,1.0,0.0516113100382763,,0.0,0.0,2230.0,201.0,201.0,11.0,3.1169375852385774e-05,9.48811919880832e-05,-0.4150616847891238,9.48811919880832e-05,-0.4150616847891238,0.0,,0.0,,,
9837661,K02715.01,CONFIRMED,6057.0,2.6118,11.12827427,58.0,0.005898158358134,2.027068656716418,-5.544690005354624e-05,9.086094044106012,3.621640161055595e-05,0.0,10.0,8.0,60|1800,pdcsap_flux,29950.0,0.0,29.42454476840794,15.0,0.0097791443093179,3.0,0.196661101836394,,2.0,0.1482136894824708,1225.0,201.0,201.0,6.0,0.0001611452365324,0.000510873405966,0.0806481126295902,0.0008135611185091,-0.4988486820697365,0.0,,0.1482136894824708,,,
9837661,K02715.02,CONFIRMED,1839.1,1.7073,2.226496196,274.0,0.0017605265807008,1.2231402985074695,5.846015292032547e-05,5.534106549283826,3.6424309705074265e-05,0.0,10.0,8.0,60|1800,pdcsap_flux,29950.0,0.0,29.42454476840794,11.0,0.0319504251243733,3.0,0.2603005008347245,,2.0,0.0881469115191986,3774.0,201.0,201.0,19.0,0.0001030521378689,0.0003789257166119,-0.4975216405618693,0.0003789257166119,-0.4975216405618693,0.0,,0.0881469115191986,,,
9837661,K02715.03,CONFIRMED,1316.0,2.744,5.72084599,94.0,0.001258842258064,0.7098905472636854,0.0003544050573545,2.8404792649232853,4.1071289945904255e-05,0.0,10.0,8.0,60|1800,pdcsap_flux,29950.0,0.0,29.42454476840794,17.0,0.0199853891423029,3.0,0.2292487479131886,,2.0,0.125575959933222,2376.0,201.0,201.0,11.0,0.0001015818551596,0.0,,0.0,,0.0,,0.125575959933222,,,
9838537,K07966.01,FALSE POSITIVE,27.1,5.158,1.33257715,1010.0,2.8252899617497995e-05,1.1291144278607037,-1.6363100692196042e-06,2.906218761117308,3.0164505937513297e-07,0.0,18.0,18.0,1800,pdcsap_flux,65257.0,0.0,29.42444753833115,31.0,0.1612789673503456,1.0,0.4833044730833474,primary_only,0.0,0.0,42066.0,201.0,201.0,209.0,3.224426135200331e-06,0.0,,0.0,,0.0,,0.0,,,
9839062,K07968.01,FALSE POSITIVE,5132.1,9.666,424.623345,3.0,0.0049069160216996,2.8853731343283515,-0.0004983789478811,13.140040760542618,0.0005700027143816,0.0075577348468233,14.0,14.0,1800,pdcsap_flux,54161.0,0.0,29.424491202807985,59.0,0.0009484876532165,1.0,0.0064991414486438,,0.0,0.0,236.0,201.0,185.0,1.0,0.0001217369960129,0.0004959356949925,0.3139261387973675,0.0075577348468233,0.2884355331171742,0.0075577348468233,0.2884355331171742,0.0,,,
9842890,K01479.01,FALSE POSITIVE,638.2,9.142,4.9883872,174.0,0.0005873890174473,6.731422885572147,-1.0995764154975164e-05,8.19925136439291,4.969353459172154e-05,6.803557997492327e-05,11.0,11.0,1800,pdcsap_flux,41869.0,0.0,29.42487652413547,55.0,0.0763606856072974,1.0,0.4554682461964699,,0.0,0.0,12642.0,201.0,201.0,63.0,1.983306078039808e-05,6.803557997492327e-05,-0.4940880862228667,6.986802753949917e-05,0.4640760274209176,6.803557997492327e-05,-0.4940880862228667,0.0,,,
9845898,K02423.01,CONFIRMED,373.1,6.656,45.126216,22.0,0.0003269078126278,4.106189054726368,2.2269379750916585e-05,2.520610987598597,4.590328752318573e-05,0.0,14.0,14.0,1800,pdcsap_flux,51689.0,0.0,29.424785496667027,41.0,0.0061457254322705,1.0,0.0361585637176188,,0.0,0.0,1218.0,201.0,201.0,6.0,2.8814934558442616e-05,0.0,,0.0,,0.0,,0.0,,,
9845931,K05721.01,FALSE POSITIVE,544.2,4.103,61.224558,17.0,0.0005519820112878,0.3266069651741281,-9.463711170298872e-05,1.3846285016352249,0.0002627171792323,0.0,13.0,13.0,1800,pdcsap_flux,50053.0,0.0,29.42474316281732,25.0,0.002792316333804,1.0,0.0162427826503905,,0.0,0.0,573.0,201.0,200.0,3.0,9.024002678106702e-05,0.0,,0.0,,0.0,,0.0,,,
9848760,K05723.01,FALSE POSITIVE,4084.0,0.767,444.46522,,0.0002142818589085,0.0,0.0008952179754675,0.5083392364930667,0.0006444253553826,0.0,14.0,14.0,1800,pdcsap_flux,51725.0,0.0,29.42479068296961,5.0,7.19028888994584e-05,1.0,0.000444659255679,,0.0,0.0,19.0,193.0,19.0,0.0,0.0003336980407278,0.0018271165346452,0.0007291982717813,0.0057335154544346,-0.1799807372547413,0.0,,0.0,,,
9850387,K07238.01,FALSE POSITIVE,136655.0,5.3181,1.374249107,787.0,0.1215866157386068,2.9633194029850487,-0.0056618603875229,66.9511191633646,0.068714265560079,0.0,15.0,15.0,1800,pdcsap_flux,52204.0,0.0,29.424802595749497,33.0,0.1612426006837492,1.0,0.4855375067044671,primary_only,0.0,0.0,33752.0,201.0,201.0,168.0,0.0001583036817506,0.0,,0.0,,0.0,,0.0,,,
9850893,K01523.01,FALSE POSITIVE,259.7,6.249,8.48039789,128.0,0.0001697048099357,0.4974328358208955,5.92573971947008e-06,2.299682909158858,4.110124068867904e-05,0.0,15.0,14.0,60|1800,pdcsap_flux,51730.0,0.0,29.424792369827628,39.0,0.0307031584339965,1.0,0.1846897351633481,,0.0,0.0,6408.0,201.0,201.0,24.0,2.0063918919956e-05,0.0,,0.0,,0.0,,0.0,,,
9851142,K03513.01,FALSE POSITIVE,83114.6,7.46159,8.480304281,128.0,0.0798557161428533,5.345616716417922,-0.0011920199193539,660.5875977798316,7.646649539261308e-05,0.0036484919962103,18.0,14.0,60|1800,pdcsap_flux,51735.0,0.0,29.424792694626376,45.0,0.036661371223424,1.0,0.2208756161206146,,0.0,0.0,7640.0,201.0,201.0,38.0,1.5183691853029146e-05,0.0036484919962103,-0.3716756786168839,0.0036484919962103,-0.3716756786168839,0.0036484919962103,-0.3716756786168839,0.0,,,
9851226,K01468.01,FALSE POSITIVE,1426.7,7.297,8.48031942,128.0,0.0013286904801389,5.37291542288558,-6.948283320917792e-05,14.230332738847874,8.798686998379157e-05,7.211470173706935e-05,14.0,14.0,1800,pdcsap_flux,51688.0,0.0,29.42479370045476,45.0,0.0358526196489266,1.0,0.2158141154620028,,0.0,0.0,7444.0,201.0,201.0,35.0,2.314559363482238e-05,7.211470173706935e-05,-0.4551555514032906,7.979795205137474e-05,-0.361042424824858,7.211470173706935e-05,-0.4551555514032906,0.0,,,
9875711,K00956.01,CONFIRMED,2039.7,2.7144,8.360870704,159.0,0.0019116064604174,2.268752238805986,6.25706841855811e-05,19.95054562281745,1.655089180585545e-05,0.0,17.0,17.0,1800,pdcsap_flux,64771.0,0.0,29.42440738901496,17.0,0.0135272992495734,1.0,0.0810084760155007,,0.0,0.0,3450.0,201.0,201.0,17.0,2.8199248295193958e-05,0.0,,0.0,,0.0,,0.0,,,
9881258,K07242.01,FALSE POSITIVE,121562.0,5.00309,2.028512246,662.0,0.1069664434784257,2.7877914427860517,-0.0032365604000483,540.8167091357652,0.009719013108474,0.0,18.0,18.0,1800,pdcsap_flux,65260.0,0.0,29.424428259953856,31.0,0.1027659969735935,1.0,0.6165032178976402,,0.0,0.0,26733.0,201.0,201.0,133.0,0.0004205277792733,0.0,,0.0,,0.0,,0.0,,,
9892471,K03584.01,FALSE POSITIVE,71479.3,3.47103,8.268081087,158.0,0.0635594402520621,2.072256716417921,-0.0022286663988436,406.37706032586266,0.0002957598002824,0.0043910327650376,16.0,16.0,1800,pdcsap_flux,63172.0,0.0,29.424389535561204,21.0,0.0174921179991083,1.0,0.1075159880959919,,0.0,0.0,4441.0,201.0,201.0,22.0,3.5077170828819335e-05,0.0043910327650376,0.4986689668147878,0.0043910327650376,0.4986689668147878,0.0043910327650376,0.4986689668147878,0.0,,,
9892856,K03906.01,FALSE POSITIVE,738.0,3.4382,2.406574511,553.0,0.0006139007070584,2.1210786069651637,-3.930225688675293e-05,11.481384210130011,1.1374837474820154e-05,0.0003576348014577,17.0,17.0,1800,pdcsap_flux,64758.0,0.0,29.42443379200995,21.0,0.0595279027009246,1.0,0.3562494209209673,,0.0,0.0,15293.0,201.0,201.0,76.0,1.0424319756957922e-05,0.0003576348014577,0.4997577637731568,0.0003576348014577,0.4997577637731568,0.0003576348014577,0.4997577637731568,0.0,,,
9895006,K01717.01,CONFIRMED,238.4,3.2645,10.56137217,128.0,0.0002161143381346,1.4292338308457773,1.12068271839183e-05,3.269776337741698,1.6867293706201991e-06,0.0,17.0,17.0,1800,pdcsap_flux,64730.0,0.0,29.424434965476397,19.0,0.0128790872193393,1.0,0.077830990267264,,0.0,0.0,3401.0,201.0,201.0,17.0,1.4040313564219977e-05,5.591478751332257e-05,-0.4887168661673026,5.591478751332257e-05,-0.4887168661673026,0.0,,0.0,,,
9908486,K05731.01,FALSE POSITIVE,1102.0,1.835,36.6092739,11.0,0.0013046909051079,0.0730348258706462,-0.0001571875488446,4.56403456008438,0.0008260345509696,0.0,5.0,5.0,1800,pdcsap_flux,18537.0,0.0,29.424518449231982,11.0,0.0020884963067604,1.0,0.0128931326536116,,0.0,0.0,162.0,200.0,108.0,1.0,5.192420979965088e-05,0.0001841091326741,-0.4287229759110383,0.0001963922564182,-0.2266609582319588,0.0,,0.0,,,
9909735,K01779.01,CONFIRMED,1630.6,2.757,4.66271902,233.0,0.0015516718753055,2.414089552238824,1.4753319219740211e-05,35.988686853837024,1.5549727325314677e-05,0.0,17.0,15.0,60|1800,pdcsap_flux,52204.0,0.0,29.42480057361536,17.0,0.024636912391088,2.0,0.1741820550149413,,1.0,0.0301892575281587,5252.0,201.0,201.0,26.0,1.4510377374020831e-05,0.0,,0.0,,0.0,,0.0301892575281587,,,
9909735,K01779.02,CONFIRMED,1003.0,2.834,11.8150174,85.0,0.000931137157305,2.312318407960182,-1.658059772768894e-05,11.539547048611784,3.495050014701295e-05,7.130580147829413e-05,17.0,15.0,60|1800,pdcsap_flux,52204.0,0.0,29.42480057361536,17.0,0.0099943427365018,2.0,0.1316757336602559,,1.0,0.075339054478584,2100.0,201.0,201.0,10.0,1.7572561463444013e-05,6.99584922957408e-05,0.0959534929289061,7.989509122308114e-05,0.1209393497701604,7.130580147829413e-05,0.109695714191596,0.075339054478584,,,
9940565,K01548.01,FALSE POSITIVE,6897.8,2.8056,2.139325409,625.0,0.0066187927891774,1.674985074626872,-0.0001810147367257,150.3414849097525,0.0011686272161078,0.0,17.0,17.0,1800,pdcsap_flux,64788.0,0.0,29.42441467079334,17.0,0.054643393430569,1.0,0.3278539235660925,,0.0,0.0,14200.0,201.0,201.0,70.0,1.847231089041425e-05,0.0,,0.0,,0.0,,0.0,,,
9945280,K07261.01,FALSE POSITIVE,20524.2,2.4602,0.651731691,2057.0,0.0183565654335531,1.4687761194029836,-0.0006202885599935,45.98438703976449,0.0069183477785176,0.0,17.0,17.0,1800,pdcsap_flux,64791.0,0.0,29.42441902938299,15.0,0.1572860960252634,1.0,0.4719173959346205,primary_only,0.0,0.0,40769.0,201.0,201.0,203.0,3.404795092278884e-05,0.0,,0.0,,0.0,,0.0,,,
9954225,K05742.01,FALSE POSITIVE,627633.0,5.0912,1.340649911,0.0,,,,,,,,,,,,,,,,,,,,,,,,,,,,,,,,,,koi_num_transits is 0,precheck
9959368,K07980.01,FALSE POSITIVE,48.7,4.74,1.33255801,1010.0,4.647615186492704e-05,0.3773134328358201,-2.1250274565121074e-05,1.638962102901617,1.5471940521982752e-05,0.0,17.0,17.0,1800,pdcsap_flux,64792.0,0.0,29.424434965476397,29.0,0.1482111836917328,1.0,0.4439128287442894,primary_only,0.0,0.0,38384.0,201.0,201.0,191.0,8.426717394557937e-06,0.0,,0.0,,0.0,,0.0,,,
9962455,K02748.01,CONFIRMED,224.7,9.821,23.1985852,42.0,0.0002250564709803,5.08151243781095,4.5750015430279234e-05,4.355222494736658,0.0001074677615081,0.0,14.0,14.0,1800,pdcsap_flux,51666.0,0.0,29.4247764442116,61.0,0.0176393659270796,2.0,0.1482212673711918,,1.0,0.0533426237757906,3276.0,201.0,201.0,16.0,1.1171537587910628e-05,3.804448357169754e-05,0.3929999989393369,3.804448357169754e-05,0.3929999989393369,0.0,,0.0533426237757906,,,
9962455,K02748.02,CONFIRMED,134.3,2.462,5.77721259,178.0,0.0001296205099665,0.2939701492537327,4.330448041489632e-06,2.410695702126684,2.5606125401145263e-06,0.0,14.0,14.0,1800,pdcsap_flux,51666.0,0.0,29.4247764442116,15.0,0.0177565446545794,2.0,0.1486664344056052,,1.0,0.0474973870630588,3673.0,201.0,201.0,18.0,1.1374705175085764e-05,0.0,,0.0,,0.0,,0.0474973870630588,,,
9964670,K02192.01,FALSE POSITIVE,378.0,3.29,1.541350116,692.0,0.0003844245458285,2.553432835820905,-2.560527558648218e-05,7.641784859907938,1.2528887946006153e-05,0.0,14.0,14.0,1800,pdcsap_flux,51672.0,0.0,29.424780970439315,21.0,0.0889371804045936,1.0,0.5334804149249109,,0.0,0.0,18368.0,201.0,201.0,92.0,1.1754513420052335e-05,0.0,,0.0,,0.0,,0.0,,,
9965439,K00722.01,CONFIRMED,469.1,7.0281,46.40626,25.0,0.0004475941892564,6.433683582089567,4.586412524543171e-06,7.064795165892485,9.33200106517651e-05,0.0,16.0,15.0,60|1800,pdcsap_flux,52165.0,0.0,29.42479421384633,43.0,0.0063103016705073,1.0,0.038435732771015,,0.0,0.0,1399.0,201.0,201.0,7.0,1.5075674264837068e-05,0.0,,0.0,,0.0,,0.0,,,
9996632,K02621.01,FALSE POSITIVE,359.5,3.353,8.44326557,138.0,0.0003318823407013,1.6014328358208871,1.1533599458601884e-05,2.76933393974384,2.9068264952525347e-05,0.0,14.0,14.0,1800,pdcsap_flux,54919.0,0.0,29.42450939677656,21.0,0.0165467178753366,1.0,0.1002931590160053,,0.0,0.0,3715.0,201.0,201.0,18.0,2.394549046054457e-05,7.941144470846595e-05,-0.4193278097435366,7.953186907261323e-05,-0.3159108230226828,0.0,,0.0,,,
10001368,K02785.01,CONFIRMED,251.8,3.2363,4.76831033,131.0,0.000234337567846,2.9625830845771124,-2.1507770283979436e-05,5.080521036414503,3.648463454719586e-05,0.0,8.0,8.0,1800,pdcsap_flux,29934.0,0.0,29.424474528059363,19.0,0.0282795841715556,1.0,0.1706086724126411,,0.0,0.0,3422.0,201.0,201.0,17.0,1.154513405760814e-05,3.843357895350064e-05,-0.4752547612467376,3.843357895350064e-05,-0.4752547612467376,0.0,,0.0,,,
10004519,K01572.01,CONFIRMED,813.4,4.4617,9.80321143,118.0,0.0007779689445532,3.9955522388059865,-5.595920956436018e-05,9.425872243453764,9.018338867905484e-06,0.0,14.0,14.0,1800,pdcsap_flux,54892.0,0.0,29.42450351896696,27.0,0.0189635986119567,1.0,0.1131858922976025,,0.0,0.0,4192.0,201.0,201.0,21.0,2.1307305650426e-05,0.0,,0.0,,0.0,,0.0,,,
10022908,K01586.01,CONFIRMED,555.4,2.1568,6.99130452,157.0,0.0005174653178618,1.6739343283582055,3.956935888549396e-05,5.392990447562793,0.0001335181821348,0.0,14.0,14.0,1800,pdcsap_flux,51714.0,0.0,29.424773091450334,13.0,0.0128540627016868,1.0,0.0777158989828673,,0.0,0.0,2717.0,201.0,201.0,14.0,2.451366655752346e-05,7.652597499763214e-05,-0.485507975279821,7.888573629277751e-05,-0.2605618780003009,0.0,,0.0,,,
10026136,K07274.01,FALSE POSITIVE,324573.0,8.18777,9.080194398,0.0,,,,,,,,,,,,,,,,,,,,,,,,,,,,,,,,,,koi_num_transits is 0,precheck
10026502,K04706.01,CONFIRMED,152.5,5.991,101.952048,11.0,0.0001221965256863,0.3576716417910468,-9.31221555422468e-09,1.210680061005558,2.8396324815660456e-05,0.0,14.0,14.0,1800,pdcsap_flux,51676.0,0.0,29.42478214390576,37.0,0.0024484549834643,1.0,0.0147457233532007,,0.0,0.0,532.0,200.0,192.0,3.0,2.4959111244410723e-05,7.932218589845608e-05,0.154692234157916,9.645403144253883e-05,-0.3643802223365319,0.0,,0.0,,,
10031656,K02629.01,FALSE POSITIVE,298.1,6.68,8.59000355,125.0,0.0002853323337967,0.797611940298502,-5.4031535225096405e-05,2.706903432212832,3.954719485754765e-05,0.0,14.0,14.0,1800,pdcsap_flux,51688.0,0.0,29.424790180055425,41.0,0.0324020044593966,1.0,0.1955386163132642,,0.0,0.0,6684.0,201.0,201.0,33.0,2.3929722802817088e-05,0.0001290176139978,0.4923469086483348,0.0001290176139978,0.4923469086483348,0.0,,0.0,,,
10031907,K03828.01,FALSE POSITIVE,1161.5,8.9793,8.58965725,126.0,0.0009869869113549,5.360776119403026,-3.5478028459823285e-05,18.500666277147214,4.756546303830156e-06,0.0002122165780304,14.0,14.0,1800,pdcsap_flux,51711.0,0.0,29.42478876037057,55.0,0.0435567437804343,1.0,0.26272939993425,,0.0,0.0,8968.0,201.0,201.0,45.0,1.5005401380562564e-05,0.0002122165780304,0.4903436936201816,0.0002122165780304,0.4903436936201816,0.0002122165780304,0.4903436936201816,0.0,,,
10074466,K01917.01,CONFIRMED,436.7,2.868,35.01190875,39.0,0.0003928423875291,1.4839402985074577,1.6028957799729682e-05,5.209790867147551,3.862785450492456e-05,0.0,17.0,17.0,1800,pdcsap_flux,64760.0,0.0,29.424430271610618,17.0,0.003413124398709,1.0,0.0207072266831377,,0.0,0.0,887.0,201.0,201.0,4.0,1.882105274118365e-05,6.518486560402881e-05,0.2939843885753274,6.518486560402881e-05,0.2939843885753274,0.0,,0.0,,,
10075409,K04019.01,FALSE POSITIVE,1022.0,15.16,360.33012,,0.0011002709777901,6.335522388059736,-4.516765624174024e-05,1.6402634277407502,0.0003306401140708,0.000682797797612,17.0,17.0,1800,pdcsap_flux,64767.0,0.0,29.42442985251546,93.0,0.0017530221083562,1.0,0.0113792517794555,,0.0,0.0,486.0,201.0,201.0,2.0,0.0001183713446551,0.0004928603296965,0.0189022112421056,0.0006898830247565,-0.1149848522836029,0.000682797797612,-0.209867173898385,0.0,,,
10091257,K07284.01,FALSE POSITIVE,49833.0,3.0271,1.70192371,628.0,0.0444230787673474,1.8072238805970011,-0.001167532504434,560.5937754007186,0.0063304772389717,0.0,16.0,15.0,60|1800,pdcsap_flux,52201.0,0.0,29.424792202189565,19.0,0.0741097652765332,1.0,0.4447041244420605,,0.0,0.0,15449.0,201.0,201.0,77.0,2.7540761080647835e-05,0.0,,0.0,,0.0,,0.0,,,
10130057,K04675.01,FALSE POSITIVE,100.8,2.601,2.17812826,616.0,0.0001074552410526,0.5693731343283586,1.0927759538037485e-05,1.953169905066692,9.804632414855964e-05,6.458106091689064e-05,17.0,17.0,1800,pdcsap_flux,64739.0,0.0,29.42441760969814,15.0,0.0497560230911287,1.0,0.2979347842876782,,0.0,0.0,12910.0,201.0,201.0,65.0,1.2128535664137627e-05,6.458106091689064e-05,-0.4912597383606358,6.458106091689064e-05,-0.4912597383606358,6.458106091689064e-05,-0.4912597383606358,0.0,,,
10130646,K05765.01,FALSE POSITIVE,251.9,7.916,390.40832,,0.0001891539811094,1.4177910447761093,-3.82341479781001e-05,0.989343410519801,0.0001064468778969,0.0013307884083771,17.0,17.0,1800,pdcsap_flux,64791.0,0.0,29.424416357651356,49.0,0.0008448419678487,1.0,0.005046997268139,,0.0,0.0,246.0,201.0,192.0,1.0,6.228626830681973e-05,0.0005153368182786,-0.1262412593194073,0.0013307884083771,-0.1442997563821731,0.0013307884083771,-0.1442997563821731,0.0,,,
10132908,K05767.01,FALSE POSITIVE,380.7,3.305,386.59946,,0.0002538730254249,0.0657711442786064,4.693479066675277e-05,0.8523236226048241,0.0004612798744442,0.0,17.0,17.0,1800,pdcsap_flux,64753.0,0.0,29.42441835883073,21.0,0.000356204153346,1.0,0.0024400413880437,,0.0,0.0,108.0,200.0,108.0,1.0,0.0001100786759052,0.0003794836187512,0.044954461506717,0.00048593078301,-0.4279956030985138,0.0,,0.0,,,
10139620,K04065.01,FALSE POSITIVE,666.1,12.33,372.37369,,0.0006903531832319,5.1528358208955005,0.0005507644508953,1.3593880235750255,2.549257447825859e-05,0.0003244911390218,17.0,17.0,1800,pdcsap_flux,64749.0,0.0,29.42442875762936,75.0,0.0013796624568185,1.0,0.0091584426014301,,0.0,0.0,399.0,201.0,200.0,1.0,9.990105346224492e-05,0.0003244911390218,-0.1823128940117045,0.0004404092524598,-0.0272733254267155,0.0003244911390218,-0.1823128940117045,0.0,,,
10147276,K07987.01,FALSE POSITIVE,103.6,0.865,0.681401611,1969.0,9.653885039806465e-05,0.2065671641791056,-3.504858677616518e-06,2.63668861361228,1.574109715685168e-05,0.0,17.0,17.0,1800,pdcsap_flux,64735.0,0.0,29.424434462562203,5.0,0.0528934274366819,1.0,0.3175098478411987,,0.0,0.0,13723.0,201.0,201.0,68.0,1.177500162376619e-05,4.309580654560108e-05,0.4454969634733123,4.309580654560108e-05,0.4454969634733123,0.0,,0.0,,,
10155080,K07289.01,FALSE POSITIVE,53075.2,3.87956,1.930451347,555.0,0.0456350758338117,2.316155223880598,-0.0016174002351091,718.0885306174462,0.019042714480603,0.0,16.0,15.0,60|1800,pdcsap_flux,52200.0,0.0,29.42478649201803,23.0,0.083736030739413,1.0,0.5033908045977011,,0.0,0.0,17430.0,201.0,201.0,87.0,5.311320390024855e-05,0.0,,0.0,,0.0,,0.0,,,
10156055,K04284.01,FALSE POSITIVE,73.8,3.045,2.42803503,439.0,5.341251984758433e-05,0.8483582089552277,1.7625017041167368e-05,1.9505158722720235,5.1462919944511576e-05,0.0,14.0,14.0,1800,pdcsap_flux,51719.0,0.0,29.424776108935475,19.0,0.0522541884414245,1.0,0.3118969817668555,,0.0,0.0,10774.0,201.0,201.0,54.0,6.231914017677131e-06,0.0,,0.0,,0.0,,0.0,,,
10156064,K07290.01,FALSE POSITIVE,126975.0,4.7847,2.427967843,441.0,0.0895459877212687,3.0469731343283675,-0.0015660711291894,666.6397306554608,0.0683330334422044,0.0,16.0,15.0,60|1800,pdcsap_flux,52200.0,0.0,29.42478801123798,29.0,0.0821108486155514,1.0,0.4909961685823755,,0.0,0.0,17120.0,201.0,201.0,84.0,0.0001558847539139,0.0,,0.0,,0.0,,0.0,,,
10158715,K05770.01,FALSE POSITIVE,408.0,1.049,61.0011095,,0.000111089647111,0.0208756218905472,0.0002539355190012,0.4441304452178031,0.0004218834122273,0.0,14.0,14.0,1800,pdcsap_flux,51725.0,0.0,29.42478113807738,7.0,0.0007165170222573,1.0,0.0044852585790236,,0.0,0.0,160.0,197.0,64.0,0.0,0.0001101327893302,0.0003690151019757,0.2092674515812289,0.0004569918762815,-0.2620216198085203,0.0,,0.0,,,
10161534,K05771.01,FALSE POSITIVE,416.4,1.919,198.232389,,0.0003178513665562,0.0381890547263683,-6.280664294588956e-05,1.6452846172811848,9.64581524875996e-05,0.0,14.0,14.0,1800,pdcsap_flux,51697.0,0.0,29.424784826114774,11.0,0.0004033565540762,1.0,0.0022825309012128,,0.0,0.0,62.0,194.0,62.0,0.0,8.682166221466227e-05,0.0002744802771806,0.1240509720485514,0.000829634782821,0.1444204780293983,0.0,,0.0,,,
10189542,K05773.01,FALSE POSITIVE,229.4,2.395,24.614775,54.0,0.0002265742570449,0.2383084577114442,-1.2053194122341182e-05,1.5839445820625682,0.0001351717750863,0.0,17.0,17.0,1800,pdcsap_flux,64786.0,0.0,29.424405293539166,15.0,0.0040541368615665,1.0,0.0238323094495724,,0.0,0.0,1040.0,201.0,201.0,4.0,4.647776512043447e-05,0.000162829049879,-0.4102854470940997,0.0002086759875093,-0.3312297782935524,0.0,,0.0,,,
10189557,K02427.01,FALSE POSITIVE,199.1,2.231,2.93101771,460.0,0.0001819262782306,0.621572139303483,8.508324729983308e-06,2.105507238778631,6.902156042742913e-05,0.0,17.0,17.0,1800,pdcsap_flux,64710.0,0.0,29.424406299367547,13.0,0.0317153775687467,1.0,0.191933240611961,,0.0,0.0,8292.0,201.0,201.0,41.0,2.2238186925198854e-05,0.0,,0.0,,0.0,,0.0,,,
10205598,K08198.01,FALSE POSITIVE,730.0,27.66,373.89398,4.0,0.0005801754914365,7.155820895522376,-6.790773952503049e-05,2.550803072855645,4.411345182919746e-06,0.0002827511888128,17.0,17.0,1800,pdcsap_flux,64753.0,0.0,29.42442742176354,169.0,0.0030824245953358,1.0,0.0202924961005667,,0.0,0.0,843.0,201.0,201.0,4.0,5.775658475341909e-05,0.0002827511888128,0.2359611510516709,0.000324273938175,-0.3277372468203646,0.0002827511888128,0.2359611510516709,0.0,,,
10212441,K02342.01,CONFIRMED,97.9,5.823,15.0447098,89.0,8.779242495571271e-05,2.549373134328356,8.710057046390496e-06,2.9292423027217174,2.8938008185264152e-06,0.0,18.0,18.0,1800,pdcsap_flux,65203.0,0.0,29.42444602434989,35.0,0.0161269312087362,2.0,0.0968053617164854,,1.0,0.0024078646688035,4181.0,201.0,201.0,21.0,6.101441555523346e-06,1.876571133563321e-05,0.130967973138006,9.3637260745294e-05,-0.4981126090610561,0.0,,0.0024078646688035,,,
10212441,K02342.02,FALSE POSITIVE,193.0,6.46,354.78194,3.0,0.0001274957043397,0.3856716417910437,-4.919629014576987e-05,1.000879555208933,6.0160461251568265e-05,0.0001442050192284,18.0,18.0,1800,pdcsap_flux,65203.0,0.0,29.42444602434989,39.0,0.0007586819855223,2.0,0.0516080548441022,,1.0,0.0478812324586292,207.0,200.0,178.0,1.0,3.153664319784255e-05,0.0001442050192284,-0.0023872762249951,0.0001595289405305,0.1425209830097516,0.0001442050192284,-0.0023872762249951,0.0478812324586292,,,
10214162,K01724.01,CONFIRMED,770.9,4.929,17.42393582,66.0,0.0006901873896227,3.531223880597004,2.2959440648007146e-05,5.435287369646351,4.378754508571614e-05,0.0,14.0,14.0,1800,pdcsap_flux,54907.0,0.0,29.424492297694087,31.0,0.0117869465384658,1.0,0.0706103046970331,,0.0,0.0,2657.0,201.0,201.0,13.0,3.17685859163753e-05,0.0001068962226205,-0.2156344428543569,0.0001068962226205,-0.2156344428543569,0.0,,0.0,,,
10222603,K05779.01,FALSE POSITIVE,195.7,1.923,112.48226,,9.18583574901488e-05,0.0382686567164178,-1.382084421130969e-05,0.6381323318683887,0.0001621097872887,0.0004176817567844,14.0,14.0,1800,pdcsap_flux,51729.0,0.0,29.42477577365935,11.0,0.0007123345494658,1.0,0.0044655802354578,,0.0,0.0,171.0,198.0,106.0,1.0,5.173584840537342e-05,0.0002846423984993,0.259265137131717,0.0006663403572703,0.0546470377976765,0.0004176817567844,0.27600499904417,0.0,,,
10223615,K00065.01,FALSE POSITIVE,,0.73,27.25471993,,2.776785704039497e-06,0.0435820895522389,-8.072286274418694e-06,0.0451627793893321,3.026700275854388e-05,0.0,15.0,15.0,1800,pdcsap_flux,52034.0,0.0,29.424786156741902,5.0,0.0011160146479137,1.0,0.006534189183995,,0.0,0.0,232.0,201.0,153.0,1.0,1.5222049165171005e-05,4.744562877967429e-05,0.0177207134585679,7.81394744848729e-05,-0.2545868606323925,0.0,,0.0,,,
10225800,K00729.01,FALSE POSITIVE,2008.4,1.4866,1.423799421,747.0,0.0018628238303336,1.2425313432835874,5.3876580112688366e-05,21.14334775176427,0.0001052418096881,0.0,17.0,14.0,60|1800,pdcsap_flux,51708.0,0.0,29.42478130571544,9.0,0.0435044892932757,1.0,0.2607140094376112,,0.0,0.0,8973.0,201.0,201.0,45.0,1.6603776877222207e-05,5.508900476758338e-05,0.4843258973429037,5.508900476758338e-05,0.4843258973429037,0.0,,0.0,,,
10266615,K00530.01,CONFIRMED,538.6,2.3494,10.94026745,123.0,0.0005005287370756,1.122101492537304,-3.687807682051236e-05,4.575046435596359,5.459126777906942e-05,0.0,17.0,17.0,1800,pdcsap_flux,64788.0,0.0,29.42441835883073,15.0,0.0089478312220481,1.0,0.0538834352040501,,0.0,0.0,2326.0,201.0,201.0,12.0,2.53054092443744e-05,8.947355579846938e-05,0.3556572850020769,0.0001494662442306,-0.4989404576396435,0.0,,0.0,,,
10275766,K02810.01,FALSE POSITIVE,215.6,4.112,0.661749944,2025.0,0.0001716315746307,1.800278606965164,-1.6391277313232422e-05,5.057802452898062,1.6510486602783203e-05,,17.0,17.0,1800,pdcsap_flux,64740.0,0.0,29.42443245090544,,0.2589094791571805,2.0,1.0,none,1.0,0.006101328390485,64740.0,195.0,195.0,334.0,,,,,,,,0.006101328390485,blanking covers 1.04 of the orbit,,
10275766,K02810.02,FALSE POSITIVE,421.9,13.02,354.95118,,0.0007889590746472,0.259104477611942,7.638473009052849e-05,1.2778608799780735,0.0002066653848113,0.0024002613062226,17.0,17.0,1800,pdcsap_flux,64740.0,0.0,29.42443245090544,79.0,0.001528379198514,2.0,0.0109978375038616,secondary_only,1.0,0.7763670064874885,532.0,201.0,118.0,4.0,0.0002015590068695,0.0024002613062226,0.2527522346068329,0.0024002613062226,0.2527522346068329,0.0024002613062226,0.2527522346068329,0.7763670064874885,,,
10281311,K08203.01,FALSE POSITIVE,243.5,7.627,234.66319186,4.0,0.0001813204425107,1.0624676616915445,-1.5156510318914409e-05,0.6668408685919581,0.0003712212025183,0.0,17.0,17.0,1800,pdcsap_flux,64720.0,0.0,29.424434619722888,47.0,0.0013542459051535,1.0,0.0080346106304079,,0.0,0.0,332.0,201.0,192.0,2.0,9.121008987912308e-05,0.0002993565087325,-0.3552492596479565,0.0003308983178577,-0.324101603829425,0.0,,0.0,,,
10289119,K02390.01,CONFIRMED,124.1,5.712,16.10474503,64.0,0.0001335405969763,2.273432835820905,1.0563981802991227e-05,3.807274454546493,4.671231423669653e-06,0.0,25.0,14.0,60|1800,pdcsap_flux,51718.0,0.0,29.42477443255484,35.0,0.0147782532139845,1.0,0.0874550446653002,,0.0,0.0,2917.0,201.0,201.0,14.0,8.406200172558043e-06,0.0,,0.0,,0.0,,0.0,,,
10290447,K07306.01,FALSE POSITIVE,1901.0,5.23,0.691561191,546.0,-0.0033979415893554,5.6202985074626834,0.0032691359519958,-1.9224242789911627,0.000280886888504,,5.0,5.0,1800,pdcsap_flux,18432.0,0.0,29.42394796642475,,0.3151082933840726,1.0,1.0,none,0.0,0.0,18432.0,160.0,160.0,116.0,,,,,,,,0.0,blanking covers 1.26 of the orbit,,
10332789,K07311.01,FALSE POSITIVE,125477.0,5.19791,18.74072534,72.0,0.121090878262531,3.516993830845778,-0.0034453700960841,680.9429153388905,0.0004563445119059,0.0013366237368538,17.0,17.0,1800,pdcsap_flux,64793.0,0.0,29.424419039860368,31.0,0.0115566275799938,1.0,0.0699766950133502,,0.0,0.0,3000.0,201.0,201.0,15.0,4.976190254794024e-05,0.0003345950197395,-0.4696622317979353,0.0013366237368538,-0.4451043981904484,0.0013366237368538,-0.4451043981904484,0.0,,,
10338624,K03222.01,FALSE POSITIVE,34.9,5.549,0.607538435,852.0,3.847479820251465e-05,5.41096517412936,-1.788139343261719e-07,3.298362009410168,1.3113021850585938e-05,,18.0,18.0,1800,pdcsap_flux,65270.0,0.0,29.424440487055108,,0.3805657716673239,1.0,1.0,none,0.0,0.0,65270.0,133.0,133.0,495.0,,,,,,,,0.0,blanking covers 1.52 of the orbit,,
10340212,K08003.01,FALSE POSITIVE,226.2,4.637,0.93374894,1409.0,0.0002763916547027,0.5536716417910412,6.407904927385744e-05,1.7462513269511375,7.811388277123577e-05,,16.0,16.0,1800,pdcsap_flux,63154.0,0.0,29.42438936792314,29.0,0.2069167900028173,1.0,0.6214016531019413,primary_only,0.0,0.0,52290.0,201.0,201.0,260.0,,,,,,,,0.0,blanking covers 0.83 of the orbit,,
10340423,K00736.01,CONFIRMED,1529.0,3.2906,18.79418506,72.0,0.0013633753981491,1.1787223880597022,-0.0001366218079486,5.946046378594891,0.0001350805758448,0.0,17.0,17.0,1800,pdcsap_flux,64781.0,0.0,29.424431025981903,21.0,0.0072952529144316,3.0,0.0934842006143776,,2.0,0.0528704404069094,1920.0,201.0,201.0,10.0,6.251857205622642e-05,0.0,,0.0,,0.0,,0.0528704404069094,,,
10340423,K00736.02,CONFIRMED,601.3,2.813,6.73893544,193.0,0.0005033333879602,0.6717611940298553,-4.464216225197326e-05,3.229316120428695,9.181286970394442e-05,0.0,17.0,17.0,1800,pdcsap_flux,64781.0,0.0,29.424431025981903,17.0,0.0173927075540188,3.0,0.1262715919791296,,2.0,0.023401923403467,4476.0,201.0,201.0,22.0,3.365582845760338e-05,0.0,,0.0,,0.0,,0.023401923403467,,,
10340423,K00736.03,FALSE POSITIVE,,2.97,345.98207283,,0.0006226507224879,0.0591044776119407,8.46227909099273e-05,1.7357817786206424,0.000389515078809,0.0,17.0,17.0,1800,pdcsap_flux,64781.0,0.0,29.424431025981903,19.0,0.0003576774917491,3.0,0.0752226733147064,,2.0,0.0730152359488121,95.0,192.0,33.0,0.0,0.0002705979103536,0.0008745708477396,0.030320572810362,0.0013258854564728,-0.0806488690048044,0.0,,0.0730152359488121,,,
10384798,K01997.01,CONFIRMED,695.2,5.941,38.505224,36.0,0.0006784197785674,4.49269651741292,-5.966758346398482e-05,4.954500543517025,3.275783951117717e-05,0.0,17.0,17.0,1800,pdcsap_flux,64745.0,0.0,29.42440394719597,37.0,0.0064287813691634,1.0,0.0390454861379257,,0.0,0.0,1712.0,201.0,201.0,9.0,3.2396489177951347e-05,0.0,,0.0,,0.0,,0.0,,,
10399321,K04556.01,FALSE POSITIVE,47.6,13.734,21.5819776,62.0,3.950673824804074e-05,3.8263880597014857,-1.1268266609798516e-06,2.306349696498493,1.9495515051870527e-05,0.0,17.0,17.0,1800,pdcsap_flux,64764.0,0.0,29.42442338797264,85.0,0.0265151790353076,1.0,0.1587764807609165,,0.0,0.0,6703.0,201.0,201.0,34.0,5.300808105579335e-06,0.0,,0.0,,0.0,,0.0,,,
10404545,K08207.01,FALSE POSITIVE,1363.8,16.97,350.34114,4.0,0.00091561167048,2.363980099502463,0.0003394583062618,1.924533959176776,0.00072620768524,0.0004913516192349,17.0,17.0,1800,pdcsap_flux,64766.0,0.0,29.42442993633449,103.0,0.0020182709154092,1.0,0.0126146434857795,,0.0,0.0,553.0,201.0,201.0,3.0,0.0001100397224325,0.0004913516192349,-0.4997113488583797,0.0004913516192349,-0.4997113488583797,0.0004913516192349,-0.4997113488583797,0.0,,,
10404582,K02147.01,CONFIRMED,395.2,4.782,37.8658964,37.0,0.0003721148005935,2.664597014925369,1.2385082216237464e-05,3.684556282057776,2.2899245772922683e-06,0.0,17.0,17.0,1800,pdcsap_flux,64767.0,0.0,29.424430606886744,29.0,0.0052619908398629,2.0,0.0535303472447388,,1.0,0.0236077014529003,1396.0,201.0,201.0,7.0,2.1363072835969988e-05,6.559869341360436e-05,0.0755519254001117,6.732272793341654e-05,0.4083728460214549,0.0,,0.0236077014529003,,,
10404582,K02147.02,CONFIRMED,126.9,1.889,10.32736351,133.0,0.0001282907766821,0.1879601990049748,-7.248281759908437e-06,1.9128474433362652,0.0001034932738537,0.0,17.0,17.0,1800,pdcsap_flux,64767.0,0.0,29.424430606886744,11.0,0.0076213385204384,2.0,0.0598761715070946,,1.0,0.0161347599857952,2032.0,201.0,201.0,9.0,1.9012367075269097e-05,0.0,,0.0,,0.0,,0.0161347599857952,,,
10405224,K08008.01,FALSE POSITIVE,72.7,3.706,0.93378068,1442.0,8.866718025213327e-05,0.5162587064676623,-1.1010254203580594e-05,2.1012333683065925,1.0121378033578488e-05,0.0,17.0,17.0,1800,pdcsap_flux,64792.0,0.0,29.424430428771306,23.0,0.1653671680877641,1.0,0.4964810470428448,primary_only,0.0,0.0,42900.0,201.0,201.0,213.0,1.1871670336148154e-05,0.0,,0.0,,0.0,,0.0,,,
10407482,K04255.01,CONFIRMED,193.1,2.619,6.30558387,185.0,0.0001642381715691,0.3648358208955249,-4.569632599871198e-06,1.7619996452993738,1.4567288715405802e-05,0.0,15.0,15.0,1800,pdcsap_flux,56197.0,0.0,29.42431208153721,17.0,0.0173060896896769,1.0,0.1048276598394932,,0.0,0.0,3886.0,201.0,201.0,19.0,4.9745138118078754e-05,0.0,,0.0,,0.0,,0.0,,,
10427700,K04394.01,FALSE POSITIVE,79.4,0.8136,0.616386349,1728.0,7.319755978163478e-05,0.453349253731341,4.340724210072367e-07,4.87253740271079,4.9763100751221145e-08,5.21155944561702e-05,15.0,15.0,1800,pdcsap_flux,52186.0,0.0,29.424797388492152,5.0,0.0549979733571289,1.0,0.3298394205342429,,0.0,0.0,11499.0,201.0,201.0,55.0,6.573907884816288e-06,5.21155944561702e-05,0.495373869717229,5.21155944561702e-05,0.495373869717229,5.21155944561702e-05,0.495373869717229,0.0,,,
10454401,K07328.01,FALSE POSITIVE,414950.0,4.15602,12.180721266,0.0,,,,,,,,,,,,,,,,,,,,,,,,,,,,,,,,,,koi_num_transits is 0,precheck
10462826,K07329.01,FALSE POSITIVE,103144.0,8.96181,50.467024395,27.0,0.0907198188073461,5.171989850746269,-0.0015252255628716,582.4632479556465,0.0009775356125166,0.0091261291152455,17.0,17.0,1800,pdcsap_flux,64793.0,0.0,29.424417861155234,55.0,0.0073990641310129,1.0,0.0453444044881391,,0.0,0.0,1912.0,201.0,201.0,9.0,4.1433719684242384e-05,0.0091261291152455,-0.382524450982286,0.0091261291152455,-0.382524450982286,0.0091261291152455,-0.382524450982286,0.0,,,
10464050,K01851.01,CONFIRMED,553.9,1.813,4.469754641,304.0,0.0005167497471834,1.4431840796019908,3.433283533060827e-05,8.823376634147012,2.6855440471873493e-05,0.0,17.0,17.0,1800,pdcsap_flux,64792.0,0.0,29.424420883879066,11.0,0.0169006293933319,1.0,0.1008149154216569,,0.0,0.0,4443.0,201.0,201.0,22.0,1.8058158219531676e-05,0.0,,0.0,,0.0,,0.0,,,
10481054,K07333.01,FALSE POSITIVE,36.0,3.939,2.03742712,525.0,3.667858404521329e-05,1.0190447761193973,5.136423852913907e-07,1.9109642551836636,1.937602761015178e-06,0.0,14.0,14.0,1800,pdcsap_flux,51690.0,0.0,29.42476320080459,25.0,0.0805550286382759,1.0,0.4835945057071,,0.0,0.0,16648.0,201.0,201.0,83.0,6.043205020729614e-06,0.0,,0.0,,0.0,,0.0,,,
10488450,K00290.01,FALSE POSITIVE,234.7,1.8592,2.683395376,396.0,0.0002185339828986,1.5909572139303487,-7.649785817021026e-07,10.910659196560127,2.3765080332638355e-05,2.5779725917551843e-05,15.0,15.0,1800,pdcsap_flux,52185.0,0.0,29.424787251628004,11.0,0.0288688977254415,1.0,0.1734598064577943,,0.0,0.0,5976.0,201.0,201.0,30.0,4.976310681619322e-06,2.5779725917551843e-05,-0.4984024987207882,2.5779725917551843e-05,-0.4984024987207882,2.5779725917551843e-05,-0.4984024987207882,0.0,,,
10489539,K03231.01,FALSE POSITIVE,51.3,12.319,19.7639874,55.0,5.0353084254717295e-05,4.903084577114427,1.5327264935027785e-05,3.017659426545198,8.407950979005818e-06,0.0,15.0,15.0,1800,pdcsap_flux,52194.0,0.0,29.424789352342486,75.0,0.0259710581816433,1.0,0.1541364907843813,,0.0,0.0,5342.0,201.0,201.0,27.0,6.257782728867212e-06,0.0,,0.0,,0.0,,0.0,,,
10491525,K04589.01,FALSE POSITIVE,45.0,1.528,1.09844642,971.0,4.819428373736834e-05,0.2736716417910454,-1.4441237868645374e-05,3.002762899631208,7.986456653896745e-06,0.0,15.0,15.0,1800,pdcsap_flux,52141.0,0.0,29.42479337565601,9.0,0.0579606483370091,1.0,0.3474425116510999,,0.0,0.0,12070.0,201.0,201.0,60.0,5.72812234959531e-06,0.0,,0.0,,0.0,,0.0,,,
10525027,K02006.01,CONFIRMED,262.5,1.7292,3.27344784,408.0,0.0002245116591633,1.1355940298507456,-1.5571336891007093e-06,4.869050744858523,1.7902332897334894e-05,0.0,17.0,17.0,1800,pdcsap_flux,64790.0,0.0,29.424415844259784,11.0,0.0220104316676694,1.0,0.1321963265936101,,0.0,0.0,5714.0,201.0,201.0,28.0,1.2392276275558111e-05,0.0,,0.0,,0.0,,0.0,,,
10527135,K02622.01,FALSE POSITIVE,171.9,0.8592,0.328686504,2036.0,0.0001478411536914,0.4958567164179113,8.375876478838862e-06,3.6880844158410833,1.573111884467515e-05,0.0,17.0,17.0,1800,pdcsap_flux,64781.0,0.0,29.42441769351717,5.0,0.1089183753039035,1.0,0.6535249533042096,,0.0,0.0,28214.0,201.0,201.0,140.0,1.2804495713292896e-05,0.0,,0.0,,0.0,,0.0,,,
10538176,K01301.01,CONFIRMED,797.4,2.9899,12.69905011,94.0,0.000742378747006,1.785014925373148,5.4251253561177215e-05,4.505449730781178,2.06787824704735e-05,0.0,17.0,15.0,60|1800,pdcsap_flux,58969.0,0.0,29.42449271155056,19.0,0.0098101169447756,2.0,0.076022995133036,,1.0,0.0186029947938747,2269.0,201.0,201.0,11.0,4.450457475435983e-05,0.0001479740928556,0.3743680727052975,0.0001479740928556,0.3743680727052975,0.0,,0.0186029947938747,,,
10538176,K01301.02,CONFIRMED,935.0,5.303,37.5142128,34.0,0.000839935770283,2.2161791044775967,-1.5289295513531975e-05,3.734221738734696,1.443094298159142e-05,0.0,17.0,15.0,60|1800,pdcsap_flux,58969.0,0.0,29.42449271155056,33.0,0.0058899898689419,2.0,0.062710915904967,,1.0,0.0287778324204242,1455.0,201.0,201.0,6.0,5.280641424051787e-05,0.0001662477674879,0.0779556909205473,0.0002127799602714,-0.4994375359828754,0.0,,0.0287778324204242,,,
10547685,K07340.01,FALSE POSITIVE,37637.5,2.84811,1.388509353,768.0,0.0337159445837093,1.7003641791044717,-0.0011616773359761,435.7963533334431,0.0013765412682125,0.0,16.0,15.0,60|1800,pdcsap_flux,52200.0,0.0,29.424777450039983,17.0,0.0854666551173026,1.0,0.513007662835249,,0.0,0.0,17858.0,201.0,201.0,89.0,4.597638649507611e-05,0.0,,0.0,,0.0,,0.0,,,
10549576,K07341.01,FALSE POSITIVE,101478.0,6.4006,9.089355023,118.0,0.0978269594853593,3.8212537313433095,-0.0033569917723557,228.33803599772696,0.0009330939544971,0.0208379010094712,14.0,14.0,1800,pdcsap_flux,51731.0,0.0,29.424769571051,39.0,0.0293410991199949,1.0,0.1785969728016083,,0.0,0.0,6119.0,201.0,201.0,30.0,9.311528558443034e-05,0.0208379010094712,0.4993129679862106,0.0208379010094712,0.4993129679862106,0.0208379010094712,0.4993129679862106,0.0,,,
10554967,K03059.01,FALSE POSITIVE,444.1,1.0547,0.53633519,1283.0,0.0003997714855452,0.755605970149252,2.245184823412849e-05,4.328981876705292,6.74056088380004e-05,0.0001106881205232,9.0,9.0,1800,pdcsap_flux,33276.0,0.0,29.42518145777285,7.0,0.0819372551954559,1.0,0.491375165284289,,0.0,0.0,10896.0,201.0,201.0,55.0,2.8216473983611887e-05,0.0001106881205232,-0.4981202074067209,0.0001106881205232,-0.4981202074067209,0.0001106881205232,-0.4981202074067209,0.0,,,
10556578,K07343.01,FALSE POSITIVE,37224.0,2.0171,0.626431697,1180.0,0.0329834031434674,1.164097512437808,-0.0003950867909824,42.900639702627366,0.0024361751478242,0.0,13.0,13.0,1800,pdcsap_flux,50111.0,0.0,29.42474198935088,13.0,0.134165997244123,1.0,0.4024864800143681,primary_only,0.0,0.0,26880.0,201.0,201.0,133.0,0.0001065671151884,0.0,,0.0,,0.0,,0.0,,,
10583181,K07344.01,FALSE POSITIVE,245988.0,5.39585,2.696354974,501.0,0.2348325832894919,3.0066427860696425,-0.0080654762471913,134.31732932470206,0.0005030266570023,0.0581776595781307,32.0,18.0,60|1800,pdcsap_flux,65262.0,0.0,29.424416860565543,33.0,0.0833818564325771,1.0,0.50096533970764,,0.0,0.0,21812.0,201.0,201.0,109.0,0.0008355823987573,0.0581776595781307,-0.4997068648754712,0.0581776595781307,-0.4997068648754712,0.0581776595781307,-0.4997068648754712,0.0,,,
10591578,K05811.01,FALSE POSITIVE,,1.55,44.51439331,,0.0001266917924287,0.1233830845771133,7.273383067385453e-06,0.8146244543232452,1.4268778360637668e-05,0.0001844600295936,17.0,17.0,1800,pdcsap_flux,64788.0,0.0,29.424417363479733,9.0,0.0014508415937194,1.0,0.0089831450268568,,0.0,0.0,383.0,199.0,169.0,2.0,5.007537299999593e-05,0.0001653941816109,-0.3708652973881345,0.0002286582427656,-0.3920838556962808,0.0001844600295936,-0.3516416462713529,0.0,,,
10591855,K02845.01,CONFIRMED,224.9,1.5796,1.574090323,859.0,0.0002079295256093,0.4400875621890573,-4.099518116307266e-05,3.299802035900544,1.5632097035256365e-05,0.0,17.0,17.0,1800,pdcsap_flux,64774.0,0.0,29.42441769875586,9.0,0.0418125095523293,1.0,0.2512736591842406,,0.0,0.0,10881.0,201.0,201.0,54.0,1.863535685015024e-05,0.0,,0.0,,0.0,,0.0,,,
10593759,K00025.01,FALSE POSITIVE,9969.2,3.6337,3.132604547,430.0,0.0089809461181192,2.1693731343283496,-0.0002724560679764,238.7737493904054,0.000964691701068,0.0,21.0,18.0,60|1800,pdcsap_flux,65262.0,0.0,29.42443327861838,23.0,0.0483317202650624,1.0,0.2897398179645122,,0.0,0.0,12656.0,201.0,201.0,63.0,7.438936293390519e-06,0.0,,0.0,,0.0,,0.0,,,
10601549,K06226.01,FALSE POSITIVE,64776.0,1.9123,1.463773705,917.0,0.0569886488784578,1.141671641791051,-0.0019787715179724,135.1151714109876,0.0004984251715358,0.000704956364093,17.0,17.0,1800,pdcsap_flux,64814.0,0.0,29.424430103972558,11.0,0.0544340743343703,1.0,0.3272132563952232,,0.0,0.0,14116.0,201.0,201.0,70.0,4.788886259493205e-05,0.000704956364093,-0.4964827728342078,0.000704956364093,-0.4964827728342078,0.000704956364093,-0.4964827728342078,0.0,,,
10601579,K07349.01,FALSE POSITIVE,56616.3,5.62354,8.098754149,167.0,0.0507598280941253,3.357337313432821,-0.0012708557019444,1799.1424592356568,0.0005293449381842,0.0090434613721239,17.0,17.0,1800,pdcsap_flux,64814.0,0.0,29.424430103972558,35.0,0.0289321249115333,1.0,0.1753324898941586,,0.0,0.0,7406.0,201.0,201.0,37.0,6.157736325618046e-06,0.0090434613721239,0.4865498897482818,0.0090434613721239,0.4865498897482818,0.0090434613721239,0.4865498897482818,0.0,,,
10614012,K01807.01,FALSE POSITIVE,7956.2,26.715,132.1331011,8.0,0.0103164078530867,22.328955223880627,0.0009664530254157,4.4217457084832725,0.0002464729029831,0.0,15.0,15.0,1800,pdcsap_flux,52200.0,0.0,29.42477827775292,163.0,0.0084242706084493,1.0,0.0497701149425287,,0.0,0.0,1623.0,201.0,201.0,8.0,6.638225885534379e-05,0.0,,0.0,,0.0,,0.0,,,
10616656,K05814.01,FALSE POSITIVE,63021.6,4.76313,25.285232337,43.0,0.0563677233087184,2.843659701492527,-0.001022877959817,1789.983943792391,0.0006017723353632,0.0,35.0,15.0,60|1800,pdcsap_flux,52202.0,0.0,29.424781976267692,29.0,0.0078489984728986,1.0,0.0484847323857323,,0.0,0.0,1701.0,201.0,201.0,8.0,8.492949261194326e-06,2.853541963965256e-05,0.3997034309932044,2.853541963965256e-05,0.3997034309932044,0.0,,0.0,,,
10617638,K03016.01,FALSE POSITIVE,122.6,1.0183,0.710894157,1502.0,9.721007842111716e-05,0.7092636815920408,-1.639220433824473e-05,2.5600514196107875,1.0321127326573531e-05,0.0,14.0,14.0,1800,pdcsap_flux,51682.0,0.0,29.4247742544394,7.0,0.0596842247877227,1.0,0.3578228396733872,,0.0,0.0,12354.0,201.0,201.0,61.0,1.1051284691431084e-05,3.6595352906787504e-05,-0.4776133043941341,3.6595352906787504e-05,-0.4776133043941341,0.0,,0.0,,,
10619142,K03082.01,FALSE POSITIVE,154.8,3.625,2.04516705,339.0,0.0001382927980111,1.731343283582099,1.0843435222951392e-05,2.024518696663159,1.6228043988597562e-05,0.0,9.0,9.0,1800,pdcsap_flux,33654.0,0.0,29.42466479726136,23.0,0.0738529728741066,1.0,0.4422654067867118,,0.0,0.0,9877.0,201.0,201.0,49.0,1.605028758220335e-05,0.0,,0.0,,0.0,,0.0,,,
10653179,K03280.01,CONFIRMED,723.2,4.003,47.1607932,25.0,0.0006696982363449,0.1593233830845783,9.867010238084896e-06,3.221527031697777,6.137765064373468e-05,0.0,14.0,14.0,1800,pdcsap_flux,51502.0,0.0,29.424258777871728,25.0,0.0035366594866064,1.0,0.0217855617257582,,0.0,0.0,815.0,197.0,81.0,0.0,7.945361014353948e-05,0.0002812962211551,0.4095648865620085,0.0002812962211551,0.4095648865620085,0.0,,0.0,,,
10664416,K02599.01,FALSE POSITIVE,1379.7,70.405,25.3239215,56.0,0.0010732361099505,33.62626865671612,-0.0001157165300192,7.4418899811993295,4.128122690916225e-05,0.0,17.0,17.0,1800,pdcsap_flux,64780.0,0.0,29.424429098144174,431.0,0.1158407344876134,1.0,0.6958320469280642,,0.0,0.0,30439.0,201.0,201.0,151.0,5.3574984896706575e-05,0.0,,0.0,,0.0,,0.0,,,
10669994,K04360.01,CONFIRMED,98.5,1.744,2.71603664,494.0,8.39135034911287e-05,0.3817711442786062,-1.7825660982739855e-05,1.8679286885406703,1.466756032897365e-05,0.0,17.0,17.0,1800,pdcsap_flux,64738.0,0.0,29.42443228326738,11.0,0.0267546709777327,1.0,0.160400383082579,,0.0,0.0,6941.0,201.0,201.0,35.0,1.0485366733757873e-05,3.241799397357692e-05,-0.2290973948518062,3.241799397357692e-05,-0.2290973948518062,0.0,,0.0,,,
10685175,K07362.01,FALSE POSITIVE,124.6,7.083,3.10197712,342.0,0.0016754123649195,10.994507462686537,-0.0004461064238654,1.2009118288158227,2.9112713687551303e-05,0.0,15.0,15.0,1800,pdcsap_flux,52202.0,0.0,29.424785496667027,43.0,0.0951409338570492,1.0,0.569480096548025,,0.0,0.0,19900.0,201.0,201.0,99.0,0.0005559045926291,0.0023250166824575,0.2016771231278895,0.0023250166824575,0.2016771231278895,0.0,,0.0,,,
10722485,K04312.01,CONFIRMED,68.2,3.747,7.84931877,174.0,5.896008458561308e-05,0.4474029850746248,1.1948959000029902e-07,1.573773526912996,9.34604496938274e-06,0.0,17.0,17.0,1800,pdcsap_flux,64720.0,0.0,29.42441920749843,23.0,0.0198902611264442,1.0,0.1206273176761433,,0.0,0.0,5231.0,201.0,201.0,26.0,8.348462545988943e-06,0.0,,0.0,,0.0,,0.0,,,
10735331,K03720.01,FALSE POSITIVE,13929.5,6.5043,213.3990406,7.0,,,,,,0.0,18.0,18.0,1800,pdcsap_flux,65197.0,0.0,29.42444334214088,39.0,0.0012699799363577,1.0,0.0064420142031075,,0.0,0.0,315.0,201.0,157.0,2.0,3.45059214984193e-05,0.0001082947973242,0.2519887428729198,0.0001405543263359,0.4993173354786175,0.0,,0.0,,,
10736223,K07367.01,FALSE POSITIVE,730498.0,4.38191,1.105094098,1223.0,0.5536003037455175,2.2672569154228968,-0.0140603839115717,31.293445254845143,0.0025278468189517,0.0840833000198603,18.0,17.0,60|1800,pdcsap_flux,64793.0,0.0,29.42443076404743,27.0,0.1652163229029691,1.0,0.4965351195345176,primary_only,0.0,0.0,42873.0,201.0,201.0,213.0,0.0122883044736842,0.0840833000198603,-0.4988538125354306,0.0840833000198603,-0.4988538125354306,0.0840833000198603,-0.4988538125354306,0.0,,,
10748390,K00003.01,CONFIRMED,4315.8,2.36255,4.887803076,215.0,0.0041909296563702,1.974668656716429,6.245264350024371e-05,229.8879530821264,3.3406364486121554e-05,0.0,52.0,15.0,60|1800,pdcsap_flux,52202.0,0.0,29.42477879114449,15.0,0.0201398423387164,1.0,0.1204168422665798,,0.0,0.0,4143.0,201.0,201.0,21.0,1.1194435919993162e-05,0.0,,0.0,,0.0,,0.0,,,
10790387,K01288.01,CONFIRMED,8506.6,5.8796,117.93110803,11.0,0.0081897753613606,4.797285572139289,-0.0001772067266284,31.033786715897108,0.0003893067512965,0.0,17.0,17.0,1800,pdcsap_flux,64760.0,0.0,29.424421219155192,35.0,0.0020773427590539,1.0,0.0130636195182211,,0.0,0.0,515.0,201.0,196.0,2.0,5.551878960137765e-05,0.0001835365665607,0.1478733913714029,0.0002009016592197,0.2979614057130584,0.0,,0.0,,,
10794405,K07373.01,FALSE POSITIVE,2122.3,4.0869,0.952377862,940.0,0.0018624781565158,2.358608955223877,-4.125388431430732e-05,27.820643798316517,5.130104166595206e-05,0.0,17.0,17.0,1800,pdcsap_flux,64725.0,0.0,29.42442540486809,25.0,0.1788024551960868,1.0,0.5363769795287756,primary_only,0.0,0.0,46289.0,201.0,201.0,230.0,0.0007564173728534,0.0,,0.0,,0.0,,0.0,,,
10801951,K08032.01,FALSE POSITIVE,66.7,3.001,1.105123883,1219.0,6.888640305480198e-05,1.4333134328358177,-3.662795527659135e-06,4.00532977703617,2.187476388981757e-05,0.0,17.0,17.0,1800,pdcsap_flux,64722.0,0.0,29.42443245090544,19.0,0.1131471942559281,1.0,0.6785637032230154,,0.0,0.0,29337.0,201.0,201.0,146.0,1.0059582542714152e-05,0.0,,0.0,,0.0,,0.0,,,
10809677,K07374.01,FALSE POSITIVE,4879.8,3.5323,3.521050679,304.0,0.0043090521391667,2.108835820895518,-0.0001322836211311,79.93685269883574,0.0012771537400585,0.0,14.0,14.0,1800,pdcsap_flux,51724.0,0.0,29.42476068623364,21.0,0.0417997865081755,1.0,0.2498453329208877,,0.0,0.0,8690.0,201.0,201.0,43.0,1.4976800534880371e-05,0.0,,0.0,,0.0,,0.0,,,
10813841,K01640.01,FALSE POSITIVE,502.9,2.116,6.17039154,142.0,0.0001947039520892,0.3368756218905491,-7.154745742288249e-05,1.271514742382681,0.0001040315025584,0.0,11.0,11.0,1800,pdcsap_flux,41898.0,0.0,29.42485305480659,13.0,0.0142886664638896,1.0,0.0859229557496777,,0.0,0.0,2412.0,201.0,201.0,11.0,3.2615993282095346e-05,9.805466312262644e-05,0.3484223839816562,9.805466312262644e-05,0.3484223839816562,0.0,,0.0,,,
10815916,K04470.01,FALSE POSITIVE,54.7,1.519,1.68207624,638.0,5.375917268024555e-05,0.30228855721393,-1.5931368868571385e-06,1.6486659674472,1.1349761276591153e-05,0.0,14.0,14.0,1800,pdcsap_flux,51690.0,0.0,29.42477074451745,9.0,0.0376271093792197,1.0,0.2254594699168117,,0.0,0.0,7816.0,201.0,201.0,39.0,8.887232316401249e-06,0.0,,0.0,,0.0,,0.0,,,
10864531,K02080.01,CONFIRMED,955.4,6.21,83.4887405,16.0,0.0008489215716139,3.336716417910436,-6.921346317234622e-05,3.497084245995646,0.0001860275795424,0.0,17.0,17.0,1800,pdcsap_flux,64787.0,0.0,29.424430774524808,37.0,0.0030992203074377,2.0,0.0268881102690354,,1.0,0.0092456820041057,811.0,201.0,201.0,4.0,6.908836766964796e-05,0.000216310042046,0.4983494174498269,0.0002929392842755,-0.3376652604815091,0.0,,0.0092456820041057,,,
10864531,K02080.02,CONFIRMED,818.9,2.471,34.0607677,39.0,0.0007664582360831,0.8851343283582072,-0.0001485490409625,3.335939311022145,8.741099254816476e-05,0.0,17.0,17.0,1800,pdcsap_flux,64787.0,0.0,29.424430774524808,15.0,0.0030227836976596,2.0,0.0274129069103369,,1.0,0.0093845987620973,796.0,201.0,201.0,4.0,5.680350867358791e-05,0.0002049372637289,0.3460056987205931,0.0002754019562264,0.3830347990169242,0.0,,0.0093845987620973,,,
10872983,K00756.01,CONFIRMED,1517.5,4.5945,11.09432054,95.0,0.0015313098945034,4.1144776119403215,-8.625944184248446e-05,11.98949662116108,0.0001044287636364,0.0,25.0,13.0,60|1800,pdcsap_flux,50053.0,0.0,29.424719861126505,29.0,0.0172554505983292,3.0,0.285297584560366,,2.0,0.2028250054941761,3482.0,201.0,201.0,17.0,3.909976871177812e-05,0.0,,0.0,,0.0,,0.2028250054941761,,,
10872983,K00756.02,CONFIRMED,686.0,3.1402,4.13443512,240.0,0.0006554171916938,2.3746786069651584,0.0001489137808182,5.975886053256516,2.0365988761983367e-05,0.0,25.0,13.0,60|1800,pdcsap_flux,50053.0,0.0,29.424719861126505,19.0,0.0316468061220093,3.0,0.3246159071384332,,2.0,0.1646454757956566,6313.0,201.0,201.0,31.0,3.628245106370893e-05,0.0,,0.0,,0.0,,0.1646454757956566,,,
10872983,K00756.03,CONFIRMED,226.5,2.429,2.56658897,355.0,0.0002298420172538,0.2416915422885554,-5.343435364180138e-07,2.5832961594219084,6.177255732686682e-05,0.0,25.0,13.0,60|1800,pdcsap_flux,50053.0,0.0,29.424719861126505,15.0,0.0394330118754205,3.0,0.3456136495314966,,2.0,0.1420294487842886,7939.0,201.0,201.0,40.0,3.234813166230601e-05,0.0,,0.0,,0.0,,0.1420294487842886,,,
10874215,K02305.01,CONFIRMED,737.4,3.476,31.0325991,34.0,0.0006659895208284,0.9684378109452788,-0.0001049139061261,2.8107595695384124,7.284313829003519e-05,0.0,14.0,14.0,1800,pdcsap_flux,51702.0,0.0,29.424760853871703,21.0,0.0046671351267297,1.0,0.0269428648795017,,0.0,0.0,952.0,201.0,201.0,5.0,6.807668516257154e-05,0.0002272365339877,0.0244841202932702,0.0002810921585908,-0.0151865282839342,0.0,,0.0,,,
10876237,K02960.01,FALSE POSITIVE,52.3,1.513,1.465943491,365.0,5.028342116231155e-05,0.5419701492537348,3.189073212506166e-06,2.1831963212164425,2.7259081309960465e-05,0.0,15.0,15.0,1800,pdcsap_flux,52171.0,0.0,29.4247756007826,9.0,0.0430041587917297,1.0,0.2583427574706254,,0.0,0.0,8967.0,201.0,201.0,45.0,5.868052961557046e-06,0.0,,0.0,,0.0,,0.0,,,
10905911,K02754.01,CONFIRMED,58.2,1.6462,1.34155642,469.0,5.430064186773276e-05,0.3603621890547278,-4.678190040907637e-06,3.64825022410599,9.06370459685668e-07,0.0,9.0,9.0,1800,pdcsap_flux,30528.0,0.0,29.42509210668504,11.0,0.0511284248981989,1.0,0.3066037735849056,,0.0,0.0,6263.0,201.0,201.0,31.0,3.211486538359054e-06,0.0,,0.0,,0.0,,0.0,,,
10908248,K03146.01,CONFIRMED,155.5,7.987,39.859505,28.0,0.0001367986448804,2.384179104477599,-1.1676666361926102e-05,2.047711275641421,5.808238496052276e-06,0.0,14.0,14.0,1800,pdcsap_flux,51444.0,0.0,29.4242446962744,49.0,0.0083491168961246,1.0,0.0525036933364435,,0.0,0.0,1800.0,201.0,201.0,9.0,1.869749273536033e-05,0.0,,0.0,,0.0,,0.0,,,
10909274,K07385.01,FALSE POSITIVE,439208.0,6.07183,39.238141571,0.0,,,,,,,,,,,,,,,,,,,,,,,,,,,,,,,,,,koi_num_transits is 0,precheck
10937029,K00433.01,CONFIRMED,2908.3,2.7734,4.030466786,264.0,0.0028451622097449,2.428449751243792,6.798161900201105e-05,33.46222284403662,4.188199978882867e-05,0.0,24.0,14.0,60|1800,pdcsap_flux,51710.0,0.0,29.424769738689065,17.0,0.0286712034781505,2.0,0.1778766196093598,,1.0,0.0072326435892477,5875.0,201.0,201.0,29.0,1.868540467091675e-05,0.0,,0.0,,0.0,,0.0072326435892477,,,
10937029,K00433.02,CONFIRMED,13888.6,12.2726,328.240201,5.0,0.0133814688994067,8.548079601990093,-0.0007836025967062,50.43610557901911,0.0002445949117617,0.0,24.0,14.0,60|1800,pdcsap_flux,51710.0,0.0,29.424769738689065,75.0,0.0015578784432115,2.0,0.0945465093792303,,1.0,0.085418681106169,497.0,201.0,201.0,2.0,9.35875487284396e-05,0.0002835946359576,0.3492565168757848,0.000527699347486,-0.2555897887011195,0.0,,0.085418681106169,,,
10937609,K07391.01,FALSE POSITIVE,76826.0,5.49699,2.570431263,418.0,0.0665833695575298,3.0629994029850582,-0.0025439588047188,12.978457856427106,0.0001754310127772,0.0332615831736147,15.0,15.0,1800,pdcsap_flux,52202.0,0.0,29.424782971618697,33.0,0.0891061563469631,1.0,0.5356308187425769,,0.0,0.0,18603.0,201.0,201.0,93.0,0.0053202552956578,0.0332615831736147,-0.4987476645605445,0.0332615831736147,-0.4987476645605445,0.0332615831736147,-0.4987476645605445,0.0,,,
10958972,K05843.01,FALSE POSITIVE,,4.94,331.78248134,,0.0001039135353279,0.1966169154228847,4.568529839288349e-05,0.6772397486448084,6.533313326939627e-05,0.0,17.0,17.0,1800,pdcsap_flux,64749.0,0.0,29.424405283061787,31.0,0.0006203863823732,1.0,0.0033822916184033,,0.0,0.0,133.0,200.0,110.0,1.0,5.778515619918628e-05,0.0001958798896026,0.0886697719538665,0.0002870145871074,-0.4478093522033737,0.0,,0.0,,,
10963065,K01612.01,CONFIRMED,30.7,1.262,2.465024332,426.0,3.0394255592258723e-05,0.5274029850746267,-4.342905512988438e-07,5.085072187064803,9.425896350112596e-07,0.0,42.0,15.0,60|1800,pdcsap_flux,51962.0,0.0,29.424249222502112,7.0,0.0213317705025125,1.0,0.1278241792078827,,0.0,0.0,4376.0,201.0,201.0,22.0,1.8096905291792972e-06,5.916731355415372e-06,0.2386167071196182,6.338504842107184e-06,-0.220016358684402,0.0,,0.0,,,
10963242,K01312.01,CONFIRMED,249.6,3.3153,6.1469956,177.0,0.0002206953178306,2.4411164179104565,2.668058313948229e-05,3.734291227518808,5.087562110583921e-05,0.0,14.0,14.0,1800,pdcsap_flux,51439.0,0.0,29.424236225313507,21.0,0.022472360318592,2.0,0.1500417970800365,,1.0,0.0192655378214973,4708.0,201.0,201.0,24.0,1.434182037538335e-05,4.805796894558068e-05,-0.1376132024003776,4.805796894558068e-05,-0.1376132024003776,0.0,,0.0192655378214973,,,
10963242,K01312.02,FALSE POSITIVE,,4.76,31.24611088,,2.3354687457066703e-05,1.0419900497512458,3.637195244909908e-05,0.2448601223888435,6.651527150669523e-05,0.0,14.0,14.0,1800,pdcsap_flux,51439.0,0.0,29.424236225313507,29.0,0.0063474566193222,2.0,0.1050953556639903,,1.0,0.0684888897529112,1319.0,201.0,201.0,7.0,3.1322238155370786e-05,9.966709281861164e-05,-0.4994622763056074,9.966709281861164e-05,-0.4994622763056074,0.0,,0.0684888897529112,,,
10964265,K02934.01,FALSE POSITIVE,211.3,1.9626,0.637487312,781.0,0.0002079089133399,0.9764179104477572,9.563726661276917e-06,3.954847757232063,4.870867726469719e-05,0.0,7.0,7.0,1800,pdcsap_flux,23968.0,0.0,29.42421200685203,13.0,0.1282770628696058,1.0,0.3839702937249666,primary_only,0.0,0.0,12272.0,201.0,201.0,61.0,2.14396314293968e-05,0.0,,0.0,,0.0,,0.0,,,
10965008,K00536.01,CONFIRMED,1183.2,8.358,81.1701587,11.0,0.001131696378845,6.819462686567147,-2.417991967362809e-05,8.838933886109796,4.320262393875396e-05,0.0,14.0,14.0,1800,pdcsap_flux,51449.0,0.0,29.424267997965217,51.0,0.0042903698302119,1.0,0.0242959046823067,,0.0,0.0,745.0,200.0,200.0,4.0,3.2369302235722074e-05,0.0,,0.0,,0.0,,0.0,,,
10965963,K07392.01,FALSE POSITIVE,224329.0,6.03491,6.64024496,163.0,0.197670815465346,3.362735920398032,-0.0066468005211484,1486.2342826549857,0.0002875907355508,0.0779628516608382,17.0,14.0,60|1800,pdcsap_flux,51502.0,0.0,29.424284091219302,37.0,0.0378682691448981,1.0,0.2263018911886917,,0.0,0.0,7928.0,201.0,201.0,38.0,5.267102535573721e-05,0.0779628516608382,0.4798529807049574,0.0779628516608382,0.4798529807049574,0.0779628516608382,0.4798529807049574,0.0,,,
10975146,K01300.01,CONFIRMED,434.5,1.1487,0.63133171,2115.0,0.0004080687877852,0.8915283582089565,-2.3587225909449398e-05,15.240774739835542,1.2664611659385372e-06,0.0,26.0,17.0,60|1800,pdcsap_flux,64759.0,0.0,29.42442917672452,7.0,0.0758119689568578,1.0,0.4546858351734893,,0.0,0.0,19636.0,201.0,201.0,97.0,7.781965462539263e-06,0.0,,0.0,,0.0,,0.0,,,
10978763,K01931.01,CONFIRMED,287.3,2.5719,4.97760447,272.0,0.0002407302755225,1.3819164179104595,2.6763755585079707e-06,3.792790969324327,1.1086369250734585e-05,0.0,34.0,17.0,60|1800,pdcsap_flux,64793.0,0.0,29.424430182552896,15.0,0.0215289303611542,3.0,0.2109795811275909,,2.0,0.0924019570015279,5647.0,201.0,201.0,28.0,1.5248533211870362e-05,4.678095983245978e-05,0.4715126627795613,4.678095983245978e-05,0.4715126627795613,0.0,,0.0924019570015279,,,
10978763,K01931.02,CONFIRMED,194.2,3.366,10.55840479,119.0,0.0001637348996804,0.870805970149251,-2.7704532212124988e-05,1.9752080485166583,8.666971270887558e-06,7.111679704174811e-05,34.0,17.0,60|1800,pdcsap_flux,64793.0,0.0,29.424430182552896,21.0,0.0132832565893696,3.0,0.1876900282437917,,2.0,0.1163551618230364,3450.0,201.0,201.0,17.0,2.283778268833784e-05,7.111679704174811e-05,0.4896107187731917,8.380710141775438e-05,0.4447797277840693,7.111679704174811e-05,0.4896107187731917,0.1163551618230364,,,
10978763,K01931.03,CONFIRMED,193.2,3.103,6.98800953,179.0,0.0001959158400217,1.6672835820895398,-3.309221003777729e-06,4.14311461778838,1.1944914158124044e-05,0.0,34.0,17.0,60|1800,pdcsap_flux,64793.0,0.0,29.424430182552896,19.0,0.0185019305013264,3.0,0.2024755760653157,,2.0,0.1029123516429244,4729.0,201.0,201.0,24.0,2.078022837422824e-05,0.0,,0.0,,0.0,,0.1029123516429244,,,
10982373,K07395.01,FALSE POSITIVE,,1.22,2.00280845,666.0,-2.329086858199325e-05,0.6069651741293535,3.875394414376565e-05,-0.0957314036714784,3.7581687409637965e-05,0.0,18.0,18.0,1800,pdcsap_flux,65264.0,0.0,29.424444856122136,7.0,0.0253810259954382,1.0,0.1529020593282667,,0.0,0.0,6606.0,201.0,201.0,33.0,2.0438751835886116e-05,0.0,,0.0,,0.0,,0.0,,,
10982872,K00343.01,CONFIRMED,497.1,3.3061,4.761705895,282.0,0.0004874557248109,2.9606865671641693,1.5476212673837253e-05,24.211624915054404,6.354447344647518e-06,0.0,38.0,18.0,60|1800,pdcsap_flux,64613.0,0.0,29.424427589401603,21.0,0.0289295831586983,3.0,0.3164378685403866,,2.0,0.1739742776221503,7487.0,201.0,201.0,37.0,6.265203702291444e-06,0.0,,0.0,,0.0,,0.1739742776221503,,,
10982872,K00343.02,CONFIRMED,239.4,2.5273,2.024143568,599.0,0.0002251433908112,2.1626646766169246,1.1254691027029471e-05,11.842117092785474,2.38751376224755e-06,0.0,38.0,18.0,60|1800,pdcsap_flux,64613.0,0.0,29.424427589401603,15.0,0.0520240601168003,3.0,0.3851546902326157,,2.0,0.1072230046585052,13334.0,201.0,201.0,67.0,3.782384614647993e-06,0.0,,0.0,,0.0,,0.1072230046585052,,,
10982872,K00343.03,CONFIRMED,190.4,7.797,41.8085031,31.0,0.0001836238240863,3.4136119402985163,-2.996721224124421e-05,3.307896516050008,5.796583006500988e-05,0.0,38.0,18.0,60|1800,pdcsap_flux,64613.0,0.0,29.424427589401603,47.0,0.0077705484748627,3.0,0.2631513782056242,,2.0,0.2273071982418398,1961.0,201.0,201.0,10.0,1.5244502489901834e-05,0.0,,0.0,,0.0,,0.2273071982418398,,,
10990886,K00478.01,CONFIRMED,1795.5,1.4814,11.023474798,96.0,0.0016839662141857,1.2087044776119429,1.0495007736199824e-06,12.737052240761995,3.85263269201408e-05,0.0,14.0,14.0,1800,pdcsap_flux,51733.0,0.0,29.42476587777492,9.0,0.0055994140805038,1.0,0.0336149073125471,,0.0,0.0,1137.0,201.0,201.0,5.0,3.6464727263784936e-05,0.0001193588538636,0.111051589753098,0.0001544564464832,-0.4992845450218185,0.0,,0.0,,,
11017901,K01800.01,CONFIRMED,3387.4,1.1081,7.794302043,139.0,0.0029788034144752,0.7056557213930306,-1.380812927453956e-05,57.65348331614045,0.0001039108221062,4.353241433174837e-05,15.0,15.0,1800,pdcsap_flux,51971.0,0.0,29.4242653157562,7.0,0.0059236648873261,1.0,0.0364434011275519,,0.0,0.0,1255.0,201.0,201.0,6.0,1.1300597322855e-05,4.353241433174837e-05,-0.2570720406973227,5.55970659488203e-05,-0.2607743312519016,4.353241433174837e-05,-0.2570720406973227,0.0,,,
11038580,K04796.01,FALSE POSITIVE,131.8,13.53,419.4596,,0.0001225634431081,0.5385074626865674,-1.808233229549927e-05,0.998816723084471,2.4370141958884872e-05,0.0,8.0,8.0,1800,pdcsap_flux,31455.0,0.0,29.42360657674726,83.0,0.001343991173405,1.0,0.0103322206326498,,0.0,0.0,433.0,199.0,119.0,3.0,5.004114972666689e-05,0.0001581315743162,0.1165632691589406,0.0003003850227648,0.3326098502837788,0.0,,0.0,,,
11046458,K00214.01,CONFIRMED,5976.5,1.4049,3.311864148,319.0,0.0053686489747801,0.9226208955223828,-8.375706652374859e-05,82.70753313015659,0.0001356169584024,5.481222791203777e-05,35.0,14.0,60|1800,pdcsap_flux,51722.0,0.0,29.424767391756177,9.0,0.0176750909409584,1.0,0.1058737094466571,,0.0,0.0,3620.0,201.0,201.0,18.0,1.5552700071131697e-05,5.481222791203777e-05,0.4898618780351053,6.607126498192617e-05,-0.4990911901267957,5.481222791203777e-05,0.4898618780351053,0.0,,,
11099109,K08219.01,FALSE POSITIVE,415.1,11.39,115.28415,3.0,0.0003598994588432,0.9066666666666662,4.624699371724717e-05,1.6027767125745225,0.0003774056062626,0.0,6.0,6.0,1800,pdcsap_flux,21289.0,0.0,29.42476504482329,69.0,0.0041166399139286,1.0,0.021654375499084,,0.0,0.0,275.0,200.0,149.0,1.0,5.665311460484096e-05,0.0002046442070331,0.2950754045367453,0.0002046442070331,0.2950754045367453,0.0,,0.0,,,
11100657,K01418.01,FALSE POSITIVE,9695.0,1.8014,8.344104633,104.0,0.0085494875657204,1.1113114427860682,-0.0008427204332459,33.76100035394037,0.0002258919634163,0.0007273316339866,11.0,11.0,1800,pdcsap_flux,41905.0,0.0,29.42485002684407,11.0,0.008995372977046,1.0,0.054098556258203,,0.0,0.0,1501.0,201.0,201.0,8.0,6.245214626397306e-05,0.0007273316339866,-0.4909932591805971,0.0007273316339866,-0.4909932591805971,0.0007273316339866,-0.4909932591805971,0.0,,,
11124353,K08220.01,FALSE POSITIVE,834.9,19.4,423.73074,3.0,0.000690717285154,1.1582089552238788,0.0002795489957262,1.682141132871336,0.0001319579459306,0.0,13.0,13.0,1800,pdcsap_flux,49835.0,0.0,29.424159279442392,119.0,0.0019076579936903,1.0,0.0116584729607705,,0.0,0.0,466.0,200.0,163.0,3.0,0.0001208627798596,0.0004946332596231,0.4702833210725682,0.0004946332596231,0.4702833210725682,0.0,,0.0,,,
11124703,K04445.01,FALSE POSITIVE,769.8,10.87,244.60373,,0.0002949776682562,1.7305472636815864,-8.702998301557408e-05,0.8997470091827725,0.0003537453321165,0.0,14.0,14.0,1800,pdcsap_flux,51468.0,0.0,29.42423061467707,67.0,0.001851634342071,1.0,0.0130760861117587,,0.0,0.0,400.0,200.0,194.0,2.0,8.671605078645732e-05,0.0002735683600393,0.2603590684201963,0.0003825538051334,0.2649881542753733,0.0,,0.0,,,
11144439,K07412.01,FALSE POSITIVE,139.2,0.655,0.609125246,1862.0,0.0001190999347614,0.0782089552238805,-2.945027875178585e-05,1.7646367451083769,3.350643156263544e-06,0.0,14.0,14.0,1800,pdcsap_flux,54913.0,0.0,29.424482904723845,5.0,0.0448046881095233,1.0,0.2688980751370349,,0.0,0.0,9842.0,201.0,201.0,49.0,1.6596732909098955e-05,0.0,,0.0,,0.0,,0.0,,,
11147276,K07413.01,FALSE POSITIVE,92511.0,3.2593,1.566528935,860.0,0.0822568195423389,1.816127363184087,-0.0024380383422597,351.523111425913,0.0413455859990594,0.0,17.0,17.0,1800,pdcsap_flux,64795.0,0.0,29.424434965476397,19.0,0.0866911319877195,1.0,0.5203487923450884,,0.0,0.0,22540.0,201.0,201.0,107.0,0.0002965537356818,0.0,,0.0,,0.0,,0.0,,,
11179076,K02497.01,CONFIRMED,886.4,4.03,48.4313003,22.0,0.000771073518657,0.8019900497512464,-5.109134487635281e-05,2.312416913882293,0.0002573607156093,0.0,14.0,14.0,1800,pdcsap_flux,51486.0,0.0,29.424250898882747,25.0,0.0034671104353286,1.0,0.0209959989123256,,0.0,0.0,722.0,201.0,201.0,3.0,7.841745469595952e-05,0.0002499737233355,0.2007979119400164,0.0003152968244041,-0.2299905596495829,0.0,,0.0,,,
11188249,K02765.01,FALSE POSITIVE,85.5,3.426,2.75505467,479.0,7.809270301073479e-05,2.5226268656716444,-9.044230554366983e-06,4.077435497324643,2.3829729193569623e-05,0.0,16.0,16.0,1800,pdcsap_flux,63105.0,0.0,29.424388440675106,21.0,0.0518138538426898,1.0,0.3109896204738135,,0.0,0.0,13204.0,201.0,201.0,70.0,5.364182863991285e-06,0.0,,0.0,,0.0,,0.0,,,
11192235,K02329.01,CONFIRMED,499.6,1.1435,1.615357809,822.0,0.000424306425424,0.7737114427860697,-9.170209719222556e-05,4.758895181437092,4.09024184878648e-05,0.0,17.0,17.0,1800,pdcsap_flux,64773.0,0.0,29.42442993633449,7.0,0.0294955291439912,1.0,0.1768175011192935,,0.0,0.0,7608.0,201.0,201.0,38.0,2.1781069697110957e-05,0.0,,0.0,,0.0,,0.0,,,
11193447,K01415.01,FALSE POSITIVE,35262.0,2.0646,0.312941621,,0.0330665111541748,1.1915104477611915,-0.0005054473876953,8.374923156074976,0.0026010870933532,,18.0,18.0,1800,pdcsap_flux,65261.0,0.0,29.42444116284605,,0.2748915268129195,1.0,1.0,none,0.0,0.0,65261.0,183.0,183.0,357.0,,,,,,,,0.0,blanking covers 1.10 of the orbit,,
11197126,K01443.01,FALSE POSITIVE,248.2,1.9742,4.494498254,305.0,0.0001961516724472,1.1786268656716474,6.487781322839226e-06,6.365653915822373,1.3464461807388696e-05,6.741891022554736e-05,18.0,18.0,1800,pdcsap_flux,65222.0,0.0,29.424445359036326,13.0,0.0183020058490678,1.0,0.109763576707246,,0.0,0.0,4848.0,201.0,201.0,24.0,7.0757560349444354e-06,6.741891022554736e-05,0.2618653443143791,6.741891022554736e-05,0.2618653443143791,6.741891022554736e-05,0.2618653443143791,0.0,,,
11232745,K07421.01,FALSE POSITIVE,35756.4,2.45699,4.81712182,221.0,0.026605988642865,1.564650348258709,-0.0003549275057435,132.71780953812737,0.0117394615405141,0.0,14.0,14.0,1800,pdcsap_flux,51500.0,0.0,29.42425978370011,15.0,0.0212522305141399,1.0,0.1271456310679611,,0.0,0.0,4358.0,201.0,201.0,22.0,3.4019812126903305e-05,0.0001120858704209,0.304972231548818,0.0001120858704209,0.304972231548818,0.0,,0.0,,,
11240948,K07425.01,FALSE POSITIVE,2477.0,16.5797,3.401949837,394.0,0.002220527279203,10.228272636815952,0.0003940639240338,5.566910932342108,4.184640208504398e-05,,19.0,18.0,60|1800,pdcsap_flux,65245.0,0.0,29.42443530075252,101.0,0.2030661433686899,1.0,0.6100544102996398,primary_only,0.0,0.0,53082.0,201.0,201.0,264.0,,,,,,,,0.0,blanking covers 0.81 of the orbit,,
11244137,K02994.01,CONFIRMED,73.6,3.097,2.03387483,655.0,6.396400709840488e-05,1.1093731343283544,4.6947432409405465e-06,2.355851567735542,5.608576180149427e-07,0.0,17.0,17.0,1800,pdcsap_flux,64727.0,0.0,29.424430098733865,19.0,0.0634462184020767,1.0,0.3805521652478872,,0.0,0.0,16349.0,201.0,201.0,81.0,7.793647936215907e-06,2.4232131779600152e-05,-0.3017098173754571,2.4232131779600152e-05,-0.3017098173754571,0.0,,0.0,,,
11246364,K00539.01,FALSE POSITIVE,,7.27,200.0,,6.770444029102762e-05,0.5787064676616898,-8.006225428480729e-05,0.5986565312542296,7.728737285661591e-05,0.0,17.0,17.0,1800,pdcsap_flux,64681.0,0.0,29.42442841711454,45.0,0.0015145833333333,1.0,0.0088279401988219,,0.0,0.0,447.0,201.0,179.0,2.0,3.507844857114081e-05,0.0001197955842,0.0549272934260149,0.0001275462019997,0.178365835092689,0.0,,0.0,,,
11251058,K07429.01,FALSE POSITIVE,60.0,3.069,2.25284817,588.0,5.933893142850977e-05,0.7328955223880627,-7.297355013036189e-06,2.564586489017993,7.246172659680639e-06,0.0,18.0,18.0,1800,pdcsap_flux,65256.0,0.0,29.424444353207942,19.0,0.0567614816226164,1.0,0.340275223734216,,0.0,0.0,14694.0,201.0,201.0,73.0,3.345438969258607e-06,0.0,,0.0,,0.0,,0.0,,,
11259686,K00294.01,CONFIRMED,424.5,5.82,34.4359387,31.0,0.0004068277774307,5.211940298507463,-9.76515838302383e-07,9.84018050560232,2.096354923764032e-06,0.0,21.0,15.0,60|1800,pdcsap_flux,52179.0,0.0,29.424772085621957,35.0,0.0070420615541402,1.0,0.0433507732996032,,0.0,0.0,1510.0,201.0,201.0,7.0,1.065399238593947e-05,4.102495931768146e-05,0.3864308144260028,4.102495931768146e-05,0.3864308144260028,0.0,,0.0,,,
11288051,K00241.01,CONFIRMED,765.2,3.985,13.82142084,76.0,0.0007361708670866,3.09283582089553,-2.6514950605793786e-05,11.959245895563456,3.113381690689199e-05,0.0,18.0,14.0,60|1800,pdcsap_flux,51446.0,0.0,29.4243011798244,25.0,0.0120133572798921,3.0,0.1907242545581775,,2.0,0.1255879951794114,2413.0,201.0,201.0,12.0,1.4983097022972756e-05,5.372521665925056e-05,-0.0479381838086285,5.372521665925056e-05,-0.0479381838086285,0.0,,0.1255879951794114,,,
11288051,K00241.02,CONFIRMED,301.4,5.394,30.9505927,36.0,0.0002620974488114,2.790925373134328,2.8398951363861613e-05,3.142874849609715,2.595656756732012e-05,0.0,18.0,14.0,60|1800,pdcsap_flux,51446.0,0.0,29.4243011798244,33.0,0.0072615733785285,3.0,0.176787310966839,,2.0,0.1367258873381798,1541.0,201.0,201.0,8.0,1.972101591765476e-05,6.951470747484922e-05,0.0510078011907065,7.955675704829357e-05,0.1708237619364277,0.0,,0.1367258873381798,,,
11288051,K00241.03,CONFIRMED,136.2,2.866,3.41045981,302.0,0.0001234495604871,1.3688358208955116,-1.6546262735395167e-05,3.496823460714101,3.268310705450972e-05,0.0,18.0,14.0,60|1800,pdcsap_flux,51446.0,0.0,29.4243011798244,17.0,0.0350148288851017,3.0,0.2564630875092329,,2.0,0.056991797224274,7176.0,201.0,201.0,35.0,9.936252851821023e-06,0.0,,0.0,,0.0,,0.056991797224274,,,
11295426,K00246.01,CONFIRMED,346.5,3.4303,5.398752862,252.0,0.0003370569392783,3.1401751243781075,-4.95500063091292e-07,46.03274547003853,1.1759128831001496e-05,0.0,57.0,18.0,60|1800,pdcsap_flux,65247.0,0.0,29.424437815323472,21.0,0.0264744785175659,2.0,0.1919321961162965,,1.0,0.0392814995325455,6967.0,201.0,201.0,35.0,2.177451748683368e-06,6.730165210022676e-06,0.4100635028910451,6.730165210022676e-06,0.4100635028910451,0.0,,0.0392814995325455,,,
11295426,K00246.02,CONFIRMED,55.0,3.0063,9.60505976,131.0,5.422547987588011e-05,2.213594029850758,5.369802364429965e-06,3.711379504966863,7.477194545080223e-06,0.0,57.0,18.0,60|1800,pdcsap_flux,65247.0,0.0,29.424437815323472,19.0,0.0130413035556168,2.0,0.1532024460894754,,1.0,0.0800649838306742,3419.0,201.0,201.0,17.0,2.912698415789228e-06,9.557006328653196e-06,0.4732134425653369,1.3395483955291889e-05,-0.4918430205503101,0.0,,0.0800649838306742,,,
11304987,K02993.01,FALSE POSITIVE,1433.7,1.2804,0.692693892,1931.0,0.0012632389369097,0.7898985074626889,-8.390580626072008e-06,30.12793831666064,0.0001299460889048,0.0,17.0,17.0,1800,pdcsap_flux,64736.0,0.0,29.424434630200267,7.0,0.077018146999916,1.0,0.4623084527928818,,0.0,0.0,19956.0,201.0,201.0,99.0,1.2641870801160958e-05,0.0,,0.0,,0.0,,0.0,,,
11305996,K03256.01,FALSE POSITIVE,332.7,4.285,55.7002642,26.0,0.0003074078991573,0.4263681592039772,2.8838145019971503e-05,1.437747483229593,0.0001411002401529,0.0,17.0,17.0,1800,pdcsap_flux,64757.0,0.0,29.42443546315189,27.0,0.0032054007145385,1.0,0.0197816452275429,,0.0,0.0,871.0,201.0,201.0,5.0,4.3234218179570805e-05,0.0001314401573672,0.3899028378696212,0.0001314401573672,0.3899028378696212,0.0,,0.0,,,
11308499,K02168.01,CONFIRMED,191.0,2.917,3.28192056,407.0,0.0001843063811453,1.0448955223880656,-1.1714371655813238e-05,4.122106504247326,1.860706576561899e-05,0.0,17.0,17.0,1800,pdcsap_flux,64693.0,0.0,29.424436641857028,17.0,0.0370337015916883,2.0,0.2601363362342139,,1.0,0.0484132750065694,9539.0,201.0,201.0,48.0,1.4130725799553234e-05,0.0,,0.0,,0.0,,0.0484132750065694,,,
11308499,K02168.02,CONFIRMED,263.0,4.853,12.51610549,101.0,0.0002454331097897,1.931542288557217,-3.8333863556339054e-05,3.260007507996446,1.628402626641101e-05,0.0,17.0,17.0,1800,pdcsap_flux,64693.0,0.0,29.424436641857028,29.0,0.0161558508351413,2.0,0.1962654383008981,,1.0,0.1104910886803827,4182.0,201.0,201.0,21.0,2.030935912543411e-05,0.0,,0.0,,0.0,,0.1104910886803827,,,
11337141,K01649.01,CONFIRMED,416.2,1.965,4.04355245,265.0,0.000361430761091,0.3910447761194024,-3.4070528423080226e-05,3.9539000494662377,4.588933092297687e-05,0.0,14.0,14.0,1800,pdcsap_flux,51488.0,0.0,29.424227251438424,13.0,0.0202482844015044,1.0,0.1214651957737725,,0.0,0.0,4191.0,201.0,201.0,21.0,2.5239991566462016e-05,0.0,,0.0,,0.0,,0.0,,,
11338918,K05884.01,FALSE POSITIVE,322.1,3.84,588.63759,,0.0002042330231544,0.0764179104477617,-5.143971496868183e-06,1.283157191706067,5.0814396006071405e-05,0.0003512268837151,14.0,14.0,1800,pdcsap_flux,51482.0,0.0,29.42426229827106,23.0,0.0002718141055177,1.0,0.0018258808904082,,0.0,0.0,94.0,199.0,94.0,0.0,8.924091632963286e-05,0.0003512268837151,-0.1327522272505759,0.0009815008511516,0.3162506983014231,0.0003512268837151,-0.1327522272505759,0.0,,,
11342416,K02366.01,CONFIRMED,110.1,4.746,25.3690868,45.0,0.0001039847381255,0.9444776119402998,-2.07834375941518e-05,3.5188945893245216,6.9658698137464725e-06,0.0,15.0,15.0,1800,pdcsap_flux,51927.0,0.0,29.4243482965976,29.0,0.0077949199180476,1.0,0.0484718932347333,,0.0,0.0,1699.0,201.0,201.0,8.0,7.549115999354416e-06,3.0763729816696284e-05,-0.2651740743324584,3.0763729816696284e-05,-0.2651740743324584,0.0,,0.0,,,
11551692,K01781.01,CONFIRMED,2018.1,2.89,7.834433676,135.0,0.0019631119228984,2.3580099502487397,2.364044922531505e-05,26.337853520689865,8.342296142538341e-05,0.0001407691588508,29.0,15.0,60|1800,pdcsap_flux,51970.0,0.0,29.42435315810144,17.0,0.0153701813872713,3.0,0.1780642678468347,,2.0,0.0955743698287473,3171.0,201.0,201.0,16.0,3.504198787000447e-05,0.0001407691588508,-0.2655815731152156,0.0001810226479828,-0.2444475737077176,0.0001407691588508,-0.2655815731152156,0.0955743698287473,,,
11551692,K01781.02,CONFIRMED,691.6,2.0747,3.005156911,342.0,0.0006561346094798,1.6927900497512525,-7.075439152481877e-05,8.423087049624037,1.720755320788747e-05,0.0,29.0,15.0,60|1800,pdcsap_flux,51970.0,0.0,29.42435315810144,13.0,0.0287658301691033,3.0,0.2194535308832018,,2.0,0.0559553588608812,5925.0,201.0,201.0,29.0,2.041427191791796e-05,0.0,,0.0,,0.0,,0.0559553588608812,,,
11551692,K01781.03,CONFIRMED,1286.6,5.348,58.0198583,16.0,0.0011483958436885,2.767124378109435,-7.290369210666281e-05,5.137193878500119,9.374093485225998e-05,0.0005633986538438,29.0,15.0,60|1800,pdcsap_flux,51970.0,0.0,29.42435315810144,33.0,0.0038406390477746,3.0,0.1483740619588223,,2.0,0.1274966326726958,745.0,201.0,199.0,4.0,3.92855790766036e-05,0.0002727473665545,0.2431648945288706,0.0005633986538438,0.4644817196568843,0.0005633986538438,0.4644817196568843,0.1274966326726958,,,
11560037,K03874.01,FALSE POSITIVE,1346.4,0.8222,1.466535757,1825.0,0.0012162014130594,0.6381253731343262,-8.392023999270748e-06,14.100387270668628,1.7487019014494898e-05,0.0004299031533475,17.0,17.0,1800,pdcsap_flux,64773.0,0.0,29.42442792467773,5.0,0.0233600395829512,1.0,0.1400274805860466,,0.0,0.0,6047.0,201.0,201.0,30.0,1.625995530701353e-05,0.0004299031533475,0.4996713229774409,0.0004299031533475,0.4996713229774409,0.0004299031533475,0.4996713229774409,0.0,,,
11670125,K02355.01,CONFIRMED,459.8,1.3285,1.217000383,1067.0,0.0004161001930355,0.660945273631841,3.323315670322735e-06,4.836231186491649,2.190946041313868e-05,0.0,16.0,16.0,1800,pdcsap_flux,63168.0,0.0,29.424393548397347,9.0,0.0454840996271622,1.0,0.2730813069908814,,0.0,0.0,11459.0,201.0,201.0,57.0,2.0778312502688023e-05,6.774494590811031e-05,0.4949959213536585,6.774494590811031e-05,0.4949959213536585,0.0,,0.0,,,
11820830,K01728.01,FALSE POSITIVE,11449.0,4.4157,12.7319385,109.0,0.0103088882207559,2.5483641791044773,-0.0008802354774324,15.322021092621062,5.79586836013668e-05,0.0,18.0,18.0,1800,pdcsap_flux,65263.0,0.0,29.42444368265569,27.0,0.0144508630794909,1.0,0.0869711781560761,,0.0,0.0,3932.0,201.0,201.0,20.0,6.178217485862024e-05,0.0,,0.0,,0.0,,0.0,,,
11872139,K04350.01,FALSE POSITIVE,27.5,3.429,1.75649346,766.0,2.606228232526764e-05,0.545910447761194,-1.1253958110968298e-06,1.888505818213137,1.1382883318922232e-05,0.0,18.0,18.0,1800,pdcsap_flux,65244.0,0.0,29.42444484564476,21.0,0.0813410372732045,1.0,0.4883514192875973,,0.0,0.0,21194.0,201.0,201.0,107.0,4.224199210967782e-06,0.0,,0.0,,0.0,,0.0,,,
11873166,K07487.01,FALSE POSITIVE,99056.0,2.7415,0.734426335,909.0,0.0863745088622652,1.527601990049746,-0.0023313486820829,84.30534655073066,0.0384558783844377,0.0,18.0,18.0,1800,pdcsap_flux,65266.0,0.0,29.424445348558947,17.0,0.1555352269151223,1.0,0.4663377562590016,primary_only,0.0,0.0,40593.0,201.0,201.0,202.0,7.20790547684217e-05,0.0,,0.0,,0.0,,0.0,,,
11873171,K07488.01,FALSE POSITIVE,94.1,1.569,0.734426409,1820.0,7.914077094828276e-05,0.0936716417910452,-9.274823820848432e-06,1.396870629107499,4.834817785681622e-05,0.0,17.0,17.0,1800,pdcsap_flux,64757.0,0.0,29.42443530075252,9.0,0.0890150452092471,1.0,0.534320613987677,,0.0,0.0,23078.0,201.0,201.0,114.0,1.268389593904904e-05,4.2995638779963485e-05,0.4012821243725626,4.2995638779963485e-05,0.4012821243725626,0.0,,0.0,,,
11874338,K03464.01,FALSE POSITIVE,643.5,3.549,15.9750417,83.0,0.0005774091186135,1.5537910447761196,2.193298654873388e-05,7.017028110074445,1.3001379016941428e-05,0.000308849206916,17.0,17.0,1800,pdcsap_flux,64748.0,0.0,29.42443597130477,21.0,0.0092566268543762,1.0,0.0538240563415086,,0.0,0.0,2334.0,201.0,201.0,12.0,2.2334210308191424e-05,0.000308849206916,0.349306504978567,0.000308849206916,0.349306504978567,0.000308849206916,0.349306504978567,0.0,,,
11874577,K02779.01,CONFIRMED,431.0,7.434,34.4585495,39.0,0.000391224894252,4.586149253731349,2.8531945853949026e-05,3.0505628347052687,0.0001127999447326,0.0,17.0,17.0,1800,pdcsap_flux,64725.0,0.0,29.424436474218965,45.0,0.0089890609005466,1.0,0.0527307840865198,,0.0,0.0,2235.0,201.0,201.0,11.0,2.835877621159679e-05,9.89608478191295e-05,0.4809491665382391,9.89608478191295e-05,0.4809491665382391,0.0,,0.0,,,
11875511,K03471.01,FALSE POSITIVE,7062.8,8.9387,67.451045,20.0,0.0064752566639028,1.0673074626865595,0.0002837254030889,44.81952010911071,6.551785909858499e-05,0.006072463752855,17.0,17.0,1800,pdcsap_flux,64777.0,0.0,29.42443579318933,55.0,0.005521720728468,1.0,0.0339626719360266,,0.0,0.0,1492.0,200.0,150.0,5.0,4.527444675650196e-05,0.006072463752855,0.2303574081424357,0.006072463752855,0.2303574081424357,0.006072463752855,0.2303574081424357,0.0,,,
11912932,K03085.01,FALSE POSITIVE,98.2,3.713,3.74785358,357.0,0.0001007124242163,1.1822487562189106,-4.600074944405286e-06,2.8612867040171674,2.0206200094574637e-05,0.0,17.0,17.0,1800,pdcsap_flux,64731.0,0.0,29.42442624829709,23.0,0.041279182879213,1.0,0.2471613291931223,,0.0,0.0,10707.0,201.0,201.0,53.0,9.173628522568664e-06,0.0,,0.0,,0.0,,0.0,,,
11913013,K01462.01,FALSE POSITIVE,5367.0,5.241,3.74781242,238.0,0.0047741393333256,2.920358208955236,-0.0001430966122912,8.00605015902478,0.0002914933888568,0.0008747159498462,11.0,11.0,1800,pdcsap_flux,43339.0,0.0,29.42464786581695,33.0,0.0582673238486146,1.0,0.3493850804125614,,0.0,0.0,10088.0,201.0,201.0,50.0,0.0001407138799645,0.0008747159498462,-0.4974269445351387,0.0008747159498462,-0.4974269445351387,0.0008747159498462,-0.4974269445351387,0.0,,,
11918482,K07493.01,FALSE POSITIVE,11348.0,1.7347,0.94754848,35.0,0.0004073732196258,0.1726069651741291,-0.0006234137755067,0.3398197290623587,0.0006080343932869,0.0,2.0,2.0,1800,pdcsap_flux,2092.0,0.0,29.42534272558987,11.0,0.076280177945794,1.0,0.4536328871892925,,0.0,0.0,632.0,201.0,201.0,3.0,0.0004276357348617,0.0,,0.0,,0.0,,0.0,,,
11918793,K08069.01,FALSE POSITIVE,3090.0,2.9,38.35312,4.0,0.0018905517675706,0.0577114427860696,-0.0005154769678031,1.9772908688473307,0.000642931904326,0.0,3.0,3.0,1800,pdcsap_flux,9828.0,0.0,29.42413824610412,17.0,0.0031505476825179,1.0,0.0179080179080179,,0.0,0.0,95.0,196.0,34.0,0.0,0.0003169222954964,0.0009854501968685,0.267159092494018,0.0010946713115405,0.3758529875408912,0.0,,0.0,,,
11922290,K08070.01,FALSE POSITIVE,281.8,2.784,114.661733,10.0,0.000257454195907,0.1108059701492548,0.0001042539869793,1.3350583747598634,7.658571207858067e-05,0.0004327609499324,17.0,17.0,1800,pdcsap_flux,64792.0,0.0,29.42443311098032,17.0,0.0010116714353166,1.0,0.0057260155574762,,0.0,0.0,205.0,201.0,125.0,1.0,5.7837803040831e-05,0.0004327609499324,-0.116575198256121,0.0004327609499324,-0.116575198256121,0.0004327609499324,-0.116575198256121,0.0,,,
11922678,K02425.01,FALSE POSITIVE,83.1,3.06,3.51295674,765.0,7.623184198524147e-05,1.826865671641782,4.223622372512281e-06,3.4390077977132383,1.4338918063017124e-05,3.689353686353592e-05,18.0,18.0,1800,pdcsap_flux,65190.0,0.0,29.424445359036326,19.0,0.036294212948378,1.0,0.217057830955668,,0.0,0.0,9517.0,201.0,201.0,48.0,7.139894147324987e-06,3.689353686353592e-05,0.4997828851354342,3.689353686353592e-05,0.4997828851354342,3.689353686353592e-05,0.4997828851354342,0.0,,,
11922782,K07495.01,FALSE POSITIVE,188219.0,4.7781,1.756466865,766.0,0.1576237215500652,2.6624238805970104,-0.005133411844587,373.0024715913683,0.0972199051376445,0.0,20.0,18.0,60|1800,pdcsap_flux,65266.0,0.0,29.42444452084601,29.0,0.1133454345009804,1.0,0.6803542426378206,,0.0,0.0,29552.0,201.0,201.0,147.0,0.0005962728827234,0.0,,0.0,,0.0,,0.0,,,
11923284,K02026.01,CONFIRMED,211.0,2.1489,2.757977384,487.0,0.000191788797484,1.7105671641791111,-8.66336707638915e-06,6.710555673484573,1.27978781127025e-05,0.0,18.0,18.0,1800,pdcsap_flux,65261.0,0.0,29.424445102340545,13.0,0.032464914512874,1.0,0.1956145324159911,,0.0,0.0,8525.0,201.0,201.0,43.0,6.600509950251498e-06,2.558943989250384e-05,-0.4976178464278762,2.558943989250384e-05,-0.4976178464278762,0.0,,0.0,,,
11923819,K07496.01,FALSE POSITIVE,222167.0,9.01353,33.159475806,39.0,0.1945518496110758,5.022464477611921,-0.0038823923985144,2104.0346423582787,0.0042214662338045,0.0482395349478025,19.0,18.0,60|1800,pdcsap_flux,65266.0,0.0,29.424445694312453,55.0,0.0113259857362414,1.0,0.0659761591027487,,0.0,0.0,2841.0,201.0,201.0,14.0,3.315437451809451e-05,0.0482395349478025,0.3338894254547389,0.0482395349478025,0.3338894254547389,0.0482395349478025,0.3338894254547389,0.0,,,
11955499,K01512.01,FALSE POSITIVE,783.4,2.789,9.04189129,119.0,0.0007354259800707,0.3885174129353261,2.1886097410384053e-05,5.980170520696625,4.190442716345277e-05,0.0001733213881499,14.0,14.0,1800,pdcsap_flux,51457.0,0.0,29.424331029877067,17.0,0.0128522152729103,1.0,0.0753638960685621,,0.0,0.0,2613.0,200.0,174.0,12.0,2.8388601838026934e-05,0.0001733213881499,0.4945129306071,0.0001733213881499,0.4945129306071,0.0001733213881499,0.4945129306071,0.0,,,
11959569,K07497.01,FALSE POSITIVE,349630.0,19.092,46.14869106,0.0,,,,,,,,,,,,,,,,,,,,,,,,,,,,,,,,,,koi_num_transits is 0,precheck
11966668,K08071.01,FALSE POSITIVE,721.0,8.603,313.19875,4.0,0.0007206923835585,1.3696318407960169,-0.0001234361573253,1.457465631851188,0.0001296688071689,0.0,17.0,17.0,1800,pdcsap_flux,64726.0,0.0,29.42442893050611,53.0,0.0011445075477898,1.0,0.0072922782189537,,0.0,0.0,277.0,201.0,187.0,1.0,0.0001270284883547,0.0004010636868525,0.0280541354448458,0.0004492687993711,-0.0317463839271657,0.0,,0.0,,,
12004689,K07504.01,FALSE POSITIVE,163.3,2.706,2.5212708,406.0,0.0001544423464591,0.4308059701492508,-3.8185755182995607e-05,1.1636529470012889,8.75279151202335e-06,0.0,13.0,13.0,1800,pdcsap_flux,49836.0,0.0,29.42425391636789,17.0,0.0447195120809712,1.0,0.269122722529898,,0.0,0.0,8863.0,201.0,201.0,44.0,3.543991629772671e-05,0.0,,0.0,,0.0,,0.0,,,
12012872,K08233.01,FALSE POSITIVE,115.4,5.12,14.395425,93.0,9.566400461791248e-05,0.713233830845777,-6.770731859284673e-06,1.199416263987464,2.3980298775150288e-05,0.0,17.0,17.0,1800,pdcsap_flux,64018.0,0.0,29.424430271610618,31.0,0.0148195231007999,1.0,0.0894279733824861,,0.0,0.0,3700.0,201.0,201.0,18.0,5.133301545424331e-05,0.0,,0.0,,0.0,,0.0,,,
12068975,K00623.01,CONFIRMED,119.0,4.4859,10.34973276,128.0,0.000115910846824,3.6601373134328488,1.0513879986073782e-05,7.86446489691495,5.606314197881268e-06,0.0,49.0,17.0,60|1800,pdcsap_flux,64756.0,0.0,29.42443277570419,27.0,0.0180596450492312,4.0,0.240425597628019,,3.0,0.1484958922725307,4556.0,201.0,201.0,23.0,4.9555244069217405e-06,1.9704943833520616e-05,-0.0868722615509106,1.9704943833520616e-05,-0.0868722615509106,0.0,,0.1484958922725307,,,
12068975,K00623.02,CONFIRMED,115.5,5.5082,15.67750191,72.0,0.000107503003962,3.178861691542291,-8.688784268073846e-06,5.176152729213618,4.791498960377005e-06,1.929092818486744e-05,49.0,17.0,60|1800,pdcsap_flux,64756.0,0.0,29.42443277570419,33.0,0.0146393433501634,4.0,0.2297856569275433,,3.0,0.1588578664525295,3758.0,201.0,201.0,19.0,5.103727239286115e-06,1.929092818486744e-05,-0.1157010237587202,1.929092818486744e-05,-0.1157010237587202,1.929092818486744e-05,-0.1157010237587202,0.1588578664525295,,,
12068975,K00623.03,CONFIRMED,84.8,3.8944,5.59931543,231.0,7.774647811864543e-05,2.635016915422874,-9.407282363094184e-07,6.08274465782535,1.4407056721066349e-05,0.0,49.0,17.0,60|1800,pdcsap_flux,64756.0,0.0,29.42443277570419,23.0,0.0289797330933125,4.0,0.2658749768361232,,3.0,0.1223979245166471,7624.0,201.0,201.0,38.0,4.108990912514443e-06,0.0,,0.0,,0.0,,0.1223979245166471,,,
12068975,K00623.04,CONFIRMED,62.1,6.553,25.2100146,43.0,6.233191582416531e-05,2.216935323383079,-1.2523534772101996e-05,2.410871850740496,1.4198899640494034e-05,2.8479148672211352e-05,49.0,17.0,60|1800,pdcsap_flux,64756.0,0.0,29.42443277570419,41.0,0.0108306826076438,4.0,0.2233306566186917,,3.0,0.1710266230156279,2803.0,201.0,201.0,14.0,7.081937041141839e-06,2.8479148672211352e-05,0.1065274199768779,2.8479148672211352e-05,0.1065274199768779,2.8479148672211352e-05,0.1065274199768779,0.1710266230156279,,,
12070811,K00785.01,CONFIRMED,916.6,3.8896,12.3935651,107.0,0.0008419582360648,2.9413890547263564,0.0001670788727778,5.069917096326997,3.4036545052074096e-05,0.0,17.0,17.0,1800,pdcsap_flux,64749.0,0.0,29.424434630200267,23.0,0.0130766785310763,1.0,0.0795379079213578,,0.0,0.0,3364.0,201.0,201.0,17.0,4.119527744426092e-05,0.0,,0.0,,0.0,,0.0,,,
12107021,K00360.01,FALSE POSITIVE,175.6,3.95,5.93719982,114.0,0.0001860147024996,2.59402985074628,3.3674289754981324e-05,6.347261592970754,2.328350338132168e-05,2.8790266968448108e-05,9.0,9.0,1800,pdcsap_flux,33273.0,0.0,29.42500047152862,25.0,0.0277206997108164,1.0,0.166651639467436,,0.0,0.0,3650.0,201.0,201.0,18.0,7.488937129187678e-06,2.8790266968448108e-05,0.4967850393971266,2.8790266968448108e-05,0.4967850393971266,2.8790266968448108e-05,0.4967850393971266,0.0,,,
12110786,K02665.01,FALSE POSITIVE,54.7,1.35,1.112207126,1202.0,5.054545825589063e-05,0.2686567164179099,-6.077692157435699e-06,1.836419837488786,2.195616978895032e-06,0.0,17.0,17.0,1800,pdcsap_flux,64783.0,0.0,29.424425158649683,9.0,0.0505751120317853,1.0,0.3032122624762669,,0.0,0.0,13097.0,201.0,201.0,62.0,6.022263811339923e-06,0.0,,0.0,,0.0,,0.0,,,
12115188,K02396.01,FALSE POSITIVE,287.9,1.2496,0.495434094,1352.0,0.0002750354277476,1.0195741293532383,-9.825952302144891e-06,9.420167981546296,2.9218662765950757e-05,0.0,17.0,17.0,1800,pdcsap_flux,64777.0,0.0,29.4244294334203,7.0,0.1050930230624513,1.0,0.6306096299612517,,0.0,0.0,27228.0,201.0,201.0,136.0,9.763294019558975e-06,0.0,,0.0,,0.0,,0.0,,,
12120484,K02407.01,CONFIRMED,203.1,7.042,17.2922631,81.0,0.0001817945746688,3.2232039800995227,-7.5401510034600605e-06,3.634482283510993,3.44979913002863e-06,0.0,17.0,17.0,1800,pdcsap_flux,64751.0,0.0,29.42443563078996,43.0,0.0169680894264595,1.0,0.1034424178777161,,0.0,0.0,4475.0,201.0,201.0,23.0,1.3016490575134954e-05,0.0,,0.0,,0.0,,0.0,,,
12156347,K02588.01,CONFIRMED,396.6,2.5213,5.77957133,233.0,0.0004436085183888,0.451576119402989,7.371616735152298e-05,3.4360869132992677,4.360806003267381e-05,0.0,17.0,17.0,1800,pdcsap_flux,64795.0,0.0,29.424423230811957,15.0,0.0181768094324508,1.0,0.1094683231730843,,0.0,0.0,4736.0,201.0,201.0,24.0,3.4623241546370176e-05,0.0001147531070574,0.3020658945833463,0.0001461226135853,-0.4979892016596942,0.0,,0.0,,,
12254378,K02387.01,CONFIRMED,315.5,1.6762,2.032319072,654.0,0.0002866240459867,0.4336437810945266,6.816810732768186e-05,4.00132575068003,1.4858653855975844e-05,0.0,17.0,17.0,1800,pdcsap_flux,64755.0,0.0,29.424422727897763,11.0,0.0343655027544152,1.0,0.2061771291792139,,0.0,0.0,8850.0,201.0,201.0,44.0,2.1677941343630235e-05,0.0,,0.0,,0.0,,0.0,,,
12306058,K02541.01,CONFIRMED,72.6,7.274,7.41683033,179.0,6.634746966138749e-05,2.3160995024875595,-4.872241462283711e-06,3.2252290960832584,7.259606392140405e-06,0.0,18.0,18.0,1800,pdcsap_flux,65208.0,0.0,29.424434630200267,45.0,0.040864266788928,2.0,0.2885382161697951,,1.0,0.0595325726904674,10457.0,201.0,201.0,52.0,6.341556893167855e-06,2.406937884613658e-05,-0.494871323252842,2.406937884613658e-05,-0.494871323252842,0.0,,0.0595325726904674,,,
12306058,K02541.02,CONFIRMED,89.5,10.229,20.4853893,56.0,7.984034115326999e-05,2.64630845771143,-2.171822716467986e-05,2.3878171284483805,5.194115620288376e-05,0.0,18.0,18.0,1800,pdcsap_flux,65208.0,0.0,29.424434630200267,63.0,0.0208054788264791,2.0,0.2275794381057539,,1.0,0.120138633296528,5196.0,201.0,201.0,26.0,9.517655252046484e-06,0.0,,0.0,,0.0,,0.120138633296528,,,
12365184,K01474.01,CONFIRMED,4491.2,3.7177,69.72646639,20.0,0.0041112162916397,1.1097611940298524,-0.0003444196138394,37.086677166584174,5.108933311137598e-05,0.0,43.0,18.0,60|1800,pdcsap_flux,65253.0,0.0,29.424442666349933,23.0,0.0022215978334574,1.0,0.0133327203346972,,0.0,0.0,619.0,200.0,198.0,3.0,2.0811125107151484e-05,6.535222202430635e-05,0.0057328142764463,6.535222202430635e-05,0.0057328142764463,0.0,,0.0,,,
12367017,K07529.01,FALSE POSITIVE,2486.5,2.2613,1.222127938,1091.0,0.0022044633332353,1.350029850746272,-9.131170648879472e-05,54.2818923034356,2.976701224199907e-05,0.0007315893443229,17.0,17.0,1800,pdcsap_flux,64713.0,0.0,29.424431020743214,13.0,0.0770957200172714,1.0,0.4627818212723873,,0.0,0.0,19928.0,201.0,201.0,99.0,1.2339662472430511e-05,0.0007315893443229,-0.4988630166820945,0.0007315893443229,-0.4988630166820945,0.0007315893443229,-0.4988630166820945,0.0,,,
12403968,K07531.01,FALSE POSITIVE,216.0,0.606,0.589753355,1131.0,0.0001705836515032,0.2050149253731326,-7.093467412955246e-05,1.750986717454916,4.810494360740769e-05,0.0,17.0,17.0,1800,pdcsap_flux,64749.0,0.0,29.424422722659077,5.0,0.0428145084481969,1.0,0.2567143894114195,,0.0,0.0,11080.0,201.0,201.0,55.0,2.4767985176360872e-05,0.0,,0.0,,0.0,,0.0,,,
12405950,K03778.01,FALSE POSITIVE,1229.7,1.5372,3.539631353,267.0,0.001108257307951,0.9483223880597051,7.402554134017247e-05,39.14706081416029,1.797672133341255e-05,0.0001073623548493,12.0,12.0,1800,pdcsap_flux,46110.0,0.0,29.42424803855829,9.0,0.0180951047192286,1.0,0.1078507915853394,,0.0,0.0,3319.0,201.0,201.0,16.0,7.407158881394237e-06,2.772755783042591e-05,-0.4996346549607455,0.0001073623548493,0.4477911813534089,0.0001073623548493,0.4477911813534089,0.0,,,
12418891,K04321.01,FALSE POSITIVE,186.6,1.773,0.760941405,1757.0,0.0001975559273125,0.5645373134328366,-2.1621924734871456e-05,2.6770420760543843,1.0241168484803607e-05,0.0,17.0,17.0,1800,pdcsap_flux,64731.0,0.0,29.424434457323517,11.0,0.0970836906949491,1.0,0.582642010783087,,0.0,0.0,25176.0,201.0,201.0,125.0,1.415109945170072e-05,0.0,,0.0,,0.0,,0.0,,,
12419303,K08079.01,FALSE POSITIVE,117.5,0.879,0.608074963,2198.0,0.0001172128347225,0.0699701492537318,1.182072705518955e-05,1.9884952864500527,3.425320501748708e-05,0.0,17.0,17.0,1800,pdcsap_flux,64744.0,0.0,29.424433456733823,5.0,0.0602310606891407,1.0,0.3609909798591375,,0.0,0.0,15580.0,201.0,201.0,78.0,1.5507000052505403e-05,4.916010557620698e-05,0.3507686664542172,5.131199746666315e-05,-0.4986536818229313,0.0,,0.0,,,
12453581,K02424.01,CONFIRMED,631.7,2.866,11.94019101,111.0,0.0006164362444268,0.4562786069651701,6.657718936464718e-05,2.455172630782241,7.450328044000809e-05,0.0,17.0,17.0,1800,pdcsap_flux,64745.0,0.0,29.424415598041374,17.0,0.0100012358735847,1.0,0.0603135377249208,,0.0,0.0,2574.0,201.0,201.0,13.0,6.272748164872664e-05,0.0,,0.0,,0.0,,0.0,,,
12456601,K02745.01,CONFIRMED,572.1,3.959,15.64588656,85.0,0.0005774540100985,1.4969353233830849,6.613986423775753e-05,5.102007498076178,5.478691028626415e-07,0.0,17.0,17.0,1800,pdcsap_flux,64734.0,0.0,29.4244225602597,25.0,0.0105432397646971,1.0,0.0647109710507615,,0.0,0.0,2742.0,201.0,201.0,13.0,3.3872583719116286e-05,0.000112220957157,0.131295345164125,0.000112220957157,0.131295345164125,0.0,,0.0,,,
12459725,K00789.01,FALSE POSITIVE,459.9,2.505,14.1798187,,0.000515429211349,0.3489552238805979,5.110442850719821e-05,2.464182999584042,5.043943904770032e-05,0.0,17.0,17.0,1800,pdcsap_flux,64741.0,0.0,29.424423723248765,15.0,0.007360813435506,1.0,0.0438207627314993,,0.0,0.0,1899.0,201.0,201.0,10.0,5.487002989294493e-05,0.0,,0.0,,0.0,,0.0,,,
12470041,K06251.01,FALSE POSITIVE,29862.0,2.4462,14.66769462,90.0,0.0268699670195207,1.363056716417916,-0.000342844900986,28.16415750933205,0.0005793409007963,0.0007543920865471,18.0,18.0,1800,pdcsap_flux,65260.0,0.0,29.42444301210344,15.0,0.006948944782435,1.0,0.0408213300643579,,0.0,0.0,1803.0,201.0,201.0,9.0,0.0001116734302223,0.0004268180166259,0.4978641912788485,0.0007543920865471,-0.0153039710874412,0.0007543920865471,-0.0153039710874412,0.0,,,
12504353,K07537.01,FALSE POSITIVE,548.3,17.88,498.68845,3.0,0.0005016157172321,2.1349253731343216,8.037893721968281e-05,1.2327084803270674,0.0001680840813943,0.0,17.0,17.0,1800,pdcsap_flux,64751.0,0.0,29.42441781924572,109.0,0.001493918698137,1.0,0.0078608824574137,,0.0,0.0,432.0,201.0,201.0,2.0,9.781237320023252e-05,0.0002981368590868,0.0148568503506286,0.0008351561682617,0.3539763948277314,0.0,,0.0,,,
12505076,K02154.01,CONFIRMED,709.3,6.152,11.92979348,107.0,0.0006592704954339,2.203701492537302,-4.743461826661744e-06,4.225829466564258,2.913301007734237e-05,0.0,16.0,16.0,1800,pdcsap_flux,63129.0,0.0,29.42438471072819,37.0,0.0214868206866338,1.0,0.1299561215922951,,0.0,0.0,5335.0,201.0,201.0,26.0,4.265651784101787e-05,0.0,,0.0,,0.0,,0.0,,,
12643589,K00376.01,FALSE POSITIVE,4467.8,3.4015,44.14599042,31.0,0.003089149131057,1.7599800995024848,-0.0003704101536879,20.430733343200064,0.0002695682003113,0.0,17.0,17.0,1800,pdcsap_flux,64780.0,0.0,29.42442004568875,21.0,0.0032104652159408,2.0,0.1122259956776783,,1.0,0.0960018524235875,829.0,201.0,201.0,4.0,2.890602987439268e-05,9.508892388276902e-05,0.4892710500100841,0.0001613894618289,-0.4321324669649205,0.0,,0.0960018524235875,,,
12643589,K00376.02,FALSE POSITIVE,515.2,1.0814,1.411627439,941.0,0.0004175816915568,0.9253771144278566,2.027727314646288e-05,10.086528911647855,1.324051651974134e-05,0.0001677713860314,17.0,17.0,1800,pdcsap_flux,64780.0,0.0,29.42442004568875,7.0,0.0319194229925516,2.0,0.1992899042914479,,1.0,0.009617165791911,8285.0,201.0,201.0,40.0,9.518755782733334e-06,0.0001677713860314,0.4992509075201376,0.0001677713860314,0.4992509075201376,0.0001677713860314,0.4992509075201376,0.009617165791911,,,
12644769,K01611.01,FALSE POSITIVE,134484.0,6.20583,41.077590334,33.0,0.1274866950547709,3.704973134328339,-0.002433679702771,2799.9871230766084,0.0026821561566569,0.0087899488328708,41.0,18.0,60|1800,pdcsap_flux,65262.0,0.0,29.42443076404743,37.0,0.0062948251807744,1.0,0.03841439122307,,0.0,0.0,1667.0,201.0,201.0,9.0,1.813040144631719e-05,0.0006122437260257,0.1869287757272809,0.0087899488328708,0.4882935312568514,0.0087899488328708,0.4882935312568514,0.0,,,
10004772,K05752.01,FALSE POSITIVE,41.0,1.421,1.391716834,960.0,3.552119158400924e-05,0.3393432835820871,-8.323256527775769e-06,1.3841710900752304,0.0001381168453755,0.0,17.0,17.0,1800,pdcsap_flux,64791.0,0.0,29.424418280250396,9.0,0.0425433765596984,1.0,0.255374974919356,,0.0,0.0,11021.0,201.0,201.0,55.0,0.0001244377134664,0.0,,0.0,,0.0,,0.0,,,
10005020,K00724.01,FALSE POSITIVE,452.8,3.9125,6.97106919,193.0,0.0004290108210189,3.4258706467661835,2.355616104177116e-05,7.135425398327878,1.4868313102933683e-06,0.0,17.0,17.0,1800,pdcsap_flux,64717.0,0.0,29.42441954277456,23.0,0.0233853414576901,1.0,0.1399014169383624,,0.0,0.0,6061.0,201.0,201.0,30.0,1.2918603862194544e-05,0.0,,0.0,,0.0,,0.0,,,
10007492,K05754.01,FALSE POSITIVE,1272.7,2.9095,2.645596805,505.0,0.0011060864445404,1.6791144278606884,-8.16393894460532e-05,47.22174928759471,9.26379254517773e-06,6.366852909545084e-05,19.0,18.0,60|1800,pdcsap_flux,65252.0,0.0,29.424436977133155,17.0,0.0458229940547069,1.0,0.2752252804511739,,0.0,0.0,11885.0,201.0,201.0,59.0,6.317423285499768e-06,6.366852909545084e-05,-0.4958590564540704,6.366852909545084e-05,-0.4958590564540704,6.366852909545084e-05,-0.4958590564540704,0.0,,,
11761199,K02669.01,FALSE POSITIVE,110990.0,10.7643,213.6103207,7.0,,,,,,0.0027880339726199,17.0,17.0,1800,pdcsap_flux,64568.0,0.0,29.424428762868047,65.0,0.0020996761698134,1.0,0.0118789493247429,,0.0,0.0,456.0,201.0,166.0,2.0,9.58204825910998e-05,0.0027880339726199,-0.4561651726552887,0.0027880339726199,-0.4561651726552887,0.0027880339726199,-0.4561651726552887,0.0,,,
11802615,K00296.01,CONFIRMED,449.2,5.4033,28.86236571,36.0,0.0004330520816638,2.25809552238804,-4.059558043401079e-05,11.593992875991272,7.868970406754716e-05,0.0,21.0,15.0,60|1800,pdcsap_flux,51930.0,0.0,29.424290450988337,33.0,0.0078003827635652,1.0,0.0461775466974773,,0.0,0.0,1593.0,200.0,183.0,8.0,1.071401746481957e-05,0.0,,0.0,,0.0,,0.0,,,
11812062,K00776.01,CONFIRMED,5226.5,2.683,3.728732147,357.0,0.0050946887447327,2.189114427860705,-4.486167110573369e-05,53.40505948895312,9.274932086911214e-06,0.0,17.0,17.0,1800,pdcsap_flux,64767.0,0.0,29.42442591302097,17.0,0.0299811470117557,1.0,0.1796130745595751,,0.0,0.0,7707.0,201.0,201.0,38.0,2.1905975636433792e-05,0.0,,0.0,,0.0,,0.0,,,
11350389,K07438.01,FALSE POSITIVE,23842.0,1.871,1.51264208,886.0,0.0212540070489808,1.117014925373141,-0.0012783489504943,137.2137851112207,0.0001939575852921,0.0034829721189568,17.0,17.0,1800,pdcsap_flux,64790.0,0.0,29.42442824947648,11.0,0.0515378584029166,1.0,0.3089519987652415,,0.0,0.0,13414.0,201.0,201.0,67.0,2.658802716652908e-05,0.0034829721189568,0.496564781720486,0.0034829721189568,0.496564781720486,0.0034829721189568,0.496564781720486,0.0,,,
11361646,K00330.01,CONFIRMED,293.1,5.3503,7.97420583,171.0,0.0002731724349788,4.791313432835816,-2.469960260909065e-05,8.029984893706509,1.3110816012962268e-05,0.0,21.0,17.0,60|1800,pdcsap_flux,64759.0,0.0,29.42443613894284,33.0,0.0279562844776313,2.0,0.3622508068376596,,1.0,0.2304390123380534,7316.0,201.0,201.0,36.0,8.823889105215331e-06,0.0,,0.0,,0.0,,0.2304390123380534,,,
11361646,K00330.02,CONFIRMED,59.0,3.486,1.88899036,661.0,5.241154750090793e-05,1.5262089552238742,3.979704316869892e-06,2.6026458799836005,7.1417116664918e-10,0.0,21.0,17.0,60|1800,pdcsap_flux,64759.0,0.0,29.42443613894284,21.0,0.0768929281354299,2.0,0.5065396315570037,,1.0,0.0847758612702481,19905.0,201.0,201.0,99.0,5.412410782408105e-06,8.020614876436127e-05,-0.4907774409557269,8.020614876436127e-05,-0.4907774409557269,0.0,,0.0847758612702481,,,
11400356,K08222.01,FALSE POSITIVE,631.0,10.53,677.56282,3.0,0.0006152725566285,2.9337313432835685,7.811380084787878e-05,1.216244720437413,0.0002385782182093,0.0,16.0,16.0,1800,pdcsap_flux,63108.0,0.0,29.424388529732823,65.0,0.0006475414338702,1.0,0.00507067249794,,0.0,0.0,255.0,201.0,199.0,1.0,0.0001723143389539,0.0006902801163545,0.0666954038241369,0.0009241950283767,-0.387231141318912,0.0,,0.0,,,
11403339,K02143.01,CONFIRMED,142.0,2.7219,4.79029482,276.0,0.0001506696879939,0.7583402985074641,8.484037245515275e-06,3.405943069326912,2.6604702518806533e-06,0.0,17.0,17.0,1800,pdcsap_flux,64784.0,0.0,29.424428584752604,17.0,0.0236754739032951,1.0,0.1419023215608792,,0.0,0.0,6041.0,201.0,201.0,29.0,9.846331448778578e-06,0.0,,0.0,,0.0,,0.0,,,
11449844,K00125.01,CONFIRMED,23530.0,5.04169,38.47876629,35.0,0.022743263069911,4.0132855721392975,-0.0003344084268532,275.9299003834812,0.0002415743139911,0.0002167562726702,33.0,17.0,60|1800,pdcsap_flux,64797.0,0.0,29.42442062718328,31.0,0.0054593854460781,1.0,0.0335200703736284,,0.0,0.0,1399.0,201.0,201.0,6.0,3.255138871674128e-05,0.0002167562726702,-0.0659766999376618,0.0002167562726702,-0.0659766999376618,0.0002167562726702,-0.0659766999376618,0.0,,,
11456382,K02771.01,FALSE POSITIVE,134.9,2.326,0.814280672,1643.0,0.0001353406231781,1.666388059701501,-1.0594917736361786e-05,7.533201667503513,7.012580023779691e-06,0.0,18.0,18.0,1800,pdcsap_flux,65231.0,0.0,29.4244386482751,15.0,0.1190212048489672,1.0,0.7143842651500054,,0.0,0.0,31006.0,201.0,201.0,154.0,5.639410444118464e-06,1.9116267784502483e-05,0.4968240266031645,1.9116267784502483e-05,0.4968240266031645,0.0,,0.0,,,
11457191,K07447.01,FALSE POSITIVE,37721.0,4.1603,1.149198426,1165.0,0.033190524231936,2.3181771144278738,-0.0010383249262189,16.989151292613982,0.0116782545027793,0.0,17.0,17.0,1800,pdcsap_flux,64790.0,0.0,29.424428092315797,25.0,0.1508406463248439,1.0,0.4518598549158821,primary_only,0.0,0.0,39070.0,201.0,201.0,194.0,0.0001361509019114,0.0,,0.0,,0.0,,0.0,,,
11465950,K02620.01,CONFIRMED,575.0,3.546,16.0573291,84.0,0.0005546957151619,1.6230447761194051,-4.152100631782396e-05,2.853074996361129,0.0003245665595588,0.0,17.0,17.0,1800,pdcsap_flux,64732.0,0.0,29.4244363065809,21.0,0.0092014057306703,1.0,0.0563554347154421,,0.0,0.0,2383.0,201.0,201.0,12.0,4.837767055800124e-05,0.0001740766691457,0.4558004475124406,0.0001861986108346,0.4926060704351226,0.0,,0.0,,,
11493732,K00772.01,FALSE POSITIVE,5123.3,7.633,61.2563628,13.0,0.0044126433299281,4.405114427860681,-0.0004496539021034,15.961558936201602,0.000202739981557,0.0,11.0,11.0,1800,pdcsap_flux,41717.0,0.0,29.424022570601664,47.0,0.0051919776514492,1.0,0.0303473404127813,,0.0,0.0,800.0,201.0,198.0,4.0,6.770871447600814e-05,0.0002086866734878,0.2405152726653216,0.0002462076834213,0.3222889206756452,0.0,,0.0,,,
11501774,K07451.01,FALSE POSITIVE,165.9,5.965,0.691823991,1940.0,0.0001402497291564,0.1187064676616911,-2.276897430419922e-05,0.7700517986649338,2.181529998779297e-05,,17.0,17.0,1800,pdcsap_flux,64795.0,0.0,29.42442062718328,,0.359255634236406,1.0,1.0,none,0.0,0.0,64795.0,140.0,140.0,464.0,,,,,,,,0.0,blanking covers 1.44 of the orbit,,
11513441,K05908.01,FALSE POSITIVE,539.2,4.954,85.5692223,16.0,0.0005531549122995,1.9717412935323249,-3.116121657043003e-06,4.422320827629706,6.033625007884069e-05,0.0001471673134081,17.0,17.0,1800,pdcsap_flux,64713.0,0.0,29.424430774524808,31.0,0.0024122769977151,1.0,0.0141857122989198,,0.0,0.0,617.0,201.0,201.0,3.0,3.953789532095207e-05,0.0001471673134081,0.197148718474051,0.0001537540844456,0.4760682463348529,0.0001471673134081,0.197148718474051,0.0,,,
11569475,K04029.01,FALSE POSITIVE,422.7,7.284,1.31723412,1023.0,0.000354843098803,4.058746268656717,-8.19111289052099e-06,8.044254553878691,1.879545286043172e-05,,18.0,18.0,1800,pdcsap_flux,65249.0,0.0,29.42444695159793,45.0,0.2304070289342338,1.0,0.6909990957715827,primary_only,0.0,0.0,60146.0,201.0,201.0,299.0,,,,,,,,0.0,blanking covers 0.92 of the orbit,,
11600889,K01442.01,CONFIRMED,131.8,1.6274,0.669310092,1592.0,0.0001260539167616,1.3602149253731248,-2.886265562551671e-06,6.476105055019602,6.98890873840341e-06,0.0,33.0,15.0,60|1800,pdcsap_flux,51969.0,0.0,29.424308817833666,9.0,0.1013107887417501,1.0,0.6081317708633993,,0.0,0.0,21039.0,201.0,201.0,104.0,3.389903361450897e-06,0.0,,0.0,,0.0,,0.0,,,
11601584,K01831.01,CONFIRMED,1025.4,6.343,51.8098276,17.0,0.0010168132007519,4.670467661691561,-7.158489893743791e-06,7.682410769154216,7.569998481204987e-05,0.0,17.0,14.0,60|1800,pdcsap_flux,51465.0,0.0,29.42430429160595,39.0,0.0051011879195418,4.0,0.1223549985426989,,3.0,0.0959875643641309,898.0,201.0,201.0,4.0,2.7928498112213383e-05,0.0001020745631588,-0.499521283259333,0.0001049683318707,-0.1256921003830831,0.0,,0.0959875643641309,,,
11601584,K01831.02,CONFIRMED,198.5,2.5126,4.38536428,240.0,0.0001845506887937,0.950037810945278,2.600568454280694e-05,3.658245537069195,3.754579183634643e-05,0.0,17.0,14.0,60|1800,pdcsap_flux,51465.0,0.0,29.42430429160595,15.0,0.0238729692637225,4.0,0.1773632565821432,,3.0,0.0402603711260079,4903.0,201.0,201.0,25.0,1.0703496212109909e-05,0.0,,0.0,,0.0,,0.0402603711260079,,,
11601584,K01831.03,CONFIRMED,183.2,5.1691,34.205785079,27.0,0.0001714948902329,0.2057353233830845,-2.4107962612540668e-05,2.149008582641713,1.8056349512685088e-05,0.0,17.0,14.0,60|1800,pdcsap_flux,51465.0,0.0,29.42430429160595,31.0,0.0062965713597637,4.0,0.1268046245020888,,3.0,0.093578159914505,1130.0,197.0,91.0,0.0,2.4087596026245216e-05,7.24546498235279e-05,-0.0376228666192889,7.24546498235279e-05,-0.0376228666192889,0.0,,0.093578159914505,,,
11601584,K01831.04,CONFIRMED,356.1,1.2325,13.97945055,71.0,0.0003578217729546,0.2207462686567169,4.4575392339929465e-05,3.297331943884793,4.895747832689423e-07,0.0,17.0,14.0,60|1800,pdcsap_flux,51465.0,0.0,29.42430429160595,7.0,0.0036735468595843,4.0,0.1184688623336247,,3.0,0.0980472165549402,769.0,201.0,201.0,4.0,2.8014403904707816e-05,0.0,,0.0,,0.0,,0.0980472165549402,,,
11603298,K05920.01,FALSE POSITIVE,329.9,10.714,471.39698,,0.0003257926380952,1.066069651741301,1.7997817821746587e-05,2.408333998976299,0.0003813341070328,0.0001805290960223,14.0,14.0,1800,pdcsap_flux,51466.0,0.0,29.424338741227984,65.0,0.0009470079054529,1.0,0.0076361092760268,,0.0,0.0,259.0,201.0,173.0,1.0,4.6653697757164725e-05,0.0001805290960223,0.0095049382051525,0.0003000067807854,0.0886984742986586,0.0001805290960223,0.0095049382051525,0.0,,,
11612241,K08059.01,FALSE POSITIVE,99.3,13.395,4.5647147,302.0,0.0001265741795365,0.7997014925373126,-1.5212922485297042e-05,0.6276946336227189,4.255538347130994e-05,0.0,17.0,17.0,1800,pdcsap_flux,64792.0,0.0,29.42442742176354,81.0,0.1222694158738989,1.0,0.7317724410421039,,0.0,0.0,31759.0,201.0,201.0,161.0,5.6994761045351545e-05,0.0,,0.0,,0.0,,0.0,,,
11618601,K03022.01,CONFIRMED,185.0,1.821,2.76263737,482.0,0.0001515874172575,0.6160597014925377,-5.349573598667501e-05,1.988398283499668,7.70380519748981e-05,0.0,17.0,17.0,1800,pdcsap_flux,64741.0,0.0,29.424434457323517,11.0,0.0274646976197241,2.0,0.2172657203317835,,1.0,0.0624951730742497,7062.0,201.0,201.0,35.0,2.159711621198783e-05,0.0,,0.0,,0.0,,0.0624951730742497,,,
11618601,K03022.02,CONFIRMED,171.5,2.514,5.05368985,255.0,0.0001652800163054,0.4002388059701478,1.363448914770693e-06,1.7656127210895325,8.25663514103514e-06,0.0,17.0,17.0,1800,pdcsap_flux,64741.0,0.0,29.424434457323517,15.0,0.0207274294840234,2.0,0.1964597395777019,,1.0,0.0818337684002409,5388.0,201.0,201.0,27.0,2.598972037985756e-05,0.0,,0.0,,0.0,,0.0818337684002409,,,
11651712,K03363.01,CONFIRMED,328.9,2.4212,14.53260546,74.0,0.000310140370043,1.0118447761193954,-1.399287969516827e-05,4.273737376537295,9.96124258501041e-06,0.0,14.0,14.0,1800,pdcsap_flux,51453.0,0.0,29.424284840351906,15.0,0.0069418614309049,1.0,0.0410471692612675,,0.0,0.0,1430.0,201.0,201.0,7.0,1.742903559951574e-05,0.0,,0.0,,0.0,,0.0,,,
11669125,K01535.01,CONFIRMED,357.7,6.632,70.6981724,18.0,0.0003260047406065,5.675144278607003,-1.572327803511797e-05,5.335657747733363,1.834893884056221e-05,0.0,19.0,18.0,60|1800,pdcsap_flux,65205.0,0.0,29.424446191987958,41.0,0.0039086347489985,1.0,0.023418449505406,,0.0,0.0,982.0,201.0,201.0,5.0,1.4536607838850756e-05,4.361635559413379e-05,0.043831875507222,4.7409854700308784e-05,0.220697597899402,0.0,,0.0,,,
11671429,K03567.01,FALSE POSITIVE,242411.0,31.8273,112.46358893,13.0,0.2194432706427104,17.73461492537313,-0.0080319442715262,547.8956767081595,0.0056298092409183,0.0482555323000323,19.0,18.0,60|1800,pdcsap_flux,65264.0,0.0,29.424446197226644,195.0,0.0117917053209587,1.0,0.0734095366511399,,0.0,0.0,3129.0,201.0,201.0,15.0,9.06653939478652e-05,0.0482555323000323,-0.265622660932836,0.0482555323000323,-0.265622660932836,0.0482555323000323,-0.265622660932836,0.0,,,
11757451,K04745.01,CONFIRMED,901.4,9.298,177.668663,8.0,0.0006807270602616,2.7755223880597244,5.589408071715596e-06,1.7819012253819255,5.331116542106607e-05,0.0,17.0,17.0,1800,pdcsap_flux,64752.0,0.0,29.42442004568875,57.0,0.0021805571119014,1.0,0.0128799110452186,,0.0,0.0,577.0,201.0,178.0,3.0,0.0001129063490833,0.0003694614527345,0.0939369501036198,0.0005043273148671,0.479895558910196,0.0,,0.0,,,
11854061,K08230.01,FALSE POSITIVE,5058.0,20.18,504.88419,3.0,-0.0029624754539864,3.6143283582089527,0.0235859261222032,-0.1958410356035685,0.0649959976328351,0.0457441395832879,14.0,14.0,1800,pdcsap_flux,51497.0,0.0,29.42429188115057,123.0,0.0016653984220288,1.0,0.0094762801716604,,0.0,0.0,491.0,201.0,201.0,3.0,0.0129566397948171,0.0457441395832879,-0.1319074215269001,0.0457873056484391,-0.1954007363667523,0.0457441395832879,-0.1319074215269001,0.0,,,
2437505,K02671.02,FALSE POSITIVE,3859.0,4.064,17.5509742,,0.011250627887455233,0.3235024875621879,-0.002072247039593411,1.1829829459729153,0.0017542369924624657,0.0,10,10,1800,pdcsap_flux,37445,0,29.424584493390284,25,0.009648087416898678,1,0.08834290292428895,,1,0.0327947656562959,1408,201,201,6.0,0.003078137496586784,0.009685869457349172,0.12112507018499145,0.009685869457349172,0.12112507018499145,0.0,,0.0327947656562959,,,
2716801,K03053.01,CONFIRMED,685.6,5.723,42.5217006,31.0,0.0006095101229411926,1.0250149253731298,-9.588672215943284e-05,2.1162917925233016,3.818765398422297e-05,0.0,16,16,1800,pdcsap_flux,63136,0,29.424377455143258,35,0.005607920896120822,1,0.08277369488089205,,1,0.05036746071971617,1420,201,201,7.0,7.96243774279103e-05,0.0,,0.0,,0.0,,0.05036746071971617,,,
3245969,K01101.01,CONFIRMED,448.6,2.303,11.39102358,94.0,0.0009192902500276823,0.8249552238805968,-1.8462589853274203e-05,3.2684531116513686,0.00014098135489393204,0.0,14,14,1800,pdcsap_flux,51789,0,29.424418364069425,15,0.008424030786997399,1,0.05690397574774566,,1,0.03019946320647242,1743,201,201,9.0,6.280960949391541e-05,0.0,,0.0,,0.0,,0.03019946320647242,,,
3559935,K00492.01,CONFIRMED,942.0,6.6436,29.9111886,36.0,0.0008825839856193562,6.08170348258709,4.448436976778325e-06,7.498436280708988,2.4371532657996298e-05,0.0,14,14,1800,pdcsap_flux,51806,0,29.424395570531487,41,0.009254619412438417,1,0.056190402656063,,1,0.0013704976257576343,1887,201,201,9.0,3.461979693949404e-05,0.00010401250045011246,0.1513001021203081,0.00010401250045011246,0.1513001021203081,0.0,,0.0013704976257576343,,,
3734418,K02261.01,CONFIRMED,206.0,2.2029,3.97599629,335.0,0.00018546942173103265,0.7452597014925383,1.219600607327287e-05,3.9885262467723686,1.2733992363123114e-05,0.0,20,17,60|1800,pdcsap_flux,64798,0,29.424415006069466,13,0.023085408864906162,1,0.17940368529892897,,1,0.044553844254452295,5970,201,201,30.0,1.1635142680686483e-05,0.0,,0.0,,0.0,,0.044553844254452295,,,
4164922,K03864.01,CONFIRMED,159.1,1.434,1.210693626,881.0,0.00015777368923930446,0.7419701492537287,-1.5345684370116075e-05,6.7700457160739616,1.5270300026570816e-05,0.0,15,15,1800,pdcsap_flux,52282,0,29.424454065738246,9,0.04935187459225956,1,0.31316705558318353,,1,0.02480777322979228,10288,201,201,52.0,6.538064356308415e-06,0.0,,0.0,,0.0,,0.02480777322979228,,,
4478168,K00626.01,CONFIRMED,378.7,4.0249,14.58649856,74.0,0.0003638544107696928,3.3640955223880686,3.8642326045668085e-06,10.894312327064716,6.3087258415084335e-06,0.0,16,15,60|1800,pdcsap_flux,52236,0,29.42441802355461,25,0.011497218882025286,1,0.11869208974653496,,1,0.05475151236694999,2425,201,201,12.0,1.146710898012544e-05,3.506741552294912e-05,0.4930849767181524,3.506741552294912e-05,0.4930849767181524,0.0,,0.05475151236694999,,,
4735826,K03184.01,CONFIRMED,22.2,4.0329,7.545922037,180.0,1.8622516079536133e-05,0.4012835820895506,6.681783780271289e-06,1.6526904009645391,5.894825555685657e-06,0.0,18,18,1800,pdcsap_flux,65235,0,29.42443520645611,25,0.022268650428146474,2,0.28874070667586416,,2,0.16859048057024603,5812,201,201,29.0,5.222081135731571e-06,0.0,,0.0,,0.0,,0.16859048057024603,,,
4735826,K03184.02,CONFIRMED,17.1,5.86,11.3220104,,1.467196474536081e-05,0.9329353233830897,1.1877687562389383e-06,0.9951134254423684,3.80541735167661e-06,0.0,18,18,1800,pdcsap_flux,65235,0,29.42443520645611,35,0.021565663520912035,2,0.2844332030351805,,2,0.1712424312102399,5595,201,201,28.0,5.39739143841893e-06,1.7780672519229768e-05,0.11732364732924422,1.7780672519229768e-05,0.11732364732924422,0.0,,0.1712424312102399,,,
4736569,K01996.01,CONFIRMED,911.6,3.1683,10.13200555,116.0,0.0008208416838447752,2.7742328358209143,1.6692415904961955e-05,5.497642697120649,0.00012614453223813715,0.0,14,14,1800,pdcsap_flux,54965,0,29.42453880677931,19,0.013029256581881758,1,0.11674702083143819,,1,0.04073501319021195,2929,201,201,15.0,3.6212323625252015e-05,0.0,,0.0,,0.0,,0.04073501319021195,,,
4758350,K06447.01,FALSE POSITIVE,145.6,11.243,1.120997701,965.0,0.00013011693954467773,5.817273631840797,2.4437904357910156e-06,4.689214420182826,9.179115295410156e-06,,15,15,1800,pdcsap_flux,52264,0,29.42441669292748,,0.4178941071114055,1,1.0,none,1,0.011748048369814787,52264,121,121,434.0,,,,,,,,0.011748048369814787,blanking covers 1.67 of the orbit,,
5385410,K04323.02,FALSE POSITIVE,29.5,1.4446,12.4250319,111.0,1.3236005020011987e-05,0.11499303482587087,9.199835484641206e-06,0.205101691768977,6.059748484810168e-05,0.0,17,17,1800,pdcsap_flux,64740,0,29.424449214711785,9,0.004844387294222293,1,0.053320976212542476,,1,0.02479147358665431,1245,201,201,6.0,1.6204008193495923e-05,4.953464411572295e-05,0.30237045478871094,4.953464411572295e-05,0.30237045478871094,0.0,,0.02479147358665431,,,
5602588,K02369.01,CONFIRMED,545.7,4.635,11.01819178,92.0,0.0005040560319025111,2.1214925373134355,-7.663810496827406e-05,3.3749048264214516,3.8267756007903664e-05,0.0,12,12,1800,pdcsap_flux,48510,0,29.42389633390121,29,0.01752783068729631,1,0.22529375386518244,,2,0.1331684188827046,3456,201,201,17.0,3.869124720312977e-05,0.00012512324035462985,-0.4758532144929373,0.00012512324035462985,-0.4758532144929373,0.0,,0.1331684188827046,,,
5642620,K02882.02,FALSE POSITIVE,264.7,1.1319,0.493393859,874.0,0.00020207800149341093,0.698286567164176,-2.3383287812484e-05,3.119513526443541,1.6458792105211728e-05,0.0,11,11,1800,pdcsap_flux,41902,0,29.42498934455216,7,0.09558793474971078,1,0.5774664693809365,,1,0.009235835998281705,15998,201,201,79.0,1.8069022718316797e-05,0.0,,0.0,,0.0,,0.009235835998281705,,,
5897826,K00126.01,FALSE POSITIVE,13494.4,11.4813,33.80364366,42.0,0.010361691330327827,10.73872835820896,-0.00016365919363581227,185.07901048049808,0.0018913212124926915,0.0,57,18,60|1800,pdcsap_flux,65266,0,29.424462447641417,71,0.014151950742696949,1,0.09380075383813931,,1,0.007415806085864003,3798,201,201,19.0,1.0256222080667498e-05,0.0,,0.0,,0.0,,0.007415806085864003,,,
6029239,K00304.01,CONFIRMED,597.8,2.1861,8.512037736,158.0,0.0005635584944191363,1.8706925373134418,-2.0616480731372455e-05,18.153477387098622,5.053869242543918e-06,0.0,50,18,60|1800,pdcsap_flux,65256,0,29.4244294334203,13,0.010701021638421928,1,0.10138531322790241,,1,0.039919700870418046,2798,201,201,14.0,9.842205769590562e-06,0.0,,0.0,,0.0,,0.039919700870418046,,,
6058816,K03500.01,CONFIRMED,233.1,13.309,73.7502765,19.0,0.00024060948822357542,8.740238805970094,2.0223251385731444e-06,6.071070232700566,2.1486457031150152e-05,0.0,18,18,1800,pdcsap_flux,65214,0,29.424461777089164,81,0.007519180848992025,1,0.17132824240193822,,1,0.1308308032017665,1990,201,201,10.0,1.3944761901701118e-05,4.549148216059784e-05,0.28670463490944254,4.549148216059784e-05,0.28670463490944254,0.0,,0.1308308032017665,,,
6209677,K01750.01,CONFIRMED,217.8,3.689,7.76845639,173.0,0.00020425296015380567,2.7896915422885633,-4.514067917238407e-06,3.745276484653075,1.8384942842453178e-05,0.0,17,17,1800,pdcsap_flux,64732,0,29.424436799017712,23,0.019786213066883593,1,0.18785144905147377,,1,0.07704072174504109,5142,201,201,26.0,1.3276084144211042e-05,0.0,,0.0,,0.0,,0.07704072174504109,,,
6665064,K06751.02,FALSE POSITIVE,774.1,1.4959,0.698359996,292.0,0.0006232044094023337,0.6846905472636845,4.737974925728139e-07,4.098530096659122,8.292572005308418e-05,0.00019676052937911415,3,3,1800,pdcsap_flux,9825,0,29.42364564165473,9,0.08925076897827731,1,0.5500254452926209,,1,0.030432569974554707,3521,201,201,18.0,2.7639513295482396e-05,0.00019676052937911415,-0.4979571381144816,0.00019676052937911415,-0.4979571381144816,0.00019676052937911415,-0.4979571381144816,0.030432569974554707,,,
6964929,K02756.01,CONFIRMED,104.7,1.7542,0.665025941,2015.0,9.404706820770325e-05,0.41891343283582216,1.34595943535043e-06,3.1253494869697147,8.180430194792976e-06,0.0,17,17,1800,pdcsap_flux,64288,0,29.424435971304774,11,0.10990799329836468,1,0.6866133648581384,,1,0.08037269785963166,28282,201,201,140.0,7.184121732779691e-06,0.0,,0.0,,0.0,,0.08037269785963166,,,
7289317,K02450.01,CONFIRMED,326.0,4.031,16.83203175,82.0,0.00029974149638323233,1.845034825870652,1.1886736685062793e-05,2.893637081423377,3.32636459117186e-05,0.0,17,17,1800,pdcsap_flux,64748,0,29.424436641857028,25,0.009978494327242066,1,0.10679866559584852,,1,0.049777599308086735,2644,201,201,13.0,2.4055314515475376e-05,0.0,,0.0,,0.0,,0.049777599308086735,,,
8105398,K05475.01,CONFIRMED,348.6,12.455,224.150923,6.0,0.0003673338184659869,8.67512437810948,8.62008333287756e-05,5.069620001645114,4.2729388445184036e-05,9.318165816163404e-05,18,18,1800,pdcsap_flux,65244,0,29.424451561644673,77,0.0023152183644291006,1,0.053108331800625345,,1,0.03879283918827785,604,201,201,3.0,1.967158577920578e-05,8.234075048152434e-05,-0.10812482976318276,0.00010897915360696953,-0.37292793019475967,9.318165816163404e-05,-0.10638841598986094,0.03879283918827785,,,
8168187,K02209.01,CONFIRMED,186.7,8.262,18.3027235,76.0,0.00017660941011898856,3.1239402985074465,-1.3637185046322386e-05,3.888025344841048,4.003297597754418e-06,0.0,17,17,1800,pdcsap_flux,64737,0,29.424436463741586,51,0.018808676206030214,1,0.14359639773236327,,1,0.02995195946676553,5027,201,201,25.0,1.2456133112250488e-05,0.0,,0.0,,0.0,,0.02995195946676553,,,
8620565,K01250.01,FALSE POSITIVE,16185.0,1.7945,0.782045734,1711.0,0.014145538086617004,1.1070547263681598,-0.0007304609591030076,36.42924582507928,8.850299972229525e-05,0.005401476566815666,17,17,1800,pdcsap_flux,64792,0,29.424422717420384,11,0.09560928483158675,1,0.6342758365230275,,1,0.1409278923323867,24777,201,201,129.0,0.0005795849920995821,0.005401476566815666,-0.49804874837898155,0.005401476566815666,-0.49804874837898155,0.005401476566815666,-0.49804874837898155,0.1409278923323867,,,
8934103,K04009.01,CONFIRMED,634.5,10.767,175.13892,8.0,0.0005906806370962192,4.713910447761172,1.4273882169901775e-05,2.799364055729291,4.5941453638675966e-05,0.0,17,17,1800,pdcsap_flux,64708,0,29.424407305195928,65,0.0025615380065150566,1,0.024154664029177226,,1,0.010261482351486679,691,201,201,4.0,5.713308611744106e-05,0.00018516455545147803,-0.49838506015014405,0.0001923371207431801,-0.37286969783090596,0.0,,0.010261482351486679,,,
9008103,K03283.01,FALSE POSITIVE,,10.78,195.7093855,,0.0005208123732040049,0.8581094527363151,-0.00018453340625357306,1.21009607784582,0.0003818669412966047,0.0003448476206304729,17,17,1800,pdcsap_flux,64765,0,29.424412664375268,65,0.0022950696284653486,1,0.03866285802516792,,2,0.024164286265729945,689,201,201,4.0,0.00010015641043595902,0.0003448476206304729,-0.44490282175304424,0.00036240011471067035,-0.1496994907916901,0.0003448476206304729,-0.44490282175304424,0.024164286265729945,,,
9100953,K04500.01,CONFIRMED,304.1,3.048,8.70179611,128.0,0.00023390709532766785,0.36394029850746357,-2.8246979890456103e-05,1.5527341103852461,0.00016264702139845433,0.0,14,14,1800,pdcsap_flux,54931,0,29.424499584711157,19,0.014594688084458003,2,0.11350603484371302,,2,0.03080227922302525,3128,201,201,16.0,3.7085874135605976e-05,0.00011438067282010245,0.3519856505122085,0.0001322271212613746,0.48333784327233065,0.0,,0.03080227922302525,,,
9100953,K04500.02,CONFIRMED,617.8,4.164,44.9851885,26.0,0.0005438293506122571,0.3314626865671646,-6.859485922194875e-05,1.6737203746820297,5.4224618452836104e-05,0.0,14,14,1800,pdcsap_flux,54931,0,29.424499584711157,25,0.0038568250080801593,2,0.08166609018586954,,2,0.06053048369772988,897,200,200,5.0,7.809222291426032e-05,0.00026480717072907556,0.4994003479795866,0.0002654033861960725,-0.49566050410511464,0.0,,0.06053048369772988,,,
9349757,K03348.01,CONFIRMED,406.8,4.388,36.4337867,37.0,0.0003329302077653695,1.4844975124378088,2.644632968240579e-05,2.257821855739484,4.961051261309635e-05,0.0,17,17,1800,pdcsap_flux,64781,0,29.42443672567606,27,0.005018235816079291,1,0.058242385884750156,,1,0.029036291505225298,1300,201,201,6.0,4.599647029611785e-05,0.00013923772034618587,0.16554364804166571,0.00013923772034618587,0.16554364804166571,0.0,,0.029036291505225298,,,
9411166,K01922.01,CONFIRMED,392.8,2.0944,1.954525966,687.0,0.0003580403147989131,1.6255044776119454,-8.325395282837711e-06,5.497363460815881,3.616872170986163e-06,0.0,17,17,1800,pdcsap_flux,64725,0,29.424437390989624,13,0.04464850720057748,2,0.2942139822325222,,2,0.03496330629586713,11594,201,201,58.0,1.3999974616740629e-05,0.0,,0.0,,0.0,,0.03496330629586713,,,
9411166,K01922.03,CONFIRMED,1366.9,9.39,105.6552651,12.0,0.0013395663704842686,7.10089552238803,-0.00010725566352332017,6.620546797146774,6.896960538327335e-05,0.0,17,17,1800,pdcsap_flux,64725,0,29.424437390989624,57,0.0037030809551203336,2,0.1758671301660873,,2,0.1589803012746234,908,201,201,4.0,5.574963906371186e-05,0.00044542869931829543,0.42994171450166024,0.0005432098028932408,-0.42732152660870176,0.0,,0.1589803012746234,,,
9886361,K02732.01,CONFIRMED,85.4,5.922,7.03146295,193.0,8.660911763735957e-05,3.8890746268656624,-8.336279876508534e-06,5.267145132766182,2.2406000715902152e-06,0.0,17,17,1800,pdcsap_flux,64724,0,29.4244235556107,37,0.035092270521030054,3,0.3071658117545269,,3,0.12568753476299363,9007,201,201,45.0,3.881721923797721e-06,0.0,,0.0,,0.0,,0.12568753476299363,,,
9886361,K02732.02,CONFIRMED,95.5,7.617,13.61165024,95.0,8.532545881345666e-05,6.972776119402985,-1.0320414532194455e-05,4.8813632636152775,3.0641445237789e-06,0.0,17,17,1800,pdcsap_flux,64724,0,29.4244235556107,47,0.023316423387617108,3,0.27283542426302454,,3,0.15580001236017552,6124,201,201,31.0,6.870836022884829e-06,0.0,,0.0,,0.0,,0.15580001236017552,,,
9886361,K02732.03,CONFIRMED,147.8,5.517,54.2811949,23.0,0.0001427373368623197,4.172059701492564,-5.8278970631597815e-06,3.372661122158571,2.326662380036648e-05,0.0,17,17,1800,pdcsap_flux,64724,0,29.4244235556107,33,0.004234892036247345,3,0.2265929176194302,,3,0.20545701748964834,1091,201,201,6.0,1.346100559642358e-05,4.257074665259264e-05,-0.0283214141236281,4.802893900535121e-05,-0.025145245096442698,0.0,,0.20545701748964834,,,
9936080,K04431.02,FALSE POSITIVE,172.3,5.972,355.79978,,0.00014059400345411976,0.1188457711442803,2.2352951019932732e-05,1.8960718722076508,3.911355412633544e-05,0.00012186138857317452,18,18,1800,pdcsap_flux,65209,0,29.424418872222304,37,0.0006993633704139259,1,0.029689153337729455,,1,0.02637672713889187,143,199,106,1.0,2.4907266744367426e-05,0.00012186138857317452,-0.16358908713791098,0.00013819905693501777,-0.4525135795401572,0.00012186138857317452,-0.16358908713791098,0.02637672713889187,,,
10028792,K01574.01,CONFIRMED,4850.0,12.0355,114.73658,11.0,0.004710582723364221,10.059522388059662,-0.00011172564151007425,36.473043882047264,4.163969030823722e-05,0.0,14,14,1800,pdcsap_flux,51693,0,29.424784820876084,73,0.004370699969152529,2,0.18758826146673632,,3,0.1649352910452092,987,201,201,5.0,3.716279994325059e-05,0.00011613941742616429,0.3648641938243175,0.00013192939674278037,-0.45464205039177874,0.0,,0.1649352910452092,,,
10028792,K01574.02,CONFIRMED,1061.2,16.942,191.239133,4.0,0.0009795463082955536,8.766009950248787,1.652668947238478e-05,5.704634510944348,8.431375560724597e-05,0.0,14,14,1800,pdcsap_flux,51693,0,29.424784820876084,103,0.0036912772798790433,2,0.19083821794053354,,3,0.17137716905577158,532,200,200,3.0,4.275512063424621e-05,0.00012876511863568751,0.4980337138356264,0.00012876511863568751,0.4980337138356264,0.0,,0.17137716905577158,,,
10397751,K02859.01,CONFIRMED,83.5,2.101,3.4462125,386.0,6.561708010710543e-05,0.33448756218905396,3.5192922293036943e-06,1.6298600228611146,8.859518681569867e-06,0.0,18,17,60|1800,pdcsap_flux,64772,0,29.424418872222304,13,0.025402283424677576,2,0.4134039399740629,,4,0.30862100907799667,6535,201,201,33.0,1.013745693551975e-05,0.0,,0.0,,0.0,,0.30862100907799667,,,
10397751,K02859.02,CONFIRMED,59.5,1.934,2.005414293,625.0,4.83573468049725e-05,0.30790049751243864,2.7425442224227048e-05,1.3455913402350324,2.1671173411785816e-05,0.0,18,17,60|1800,pdcsap_flux,64772,0,29.424418872222304,11,0.040182885708261645,2,0.44899030445254123,,4,0.27312727721855123,10424,201,201,52.0,9.001643950940718e-06,0.0,,0.0,,0.0,,0.27312727721855123,,,
10535708,K05801.02,FALSE POSITIVE,58.7,3.303,0.93373761,1442.0,4.25146836142698e-05,0.7887761194029892,-1.5530251690432095e-05,1.2802132909290624,1.156086715770055e-05,0.0,17,17,1800,pdcsap_flux,64771,0,29.42443126696162,21,0.1473915139821775,1,0.44275987710549475,primary_only,1,0.016226397616217133,38228,201,201,191.0,9.79396768134213e-06,0.0,,0.0,,0.0,,0.016226397616217133,,,
10662202,K00750.01,CONFIRMED,857.2,3.4555,21.67699193,62.0,0.0007746739853482509,2.3380497512437697,-0.00012796144150595268,5.8818948969035665,0.00012488188315384896,0.0,17,17,1800,pdcsap_flux,64788,0,29.424425734905526,21,0.006642027045616318,2,0.10688707785392357,,3,0.07076927826140643,1735,201,201,9.0,4.199978898450556e-05,0.00013009337903535645,-0.14381907426697585,0.00013009337903535645,-0.14381907426697585,0.0,,0.07076927826140643,,,
10662202,K00750.04,FALSE POSITIVE,282.9,2.481,36.5521313,,0.00017235535865822715,0.19749253731343352,0.00012105432510822745,0.8272425928647601,2.402818907787374e-05,0.0,17,17,1800,pdcsap_flux,64788,0,29.424425734905526,15,0.002828152458513411,2,0.09668457121689202,,3,0.08128048404025437,723,201,201,3.0,6.273791294942425e-05,0.0001965943721624619,0.38134418251492885,0.00021346663404220312,-0.47346489807077496,0.0,,0.08128048404025437,,,
10717241,K00430.01,CONFIRMED,1709.0,2.7075,12.37646897,83.0,0.0016042090328811653,2.26298507462685,2.6391497874866943e-06,11.344017593900274,0.0001409887995752479,0.0,16,14,60|1800,pdcsap_flux,51496,0,29.42424218170345,17,0.009115079613858556,1,0.08656983066645953,,1,0.03400264098182383,1810,201,201,9.0,2.9696648510624767e-05,9.533772973757682e-05,0.4354443995353084,9.560126741203767e-05,-0.4920149511747954,0.0,,0.03400264098182383,,,
10718726,K00600.01,CONFIRMED,383.7,3.1569,3.595769013,303.0,0.00036323235086510586,2.8270746268656612,1.1076212286464937e-05,7.35173466877501,5.787325659589726e-06,0.0,14,14,1800,pdcsap_flux,51469,0,29.42426573485136,19,0.03658118736894516,1,0.22510637471099107,,1,0.00499329693601974,7649,201,201,38.0,1.641701001936021e-05,5.8361064300238574e-05,-0.4985799405681526,5.8361064300238574e-05,-0.4985799405681526,0.0,,0.00499329693601974,,,
11358389,K02163.01,CONFIRMED,292.6,3.159,10.66489514,125.0,0.0002632897044992921,1.5716417910447869,-9.606062064682064e-07,3.561480384382112,2.7150138478426733e-05,0.0,20,17,60|1800,pdcsap_flux,64734,0,29.424434630200267,19,0.01234189349938606,2,0.11060648191058794,,2,0.03749188988784873,3186,201,201,16.0,1.8430859548253806e-05,0.0,,0.0,,0.0,,0.03749188988784873,,,
11358389,K02163.02,CONFIRMED,247.1,3.997,17.7838298,76.0,0.00023759168058379299,0.7158805970149231,-2.6795110097843633e-05,2.509242529785064,3.063000252223613e-05,0.0,20,17,60|1800,pdcsap_flux,64734,0,29.424434630200267,25,0.009364780732813056,2,0.10172397812586895,,2,0.04651342416658943,2400,201,201,12.0,2.1483480131116317e-05,0.0,,0.0,,0.0,,0.04651342416658943,,,
11566064,K00353.02,CONFIRMED,269.7,4.99,30.6528935,46.0,0.00025867454402084267,3.277014925373127,2.073621731979447e-05,3.9001580655440073,4.703997506372293e-05,0.0,18,17,60|1800,pdcsap_flux,64777,0,29.424432529485784,31,0.0067829376912384035,1,0.10182626549546907,,2,0.06341757105145344,1801,201,201,9.0,1.4103366652048987e-05,0.0,,0.0,,0.0,,0.06341757105145344,,,
11623629,K00365.01,CONFIRMED,628.8,6.6923,81.737872,16.0,0.0005996559145103886,5.859924378109449,-3.201636700644883e-05,7.417763670634218,6.267096895506974e-05,6.947555136083139e-05,38,18,60|1800,pdcsap_flux,65263,0,29.42444795218762,41,0.0034114643128136902,1,0.023213765839756064,,1,0.003784686575854619,884,201,201,5.0,1.2823931199153325e-05,6.758169833376293e-05,-0.04455983534810395,6.947555136083139e-05,-0.07526301416342789,6.947555136083139e-05,-0.07526301416342789,0.003784686575854619,,,
11656918,K01945.01,CONFIRMED,886.3,4.2938,62.1385979,23.0,0.0008053358770722108,0.17089751243781093,3.390470218966879e-05,6.684031828342471,1.1820627036973619e-05,0.0,17,17,1800,pdcsap_flux,64743,0,29.424421889707446,27,0.0028791820121408522,1,0.02665925273774771,,1,0.00923651977819996,758,201,78,0.0,3.937547022832893e-05,0.000128206004664011,-0.475884899986576,0.000128206004664011,-0.475884899986576,0.0,,0.00923651977819996,,,
11709124,K00435.01,CONFIRMED,1564.3,5.5484,20.5498184,67.0,0.0015265057646522973,4.747884577114428,1.8462627796478337e-05,20.76687713993308,2.5552805709594395e-05,0.0,31,17,60|1800,pdcsap_flux,64779,0,29.424424231401645,33,0.011249896657643131,5,0.224517204649655,,5,0.1682644066750027,3024,201,201,15.0,2.376140995132847e-05,0.0,,0.0,,0.0,,0.1682644066750027,,,
11709124,K00435.03,CONFIRMED,577.4,3.3613,33.0405509,33.0,0.0005134397301839178,1.4716139303482594,-1.1231428782454422e-05,3.0769248015321815,1.983982282882657e-05,0.0,31,17,60|1800,pdcsap_flux,64779,0,29.424424231401645,21,0.004238856885000264,5,0.20699609441331296,,5,0.18768428039951218,1067,201,201,4.0,3.908363550815301e-05,0.0,,0.0,,0.0,,0.18768428039951218,,,
11709124,K00435.04,CONFIRMED,234.9,2.9403,3.93276627,324.0,0.0002086652733790384,1.1702686567164198,-9.69510993331646e-06,3.665393683148353,5.938940150185257e-05,0.0,31,17,60|1800,pdcsap_flux,64779,0,29.424424231401645,17,0.031151736866376248,5,0.2833016872751972,,5,0.1152997113262014,8046,201,201,40.0,1.25431326987794e-05,0.0,,0.0,,0.0,,0.1152997113262014,,,
11709124,K00435.05,CONFIRMED,859.3,7.509,62.3026877,21.0,0.0007738235454332054,6.724477611940323,-3.644586593964938e-06,5.217169791633146,3.6128895792852944e-06,0.0,31,17,60|1800,pdcsap_flux,64779,0,29.424424231401645,45,0.005021853976935252,5,0.21042313095293227,,5,0.18462773429660848,1314,201,201,7.0,3.558214105264565e-05,0.00012765912705348104,0.1647800446007057,0.00012765912705348104,0.1647800446007057,0.0,,0.18462773429660848,,,
11709124,K00435.06,CONFIRMED,186.7,4.326,9.91937693,127.0,0.00014753074165718694,0.7748059701492469,-1.0520894733301311e-05,2.1188253247433724,1.4340319740457907e-05,0.0,31,17,60|1800,pdcsap_flux,64779,0,29.424424231401645,27,0.018171504245882104,5,0.24375183315580667,,5,0.15044999150959415,4699,201,201,24.0,1.754002572359099e-05,0.0,,0.0,,0.0,,0.15044999150959415,,,
12600735,K00548.01,CONFIRMED,659.8,4.0852,21.30020491,65.0,0.0006276160503069228,3.6583880597014775,-1.834860185612186e-05,7.645242444896792,8.680732378918421e-06,0.0,17,17,1800,pdcsap_flux,64736,0,29.42442254978232,25,0.007991315923292058,1,0.10148912506178942,,1,0.05567226890756303,2132,201,201,11.0,1.9541148754967594e-05,0.0,,0.0,,0.0,,0.05567226890756303,,,
