kepid,kepoi_name,disposition,koi_depth_ppm,koi_duration_hours,koi_period_days,koi_num_transits,depth,width,asymmetry,snr,odd_even_diff,secondary_depth,n_products_all,n_products_used,cadences_seen,flux_origin,n_raw_points,n_duplicate_times,cadence_minutes,flatten_window_points,duration_over_period,n_koi_for_star,detrend_masked_fraction,detrend_fallback,n_siblings,sibling_masked_fraction,n_local_points,n_local_bins,n_local_bins_filled,local_points_per_bin_median,secondary_noise,secondary_depth_longest,secondary_phase_fraction_longest,secondary_depth_deepest,secondary_phase_fraction_deepest,secondary_depth_deepest_min2,secondary_phase_fraction_deepest_min2,secondary_exclusion_fraction,secondary_guard,error,error_kind
1725016,K01007.01,CONFIRMED,442.0,3.675,7.40742502,151.0,0.00033539676031,1.7552238805970084,-1.471051308588045e-05,2.537046761059067,7.1475241408824886e-06,0.0,14.0,14.0,1800,pdcsap_flux,54924.0,0.0,29.42455113865435,23.0,0.0206718258485996,1.0,0.1245357220887043,,0.0,0.0,4482.0,201.0,201.0,23.0,3.988663683453495e-05,0.0,,0.0,,0.0,,0.0,,,
1849702,K02538.01,CONFIRMED,388.8,2.442,39.8312536,36.0,0.0003548524572336,0.3887761194029839,-7.266387951898601e-06,2.4162673205672007,6.913218602433435e-05,0.0,17.0,17.0,1800,pdcsap_flux,64755.0,0.0,29.424415016546845,15.0,0.0025545266795218,1.0,0.0162304069183846,,0.0,0.0,710.0,201.0,185.0,3.0,3.527132130416906e-05,0.000138500862129,0.1179275059534519,0.000138500862129,0.1179275059534519,0.0,,0.0,,,
1871056,K01001.01,CONFIRMED,313.9,13.135,40.8065333,34.0,0.0003251644812716,11.762686567164234,-1.5228177043691282e-05,8.518523777527065,2.831049194962354e-06,0.0,42.0,18.0,60|1800,pdcsap_flux,65204.0,0.0,29.42444937187247,81.0,0.0134118637974734,2.0,0.0958836881172934,,1.0,0.0157045580025765,3474.0,201.0,201.0,17.0,9.660784149100588e-06,0.0,,0.0,,0.0,,0.0157045580025765,,,
1871056,K01001.02,CONFIRMED,266.8,18.503,140.10765,9.0,0.0003071202183742,11.046567164179134,2.7464866563464696e-05,5.021037102136049,7.65257580633838e-05,6.057034315554155e-05,42.0,18.0,60|1800,pdcsap_flux,65204.0,0.0,29.42444937187247,113.0,0.0055026141208801,2.0,0.0735537697073799,,1.0,0.0401662474694804,1378.0,201.0,201.0,7.0,1.6153782763334855e-05,6.057034315554155e-05,-0.4944936558198133,6.057034315554155e-05,-0.4944936558198133,6.057034315554155e-05,-0.4944936558198133,0.0401662474694804,,,
1995712,K07626.01,FALSE POSITIVE,633.7,10.42,462.12069,3.0,0.0006733287546945,1.0368159203980016,1.7737604515621896e-05,1.907309394281616,0.0003533869060128,0.0,17.0,17.0,1800,pdcsap_flux,64735.0,0.0,29.42441467079334,63.0,0.0009395092582127,1.0,0.0042789835483123,,0.0,0.0,249.0,200.0,192.0,1.0,9.898146686843068e-05,0.0003231125731486,0.032616950274435,0.0006086530027131,-0.10572578799737,0.0,,0.0,,,
1996399,K01026.01,FALSE POSITIVE,,17.21,94.10628163,,0.0002480922923425,2.397412935323395,3.867912827693054e-06,0.8512518114816798,0.0001457243139654,0.0,17.0,17.0,1800,pdcsap_flux,64790.0,0.0,29.4244138430804,105.0,0.007619930581815,1.0,0.0477697175490044,,0.0,0.0,1947.0,201.0,201.0,10.0,4.574350788850796e-05,0.000155790452242,0.2305642363537769,0.0001632798141838,0.4896418761354836,0.0,,0.0,,,
1996679,K00147.01,FALSE POSITIVE,2931.6,5.4126,145.5624926,9.0,0.0020443043641438,0.7539940298507457,0.000108047318997,11.390307551167435,1.2084480436991283e-05,0.0001456943768826,17.0,17.0,1800,pdcsap_flux,64728.0,0.0,29.4244156870991,33.0,0.0015493345570808,1.0,0.0091614139166975,,0.0,0.0,345.0,201.0,186.0,1.0,4.039672727398116e-05,0.0001456943768826,-0.1078213774866413,0.0001572892608525,-0.1291247276465011,0.0001456943768826,-0.1078213774866413,0.0,,,
2014991,K02178.01,FALSE POSITIVE,135.0,2.527,6.49676881,212.0,0.0001165702859826,1.0560597014925346,1.1402857748366024e-05,3.7053575686638607,2.1462639346103707e-05,0.0,21.0,18.0,60|1800,pdcsap_flux,65252.0,0.0,29.42444586195052,15.0,0.016206774436024,1.0,0.0986942928952369,,0.0,0.0,4333.0,201.0,201.0,22.0,5.9988330330318806e-06,0.0,,0.0,,0.0,,0.0,,,
2161536,K02130.01,CONFIRMED,871.5,2.309,16.85592593,78.0,0.0008028784550543,0.7352039800994996,9.88013893366002e-06,2.546492306996244,0.0002775729674399,0.0,17.0,17.0,1800,pdcsap_flux,64785.0,0.0,29.424429763457734,15.0,0.0057076860525414,1.0,0.0342054487921586,,0.0,0.0,1473.0,201.0,201.0,7.0,7.800596795291099e-05,0.0002665749210594,0.3055246936233505,0.0002665749210594,0.3055246936233505,0.0,,0.0,,,
2306740,K06265.01,FALSE POSITIVE,341790.0,11.4277,10.306982793,0.0,,,,,,,,,,,,,,,,,,,,,,,,,,,,,,,,,,koi_num_transits is 0,precheck
2307206,K03549.01,FALSE POSITIVE,411374.0,17.5623,204.0329342,0.0,,,,,,,,,,,,,,,,,,,,,,,,,,,,,,,,,,koi_num_transits is 0,precheck
2309587,K05982.01,FALSE POSITIVE,118965.0,3.2601,1.838514245,726.0,0.1046323765377781,1.8165731343283584,-0.0047531748234089,74.3650374785681,5.276917947472093e-05,0.0018400347560638,17.0,17.0,1800,pdcsap_flux,64795.0,0.0,29.424432608066127,19.0,0.073884388097303,1.0,0.4431823443166911,,0.0,0.0,19098.0,201.0,201.0,96.0,0.0002286755104036,0.0018400347560638,0.4995203770410156,0.0018400347560638,0.4995203770410156,0.0018400347560638,0.4995203770410156,0.0,,,
2438406,K04941.01,FALSE POSITIVE,1449.0,7.72,262.71162,3.0,0.0012703674774227,0.1536318407960202,-0.0007190532186747,1.2614467734394443,0.0006643193844824,0.0,8.0,8.0,1800,pdcsap_flux,30141.0,0.0,29.42427696660161,47.0,0.0012244097412465,1.0,0.0092896718755183,,0.0,0.0,186.0,199.0,99.0,0.0,0.0004182233348109,0.0013497098247224,0.0863532706048225,0.0022618385122636,-0.4358574840368198,0.0,,0.0,,,
2440757,K00792.01,FALSE POSITIVE,1976.3,1.8868,1.433769925,481.0,0.001673675023315,1.201544278606964,-2.7181800415165824e-05,19.91378604761876,0.0003754072499015,0.0,9.0,9.0,1800,pdcsap_flux,33276.0,0.0,29.425344401970506,11.0,0.0548321354046163,1.0,0.3290960451977401,,0.0,0.0,7304.0,201.0,201.0,35.0,2.287557876616357e-05,0.0,,0.0,,0.0,,0.0,,,
2441151,K00603.01,FALSE POSITIVE,1475.6,2.9453,2.192009479,612.0,0.0013621745804268,1.758388059701499,-5.73881799484921e-05,32.96144054609416,0.000525000812067,0.0,17.0,17.0,1800,pdcsap_flux,64767.0,0.0,29.424429098144174,19.0,0.055985539528469,1.0,0.3355258078959964,,0.0,0.0,14513.0,201.0,201.0,72.0,1.5548782626548042e-05,0.0,,0.0,,0.0,,0.0,,,
2442359,K03997.01,FALSE POSITIVE,145.7,1.2887,0.552834211,2417.0,0.0001305232570035,0.5642069651741286,-6.608999775892244e-06,5.626466823946343,2.966115836600114e-05,0.0,17.0,17.0,1800,pdcsap_flux,64747.0,0.0,29.424430103972558,7.0,0.0971282751047643,1.0,0.5823899176795836,,0.0,0.0,25129.0,201.0,201.0,125.0,6.236580247912071e-06,0.0,,0.0,,0.0,,0.0,,,
2450716,K06275.01,FALSE POSITIVE,64.6,8.7,1.38607973,968.0,3.784894943237305e-05,1.385074626865673,-1.436471939086914e-05,1.6600838459985967,2.9802322387695312e-06,,17.0,17.0,1800,pdcsap_flux,64776.0,0.0,29.42443428444676,,0.2615289670241408,1.0,1.0,none,0.0,0.0,64776.0,193.0,193.0,338.0,,,,,,,,0.0,blanking covers 1.05 of the orbit,,
2452440,K03687.01,FALSE POSITIVE,65620.0,5.6736,8.097050622,78.0,0.0548423101861648,3.838853731343313,-0.0010739479954748,148.37158963792157,1.651283777648338e-05,0.0026719988180958,8.0,8.0,1800,pdcsap_flux,30159.0,0.0,29.42428131995257,35.0,0.029195815987329,1.0,0.1728505587055273,,0.0,0.0,3583.0,201.0,201.0,18.0,0.0001016302949849,0.0026719988180958,0.4975731988235494,0.0026719988180958,0.4975731988235494,0.0026719988180958,0.4975731988235494,0.0,,,
2452450,K00380.01,FALSE POSITIVE,680.7,5.699,8.0970583,168.0,0.0006816491331108,3.856039800995039,-9.783707876853676e-06,25.829522042206754,2.508027295733406e-05,3.685205471415376e-05,18.0,18.0,1800,pdcsap_flux,65240.0,0.0,29.42445373046212,35.0,0.0293264942075733,1.0,0.1742795830778663,,0.0,0.0,7768.0,201.0,201.0,39.0,8.42750569234525e-06,3.685205471415376e-05,0.4993002685396479,3.685205471415376e-05,0.4993002685396479,3.685205471415376e-05,0.4993002685396479,0.0,,,
2554853,K04911.01,FALSE POSITIVE,292.0,13.716,309.494217,,0.0002992183848202,3.821373134328357,-2.757127813357574e-05,1.7154096548112472,2.6744376865339703e-05,0.0,17.0,17.0,1800,pdcsap_flux,64784.0,0.0,29.42441283725202,83.0,0.0018465611588471,1.0,0.011360829834527,,0.0,0.0,417.0,201.0,201.0,2.0,5.340765275626213e-05,0.0001700436556475,0.3205715431013313,0.0003081258104837,-0.4993016114268037,0.0,,0.0,,,
2557430,K06277.01,FALSE POSITIVE,34769.5,2.82428,0.648868342,1035.0,0.0299910106511123,1.5737281592039705,-0.0008708410572559,38.64911322621148,0.0096376913936224,0.0,20.0,18.0,60|1800,pdcsap_flux,65263.0,0.0,29.4244299310958,17.0,0.1813593385841797,1.0,0.544841640745905,primary_only,0.0,0.0,47384.0,201.0,201.0,235.0,0.0004011960770613,0.0,,0.0,,0.0,,0.0,,,
2574338,K01030.01,CONFIRMED,492.1,2.235,9.22961384,142.0,0.0004310080484081,0.5337313432835796,3.91094455662877e-05,2.776266684448443,1.5965461291234107e-05,0.0,17.0,17.0,1800,pdcsap_flux,64738.0,0.0,29.424431277439,13.0,0.0100898045805998,1.0,0.0598875467268065,,0.0,0.0,2554.0,201.0,201.0,13.0,3.619531954960342e-05,0.0001234633018951,-0.4861233197978649,0.0001234633018951,-0.4861233197978649,0.0,,0.0,,,
2574543,K04947.01,FALSE POSITIVE,859.0,4.632,6.70258007,84.0,0.0007706649812696,1.1983283582089577,3.2863681457273586e-05,6.605717303073268,0.0001185173861073,0.0,7.0,7.0,1800,pdcsap_flux,27277.0,0.0,29.423899445682764,29.0,0.0287948816700969,1.0,0.1771089196025956,,0.0,0.0,3118.0,201.0,195.0,10.0,4.728945088534284e-05,0.0,,0.0,,0.0,,0.0,,,
2576197,K00489.01,FALSE POSITIVE,543.7,1.8575,2.217038096,605.0,0.0005298325877521,0.8871641791044738,-3.925954456729386e-05,8.290485667336934,3.188146143384696e-05,7.232089124453722e-05,17.0,17.0,1800,pdcsap_flux,64740.0,0.0,29.424431434599683,11.0,0.0349095640137946,2.0,0.2393419833178869,,1.0,0.0388322520852641,9138.0,201.0,201.0,44.0,1.4014925269656508e-05,7.232089124453722e-05,-0.498149361344295,7.232089124453722e-05,-0.498149361344295,7.232089124453722e-05,-0.498149361344295,0.0388322520852641,,,
2576197,K00489.02,FALSE POSITIVE,93.3,2.88,8.874603,,3.43601854582154e-05,0.171940298507462,-1.924502637251635e-06,0.3404102749750906,4.43812844304059e-05,0.0,17.0,17.0,1800,pdcsap_flux,64740.0,0.0,29.424431434599683,17.0,0.0135217316199947,2.0,0.167299969107198,,1.0,0.1057615075687364,3340.0,201.0,201.0,17.0,2.30005140745386e-05,0.0,,0.0,,0.0,,0.1057615075687364,,,
2708172,K06287.01,FALSE POSITIVE,49.9,8.724,1.89114441,715.0,4.8753682674318455e-05,2.604179104477603,5.999549697044415e-07,2.874407769702798,9.78312665655956e-06,0.0,17.0,17.0,1800,pdcsap_flux,64788.0,0.0,29.4244253996294,53.0,0.1922116566444547,1.0,0.5751373711181083,primary_only,0.0,0.0,49751.0,201.0,201.0,247.0,6.665200685729733e-07,2.8073499701575244e-06,-0.4759637931204193,2.8073499701575244e-06,-0.4759637931204193,0.0,,0.0,,,
2708614,K06289.01,FALSE POSITIVE,11969.0,7.892,52.884577,3.0,0.0107776367821453,0.785273631840794,-0.0008746528283194,22.83716216533976,0.0005761317890913,0.0036943461450147,2.0,2.0,1800,pdcsap_flux,8201.0,0.0,29.423326705000363,49.0,0.0062179439070361,1.0,0.040360931593708,,0.0,0.0,189.0,200.0,143.0,1.0,0.0001881022105561,0.0036943461450147,0.1513356227498493,0.0036943461450147,0.1513356227498493,0.0036943461450147,0.1513356227498493,0.0,,,
2711123,K04953.01,FALSE POSITIVE,644.5,2.3753,2.858879267,939.0,0.000589587887774,1.5598985074626963,5.935743139728889e-05,15.103740222360738,3.891666193711618e-05,0.000300450441147,17.0,17.0,1800,pdcsap_flux,64790.0,0.0,29.42442808183841,15.0,0.0346187523466808,1.0,0.2081648402531254,,0.0,0.0,8978.0,201.0,201.0,45.0,8.33815604899013e-06,0.000300450441147,-0.4980190379814936,0.000300450441147,-0.4980190379814936,0.000300450441147,-0.4980190379814936,0.0,,,
2720828,K04669.01,FALSE POSITIVE,138.0,1.154,1.71659304,775.0,0.0001232472733496,0.0688955223880598,5.9667217032099984e-05,1.9194957951457567,4.622298571688166e-05,0.0,17.0,17.0,1800,pdcsap_flux,64743.0,0.0,29.42443604988512,7.0,0.028010910106762,1.0,0.1671377600667253,,0.0,0.0,7206.0,201.0,201.0,36.0,1.7905769398834302e-05,0.0,,0.0,,0.0,,0.0,,,
2833632,K04954.01,FALSE POSITIVE,361.7,1.742,241.647602,,0.0003570452821353,0.0693333333333335,4.124835713048558e-05,3.1812268132435904,3.4167533159101815e-05,0.0003040757872813,18.0,18.0,1800,pdcsap_flux,65200.0,0.0,29.424431602237743,11.0,0.0003003685231411,1.0,0.0014877300613496,,0.0,0.0,47.0,186.0,29.0,0.0,6.912576239701027e-05,0.0002422379841268,0.1300842454066892,0.0004058832156684,0.1306849824529715,0.0003040757872813,0.1296712386873701,0.0,,,
2852560,K06294.01,FALSE POSITIVE,310679.0,4.6414,11.961308501,0.0,,,,,,,,,,,,,,,,,,,,,,,,,,,,,,,,,,koi_num_transits is 0,precheck
2853093,K01099.01,CONFIRMED,4653.6,3.6734,161.5278347,9.0,0.0043516140729304,0.219307462686568,-0.0002690273309998,10.009577797879178,0.0002994203168434,0.0,18.0,17.0,60|1800,pdcsap_flux,64733.0,0.0,29.42443094216287,23.0,0.0009475663040837,1.0,0.0058702670971529,,0.0,0.0,266.0,201.0,106.0,1.0,0.0001289825867074,0.000390578451632,0.2954132555729183,0.000443589016784,0.4986662277988692,0.0,,0.0,,,
2859299,K07640.01,FALSE POSITIVE,172.0,0.801,0.643703667,2074.0,0.0001580834772668,0.4463283582089527,-5.291290737896581e-06,7.804788680387078,2.101181767133476e-06,0.0001584183198667,17.0,17.0,1800,pdcsap_flux,64738.0,0.0,29.424434462562203,5.0,0.0518483919091919,1.0,0.3116716611572801,,0.0,0.0,13408.0,201.0,201.0,62.0,1.130536192003293e-05,0.0001584183198667,-0.4998504568085185,0.0001584183198667,-0.4998504568085185,0.0001584183198667,-0.4998504568085185,0.0,,,
2860793,K02277.01,FALSE POSITIVE,126.4,6.213,2.62982665,513.0,0.0001199291002016,1.7309850746268598,-2.4296915458466017e-06,4.3356762368258925,1.89579535776474e-05,0.0,17.0,17.0,1800,pdcsap_flux,64770.0,0.0,29.424435960827395,39.0,0.0984380472378284,1.0,0.5906129380886213,,0.0,0.0,25629.0,201.0,201.0,128.0,3.5734763549274627e-06,0.0,,0.0,,0.0,,0.0,,,
2985767,K02032.01,CONFIRMED,169.5,1.375,14.07969236,94.0,0.0001482197231512,0.4378109452736325,7.072309287536882e-06,4.049450701439518,4.453618583033503e-06,0.0,18.0,18.0,1800,pdcsap_flux,65248.0,0.0,29.424442163435742,9.0,0.0040690993241749,1.0,0.0238014958312898,,0.0,0.0,1058.0,201.0,201.0,5.0,8.688590849371057e-06,2.7629156727604357e-05,0.0590003246418994,3.3317587165626605e-05,0.49846305165279,0.0,,0.0,,,
2989706,K02692.01,FALSE POSITIVE,945.6,0.8399,1.257689465,1059.0,0.0008810044715993,0.6852915422885584,0.0001266106555327,9.637567874601556,0.0005602977436206,0.0,17.0,17.0,1800,pdcsap_flux,64745.0,0.0,29.42443076404743,5.0,0.0278254961238252,1.0,0.1670553710711252,,0.0,0.0,7201.0,201.0,201.0,36.0,1.9923234188096804e-05,6.97812252224983e-05,0.3034711614837179,7.28735141725112e-05,-0.4686863559524323,0.0,,0.0,,,
3097352,K03648.01,FALSE POSITIVE,191073.0,4.4301,4.029803201,153.0,0.1911369458290043,2.7329970149253837,-0.0034505129531424,230.59837471484647,0.0024005913224415,0.0048100770609393,8.0,8.0,1800,pdcsap_flux,30161.0,0.0,29.42426858469844,27.0,0.0458055867229929,1.0,0.2760186996452372,,0.0,0.0,5539.0,201.0,201.0,28.0,0.0005643725956664,0.0048100770609393,0.3813069233181261,0.0048100770609393,0.3813069233181261,0.0048100770609393,0.3813069233181261,0.0,,,
3102309,K07643.01,FALSE POSITIVE,31.5,5.389,4.20253859,324.0,2.3072517863598208e-05,1.1796815920398105,1.6866159227024724e-06,1.0943809876697137,4.977487071400333e-06,0.0,18.0,18.0,1800,pdcsap_flux,65192.0,0.0,29.42443379200995,33.0,0.053430007091658,1.0,0.322018039023193,,0.0,0.0,14114.0,201.0,201.0,71.0,6.761104154433672e-06,0.0,,0.0,,0.0,,0.0,,,
3102384,K00273.01,CONFIRMED,298.9,1.7259,10.573751447,129.0,0.0002896596509054,1.4425432835820993,-8.098060614969427e-06,14.988065538965383,1.6888815464022322e-05,0.0,48.0,18.0,60|1800,pdcsap_flux,65232.0,0.0,29.42443311098032,11.0,0.0068010393813827,1.0,0.0411761098847191,,0.0,0.0,1805.0,201.0,201.0,9.0,5.148134268538639e-06,1.5684830733553312e-05,0.4921127382635958,1.5684830733553312e-05,0.4921127382635958,0.0,,0.0,,,
3114661,K00796.01,FALSE POSITIVE,10967.4,2.0792,0.444291966,1466.0,0.0103636131333559,1.1585592039801007,1.8608813612264184e-06,35.39451210116853,0.0019378525351759,0.0,22.0,16.0,60|1800,pdcsap_flux,63168.0,0.0,29.42437226884067,13.0,0.1949918971375983,1.0,0.5850747213779128,primary_only,0.0,0.0,49279.0,201.0,201.0,245.0,8.714274302900806e-05,0.0,,0.0,,0.0,,0.0,,,
3114811,K01117.01,CONFIRMED,148.1,6.2877,11.08956602,118.0,0.0001430538151917,3.753850746268679,-1.408925532020433e-05,5.257918564968917,3.1992674012659705e-05,0.0,21.0,18.0,60|1800,pdcsap_flux,65192.0,0.0,29.424445180920884,39.0,0.0236246846384706,1.0,0.1413670389004785,,0.0,0.0,5927.0,201.0,201.0,30.0,6.41918388563727e-06,0.0,,0.0,,0.0,,0.0,,,
3117115,K04964.01,FALSE POSITIVE,1368.0,2.42,485.91276,,0.000219819859206,0.0481592039800991,-0.0004792042502357,0.216994349623664,8.733410092875982e-05,0.0,17.0,17.0,1800,pdcsap_flux,64752.0,0.0,29.424430271610618,15.0,0.0002075132444213,1.0,0.00135903138127,,0.0,0.0,57.0,195.0,57.0,0.0,0.0003272683061044,0.0010233774604161,0.0163014706772189,0.0025797329835881,0.2156698202548882,0.0,,0.0,,,
3130548,K02773.01,FALSE POSITIVE,269.7,1.1014,0.878855771,1217.0,0.0002727251764257,0.4383681592039782,-3.775491090429739e-06,5.634778810560468,3.3628034441512966e-06,0.0001303539443701,14.0,14.0,1800,pdcsap_flux,51789.0,0.0,29.424410574138165,7.0,0.0522175175733888,1.0,0.3133483944466971,,0.0,0.0,10792.0,201.0,201.0,55.0,1.3350909991376314e-05,0.0001303539443701,0.4904226697538268,0.0001303539443701,0.4904226697538268,0.0001303539443701,0.4904226697538268,0.0,,,
3228959,K01107.01,FALSE POSITIVE,250.2,4.32,0.73094589,1836.0,0.0002113152907828,2.149253731343274,-5.764336678093507e-06,4.148378119287831,3.217751549888792e-05,,17.0,17.0,1800,pdcsap_flux,64725.0,0.0,29.424427495105192,27.0,0.2462562584488983,1.0,0.7387408265739668,primary_only,0.0,0.0,63753.0,201.0,201.0,317.0,,,,,,,,0.0,blanking covers 0.99 of the orbit,,
3230206,K06310.01,FALSE POSITIVE,282.5,1.434,7.04715073,186.0,0.0002564190018802,0.1426865671641786,-5.668720944074224e-05,1.5964397123000222,0.0001253544839747,0.0,17.0,17.0,1800,pdcsap_flux,64748.0,0.0,29.424426573095843,9.0,0.008478603947783,1.0,0.0506579353802434,,0.0,0.0,2136.0,201.0,201.0,11.0,4.586527411591194e-05,0.0,,0.0,,0.0,,0.0,,,
3231341,K01102.01,CONFIRMED,536.4,6.221,12.33343853,112.0,0.0004571492042582,3.2188258706467767,-1.4595731839706085e-05,5.5105622754401855,1.7669667964015368e-05,0.0,34.0,17.0,60|1800,pdcsap_flux,64772.0,0.0,29.424426573095843,39.0,0.0210167126306935,4.0,0.2978756252701784,,3.0,0.1960260606434879,5556.0,201.0,201.0,28.0,2.4423006839882383e-05,0.0,,0.0,,0.0,,0.1960260606434879,,,
3231341,K01102.02,CONFIRMED,446.8,5.073,8.14515981,159.0,0.0004276024687351,2.1200597014925293,-4.219793386173176e-05,5.364689705886207,8.547688334437087e-05,0.0,34.0,17.0,60|1800,pdcsap_flux,64772.0,0.0,29.424426573095843,31.0,0.0259509948154105,4.0,0.3064904588402396,,3.0,0.1798307910825665,6822.0,201.0,201.0,34.0,1.7896719413258033e-05,0.0001150953263193,-0.4976274460016566,0.0001150953263193,-0.4976274460016566,0.0,,0.1798307910825665,,,
3231341,K01102.03,CONFIRMED,430.7,4.529,18.9985279,68.0,0.0003713723687279,1.6223283582089536,-2.8605077873389284e-05,3.1210443515175808,9.666503819094618e-05,0.0,34.0,17.0,60|1800,pdcsap_flux,64772.0,0.0,29.424426573095843,27.0,0.0099327871257505,4.0,0.2668900142036682,,3.0,0.2218396838139937,2674.0,201.0,201.0,13.0,2.990526243507867e-05,0.0001020737231165,0.2139490301064281,0.0001097031473988,-0.4589972976631736,0.0,,0.2218396838139937,,,
3231341,K01102.04,CONFIRMED,174.0,3.282,4.24439049,269.0,0.0001732480319273,0.8490746268656755,2.668111670922624e-05,2.5662403127019706,1.2917030525194662e-06,0.0,34.0,17.0,60|1800,pdcsap_flux,64772.0,0.0,29.424426573095843,21.0,0.0322189959482262,4.0,0.3293398382016921,,3.0,0.1678039893781263,8293.0,201.0,201.0,41.0,1.6885937897017888e-05,0.0,,0.0,,0.0,,0.1678039893781263,,,
3235282,K07649.01,FALSE POSITIVE,1440.0,2.239,494.165759,3.0,0.0015108789826814,0.0,0.0001160898462481,2.616926459617292,0.0008225316876028,0.0009018249412418,17.0,17.0,1800,pdcsap_flux,64755.0,0.0,29.424430103972558,13.0,0.0001887861814939,1.0,0.0012663114817388,,0.0,0.0,55.0,199.0,37.0,0.0,0.0002750055252084,0.0009018249412418,0.4811964736129514,0.0021520977895603,0.006847594336434,0.0009018249412418,0.4811964736129514,0.0,,,
3239636,K01093.01,FALSE POSITIVE,408.5,5.714,0.528755447,1265.0,0.000371515750885,2.842786069651738,5.602836608886719e-06,16.16961886083699,0.0001963675022125,,17.0,17.0,1800,pdcsap_flux,64751.0,0.0,29.424432702362537,,0.450271169184444,1.0,1.0,none,0.0,0.0,64751.0,112.0,112.0,579.5,,,,,,,,0.0,blanking covers 1.80 of the orbit,,
3240159,K03515.01,FALSE POSITIVE,210772.0,6.11904,82.137609997,16.0,,,,,,0.0,18.0,18.0,1800,pdcsap_flux,65022.0,0.0,29.42445238935761,37.0,0.0031040591515788,1.0,0.0155485835563347,,0.0,0.0,582.0,201.0,159.0,3.0,2.0925997039055972e-05,0.0001056986860662,0.1646679800569895,0.0001056986860662,0.1646679800569895,0.0,,0.0,,,
3241344,K05984.01,FALSE POSITIVE,291510.0,3.556,3.912679136,0.0,,,,,,,,,,,,,,,,,,,,,,,,,,,,,,,,,,koi_num_transits is 0,precheck
3247503,K04397.01,FALSE POSITIVE,265.4,0.8541,0.447861451,1194.0,0.0002468184773405,0.2889492537313426,3.763976617088272e-05,3.350379019568652,1.7206830513760707e-05,0.0,14.0,14.0,1800,pdcsap_flux,51780.0,0.0,29.424413329688832,5.0,0.07946095811671,1.0,0.4764387794515257,,0.0,0.0,16442.0,201.0,201.0,82.0,1.3360549779945296e-05,0.0,,0.0,,0.0,,0.0,,,
3326377,K01830.01,CONFIRMED,812.0,3.2861,13.22714056,100.0,0.0007564494123075,2.8119860696517502,2.9707663684597208e-06,8.988476718246709,6.702692365911922e-05,0.0,17.0,17.0,1800,pdcsap_flux,64794.0,0.0,29.424414010718465,21.0,0.0103515066398699,2.0,0.0681081581627928,,1.0,0.0063894805074543,2610.0,201.0,201.0,13.0,2.7789121886891572e-05,0.0,,0.0,,0.0,,0.0063894805074543,,,
3326377,K01830.02,CONFIRMED,2094.8,8.638,198.7106251,8.0,0.0019548975601305,7.563621890547293,-0.0001076213959304,10.911655659403047,8.395139148220654e-05,0.0002478994921444,17.0,17.0,1800,pdcsap_flux,64794.0,0.0,29.424414010718465,53.0,0.0018112603011818,2.0,0.0415470568262493,,1.0,0.0302188474241442,555.0,201.0,199.0,3.0,6.199598022167017e-05,0.0002478994921444,0.3943131942731444,0.0003499118557463,-0.1175942483484226,0.0002478994921444,0.3943131942731444,0.0302188474241442,,,
3335813,K03632.01,FALSE POSITIVE,7559.8,3.3394,3.711012492,360.0,0.0067121312882749,2.1265830845771063,-0.0007261960143527,166.8322958391839,0.0043340083932918,0.0,17.0,17.0,1800,pdcsap_flux,64793.0,0.0,29.4244244042784,21.0,0.037494259845964,1.0,0.2236970043060207,,0.0,0.0,9705.0,201.0,201.0,48.0,9.987313150683262e-06,0.0,,0.0,,0.0,,0.0,,,
3336283,K02974.01,FALSE POSITIVE,60.8,2.027,0.576441813,2317.0,5.9117230113980845e-05,1.411840796019896,3.942248206656451e-06,2.648202079712015,1.355066433850194e-05,0.0,17.0,17.0,1800,pdcsap_flux,64769.0,0.0,29.424425237230025,13.0,0.1465166673003531,1.0,0.4391915885686053,primary_only,0.0,0.0,37947.0,201.0,201.0,189.0,6.502709915313698e-06,0.0,,0.0,,0.0,,0.0,,,
3336765,K02740.01,FALSE POSITIVE,85.6,1.6557,1.844857057,723.0,8.57110376502046e-05,0.9555283582089584,-6.782807116967327e-06,3.200879995902305,2.364712127278512e-05,2.890801201949067e-05,17.0,17.0,1800,pdcsap_flux,64716.0,0.0,29.42442691884935,11.0,0.037394496087509,1.0,0.2245348909079671,,0.0,0.0,9700.0,201.0,201.0,48.0,5.949785825379239e-06,2.890801201949067e-05,-0.4998249911651091,2.890801201949067e-05,-0.4998249911651091,2.890801201949067e-05,-0.4998249911651091,0.0,,,
3342794,K02278.01,CONFIRMED,246.8,2.6297,14.17222858,94.0,0.0002093106183994,2.1456258706467577,-1.4521928468624878e-05,2.775191431617696,6.180972523572859e-05,0.0,17.0,17.0,1800,pdcsap_flux,64742.0,0.0,29.42443076404743,17.0,0.0077313763826785,2.0,0.1457631830959809,,1.0,0.1039356213895153,2011.0,201.0,201.0,10.0,1.616615940206907e-05,5.0572033745144296e-05,-0.2767405976510614,5.0572033745144296e-05,-0.2767405976510614,0.0,,0.1039356213895153,,,
3342794,K02278.02,CONFIRMED,81.0,4.046,4.92031063,272.0,7.66084294558933e-05,0.8856915422885585,-1.1113312234245498e-05,2.793790772627892,2.9524927115387456e-05,0.0,17.0,17.0,1800,pdcsap_flux,64742.0,0.0,29.42443076404743,25.0,0.0342627419304486,2.0,0.224012233171666,,1.0,0.0233387908930833,8952.0,201.0,201.0,45.0,6.6899208180191565e-06,0.0,,0.0,,0.0,,0.0233387908930833,,,
3342970,K00800.01,CONFIRMED,837.5,3.0099,2.711504086,494.0,0.0007819085201312,2.6954328358208945,-5.6255053823561774e-05,10.044603295707876,2.955627405731853e-05,0.0,23.0,17.0,60|1800,pdcsap_flux,64749.0,0.0,29.42442993633449,19.0,0.0462520047996711,2.0,0.3271247432392778,,1.0,0.0683408237965065,11973.0,201.0,201.0,60.0,2.350805975560939e-05,7.106331266215626e-05,-0.4997767011665263,8.020262596142302e-05,-0.4826318031595369,0.0,,0.0683408237965065,,,
3342970,K00800.02,CONFIRMED,950.4,4.0491,7.21203748,165.0,0.0009282040002661,3.626059701492542,-5.368839800623526e-05,8.888554282994507,2.687936743617225e-05,0.0,23.0,17.0,60|1800,pdcsap_flux,64749.0,0.0,29.42442993633449,25.0,0.0233931812567341,2.0,0.2570078302367604,,1.0,0.1386894006085036,5904.0,201.0,201.0,29.0,2.928991698550436e-05,0.0,,0.0,,0.0,,0.1386894006085036,,,
3438975,K00300.01,FALSE POSITIVE,114.9,3.73,2.976020742,455.0,0.0001233087027995,2.523781094527369,-1.0095477372962236e-06,8.64292923114702,2.164002194171566e-05,0.0,27.0,18.0,60|1800,pdcsap_flux,65203.0,0.0,29.424443845055062,23.0,0.0522229783123825,1.0,0.3154916184838121,,0.0,0.0,13785.0,201.0,201.0,69.0,3.2957026672673084e-06,0.0,,0.0,,0.0,,0.0,,,
3448323,K06336.01,FALSE POSITIVE,91.6,2.732,0.513482156,2544.0,0.0001016920386227,0.2718407960198996,-8.273363527044886e-06,1.729661678354626,1.1267450372720589e-05,,16.0,16.0,1800,pdcsap_flux,63167.0,0.0,29.42437628167681,17.0,0.2216889759521328,1.0,0.6646983393227477,primary_only,0.0,0.0,56009.0,201.0,201.0,278.0,,,,,,,,0.0,blanking covers 0.89 of the orbit,,
3449870,K04983.01,FALSE POSITIVE,253.0,3.861,61.438007,,0.0001867577433378,0.4610149253731359,-9.365562631147296e-05,0.9751492501380408,0.0001134359832032,0.000215913960834,14.0,14.0,1800,pdcsap_flux,52075.0,0.0,29.42416791280266,23.0,0.002618493142201,1.0,0.0144215074411905,,0.0,0.0,534.0,201.0,200.0,3.0,4.950931728060469e-05,0.000215913960834,0.4998784332261882,0.000215913960834,0.4998784332261882,0.000215913960834,0.4998784332261882,0.0,,,
3459529,K04984.01,FALSE POSITIVE,1488.0,4.747,231.364508,,0.0011486974892268,0.1889353233830837,-0.0002767827999199,1.4919755644202168,0.0010264908128813,0.0007720627494247,14.0,14.0,1800,pdcsap_flux,51797.0,0.0,29.42439355363604,29.0,0.0008548919986753,1.0,0.0055601675772728,,0.0,0.0,153.0,199.0,110.0,1.0,0.0002021376508457,0.0007720627494247,-0.4360880255255027,0.000905676325254,-0.4346988260276551,0.0007720627494247,-0.4360880255255027,0.0,,,
3544678,K06340.01,FALSE POSITIVE,,2.24,6.3762199,211.0,0.000263414888954,0.3566169154228831,6.201976866848646e-06,1.3217082087218504,2.8002755121270265e-05,0.0001923498716153,17.0,17.0,1800,pdcsap_flux,64581.0,0.0,29.42442188446876,13.0,0.0146377218472865,1.0,0.0872857341942676,,0.0,0.0,3734.0,201.0,201.0,18.0,5.730012963544889e-05,0.0001923498716153,0.4807297699353934,0.0003319032908207,-0.4579141435218602,0.0001923498716153,0.4807297699353934,0.0,,,
3545583,K04328.01,FALSE POSITIVE,462.4,7.3,407.59415,,0.0005668113963043,0.8716417910447767,-0.000205039952603,1.4833455057743492,0.000275119053626,0.0,17.0,17.0,1800,pdcsap_flux,64759.0,0.0,29.42443026113324,45.0,0.0007462488523612,1.0,0.0040920953072159,,0.0,0.0,237.0,201.0,183.0,1.0,0.000105587199268,0.0004235056681634,0.3057065243359538,0.0004235056681634,0.3057065243359538,0.0,,0.0,,,
3546060,K02126.01,CONFIRMED,1130.7,2.734,9.69310837,121.0,0.00112490731784,0.8161194029850767,-0.0001251498472195,4.249742032909663,4.293599776350465e-05,0.0,14.0,14.0,1800,pdcsap_flux,54935.0,0.0,29.424543422064744,17.0,0.0117523360224916,1.0,0.0713752616728861,,0.0,0.0,2665.0,201.0,201.0,13.0,5.180620037827923e-05,0.0,,0.0,,0.0,,0.0,,,
3548639,K04191.01,FALSE POSITIVE,93.2,2.555,13.8452726,100.0,0.0001006249364945,0.7626865671641836,-1.2377139714359052e-05,3.09306380726982,2.724397995357286e-05,0.0,17.0,17.0,1800,pdcsap_flux,64764.0,0.0,29.424431937513877,15.0,0.0076891467874264,1.0,0.045966895188685,,0.0,0.0,2059.0,201.0,201.0,10.0,8.779406951680313e-06,3.4287839722702e-05,0.4947968257851614,6.826747840815717e-05,-0.3490870341348893,0.0,,0.0,,,
3556220,K01213.01,FALSE POSITIVE,107.1,2.4551,0.796722833,1352.0,0.0001148704698793,1.6611621890547368,-9.922170247977924e-06,6.320767019168623,1.272775356886413e-05,1.907688169522359e-05,14.0,14.0,1800,pdcsap_flux,51761.0,0.0,29.42441425693687,15.0,0.128395759599541,1.0,0.3860435462993373,primary_only,0.0,0.0,26615.0,201.0,201.0,135.0,5.108071378956968e-06,1.907688169522359e-05,0.4951033362605169,1.907688169522359e-05,0.4951033362605169,1.907688169522359e-05,0.4951033362605169,0.0,,,
3560301,K00968.01,FALSE POSITIVE,128.4,38.1939,4.6484156,233.0,0.0001294612884521,25.08256119402984,-5.608797073364258e-05,1.7275871811122223,8.404254913330078e-06,,16.0,15.0,60|1800,pdcsap_flux,52282.0,0.0,29.424422382144257,,0.3423558986421093,1.0,1.0,none,0.0,0.0,52282.0,147.0,147.0,356.0,,,,,,,,0.0,blanking covers 1.37 of the orbit,,
3641216,K04996.01,FALSE POSITIVE,,11.46,358.54455552,,8.904727219660735e-05,1.8244776119402957,7.454250363758685e-05,0.8909846969891758,0.0001372915778056,0.0,18.0,18.0,1800,pdcsap_flux,65190.0,0.0,29.424443839816377,71.0,0.001331773116196,1.0,0.0072710538426138,,0.0,0.0,320.0,201.0,198.0,2.0,2.3045784171308942e-05,7.098567473184936e-05,0.0621811440626352,9.122302930075764e-05,-0.3573273875390979,0.0,,0.0,,,
3641726,K00804.01,CONFIRMED,1019.8,3.1449,9.02930689,146.0,0.0009264601234166,2.628573134328369,-1.0884527986143588e-05,8.98325918785272,1.0859749076441716e-05,0.0,17.0,17.0,1800,pdcsap_flux,64739.0,0.0,29.424427081248723,19.0,0.0145124649761461,1.0,0.0872580670075225,,0.0,0.0,3686.0,201.0,201.0,18.0,2.869596283507707e-05,0.0,,0.0,,0.0,,0.0,,,
3644542,K03511.01,FALSE POSITIVE,299046.0,32.1928,119.67980316,13.0,0.2578560678764232,17.297623880596923,-0.0007311043353568,5195.797913068368,0.0026079328260267,0.1202089550134086,22.0,18.0,60|1800,pdcsap_flux,65265.0,0.0,29.42444284446537,197.0,0.0112079618385851,1.0,0.0684593580019918,,0.0,0.0,3001.0,201.0,201.0,14.0,1.5362058842719816e-05,7.488930258581217e-05,-0.2099716579648094,0.1202089550134086,-0.1791497629087003,0.1202089550134086,-0.1791497629087003,0.0,,,
3644601,K03862.01,FALSE POSITIVE,2015.8,32.16,359.00688,4.0,0.0023227381436992,16.000000000000014,0.0006017493416623,8.203811037472114,0.0003335329502179,0.0010295469342138,17.0,17.0,1800,pdcsap_flux,64739.0,0.0,29.42442917672452,197.0,0.0037325189979646,2.0,0.0432351441943805,,1.0,0.0311867653192048,930.0,201.0,201.0,5.0,5.953022978620077e-05,0.0010295469342138,-0.060493583791165,0.0010295469342138,-0.060493583791165,0.0010295469342138,-0.060493583791165,0.0311867653192048,,,
3644601,K03862.02,FALSE POSITIVE,842.7,29.33,119.686505,8.0,0.0012294525763701,16.343084577114425,4.313423015545048e-05,9.12184457874047,0.0002007017022817,0.0006072481195917,17.0,17.0,1800,pdcsap_flux,64739.0,0.0,29.42442917672452,179.0,0.0102107028134319,2.0,0.0636556017238449,,1.0,0.0103646951605678,2731.0,201.0,201.0,13.0,3.968862358399968e-05,0.0006072481195917,-0.1808740535868705,0.0006072481195917,-0.1808740535868705,0.0006072481195917,-0.1808740535868705,0.0103646951605678,,,
3654950,K01766.01,FALSE POSITIVE,63446.7,5.8962,4.067371428,214.0,0.0570117026089824,3.402782089552248,-0.0023977547333887,265.2086470239577,0.0039415054113902,0.0,11.0,11.0,1800,pdcsap_flux,41950.0,0.0,29.42458651028573,37.0,0.0604014175614157,1.0,0.3626460071513707,,0.0,0.0,10060.0,201.0,201.0,49.0,8.648636986895889e-05,0.0,,0.0,,0.0,,0.0,,,
3657176,K02903.01,FALSE POSITIVE,314.2,2.445,17.4166143,60.0,0.0003192561510857,0.5838805970149217,-5.143445031463578e-05,1.8065974005885972,7.245302877667559e-05,0.0,14.0,14.0,1800,pdcsap_flux,51784.0,0.0,29.42441032268107,15.0,0.0058492998837322,1.0,0.0354742777691951,,0.0,0.0,1174.0,201.0,201.0,6.0,3.682230253873948e-05,0.0001424272073856,0.0213303092446014,0.0001424272073856,0.0213303092446014,0.0,,0.0,,,
3662635,K08243.01,FALSE POSITIVE,100893.0,2.8424,0.939375593,1139.0,0.086245197114164,1.5838248756219004,0.0009781718652619,10.293908631768096,0.0004393303656792,0.0582162440853418,17.0,14.0,60|1800,pdcsap_flux,51817.0,0.0,29.424385758466087,17.0,0.1260766558295424,1.0,0.3780998514001196,primary_only,0.0,0.0,26121.0,201.0,201.0,129.0,0.0027194370880057,0.0582162440853418,0.4899974686418694,0.0582162440853418,0.4899974686418694,0.0582162440853418,0.4899974686418694,0.0,,,
3662838,K00302.01,CONFIRMED,776.2,9.182,24.85466504,42.0,0.0007395104815842,8.039960199005005,9.90474060236224e-06,21.268228557841105,6.722976481177145e-05,0.0,40.0,15.0,60|1800,pdcsap_flux,52275.0,0.0,29.42441391642205,57.0,0.0153928179163799,2.0,0.0996078431372549,,1.0,0.0083022477283596,3142.0,201.0,201.0,15.0,8.319028110560522e-06,2.520192838206814e-05,-0.194067097486488,2.520192838206814e-05,-0.194067097486488,0.0,,0.0083022477283596,,,
3662838,K00302.02,FALSE POSITIVE,,3.62,53.34418038,,4.68501824791856e-05,0.2881592039801006,1.2116704438569492e-05,0.901695308158961,8.85542925799232e-06,0.0,40.0,15.0,60|1800,pdcsap_flux,52275.0,0.0,29.42441391642205,23.0,0.0028275499268873,2.0,0.0611382113821138,,1.0,0.0447058823529411,582.0,200.0,179.0,3.0,1.3657187605118116e-05,4.521900147391733e-05,0.0821262464085707,4.521900147391733e-05,0.0821262464085707,0.0,,0.0447058823529411,,,
3663141,K07663.01,FALSE POSITIVE,66.5,5.321,2.31894284,317.0,6.391123950588717e-05,1.1647960199005016,-5.945385863959096e-06,1.7606950081790376,2.342623425466428e-06,0.0,11.0,11.0,1800,pdcsap_flux,35478.0,0.0,29.424363038269803,33.0,0.0956075024830423,1.0,0.5739331416652573,,0.0,0.0,13612.0,201.0,201.0,68.0,9.291827134049668e-06,0.0,,0.0,,0.0,,0.0,,,
3730176,K05002.01,FALSE POSITIVE,139.3,5.351,399.49671,,8.697131907953182e-05,0.106487562189053,-3.0989916840806764e-05,1.3852534474334537,0.0001066162309193,0.0,18.0,18.0,1800,pdcsap_flux,65211.0,0.0,29.424429260543548,33.0,0.0005580980462475,1.0,0.0034810078054315,,0.0,0.0,172.0,199.0,75.0,0.0,3.369059469652118e-05,0.0001015196238358,0.0395018493979746,0.0001776592107872,-0.0147731855995891,0.0,,0.0,,,
3732821,K01207.01,CONFIRMED,746.4,2.769,13.73474071,99.0,0.0006908019863084,1.1571940298507448,-8.268168415614952e-05,4.686108057659098,7.585893369588259e-05,0.0,17.0,17.0,1800,pdcsap_flux,64730.0,0.0,29.424415854737163,17.0,0.0084002313866761,1.0,0.0512745249497914,,0.0,0.0,2222.0,201.0,201.0,11.0,3.394270760176572e-05,0.0001020365359413,0.3978021205629062,0.0001020365359413,0.3978021205629062,0.0,,0.0,,,
3734868,K00805.01,FALSE POSITIVE,16917.7,7.7915,10.328035714,114.0,0.0166685211862924,6.357243781094564,-0.0002134854467155,128.4119371412441,0.0003447661549212,0.0001875861684548,24.0,15.0,60|1800,pdcsap_flux,59063.0,0.0,29.424330857000317,47.0,0.0314334537876611,1.0,0.1861740852987488,,0.0,0.0,7142.0,201.0,201.0,35.0,4.742206087773004e-05,0.0001875861684548,-0.4724932431298753,0.0001875861684548,-0.4724932431298753,0.0001875861684548,-0.4724932431298753,0.0,,,
3749365,K01176.01,CONFIRMED,30222.4,1.82542,1.97376085,662.0,0.0294090559906893,1.3804171144278632,-0.0003239500080685,212.34272729012463,0.0002648238956507,0.0,16.0,16.0,1800,pdcsap_flux,63170.0,0.0,29.424375946400687,11.0,0.0385351480989536,1.0,0.2310590470159886,,0.0,0.0,9735.0,201.0,201.0,48.0,3.426865509249379e-05,0.0,,0.0,,0.0,,0.0,,,
3751231,K07666.01,FALSE POSITIVE,76.1,0.998,0.570953851,2336.0,5.554482243053105e-05,0.2184676616915422,-6.753979374551911e-06,1.1994719803421556,1.957291927257021e-05,0.0,17.0,17.0,1800,pdcsap_flux,64761.0,0.0,29.42443228326738,7.0,0.0728313387509375,1.0,0.4370994888899183,,0.0,0.0,18885.0,201.0,201.0,94.0,1.707090610268753e-05,0.0,,0.0,,0.0,,0.0,,,
3831053,K00388.01,CONFIRMED,333.7,5.5694,6.14955931,221.0,0.0003208322248187,4.987522388059666,-1.063626570252385e-05,11.786527295079669,5.940240482171788e-06,0.0,18.0,17.0,60|1800,pdcsap_flux,64646.0,0.0,29.424412491498515,35.0,0.0377357663590585,1.0,0.2280264826903443,,0.0,0.0,9872.0,201.0,201.0,49.0,6.173010968436632e-06,2.085320547073888e-05,0.089647598709243,2.155750048071781e-05,0.4953070870691206,0.0,,0.0,,,
3831911,K05988.01,FALSE POSITIVE,18441.0,2.6,30.4838006,46.0,0.015294401105078,0.8796019900497574,-0.0020008206790639,14.48861141846828,0.0029486204539416,0.0083237057717133,17.0,17.0,1800,pdcsap_flux,64786.0,0.0,29.42441082559526,15.0,0.0035538000905744,1.0,0.0219337511190689,,0.0,0.0,962.0,201.0,196.0,5.0,0.0001941234546844,0.0083237057717133,0.1041578116884389,0.0083237057717133,0.1041578116884389,0.0083237057717133,0.1041578116884389,0.0,,,
3834364,K06362.01,FALSE POSITIVE,64325.0,2.6005,2.908454772,460.0,0.0574839197660854,1.4490348258706405,-0.0011191061134396,219.5432293867795,3.236008027462933e-05,0.000945346151133,17.0,17.0,1800,pdcsap_flux,64793.0,0.0,29.42441250197589,15.0,0.0372548913979352,1.0,0.2221690614726899,,0.0,0.0,9641.0,201.0,201.0,48.0,1.6676302022465405e-05,0.000945346151133,0.4986245369198877,0.000945346151133,0.4986245369198877,0.000945346151133,0.4986245369198877,0.0,,,
3836450,K05010.01,FALSE POSITIVE,57.6,1.63,1.540399732,864.0,5.673569015629543e-05,0.2919402985074609,-2.009608520225914e-05,3.265474464233113,7.226481195110601e-06,0.0,18.0,18.0,1800,pdcsap_flux,65258.0,0.0,29.424429768696427,9.0,0.0440902872519239,1.0,0.2634313034417236,,0.0,0.0,11473.0,201.0,201.0,57.0,4.5760495240298126e-06,1.5459108576476588e-05,0.288119275785198,1.5459108576476588e-05,0.288119275785198,0.0,,0.0,,,
3836453,K01903.01,FALSE POSITIVE,173.4,1.6305,1.540395781,864.0,0.0001690358553845,1.233014925373137,-5.283664809341282e-06,11.388573659940365,2.6336419775008224e-06,3.063812989012593e-05,18.0,18.0,1800,pdcsap_flux,65268.0,0.0,29.4244294334203,9.0,0.044103925002895,1.0,0.2636514065085493,,0.0,0.0,11465.0,201.0,201.0,56.0,3.901308841544515e-06,3.063812989012593e-05,0.4965592443561201,3.063812989012593e-05,0.4965592443561201,3.063812989012593e-05,0.4965592443561201,0.0,,,
3836509,K05011.01,FALSE POSITIVE,485.7,1.8325,1.540389045,810.0,0.0004780686513055,1.3128358208955295,1.7504734012296908e-05,11.496289187005369,6.152474203235947e-05,6.973126108900107e-05,17.0,17.0,1800,pdcsap_flux,61141.0,0.0,29.42440294136759,11.0,0.0495681054825124,1.0,0.2963314306275658,,0.0,0.0,12087.0,201.0,201.0,60.0,8.708362144192195e-06,6.973126108900107e-05,-0.4981084925554521,6.973126108900107e-05,-0.4981084925554521,6.973126108900107e-05,-0.4981084925554521,0.0,,,
3848665,K05014.01,FALSE POSITIVE,3658.0,14.04,359.04147,3.0,0.0027039309905756,0.8382089552238767,-0.0004039293201529,2.105715050910253,0.0004474742664487,0.0025089388091485,12.0,12.0,1800,pdcsap_flux,45216.0,0.0,29.424295144854117,85.0,0.0016293382488657,1.0,0.0112570771408351,,0.0,0.0,339.0,199.0,156.0,2.0,0.0004096738330187,0.0014829958065565,-0.302612839774162,0.0025248157804397,-0.2997614978386468,0.0025089388091485,-0.3333665992215037,0.0,,,
3848948,K05016.01,FALSE POSITIVE,8.1,1.99,0.523632451,2563.0,8.690941353584059e-06,0.7524378109452718,-2.860530412540641e-07,3.6301208954085857,1.1796714353140558e-06,0.0,19.0,18.0,60|1800,pdcsap_flux,65241.0,0.0,29.42444334214088,13.0,0.1583489841172327,1.0,0.4738737910209837,primary_only,0.0,0.0,41297.0,201.0,201.0,232.0,1.024731541639512e-07,0.0,,0.0,,0.0,,0.0,,,
3852655,K03002.01,CONFIRMED,88.0,2.97,11.62904159,118.0,7.314546545966749e-05,0.6501492537313478,-1.819574456585205e-05,1.7161456702501192,4.391499297540236e-08,0.0,18.0,18.0,1800,pdcsap_flux,65252.0,0.0,29.424446364864707,19.0,0.0106414616408642,1.0,0.064626371605468,,0.0,0.0,2815.0,201.0,201.0,14.0,1.034515870601702e-05,0.0,,0.0,,0.0,,0.0,,,
3857860,K04681.01,FALSE POSITIVE,59.2,2.808,8.2344072,256.0,4.465790493168864e-05,0.167641791044777,9.20266857085128e-06,1.3271608024306156,1.8034038753445003e-06,4.824803889924567e-05,15.0,15.0,1800,pdcsap_flux,52249.0,0.0,29.424457004643045,17.0,0.0142086730906385,1.0,0.0833125992841968,,0.0,0.0,2965.0,201.0,201.0,13.0,7.26037639268755e-06,4.824803889924567e-05,0.4946248297655652,4.824803889924567e-05,0.4946248297655652,4.824803889924567e-05,0.4946248297655652,0.0,,,
3858757,K06369.01,FALSE POSITIVE,528.9,6.001,25.9534494,33.0,0.0003763556683936,0.7165373134328308,6.023398171373096e-05,1.1137249997866558,0.0001302741252067,0.0,11.0,11.0,1800,pdcsap_flux,41968.0,0.0,29.424612494185567,37.0,0.0096342363904301,1.0,0.056805184902783,,0.0,0.0,1546.0,201.0,201.0,9.0,8.122540611939526e-05,0.0,,0.0,,0.0,,0.0,,,
3858879,K03276.01,FALSE POSITIVE,2340.2,20.585,25.951984,41.0,0.0021064925080037,11.879900497512365,-1.223456106957954e-05,26.54852200887029,8.460722372527485e-05,0.0010861237687772,14.0,14.0,1800,pdcsap_flux,51797.0,0.0,29.424421722069383,125.0,0.0330498174372076,1.0,0.2031970963569318,,0.0,0.0,7120.0,201.0,201.0,36.0,2.727548420822098e-05,0.0010861237687772,0.2312674392783197,0.0010861237687772,0.2312674392783197,0.0010861237687772,0.2312674392783197,0.0,,,
3858949,K00995.01,FALSE POSITIVE,1058.5,14.581,25.9518461,41.0,0.0009562452921447,8.124736318407969,-8.295992163354082e-05,15.526827342218176,0.0001186004949799,0.0003282847310851,14.0,14.0,1800,pdcsap_flux,51799.0,0.0,29.424421302974224,89.0,0.0234103448489033,1.0,0.1365470375875982,,0.0,0.0,4652.0,201.0,201.0,23.0,1.761256053893514e-05,0.0003282847310851,-0.2278083567645145,0.0003282847310851,-0.2278083567645145,0.0003282847310851,-0.2278083567645145,0.0,,,
3859363,K02887.01,FALSE POSITIVE,280.6,11.591,1.56859048,683.0,0.0001242160797119,3.690666666666687,2.7000904083251957e-05,1.7183847710870714,2.205371856689453e-06,,14.0,14.0,1800,pdcsap_flux,51714.0,0.0,29.42441619001329,,0.3078931942346949,1.0,1.0,none,0.0,0.0,51714.0,164.0,164.0,317.0,,,,,,,,0.0,blanking covers 1.23 of the orbit,,
3861595,K00004.01,CONFIRMED,1298.6,2.632,3.849371737,276.0,0.0012715073121634,1.9379900497512572,-5.4662570907582086e-05,61.07766651130727,7.712171032125958e-06,5.730099698886271e-05,25.0,15.0,60|1800,pdcsap_flux,52285.0,0.0,29.424435966066085,17.0,0.0284894975490559,1.0,0.1694367409390838,,0.0,0.0,5909.0,201.0,201.0,29.0,4.618653549268847e-06,5.730099698886271e-05,0.4960748334783161,5.730099698886271e-05,0.4960748334783161,5.730099698886271e-05,0.4960748334783161,0.0,,,
3941219,K05024.01,FALSE POSITIVE,196.3,5.069,282.159571,,0.0002076779908192,0.2017512437810928,1.0561686953680647e-05,2.4425922504233446,5.118187543551311e-05,0.0004787466266681,18.0,18.0,1800,pdcsap_flux,64620.0,0.0,29.42442053812556,31.0,0.000748542155011,1.0,0.0041782729805013,,0.0,0.0,168.0,198.0,123.0,1.0,2.6587925699149114e-05,0.0004787466266681,0.2527590439468549,0.0004787466266681,0.2527590439468549,0.0004787466266681,0.2527590439468549,0.0,,,
3945802,K03435.01,FALSE POSITIVE,322.2,4.359,24.2157996,44.0,0.0002807959647668,0.6939701492537287,1.779308428095927e-05,2.01300918570334,6.320748222965467e-05,0.0,14.0,14.0,1800,pdcsap_flux,54893.0,0.0,29.42454375734087,27.0,0.0075002685436825,1.0,0.042683037910116,,0.0,0.0,1555.0,201.0,201.0,8.0,3.791110773524109e-05,0.0001146345007048,0.0315997969156823,0.0001146345007048,0.0315997969156823,0.0,,0.0,,,
3954227,K03766.01,FALSE POSITIVE,220745.0,2.0188,0.594276199,1907.0,0.1700457809854161,1.165078606965174,-0.0087639500529488,26.567952714250648,0.0009900927720638,0.0118994889775698,14.0,14.0,1800,pdcsap_flux,54968.0,0.0,29.42454023170285,13.0,0.1415447342636495,1.0,0.4247744142046281,primary_only,0.0,0.0,31121.0,201.0,201.0,155.0,0.0019769566326617,0.0118994889775698,0.4998458892201576,0.0118994889775698,0.4998458892201576,0.0118994889775698,0.4998458892201576,0.0,,,
3955866,K03897.01,FALSE POSITIVE,655.3,39.098,16.8282542,,0.0007160206217921,34.235064676616794,-0.0001004731092464,5.173411784098215,0.0005796651412135,0.0,17.0,17.0,1800,pdcsap_flux,64793.0,0.0,29.424429763457734,239.0,0.096806437196161,1.0,0.5805874091337028,,0.0,0.0,25258.0,201.0,201.0,125.0,0.0001042139248892,0.0,,0.0,,0.0,,0.0,,,
3962872,K04539.01,FALSE POSITIVE,122.7,8.491,25.9554044,41.0,0.0001336817032627,1.182825870646778,-1.3088312507902876e-05,2.1947747165523954,3.996331446776136e-05,0.0,14.0,14.0,1800,pdcsap_flux,51768.0,0.0,29.42442137631588,51.0,0.0136307514694961,1.0,0.0841060114356359,,0.0,0.0,2979.0,201.0,201.0,15.0,1.9040197146986504e-05,5.890631964744486e-05,0.149172163246111,5.977012922364633e-05,-0.2222658142976582,0.0,,0.0,,,
3966262,K01811.01,FALSE POSITIVE,830.0,2.954,2.46353343,222.0,0.000684321612246,1.5284378109452843,9.140151411834996e-05,3.5219565334351435,0.001655990733397,0.0,14.0,14.0,1800,pdcsap_flux,51817.0,0.0,29.4244035333395,19.0,0.0499621120762844,1.0,0.300384043846614,,0.0,0.0,10312.0,201.0,201.0,51.0,1.6161575413081142e-05,0.0001969892793041,0.1058326144163069,0.0001969892793041,0.1058326144163069,0.0,,0.0,,,
3972391,K06374.01,FALSE POSITIVE,27.1,2.851,0.634131057,1683.0,6.54673050459742e-06,0.340417910447762,1.1956544307634154e-05,0.2425846037297264,4.906556415718022e-06,0.0,15.0,15.0,1800,pdcsap_flux,52286.0,0.0,29.424406299367547,17.0,0.1873298356157734,1.0,0.5616608652411735,primary_only,0.0,0.0,39182.0,201.0,201.0,195.0,6.836334945892841e-06,0.0,,0.0,,0.0,,0.0,,,
4035667,K02684.01,FALSE POSITIVE,215.7,1.682,2.8736467,468.0,0.000188864746209,1.0376517412935389,1.7428121239060346e-05,6.156877545397633,1.0233983904872623e-05,0.0,22.0,18.0,60|1800,pdcsap_flux,65261.0,0.0,29.42442406900227,11.0,0.0243882914811112,1.0,0.1475613306569007,,0.0,0.0,6389.0,201.0,201.0,32.0,1.0947027997153702e-05,4.392386683782501e-05,-0.4970164116609601,4.392386683782501e-05,-0.4970164116609601,0.0,,0.0,,,
4037164,K01184.01,FALSE POSITIVE,2547.4,1.8592,0.635445336,2107.0,0.0023345739587796,1.035972139303484,-2.9793818617451784e-05,19.011213336210965,8.41486485539944e-05,0.0013474504477227,17.0,17.0,1800,pdcsap_flux,64722.0,0.0,29.424409149214625,11.0,0.1219092536807393,1.0,0.7317913537900559,,0.0,0.0,31530.0,201.0,201.0,157.0,0.0001090513908999,0.0013474504477227,-0.4971213645812123,0.0013474504477227,-0.4971213645812123,0.0013474504477227,-0.4971213645812123,0.0,,,
4044005,K00969.01,FALSE POSITIVE,4511.7,1.8248,17.512014768,76.0,0.0040541178481017,1.1257472636815924,-2.34519305899461e-05,65.45304437198514,3.7944106763276864e-05,0.0,19.0,18.0,60|1800,pdcsap_flux,65267.0,0.0,29.42443185893353,11.0,0.0043417810195243,1.0,0.0256178466912834,,0.0,0.0,1114.0,201.0,197.0,6.0,9.64672955975242e-06,3.813894208970492e-05,0.2983467089953807,4.481342634721219e-05,-0.0099197433908601,0.0,,0.0,,,
4049108,K00495.01,FALSE POSITIVE,744.4,3.4587,4.804469031,282.0,0.0006637875509265,1.927235820895532,-5.062784795806241e-05,14.192119087134762,9.555242638348282e-06,5.537449514658732e-05,17.0,17.0,1800,pdcsap_flux,64714.0,0.0,29.424423230811957,21.0,0.0299955102364359,1.0,0.1802546589609667,,0.0,0.0,7825.0,201.0,201.0,39.0,1.378143260118446e-05,5.537449514658732e-05,-0.4975558834204871,5.537449514658732e-05,-0.4975558834204871,5.537449514658732e-05,-0.4975558834204871,0.0,,,
4049124,K05994.01,FALSE POSITIVE,132624.0,3.51946,4.804469712,282.0,0.1254241171738983,2.1011701492537416,-0.0030610824240576,1485.956770803352,4.861779315590287e-05,0.0043286583438268,17.0,17.0,1800,pdcsap_flux,64794.0,0.0,29.42442254978232,21.0,0.0305224458591959,1.0,0.1833503102139086,,0.0,0.0,7982.0,201.0,201.0,40.0,1.829830489099615e-05,0.0043286583438268,-0.4963650466062527,0.0043286583438268,-0.4963650466062527,0.0043286583438268,-0.4963650466062527,0.0,,,
4055092,K06379.01,FALSE POSITIVE,9662.2,5.1822,76.45315813,19.0,0.0083769871320816,2.88759402985076,0.0005692268045387,25.780340863752794,0.0003004896571665,0.0014966546578289,17.0,17.0,1800,pdcsap_flux,64775.0,0.0,29.424427751800977,31.0,0.0028242783592123,1.0,0.0179853338479351,,0.0,0.0,805.0,201.0,201.0,4.0,6.661096798090389e-05,0.0014966546578289,0.356502318332516,0.0014966546578289,0.356502318332516,0.0014966546578289,0.356502318332516,0.0,,,
4056579,K08091.01,FALSE POSITIVE,750.9,2.93,239.179477,5.0,0.0007820486402757,0.0583084577114427,2.286946833640613e-05,2.8411395622890616,5.8780805955893634e-05,0.0,17.0,17.0,1800,pdcsap_flux,64749.0,0.0,29.424428259953856,17.0,0.0005104256220667,1.0,0.0030734065390971,,0.0,0.0,127.0,198.0,88.0,0.0,9.601637670473244e-05,0.000328686338721,0.132364596400327,0.0004061988292224,-0.0063435663963356,0.0,,0.0,,,
4058169,K05034.01,FALSE POSITIVE,29233.2,10.3088,282.5363563,3.0,,,,,,0.0,18.0,18.0,1800,pdcsap_flux,65144.0,0.0,29.424446700140837,63.0,0.0015202763246413,1.0,0.0069845265872528,,0.0,0.0,212.0,201.0,126.0,1.0,2.646650089625626e-05,9.979112213764908e-05,0.1641722824148865,9.979112213764908e-05,0.1641722824148865,0.0,,0.0,,,
4067110,K04026.01,FALSE POSITIVE,275.4,5.053,0.735146413,1468.0,0.0002249479293823,2.5139303482586897,1.883506774902344e-05,6.6987582270122905,3.874301910400391e-06,,15.0,15.0,1800,pdcsap_flux,52277.0,0.0,29.42444032465573,,0.2863941970518281,1.0,1.0,none,0.0,0.0,52277.0,176.0,176.0,296.0,,,,,,,,0.0,blanking covers 1.15 of the orbit,,
4072333,K02731.01,FALSE POSITIVE,352.0,2.0715,2.007750531,528.0,0.0003018556869885,0.7832537313432877,1.997997729574763e-05,2.9518017874383538,3.5139043563559014e-05,0.0,14.0,14.0,1800,pdcsap_flux,51777.0,0.0,29.42438860831317,13.0,0.0429896536782437,1.0,0.2582227630028777,,0.0,0.0,8807.0,201.0,201.0,44.0,2.133951638972209e-05,0.0,,0.0,,0.0,,0.0,,,
4073089,K07682.01,FALSE POSITIVE,226471.0,17.487,58.873429,3.0,0.1468097977574949,10.091999999999974,0.0013597361752392,356.6331705100887,0.2153987340397706,0.0002436817831874,2.0,2.0,1800,pdcsap_flux,7901.0,0.0,29.423319999477823,107.0,0.0123761264185919,1.0,0.0670801164409568,,0.0,0.0,423.0,201.0,201.0,2.0,7.417671247745545e-05,0.0002436817831874,-0.3390986009410883,0.0002436817831874,-0.3390986009410883,0.0002436817831874,-0.3390986009410883,0.0,,,
4136466,K01344.01,CONFIRMED,112.0,2.874,4.48758768,300.0,9.658086361463702e-05,1.8874029850746128,-6.4172374667492704e-06,3.390686364477441,2.3246772407947706e-05,0.0,19.0,18.0,60|1800,pdcsap_flux,65205.0,0.0,29.42442641593516,17.0,0.0266847153836557,1.0,0.1626255655241162,,0.0,0.0,7011.0,201.0,201.0,35.0,6.689168261179112e-06,0.0,,0.0,,0.0,,0.0,,,
4138008,K04742.01,CONFIRMED,502.1,5.869,112.303136,12.0,0.0004836566162195,0.2335920398009969,-0.0001278149947985,3.217260016870042,2.422331776508191e-05,0.0,17.0,17.0,1800,pdcsap_flux,64712.0,0.0,29.424413004890084,35.0,0.0021775141405371,1.0,0.0128260600815922,,0.0,0.0,558.0,199.0,109.0,1.0,5.731665657407676e-05,0.0001946517896432,0.121492335477462,0.0001970546504183,0.4835040613417785,0.0,,0.0,,,
4138951,K02866.01,CONFIRMED,66.0,1.855,1.291233083,1032.0,5.851161626779788e-05,0.4429850746268677,-2.1783597193514304e-05,2.500327010281348,9.817423106128764e-06,0.0,17.0,17.0,1800,pdcsap_flux,64729.0,0.0,29.42441417835653,11.0,0.0598588029413638,1.0,0.3587727293794126,,0.0,0.0,15479.0,201.0,201.0,77.0,8.141339630909905e-06,0.0,,0.0,,0.0,,0.0,,,
4141376,K00280.01,CONFIRMED,332.7,2.5342,11.87290814,111.0,0.0003199884186386,2.168569154228861,3.57758758351423e-06,12.5530582526083,1.6341547853238048e-05,5.34923456373404e-05,55.0,18.0,60|1800,pdcsap_flux,64667.0,0.0,29.424451226368543,15.0,0.008893496472943,1.0,0.0533966319761238,,0.0,0.0,2268.0,201.0,201.0,11.0,1.140152347830522e-05,5.34923456373404e-05,0.4983056853473123,6.370641931763288e-05,-0.4633036207896651,5.34923456373404e-05,0.4983056853473123,0.0,,,
4144576,K02202.01,CONFIRMED,173.5,1.4122,0.813166357,1643.0,0.0001411554438658,0.7868975124378127,-5.362543404996423e-06,1.8508062902818456,4.1501804420196464e-05,0.0,17.0,17.0,1800,pdcsap_flux,64799.0,0.0,29.424417525879107,9.0,0.0723611671340538,1.0,0.4345283106220775,,0.0,0.0,18734.0,201.0,201.0,94.0,1.209407678714457e-05,0.0,,0.0,,0.0,,0.0,,,
4147171,K05042.01,FALSE POSITIVE,545.5,19.26,538.36855,,0.00039003585184,3.0662686567164323,-8.585993009935233e-05,1.0357992440731911,0.0004006598055241,0.0,17.0,17.0,1800,pdcsap_flux,64712.0,0.0,29.42442205734551,117.0,0.0014906145613446,1.0,0.0108171591049573,,0.0,0.0,446.0,200.0,196.0,2.0,0.0001003403323178,0.0003854075909391,0.0509705285712662,0.0004152589514005,-0.2449164618556261,0.0,,0.0,,,
4150390,K01768.01,FALSE POSITIVE,39873.6,6.094,55.25178622,19.0,,,,,,0.0017760311628788,14.0,14.0,1800,pdcsap_flux,54788.0,0.0,29.42454208619893,37.0,0.0045956281966274,1.0,0.0231620062787471,,0.0,0.0,784.0,201.0,170.0,4.0,6.554783193533117e-05,0.0017760311628788,-0.3512137831382337,0.0017760311628788,-0.3512137831382337,0.0017760311628788,-0.3512137831382337,0.0,,,
4150539,K01330.01,FALSE POSITIVE,1048.1,4.486,8.65306587,158.0,0.0008750960314721,1.785472636815904,-6.431736738310434e-06,7.984632282000299,4.526366469148613e-05,0.0005519262682579,17.0,17.0,1800,pdcsap_flux,64762.0,0.0,29.42442507483065,27.0,0.0216012069565658,2.0,0.1574688860751675,,1.0,0.0312220129088045,5653.0,201.0,201.0,28.0,3.605902871592249e-05,0.0005519262682579,0.2722658998766065,0.0005519262682579,0.2722658998766065,0.0005519262682579,0.2722658998766065,0.0312220129088045,,,
4150539,K01330.02,FALSE POSITIVE,1025.9,24.312,94.219289,15.0,0.0008323406666788,22.739582089552087,-6.686171018310816e-05,4.819120313445561,1.535783290662618e-05,0.0,17.0,17.0,1800,pdcsap_flux,64762.0,0.0,29.42442507483065,149.0,0.010751513949548,2.0,0.1262159908588369,,1.0,0.0654704919551588,2736.0,200.0,200.0,14.0,6.889419607343552e-05,0.0,,0.0,,0.0,,0.0654704919551588,,,
4150611,K03156.01,FALSE POSITIVE,1112.0,1.43,0.761119678,1504.0,0.0008358157263793,0.199203980099502,-4.084000917392583e-05,1.0354526717260222,0.0002736107312009,0.0,48.0,18.0,60|1800,pdcsap_flux,65263.0,0.0,29.42443923500832,9.0,0.0782837903887873,4.0,0.4695156520539969,secondary_only,3.0,0.5571763480072935,20359.0,201.0,201.0,66.0,0.0002143858506277,0.0,,0.0,,0.0,,0.5571763480072935,,,
4150611,K03156.02,FALSE POSITIVE,3097.3,5.968,1.434200327,838.0,0.0023848944401705,2.850388059701501,9.472721601411216e-05,2.7701554697297586,6.469188067914633e-05,0.0,48.0,18.0,60|1800,pdcsap_flux,65263.0,0.0,29.42443923500832,37.0,0.173383496004925,4.0,0.520218194076276,primary_only,3.0,0.2922329650797542,45238.0,201.0,201.0,225.0,0.000395887354086,0.0,,0.0,,0.0,,0.2922329650797542,,,
4150611,K03156.03,FALSE POSITIVE,60715.0,3.9071,8.653098686,158.0,0.053840620692991,2.1770905472636817,-0.0008716429931612,52.239702966193526,0.0001881695192551,0.0297541617391071,48.0,18.0,60|1800,pdcsap_flux,65263.0,0.0,29.42443923500832,23.0,0.0188135879689808,4.0,0.6823927799825322,,3.0,0.6399338062914668,4998.0,201.0,201.0,25.0,0.0005487418791547,0.0297541617391071,-0.2718627511791304,0.0297541617391071,-0.2718627511791304,0.0297541617391071,-0.2718627511791304,0.6399338062914668,,,
4150611,K03156.04,FALSE POSITIVE,55654.0,14.48,94.212787,15.0,0.0469224350855381,20.459303482587146,-0.0034758004630891,14.145069763756156,0.0004874974625194,0.0073088770664494,48.0,18.0,60|1800,pdcsap_flux,65263.0,0.0,29.42443923500832,89.0,0.0064039431646718,4.0,0.6687096823621348,,3.0,0.6555322311263656,1589.0,201.0,201.0,8.0,0.0007806536205216,0.0055527085236398,0.1180049082123779,0.0124607745614857,0.3621552413654842,0.0073088770664494,-0.1781774631536895,0.6555322311263656,,,
4157488,K06390.01,FALSE POSITIVE,91307.3,6.78534,5.197420145,519.0,0.0810829776540372,3.7808859701492583,-0.002483390999158,447.90058099678953,7.809908289202472e-05,0.0003368136088789,17.0,17.0,1800,pdcsap_flux,64796.0,0.0,29.424428584752604,41.0,0.0543966991531334,1.0,0.3265479350577196,,0.0,0.0,14161.0,201.0,201.0,70.0,3.077013891573942e-05,0.0003368136088789,0.4966789370203774,0.0003368136088789,0.4966789370203774,0.0003368136088789,0.4966789370203774,0.0,,,
4165473,K00550.01,CONFIRMED,607.0,3.9734,13.02363236,78.0,0.0005900073912789,3.55826865671642,-1.6296878877497534e-05,7.935643569292007,3.874920237134649e-05,0.0,14.0,14.0,1800,pdcsap_flux,51808.0,0.0,29.4244225602597,25.0,0.0127121473300965,1.0,0.0754902717726992,,0.0,0.0,2495.0,201.0,201.0,13.0,1.947146095340384e-05,6.955498287208872e-05,0.1721618067718946,6.955498287208872e-05,0.1721618067718946,0.0,,0.0,,,
4173026,K02172.01,CONFIRMED,821.5,3.743,10.44087398,103.0,0.0006791557338713,2.2346268656716344,3.164013712275704e-05,4.546681283019834,6.977599357238518e-05,0.0,14.0,14.0,1800,pdcsap_flux,51817.0,0.0,29.424389697960574,23.0,0.0149372872071896,2.0,0.0974197657139548,,1.0,0.0060983847000019,3096.0,201.0,201.0,15.0,4.062668492909983e-05,0.0,,0.0,,0.0,,0.0060983847000019,,,
4173026,K02172.02,CONFIRMED,819.0,5.8,116.583183,9.0,0.0011567298693679,0.8079601990049725,0.0004741003065626,3.285533756234436,0.0003494072418266,0.0005047211844575,14.0,14.0,1800,pdcsap_flux,51817.0,0.0,29.424389697960574,35.0,0.0020729118938763,2.0,0.0577416677924233,,1.0,0.0448887430765964,416.0,201.0,187.0,2.0,9.170770727305102e-05,0.0004555573049267,-0.4106024178179723,0.0005047211844575,0.1576345550909046,0.0005047211844575,0.1576345550909046,0.0448887430765964,,,
4242692,K03928.01,CONFIRMED,66.2,2.1482,1.138548215,1178.0,5.988879442764272e-05,1.4962587064676656,-1.1939101932978424e-05,4.5163623174277,1.2385599543196513e-05,0.0,18.0,18.0,1800,pdcsap_flux,65249.0,0.0,29.424426080659032,13.0,0.07861619925629,1.0,0.4716547380036475,,0.0,0.0,20509.0,201.0,201.0,102.0,3.173749519364044e-06,0.0,,0.0,,0.0,,0.0,,,
4242806,K05049.01,FALSE POSITIVE,431.0,7.46,343.49816,,0.0001930691915938,0.5938308457711436,-9.37256297044442e-05,0.738594060501838,0.0001464780419873,0.000518954032914,17.0,17.0,1800,pdcsap_flux,64790.0,0.0,29.424410647479817,45.0,0.0009049053809584,1.0,0.0054329371816638,,0.0,0.0,222.0,200.0,172.0,1.0,7.337750988962707e-05,0.000518954032914,-0.3040736608831378,0.000518954032914,-0.3040736608831378,0.000518954032914,-0.3040736608831378,0.0,,,
4247023,K03559.01,FALSE POSITIVE,370871.0,11.555,47.189437,,0.2871104739667334,5.748756218905447,0.0172566436319662,259.58204707462613,0.0223208212322687,0.1354942586424162,2.0,2.0,1800,pdcsap_flux,8204.0,0.0,29.423380186781287,71.0,0.0102026716981881,1.0,0.068381277425646,,0.0,0.0,370.0,200.0,196.0,2.0,0.0005440678160106,0.1354942586424162,-0.2894372660078438,0.1354942586424162,-0.2894372660078438,0.1354942586424162,-0.2894372660078438,0.0,,,
4247807,K03748.01,FALSE POSITIVE,7765.3,8.0122,2.050435466,554.0,0.0079453275156938,4.4645094527363085,-0.0001627354526377,92.16450990908572,0.0016261258596002,0.0,14.0,14.0,1800,pdcsap_flux,54962.0,0.0,29.42454644478857,49.0,0.1628150079348396,2.0,0.4844619919216913,primary_only,1.0,0.0989410865689021,35601.0,201.0,201.0,177.0,1.773457971383374e-06,1.7291212351500107e-05,0.3344524654786724,1.7291212351500107e-05,0.3344524654786724,0.0,,0.0989410865689021,,,
4247807,K03748.02,FALSE POSITIVE,145.8,1.621,2.02487934,,0.0001687084259551,0.1935522388059705,-6.551448762193157e-05,0.7194529452934759,4.137497485501296e-05,0.0,14.0,14.0,1800,pdcsap_flux,54962.0,0.0,29.42454644478857,9.0,0.0333558969823192,2.0,0.5872057057603435,,1.0,0.4844619919216913,7248.0,201.0,201.0,37.0,1.7573902741432323e-05,0.0,,0.0,,0.0,,0.4844619919216913,,,
4255422,K03528.01,FALSE POSITIVE,66402.0,13.6363,165.40574995,8.0,,,,,,0.0,18.0,18.0,1800,pdcsap_flux,64749.0,0.0,29.4244363065809,83.0,0.0034350629699295,1.0,0.0153979212034162,,0.0,0.0,533.0,201.0,160.0,3.0,1.4907289567519632e-05,6.303573531907247e-05,0.1290556894122685,9.547013366817404e-05,-0.0452737563116561,0.0,,0.0,,,
4261960,K06397.01,FALSE POSITIVE,3348.7,16.467,1.461270059,781.0,0.0018337368965148,7.864835820895551,9.6052885055542e-05,1.1839956758699903,4.667043685913086e-05,,14.0,14.0,1800,pdcsap_flux,54957.0,0.0,29.424540147883818,,0.4695401755302781,1.0,1.0,none,0.0,0.0,54957.0,108.0,108.0,514.0,,,,,,,,0.0,blanking covers 1.88 of the orbit,,
4270253,K00551.01,CONFIRMED,604.3,3.3372,11.6370303,93.0,0.0005517997118953,1.195414925373127,-4.94296282838036e-05,4.986407618358324,4.102865683897061e-05,0.0,16.0,14.0,60|1800,pdcsap_flux,51756.0,0.0,29.424425242468715,21.0,0.0119489248042947,2.0,0.1173004096143442,,1.0,0.0492696498956642,2483.0,201.0,201.0,13.0,2.569375179641651e-05,8.578752009402724e-05,0.3290177201114677,8.578752009402724e-05,0.3290177201114677,0.0,,0.0492696498956642,,,
4270253,K00551.02,CONFIRMED,476.4,2.2682,5.68798675,180.0,0.0004417702206485,1.850670646766171,4.569386580455248e-05,6.28951394869762,5.232553919320981e-05,0.0,16.0,14.0,60|1800,pdcsap_flux,51756.0,0.0,29.424425242468715,13.0,0.0166154278283671,2.0,0.1314436973490996,,1.0,0.0359765051395007,3419.0,201.0,201.0,17.0,2.2762629935927456e-05,0.0,,0.0,,0.0,,0.0359765051395007,,,
4281023,K05055.01,FALSE POSITIVE,568.1,3.134,230.385488,,0.0004950007096583,0.0,1.8063893212239e-05,2.356885725672042,0.0002011486952845,0.0,14.0,14.0,1800,pdcsap_flux,51794.0,0.0,29.42437428049743,19.0,0.0005668036405718,1.0,0.0029733173726686,,0.0,0.0,102.0,198.0,93.0,0.0,7.990866830157611e-05,0.000262510058528,0.2067432065408696,0.0004819350094393,-0.057670691785922,0.0,,0.0,,,
4281700,K05056.01,FALSE POSITIVE,,2.43,222.84909312,,0.0004244858882818,0.0967164179104485,0.000112256713086,2.1250991903107463,0.0002125408836801,0.0,14.0,14.0,1800,pdcsap_flux,51780.0,0.0,29.424371598288417,15.0,0.0004543433342377,1.0,0.003051371185786,,0.0,0.0,96.0,196.0,59.0,0.0,0.0001296616379396,0.000408815653632,0.0397240930488164,0.0009149688099341,0.0609646439244339,0.0,,0.0,,,
4284980,K07690.01,FALSE POSITIVE,101.1,3.63,2.2430415,469.0,0.0001138714525746,0.2167164179104466,-3.9834975960939545e-05,1.3815993517760865,2.3176892683829383e-05,0.0,13.0,13.0,1800,pdcsap_flux,50150.0,0.0,29.424257604405284,23.0,0.0674307630955557,1.0,0.405643070787637,,0.0,0.0,13734.0,201.0,201.0,68.0,1.966546056391993e-05,0.0,,0.0,,0.0,,0.0,,,
4346875,K06113.01,FALSE POSITIVE,175471.0,4.53365,4.694218481,289.0,0.1574512643513755,2.5262129353233918,-0.0044905371373665,799.506177806793,0.00072463945232,0.0050041007189086,17.0,17.0,1800,pdcsap_flux,64793.0,0.0,29.424411496147517,27.0,0.0402414340316541,1.0,0.2402883027487537,,0.0,0.0,10553.0,201.0,201.0,52.0,4.672783615979383e-05,0.0050041007189086,0.4892280186613644,0.0050041007189086,0.4892280186613644,0.0050041007189086,0.4892280186613644,0.0,,,
4349935,K06403.01,FALSE POSITIVE,176.6,3.2604,0.792023257,1703.0,0.000184139444294,2.076274626865682,2.7736960546698164e-05,6.325838115819342,1.538347699092668e-05,0.0,17.0,17.0,1800,pdcsap_flux,64737.0,0.0,29.424413418746557,19.0,0.1715227410298129,1.0,0.5146824845142655,primary_only,0.0,0.0,44414.0,201.0,201.0,221.0,3.2343742282854965e-05,0.0,,0.0,,0.0,,0.0,,,
4352168,K06404.01,FALSE POSITIVE,436506.0,6.29783,10.643743766,0.0,,,,,,,,,,,,,,,,,,,,,,,,,,,,,,,,,,koi_num_transits is 0,precheck
4356621,K06405.01,FALSE POSITIVE,60.6,2.924,1.7317958,772.0,6.417409608094893e-05,0.2909452736318401,3.2318473659476155e-06,1.7907016383178125,1.1665115440595564e-05,0.0,17.0,17.0,1800,pdcsap_flux,64716.0,0.0,29.42442406900227,17.0,0.0703508654619287,1.0,0.4221367204400766,,0.0,0.0,18122.0,201.0,201.0,91.0,1.2973701036329375e-05,0.0,,0.0,,0.0,,0.0,,,
4356766,K03669.01,FALSE POSITIVE,44612.0,5.6803,1.731803197,656.0,0.065669307327945,3.0521014925373127,-0.0018319571480827,29.2183410244698,0.0008210334811976,0.0052258644970708,14.0,14.0,1800,pdcsap_flux,54966.0,0.0,29.424541069893166,35.0,0.1366663181339921,1.0,0.4090892551759269,primary_only,0.0,0.0,30009.0,201.0,201.0,150.0,0.0005763128921023,0.0052258644970708,0.4996117664788657,0.0052258644970708,0.4996117664788657,0.0052258644970708,0.4996117664788657,0.0,,,
4357985,K06406.01,FALSE POSITIVE,313.8,1.549,8.65298599,157.0,0.0003560144133567,0.1233034825870658,-3.451866592063535e-05,2.361430407028205,6.50714559549126e-05,0.0,17.0,17.0,1800,pdcsap_flux,64728.0,0.0,29.424425064353272,9.0,0.0074588895372366,1.0,0.0447719688542825,,0.0,0.0,1961.0,201.0,201.0,10.0,3.811380859867297e-05,0.0,,0.0,,0.0,,0.0,,,
4370527,K02166.01,CONFIRMED,1350.7,3.816,61.6174528,14.0,0.0012149293703279,0.6075223880596998,-0.0001825715954416,2.802099696173222,9.417503345188204e-05,0.0,14.0,14.0,1800,pdcsap_flux,51808.0,0.0,29.42442926578224,23.0,0.0025804377294869,1.0,0.0156732550957381,,0.0,0.0,469.0,201.0,157.0,3.0,9.98300004026169e-05,0.0003020387160843,-0.0983824867127271,0.0003789662718794,-0.0558052641761949,0.0,,0.0,,,
4371172,K08093.01,FALSE POSITIVE,225.6,5.692,73.992267,16.0,0.0002117240029537,0.6796417910447659,-0.0001379849700333,0.6309647035652207,0.0002231356494404,0.0003800283257852,14.0,14.0,1800,pdcsap_flux,51813.0,0.0,29.42442540486809,35.0,0.0032052899077503,1.0,0.0191264740509138,,0.0,0.0,723.0,201.0,201.0,4.0,6.079492046113773e-05,0.0003800283257852,-0.4979479209906496,0.0003800283257852,-0.4979479209906496,0.0003800283257852,-0.4979479209906496,0.0,,,
4372961,K06410.01,FALSE POSITIVE,328.2,20.143,2.53470797,426.0,0.0002438426017761,10.021393034825897,-3.600120544433594e-05,3.551276315339448,9.834766387939451e-06,,14.0,14.0,1800,pdcsap_flux,51783.0,0.0,29.424420291907158,,0.3311196700370444,1.0,1.0,none,0.0,0.0,51783.0,152.0,152.0,341.0,,,,,,,,0.0,blanking covers 1.32 of the orbit,,
4374610,K04712.01,FALSE POSITIVE,75.4,2.704,1.44438449,368.0,6.947610167395979e-05,0.5919203980099539,1.0181819702248518e-05,1.808930307019677,3.629692011808405e-05,0.0,14.0,14.0,1800,pdcsap_flux,51785.0,0.0,29.424410490319133,17.0,0.0780032376743859,1.0,0.4675871391329536,,0.0,0.0,16196.0,201.0,201.0,81.0,6.376101285335056e-06,0.0,,0.0,,0.0,,0.0,,,
4380560,K07548.01,FALSE POSITIVE,149.0,5.55,0.705816203,1232.0,0.0003148913383483,3.534328358208951,7.033348083496094e-06,2.633654606293313,4.684925079345703e-05,,11.0,11.0,1800,pdcsap_flux,41799.0,0.0,29.42452909424901,,0.32763487012213,1.0,1.0,none,0.0,0.0,41799.0,154.0,154.0,272.0,,,,,,,,0.0,blanking covers 1.31 of the orbit,,
4391348,K02514.01,FALSE POSITIVE,139.1,2.381,1.96433113,582.0,0.0001350822572504,0.4738308457711417,-2.497484605601397e-05,2.0942656609809487,9.201732918295846e-06,0.0,14.0,14.0,1800,pdcsap_flux,54909.0,0.0,29.424529680982232,15.0,0.050504892896206,1.0,0.302627984483418,,0.0,0.0,11194.0,201.0,201.0,56.0,2.0397570796819903e-05,0.0,,0.0,,0.0,,0.0,,,
4454219,K06416.01,FALSE POSITIVE,99376.0,2.235,1.22578134,21.0,0.0789492625788149,0.1779104477611939,-0.0113676037218066,79.02035803360332,0.0061548614782285,0.0,1.0,1.0,1800,pdcsap_flux,1284.0,0.0,29.4256807572674,13.0,0.0759719510822378,1.0,0.4478193146417445,,0.0,0.0,380.0,200.0,92.0,0.0,0.0003079279977341,0.0,,0.0,,0.0,,0.0,,,
4454934,K02245.01,CONFIRMED,370.7,4.749,33.4698571,43.0,0.0003288880040174,0.9450746268656652,1.0610206850669712e-05,3.2771338911948367,7.941561875202119e-05,0.0,17.0,17.0,1800,pdcsap_flux,64738.0,0.0,29.42442204686813,29.0,0.0059120359973093,1.0,0.0360839074423059,,0.0,0.0,1628.0,201.0,200.0,9.0,2.7258315334619265e-05,0.0,,0.0,,0.0,,0.0,,,
4469825,K05064.01,FALSE POSITIVE,265.6,11.18,253.87706,,0.0002000124069745,2.0023880597014987,1.4134895617523568e-05,1.4262222151359132,0.0001155860489697,0.0001343744479067,15.0,15.0,1800,pdcsap_flux,52276.0,0.0,29.424454914405946,69.0,0.0018348776109717,1.0,0.0100619787282883,,0.0,0.0,451.0,200.0,189.0,2.0,4.239968414527119e-05,0.0001343744479067,0.4926710263515358,0.0001418652066891,-0.4690342014990565,0.0001343744479067,0.4926710263515358,0.0,,,
4474637,K03829.01,FALSE POSITIVE,372425.0,16.1723,3.886730304,0.0,,,,,,,,,,,,,,,,,,,,,,,,,,,,,,,,,,koi_num_transits is 0,precheck
4483138,K02910.01,CONFIRMED,468.3,3.736,15.3626052,58.0,0.0004240256945783,2.304796019900502,8.14870591847594e-05,2.8908608588910094,0.0001677780463706,0.0,11.0,11.0,1800,pdcsap_flux,41978.0,0.0,29.42450703936629,23.0,0.0101328299881498,1.0,0.0595788270046214,,0.0,0.0,1733.0,201.0,201.0,8.0,4.575584260764218e-05,0.0001399951227245,0.0915530110520453,0.0001399951227245,0.0915530110520453,0.0,,0.0,,,
4484312,K06419.01,FALSE POSITIVE,39.4,2.532,2.24294107,483.0,3.288292944592097e-05,0.3527164179104476,-7.90898248237415e-06,1.5997341275256287,1.4059879626326932e-05,0.0,14.0,14.0,1800,pdcsap_flux,51763.0,0.0,29.42436112090945,15.0,0.0470364564682923,1.0,0.2828081834515001,,0.0,0.0,9895.0,201.0,201.0,49.0,5.3420630483243855e-06,1.6739537713861274e-05,-0.4470816016359518,1.6739537713861274e-05,-0.4470816016359518,0.0,,0.0,,,
4544620,K03915.01,FALSE POSITIVE,1027.1,5.2094,2.189090653,599.0,0.0009236381917138,2.902750248756228,1.7233146413664358e-05,13.464983713344491,5.021564001450596e-05,0.0005293549630085,16.0,16.0,1800,pdcsap_flux,63123.0,0.0,29.42436153476592,31.0,0.0991545658631677,1.0,0.5941574386515216,,0.0,0.0,25070.0,201.0,201.0,125.0,4.367032523115872e-05,0.0005293549630085,-0.3512662774640613,0.0005293549630085,-0.3512662774640613,0.0005293549630085,-0.3512662774640613,0.0,,,
4545570,K04506.01,CONFIRMED,210.0,2.885,5.60473115,241.0,0.0001677353049437,0.803781094527368,-3.392996924567182e-05,1.4135542917961006,3.228464889193372e-05,0.0,17.0,17.0,1800,pdcsap_flux,64740.0,0.0,29.42441416787915,17.0,0.0214476537975123,1.0,0.1284522706209453,,0.0,0.0,5607.0,201.0,201.0,28.0,2.9741971285936075e-05,0.0,,0.0,,0.0,,0.0,,,
4545926,K04787.01,FALSE POSITIVE,37.0,2.115,2.4826619,541.0,2.9509292238771856e-05,0.2525373134328337,-9.355809798328174e-06,1.5173857766983392,8.442724109936073e-06,0.0,18.0,18.0,1800,pdcsap_flux,65217.0,0.0,29.42442975821905,13.0,0.0354961744891642,1.0,0.214223285339712,,0.0,0.0,9325.0,201.0,201.0,44.0,5.913889613310053e-06,0.0,,0.0,,0.0,,0.0,,,
4556468,K04491.01,CONFIRMED,239.8,14.077,114.336052,12.0,0.0001870923644017,2.8013930348258853,-2.2408906432347383e-05,1.423830398812978,5.947684612161997e-05,0.0,17.0,17.0,1800,pdcsap_flux,64732.0,0.0,29.42442725412548,87.0,0.0051299800579669,1.0,0.0304177223011802,,0.0,0.0,1430.0,201.0,201.0,7.0,3.47631181309626e-05,0.0,,0.0,,0.0,,0.0,,,
4563268,K00627.01,CONFIRMED,407.3,3.5413,7.75192755,175.0,0.000388632827698,3.171313432835836,-2.482090266719972e-05,10.247609281854102,5.63011579257644e-06,0.0,18.0,17.0,60|1800,pdcsap_flux,64737.0,0.0,29.424432618543506,21.0,0.0190345131214063,2.0,0.2008434125770425,,1.0,0.0989851244265258,4932.0,201.0,201.0,25.0,7.772728885831648e-06,0.0,,0.0,,0.0,,0.0989851244265258,,,
4563268,K00627.02,CONFIRMED,120.0,3.2935,4.16536757,311.0,0.0001143902460827,1.3108457711442862,1.8712556193456464e-07,4.314639423719096,1.3283823384613314e-05,0.0,18.0,17.0,60|1800,pdcsap_flux,64737.0,0.0,29.424432618543506,21.0,0.0329452717822611,2.0,0.2424270509909325,,1.0,0.0571543321439053,8557.0,201.0,201.0,42.0,5.910849073565538e-06,0.0,,0.0,,0.0,,0.0571543321439053,,,
4570555,K05072.01,FALSE POSITIVE,395.1,1.9278,4.750256809,225.0,0.0003789700539077,1.5729313432835792,9.991981309021014e-06,8.898281266854317,1.1345359316461412e-05,0.0,23.0,15.0,60|1800,pdcsap_flux,52276.0,0.0,29.42443378153257,11.0,0.0169096120967214,1.0,0.1017675415104445,,0.0,0.0,3519.0,201.0,201.0,17.0,1.0567129495662009e-05,0.0,,0.0,,0.0,,0.0,,,
4639868,K01326.01,FALSE POSITIVE,19981.1,2.2868,53.100942624,27.0,,,,,,0.0,18.0,18.0,1800,pdcsap_flux,65145.0,0.0,29.424430271610618,13.0,0.0017943812035131,1.0,0.0096093330263258,,0.0,0.0,410.0,201.0,157.0,2.0,1.8200553268453345e-05,5.546915721454937e-05,0.0771298860757406,6.482806413843356e-05,0.2417643614980575,0.0,,0.0,,,
4645833,K04783.01,FALSE POSITIVE,172.8,2.255,0.743495989,1800.0,0.000141914935079,0.8975124378109456,-1.1065211690031164e-05,2.67873755770472,1.159106491321893e-05,0.0,17.0,17.0,1800,pdcsap_flux,64734.0,0.0,29.42442356608808,13.0,0.1263736922908044,1.0,0.3791979485278215,primary_only,0.0,0.0,32720.0,201.0,201.0,163.0,4.472673492505209e-05,0.0,,0.0,,0.0,,0.0,,,
4647662,K04806.01,FALSE POSITIVE,42.4,3.287,1.06484622,1258.0,4.0554016980220986e-05,0.5233034825870676,-4.7566667215059866e-06,1.580752234274425,1.9363624821355785e-06,0.0,17.0,17.0,1800,pdcsap_flux,64721.0,0.0,29.424425656325184,21.0,0.1286179457286643,1.0,0.3862270360470326,primary_only,0.0,0.0,33326.0,201.0,201.0,167.0,5.683440435808085e-06,1.9107257843598013e-05,-0.4839079289366183,1.9107257843598013e-05,-0.4839079289366183,0.0,,0.0,,,
4647949,K05074.01,FALSE POSITIVE,,5.3,45.41810604,,0.0001711334844975,0.3164179104477593,4.6264676443530384e-05,0.577663687690422,0.0001859588328443,0.0,2.0,2.0,1800,pdcsap_flux,8633.0,0.0,29.4234599720221,33.0,0.0048622312242356,1.0,0.0294219854048418,,0.0,0.0,171.0,200.0,163.0,1.0,6.597235455378034e-05,0.0002532176411669,0.4877072948809309,0.0002532176411669,0.4877072948809309,0.0,,0.0,,,
4659255,K03580.01,FALSE POSITIVE,142501.0,9.72673,198.01379181,7.0,,,,,,0.0114490279667875,13.0,13.0,1800,pdcsap_flux,50044.0,0.0,29.424335723742843,59.0,0.0020467282251508,1.0,0.0102709615538326,,0.0,0.0,408.0,201.0,163.0,2.0,0.0001014649035765,0.0114490279667875,0.4604376009315463,0.0114490279667875,0.4604376009315463,0.0114490279667875,0.4604376009315463,0.0,,,
4666008,K03872.01,FALSE POSITIVE,631.7,5.1297,2.248063246,475.0,0.0005725170084505,3.062507462686561,-1.607120609758983e-05,18.444779818601223,1.7581962896695558e-05,0.0003687971883757,14.0,14.0,1800,pdcsap_flux,51751.0,0.0,29.42439330217894,31.0,0.0950762841660727,1.0,0.5696508280033236,,0.0,0.0,19709.0,201.0,201.0,95.0,3.6733555177652354e-05,0.0003687971883757,-0.488956455245625,0.0003687971883757,-0.488956455245625,0.0003687971883757,-0.488956455245625,0.0,,,
4669402,K04128.01,FALSE POSITIVE,618.1,10.424,143.196381,8.0,0.0005261394308828,6.015840796019919,-1.0264603612308854e-05,5.10417136574822,1.4291644958475125e-05,0.0001899766378448,14.0,14.0,1800,pdcsap_flux,51801.0,0.0,29.424377879477102,63.0,0.0030331306580529,1.0,0.0188606397559892,,0.0,0.0,681.0,201.0,201.0,3.0,3.641799787934352e-05,0.0001899766378448,0.4990046208907994,0.0001899766378448,0.4990046208907994,0.0001899766378448,0.4990046208907994,0.0,,,
4673628,K04056.01,CONFIRMED,405.7,1.0582,3.951383138,268.0,0.0003651564877954,0.6528199004975133,-8.071179699464803e-05,4.84764666416497,4.857513293821114e-07,0.0,14.0,14.0,1800,pdcsap_flux,51763.0,0.0,29.424363127327524,7.0,0.0111585399660797,1.0,0.0670363000598883,,0.0,0.0,2305.0,201.0,201.0,11.0,1.958107684549661e-05,0.0,,0.0,,0.0,,0.0,,,
4677282,K02766.01,FALSE POSITIVE,219.5,7.219,1.572181216,858.0,0.0001726197622015,3.160557213930339,-1.581107315085095e-05,6.507313304534589,4.668922127137876e-06,0.0,17.0,17.0,1800,pdcsap_flux,64767.0,0.0,29.424448287463747,45.0,0.1913212443995175,1.0,0.5752929732734263,primary_only,0.0,0.0,49627.0,201.0,201.0,247.0,2.380068034676797e-05,0.0,,0.0,,0.0,,0.0,,,
4740375,K05080.01,FALSE POSITIVE,,5.03,471.95076253,,0.0001730412936586,0.2001990049751262,-0.0001201692107053,0.517854783222484,5.689999492353159e-06,0.0016528697711117,17.0,17.0,1800,pdcsap_flux,64788.0,0.0,29.42442423664033,31.0,0.0004440788107001,1.0,0.003241340989072,,0.0,0.0,161.0,201.0,111.0,1.0,0.0001196841819709,0.0014588116360767,0.0078117010263916,0.0016528697711117,0.0196352993612794,0.0016528697711117,0.0196352993612794,0.0,,,
4743513,K00024.01,FALSE POSITIVE,3657.8,2.2647,2.086075752,641.0,0.0039785198738006,1.4421970149253696,1.3916063136831802e-05,141.42701458584986,2.265913237142758e-05,0.0001201838396973,21.0,18.0,60|1800,pdcsap_flux,65260.0,0.0,29.42444083280861,13.0,0.045234455129221,1.0,0.271345387680049,,0.0,0.0,11776.0,201.0,201.0,59.0,4.880536367447718e-06,0.0001201838396973,-0.4967332340190344,0.0001201838396973,-0.4967332340190344,0.0001201838396973,-0.4967332340190344,0.0,,,
4757437,K00497.01,CONFIRMED,585.7,5.0036,13.19322809,84.0,0.0005385072163203,4.480835820895544,3.502705924263161e-05,7.193906022810388,5.745284753944091e-06,0.0,14.0,14.0,1800,pdcsap_flux,51774.0,0.0,29.42439707927406,31.0,0.0158022988696266,2.0,0.1822729555375284,,1.0,0.0973075288754973,3312.0,201.0,201.0,16.0,1.917006929937636e-05,0.0,,0.0,,0.0,,0.0973075288754973,,,
4757437,K00497.02,CONFIRMED,179.0,3.504,4.42535097,230.0,0.000160266312756,1.6038208955223865,2.8915103784110663e-05,2.8696960510023297,8.331970871633398e-05,0.0,14.0,14.0,1800,pdcsap_flux,51774.0,0.0,29.42439707927406,21.0,0.0329917335347528,2.0,0.2353111600417197,,1.0,0.0480163788774288,6719.0,201.0,201.0,34.0,1.2325101635927848e-05,3.807672179900745e-05,0.3206798420335784,3.807672179900745e-05,0.3206798420335784,0.0,,0.0480163788774288,,,
4758368,K06448.01,FALSE POSITIVE,31525.9,10.0159,1.874967748,575.0,0.0300858199891771,5.979641791044764,-0.0010175995389548,12.332173646846028,0.000207127666124,,24.0,15.0,60|1800,pdcsap_flux,52283.0,0.0,29.42441551946104,61.0,0.2225793841583811,1.0,0.668075665130157,primary_only,0.0,0.0,46576.0,201.0,201.0,232.0,,,,,,,,0.0,blanking covers 0.89 of the orbit,,
4764774,K04825.01,FALSE POSITIVE,86.5,3.741,1.29019586,830.0,8.362419634655449e-05,0.6700298507462676,2.0342187249666743e-05,1.60998431989786,2.1110565838089457e-05,0.0,14.0,14.0,1800,pdcsap_flux,51413.0,0.0,29.42438609374221,23.0,0.1208149900589512,1.0,0.7252445879446833,,0.0,0.0,24795.0,201.0,201.0,123.0,8.80208399715171e-06,0.0001004134969965,-0.4881376355256224,0.0001004134969965,-0.4881376355256224,0.0,,0.0,,,
4828341,K01496.01,FALSE POSITIVE,3758.6,2.2348,36.12895451,33.0,0.0033675703711051,1.2007880597014844,-0.0002485415278284,10.521073943384788,2.235403258232793e-05,0.0,14.0,14.0,1800,pdcsap_flux,54909.0,0.0,29.424539058236405,13.0,0.0025773418558484,1.0,0.0152616146715474,,0.0,0.0,599.0,201.0,201.0,3.0,6.63568771906062e-05,0.000214490803556,0.1324494290360012,0.000249532614271,0.4333540907063286,0.0,,0.0,,,
4829935,K02395.01,FALSE POSITIVE,488.3,1.218,16.9329284,78.0,0.0004556755332675,0.1211940298507463,-5.573615209031324e-06,3.206144323639907,5.2171097423059365e-05,0.0,17.0,17.0,1800,pdcsap_flux,64750.0,0.0,29.424426583573226,7.0,0.0029971189153554,1.0,0.0181621621621621,,0.0,0.0,756.0,201.0,174.0,4.0,3.355831954803512e-05,0.0001074739268389,0.0593478231495095,0.0001510627525567,0.4976764645202688,0.0,,0.0,,,
4832225,K04013.01,FALSE POSITIVE,152.5,1.1171,0.947730124,391.0,0.0001433500047731,0.5335402985074609,-1.9581947689251145e-05,5.187723320602029,6.246020973976751e-05,0.0,18.0,18.0,1800,pdcsap_flux,65238.0,0.0,29.424440329894423,7.0,0.0491129617542191,1.0,0.2947668536742389,,0.0,0.0,12827.0,201.0,201.0,64.0,2.8981282886747502e-06,0.0,,0.0,,0.0,,0.0,,,
4843751,K05094.01,FALSE POSITIVE,920.0,2.562,310.61299,,0.0008579619647135,0.0509850746268656,0.0002676858695104,1.9515651127881437,0.0003866991358693,0.0013877977453035,14.0,14.0,1800,pdcsap_flux,51810.0,0.0,29.42440546117723,15.0,0.0003436752596856,1.0,0.0018143215595444,,0.0,0.0,83.0,199.0,83.0,0.0,0.0002069267901792,0.0013661387133078,-0.1097715624822651,0.0014988582873051,-0.1111462635210078,0.0013877977453035,-0.108310942628601,0.0,,,
4847843,K03505.01,FALSE POSITIVE,460.9,14.992,30.9604688,35.0,0.0005068074860398,7.45870646766171,-0.0001025121075519,5.339813466065229,7.706996593659365e-05,0.0001913001657911,14.0,14.0,1800,pdcsap_flux,51814.0,0.0,29.42438433878124,91.0,0.0201762664093337,1.0,0.1241556336125371,,0.0,0.0,4296.0,201.0,201.0,22.0,2.7876645168433843e-05,0.0001913001657911,-0.495840952032151,0.0003426926911682,0.460916688234082,0.0001913001657911,-0.495840952032151,0.0,,,
4850961,K04092.01,CONFIRMED,449.1,5.43,24.4972683,43.0,0.0004063160593572,2.161194029850755,5.321741240005285e-05,3.0204398641730905,2.1191459019465064e-05,0.0,14.0,14.0,1800,pdcsap_flux,51771.0,0.0,29.424371849745512,33.0,0.0092357236418886,1.0,0.0551660195862548,,0.0,0.0,1876.0,201.0,201.0,9.0,4.0669605905956647e-05,0.0003936945641653,-0.4990687334024888,0.0003936945641653,-0.4990687334024888,0.0,,0.0,,,
4852297,K04695.01,FALSE POSITIVE,166.0,1.921,3.28931936,323.0,0.0001526019757663,0.4969751243781102,-2.196685854194413e-05,2.204090772032097,2.004505058994521e-05,0.0,14.0,14.0,1800,pdcsap_flux,51769.0,0.0,29.42436690442264,11.0,0.024333808276575,1.0,0.1470378025459251,,0.0,0.0,5040.0,201.0,201.0,25.0,1.678337683889812e-05,0.0,,0.0,,0.0,,0.0,,,
4852528,K00500.01,CONFIRMED,1480.1,2.3982,7.053527145,152.0,0.0013506532917936,2.052191044776128,-5.256775417694648e-05,10.309533958559111,2.926664114166755e-06,0.0,40.0,14.0,60|1800,pdcsap_flux,51813.0,0.0,29.4243638869375,15.0,0.0141666712193534,5.0,0.3435624264180804,,4.0,0.2814737614112288,2948.0,201.0,201.0,15.0,2.9993876413016672e-05,9.036288391750524e-05,-0.4911336327679382,9.036288391750524e-05,-0.4911336327679382,0.0,,0.2814737614112288,,,
4852528,K00500.02,CONFIRMED,1491.3,2.3569,9.521644639,106.0,0.0013416039042405,1.9699462686567248,1.31632775648427e-05,8.057766381093714,0.0001397094730273,0.0,40.0,14.0,60|1800,pdcsap_flux,51813.0,0.0,29.4243638869375,15.0,0.0103137819557378,5.0,0.3340860401829656,,4.0,0.2915291529152915,2165.0,201.0,201.0,8.0,3.780534680996005e-05,0.0,,0.0,,0.0,,0.2915291529152915,,,
4852528,K00500.03,CONFIRMED,539.0,1.8732,3.072146607,326.0,0.000394502264172,1.4911044776119424,-9.595733369005544e-06,4.864503502719902,1.8281840609146729e-06,0.0,40.0,14.0,60|1800,pdcsap_flux,51813.0,0.0,29.4243638869375,11.0,0.025405688589913,5.0,0.3692509601837376,,4.0,0.2572906413448362,5305.0,201.0,201.0,27.0,2.003401483071008e-05,0.0,,0.0,,0.0,,0.2572906413448362,,,
4852528,K00500.04,CONFIRMED,565.5,2.0271,4.645382149,189.0,0.00047098312418,0.6857850746268677,8.066891898472761e-05,4.361485626674277,9.139473600372485e-06,0.0,40.0,14.0,60|1800,pdcsap_flux,51813.0,0.0,29.4243638869375,13.0,0.0181820348231591,5.0,0.3531160133557215,,4.0,0.2735992897535367,3826.0,201.0,201.0,19.0,2.7100461555750496e-05,0.0,,0.0,,0.0,,0.2735992897535367,,,
4852528,K00500.05,CONFIRMED,450.0,1.1879,0.986785834,939.0,0.0002414197018537,0.8037532338308402,3.296515284190171e-05,3.763444916962549,7.4031579950673e-05,0.0,40.0,14.0,60|1800,pdcsap_flux,51813.0,0.0,29.4243638869375,7.0,0.0501586379008895,5.0,0.4343311524134869,,4.0,0.1902225310250323,10428.0,201.0,201.0,52.0,1.1643178587662728e-05,0.0,,0.0,,0.0,,0.1902225310250323,,,
4927315,K01663.01,FALSE POSITIVE,519.3,3.219,11.76921923,91.0,0.0004392906540834,0.8968358208955223,3.464324727708856e-05,4.222699132365984,6.560413999090464e-05,9.133608538680615e-05,14.0,14.0,1800,pdcsap_flux,51744.0,0.0,29.42443278618157,19.0,0.0113962530036072,1.0,0.0690128324056895,,0.0,0.0,2337.0,201.0,201.0,13.0,2.7984124006321215e-05,9.133608538680615e-05,0.3433396070026243,9.766841095959487e-05,-0.2364447645559016,9.133608538680615e-05,0.3433396070026243,0.0,,,
4927734,K03212.01,FALSE POSITIVE,7.7,6.61,3.0001191,371.0,1.3456850152304687e-05,1.4469651741293463,-2.871925808833886e-06,1.3914418777696207,2.74143716527675e-06,0.0,15.0,15.0,1800,pdcsap_flux,52233.0,0.0,29.424455406842757,41.0,0.091801911019688,1.0,0.5530220358777018,,0.0,0.0,19160.0,201.0,201.0,95.0,6.914769627954098e-06,0.0,,0.0,,0.0,,0.0,,,
4940438,K01561.01,FALSE POSITIVE,2121.3,2.0718,9.08590495,99.0,0.0018234252020563,1.2781253731343234,6.839800223157333e-05,8.54878854498741,4.926767558888212e-05,0.0,12.0,12.0,1800,pdcsap_flux,46058.0,0.0,29.424257604405284,13.0,0.0095009798666229,1.0,0.0557557861826392,,0.0,0.0,1683.0,201.0,201.0,8.0,5.052518520418791e-05,0.0001565425868993,0.2779179573837172,0.0001567214276322,-0.1947557909807799,0.0,,0.0,,,
4945877,K01936.01,FALSE POSITIVE,28.6,1.895,1.339670241,998.0,2.8545649041311627e-05,1.055920398009956,-2.74355620011324e-06,6.197623588374037,4.8057354213870696e-06,0.0,18.0,18.0,1800,pdcsap_flux,65263.0,0.0,29.42446354252752,11.0,0.0589386334911751,1.0,0.3539065013866969,,0.0,0.0,15366.0,201.0,201.0,77.0,1.4738366442352157e-06,0.0,,0.0,,0.0,,0.0,,,
4948863,K06479.01,FALSE POSITIVE,67298.6,3.1273,8.643550046,155.0,0.0575297975324946,1.804809950248753,-0.0009060778710977,430.7598736222408,0.0002882347045138,0.0089182427675719,17.0,17.0,1800,pdcsap_flux,64792.0,0.0,29.42444938234985,19.0,0.015075306554969,1.0,0.0910451907642918,,0.0,0.0,3875.0,201.0,201.0,18.0,3.04794756264426e-05,0.0089182427675719,-0.4971080490383557,0.0089182427675719,-0.4971080490383557,0.0089182427675719,-0.4971080490383557,0.0,,,
5015027,K05114.01,FALSE POSITIVE,59.9,1.22,34.4886903,,3.890796349770298e-05,0.1699502487562179,-5.230923912913354e-07,0.7201900951712458,4.43455667287207e-05,9.302275346945166e-05,15.0,15.0,1800,pdcsap_flux,52279.0,0.0,29.42445281369146,7.0,0.0014739131260468,1.0,0.0088754566843283,,0.0,0.0,296.0,200.0,177.0,2.0,1.5838002163361297e-05,5.556341095802608e-05,0.0707880940740116,0.0001079918229497,0.1579332076515239,9.302275346945166e-05,0.1256913580192552,0.0,,,
5024126,K06493.01,FALSE POSITIVE,596.8,3.0999,0.787122102,1104.0,0.0005316896893605,1.788997014925377,-8.75241388154091e-06,7.03745461447468,1.3911372644392904e-05,0.000351055909442,11.0,11.0,1800,pdcsap_flux,41964.0,0.0,29.424528339877725,19.0,0.1640946171779584,1.0,0.4924697359641597,primary_only,0.0,0.0,27562.0,201.0,201.0,137.0,6.504941844668192e-05,0.000351055909442,0.4966459033361402,0.000351055909442,0.4966459033361402,0.000351055909442,0.4966459033361402,0.0,,,
5025234,K06497.01,FALSE POSITIVE,83.5,14.41,1.77555333,581.0,6.854534149169922e-05,2.867661691542303,-5.841255187988281e-06,1.494536364928872,4.0531158447265625e-05,,15.0,15.0,1800,pdcsap_flux,52278.0,0.0,29.42440494778566,,0.3381574951999142,1.0,1.0,none,0.0,0.0,52278.0,149.0,149.0,352.0,,,,,,,,0.0,blanking covers 1.35 of the orbit,,
5026187,K06499.01,FALSE POSITIVE,421.3,18.534,3.58966681,298.0,0.0002017820175994,9.22089552238806,2.122316617758635e-05,1.1683258910563887,1.5164817514401465e-05,,15.0,15.0,1800,pdcsap_flux,52265.0,0.0,29.4244010921102,113.0,0.2151313870826913,1.0,0.6439682387831245,primary_only,0.0,0.0,44969.0,201.0,201.0,224.0,,,,,,,,0.0,blanking covers 0.86 of the orbit,,
5036480,K04080.01,FALSE POSITIVE,142.4,1.962,1.061002863,1264.0,0.000128836185687,0.3904477611940307,7.583175096304018e-06,2.395700584486893,2.4439831164402293e-06,0.0,17.0,17.0,1800,pdcsap_flux,64787.0,0.0,29.424449293292128,13.0,0.077049744963789,1.0,0.4619599611033078,,0.0,0.0,19954.0,201.0,201.0,100.0,1.96142603430251e-05,0.0,,0.0,,0.0,,0.0,,,
5036705,K02437.01,CONFIRMED,137.6,3.829,4.14789051,319.0,0.0001297855665278,1.828776119402988,3.518344822550645e-05,2.296086444524501,2.4572188528360077e-06,0.0,17.0,17.0,1800,pdcsap_flux,64733.0,0.0,29.424450299120508,23.0,0.0384633264262963,1.0,0.2313966601269831,,0.0,0.0,9827.0,201.0,201.0,57.0,1.1213683581361964e-05,0.0,,0.0,,0.0,,0.0,,,
5040223,K04354.01,FALSE POSITIVE,98.3,5.412,0.996023763,1352.0,8.413527027806289e-05,2.5848358208955062,-2.375567042300908e-06,4.223460261403431,4.783381356565641e-06,,17.0,17.0,1800,pdcsap_flux,64584.0,0.0,29.424458759604025,33.0,0.2264002209352911,1.0,0.6783568685742599,primary_only,0.0,0.0,58493.0,201.0,201.0,291.0,,,,,,,,0.0,blanking covers 0.91 of the orbit,,
5080346,K06509.01,FALSE POSITIVE,38.4,8.689,2.31169425,454.0,3.9431015849134e-05,2.4208159203980277,-1.7668088191369336e-06,2.161351522796429,7.099934911214412e-06,0.0,13.0,13.0,1800,pdcsap_flux,50138.0,0.0,29.42393741570413,53.0,0.156613127651577,1.0,0.4696238382065499,primary_only,0.0,0.0,31430.0,201.0,201.0,157.0,1.686895273278386e-05,0.0,,0.0,,0.0,,0.0,,,
5088536,K00282.01,CONFIRMED,639.2,5.9291,27.50871575,47.0,0.0006247746491722,5.427633830845792,-7.760150211422179e-06,29.10448662540737,1.87116224045214e-05,0.0,39.0,18.0,60|1800,pdcsap_flux,65215.0,0.0,29.424434965476397,37.0,0.0089806385575572,3.0,0.1031511155409031,,2.0,0.0519512382120677,2319.0,201.0,201.0,11.0,6.139910671371362e-06,0.0,,0.0,,0.0,,0.0519512382120677,,,
5088536,K00282.02,CONFIRMED,77.4,3.2893,8.45744892,160.0,7.236197904780806e-05,0.9818805970149258,1.133522766205708e-05,4.677836213639039,8.437059557109272e-06,0.0,39.0,18.0,60|1800,pdcsap_flux,65215.0,0.0,29.424434965476397,21.0,0.016205142704742,3.0,0.1275780111937437,,2.0,0.0301924403894809,4226.0,201.0,201.0,21.0,3.986512432305056e-06,0.0,,0.0,,0.0,,0.0301924403894809,,,
5088536,K00282.03,CONFIRMED,136.5,2.55,87.5177787,14.0,0.0001178977712064,0.3552238805970167,-4.8781742446823984e-05,2.2498665566119063,1.49159681089861e-05,0.0,39.0,18.0,60|1800,pdcsap_flux,65215.0,0.0,29.424434965476397,15.0,0.00121403903959,3.0,0.0812389787625546,,2.0,0.0751207544276623,284.0,201.0,159.0,1.0,1.4222677579284592e-05,5.4044372764794346e-05,0.1096033400154012,5.4044372764794346e-05,0.1096033400154012,0.0,,0.0751207544276623,,,
5095082,K04320.01,CONFIRMED,98.2,8.798,20.6579443,66.0,7.234878396322753e-05,3.326606965174153,1.9456621321856105e-05,1.6075639331542235,4.578167618340956e-06,0.0,17.0,17.0,1800,pdcsap_flux,64741.0,0.0,29.42442675121129,53.0,0.0177453926687823,1.0,0.1054355045488948,,0.0,0.0,4515.0,201.0,201.0,22.0,1.0568336480994688e-05,0.0,,0.0,,0.0,,0.0,,,
5108946,K02955.01,FALSE POSITIVE,135.0,1.1656,0.591280187,1806.0,0.000119276257439,0.3711363184079631,-6.474353995145066e-06,3.6748086152955937,4.6305067235130615e-05,0.0,14.0,14.0,1800,pdcsap_flux,51762.0,0.0,29.424396901158616,7.0,0.0821381601049092,1.0,0.4926973455430625,,0.0,0.0,17055.0,201.0,201.0,85.0,1.1550355898543297e-05,0.0,,0.0,,0.0,,0.0,,,
5119143,K06527.01,FALSE POSITIVE,318.5,3.487,0.530799654,2514.0,0.0001909732818603,1.1102885572139345,-6.35385513305664e-05,1.2423503267392992,1.710653305053711e-05,,18.0,18.0,1800,pdcsap_flux,65261.0,0.0,29.42446194996592,,0.2737222331849272,1.0,1.0,none,0.0,0.0,65261.0,184.0,184.0,355.0,,,,,,,,0.0,blanking covers 1.09 of the orbit,,
5130740,K03583.01,FALSE POSITIVE,46455.4,6.68665,210.30644361,5.0,,,,,,0.0,17.0,17.0,1800,pdcsap_flux,64742.0,0.0,29.42444987478666,41.0,0.0013247830731393,1.0,0.0068116524049303,,0.0,0.0,247.0,201.0,137.0,1.0,2.2608003378136263e-05,7.076358412305694e-05,0.0943374606421083,7.873487948351077e-05,-0.2941551755559902,0.0,,0.0,,,
5130890,K06530.01,FALSE POSITIVE,,2.73,0.91057795,1470.0,3.713749970535307e-05,0.217313432835819,-9.79895799835262e-07,2.149709045900384,1.622488530994559e-05,0.0,18.0,18.0,1800,pdcsap_flux,65259.0,0.0,29.424465218908157,17.0,0.1249206616523055,1.0,0.7499501984400619,,0.0,0.0,32547.0,201.0,201.0,162.0,2.3936314749417863e-05,0.0,,0.0,,0.0,,0.0,,,
5179609,K05132.01,FALSE POSITIVE,9304.4,12.9395,43.9311596,32.0,0.009022025088028,8.497582089552221,-0.0001100178688863,186.1145334220704,1.3863945678371792e-05,0.0,18.0,18.0,1800,pdcsap_flux,65259.0,0.0,29.42443848587573,79.0,0.012272515413714,1.0,0.0755604590937648,,0.0,0.0,3247.0,201.0,201.0,16.0,1.660343504482815e-05,0.0,,0.0,,0.0,,0.0,,,
5181455,K06536.01,FALSE POSITIVE,118321.0,3.38646,5.579631021,243.0,0.1058496172600078,1.954374925373143,-0.0023571007606695,915.475340584282,0.000282553869306,0.009744751628431,17.0,17.0,1800,pdcsap_flux,64794.0,0.0,29.42442507483065,21.0,0.0252888586125021,1.0,0.1513720406210451,,0.0,0.0,6582.0,201.0,201.0,33.0,2.608413077927909e-05,0.009744751628431,0.4999840407980122,0.009744751628431,0.4999840407980122,0.009744751628431,0.4999840407980122,0.0,,,
5200084,K03159.01,FALSE POSITIVE,13.1,10.542,2.9039446,372.0,4.552859352191518e-06,6.923104477611944,-2.47246398843437e-06,0.6041680641839005,5.256822661614535e-07,0.0,16.0,15.0,60|1800,pdcsap_flux,52275.0,0.0,29.42440495302435,65.0,0.1512597726554425,1.0,0.453065518890483,primary_only,0.0,0.0,31602.0,201.0,201.0,157.0,1.95177007168581e-06,0.0,,0.0,,0.0,,0.0,,,
5201593,K07721.01,FALSE POSITIVE,214.7,2.32,0.50727675,2116.0,0.0002189450212607,1.6620895522387953,1.960886783047844e-05,5.39791676048835,1.024268309812726e-05,0.0,14.0,14.0,1800,pdcsap_flux,51813.0,0.0,29.42436874320265,15.0,0.1905600181097727,1.0,0.5718449037886245,primary_only,0.0,0.0,39504.0,201.0,201.0,197.0,5.50667678891952e-05,0.0,,0.0,,0.0,,0.0,,,
5206233,K03779.01,FALSE POSITIVE,3509.8,2.6078,6.195861785,180.0,0.0030476275014615,1.5568955223880463,-0.0001436186842165,26.425633032426795,7.374916182889546e-05,0.0007145145267157,14.0,14.0,1800,pdcsap_flux,54942.0,0.0,29.4245243165642,15.0,0.0175372429379222,1.0,0.1050198391030541,,0.0,0.0,3795.0,201.0,201.0,19.0,2.9526614145127672e-05,0.0007145145267157,-0.4945493027131626,0.0007145145267157,-0.4945493027131626,0.0007145145267157,-0.4945493027131626,0.0,,,
5213404,K03468.01,CONFIRMED,115.9,9.678,20.7057153,66.0,0.0001016735850429,1.348179104477605,-4.413025809202331e-05,2.2701917168990278,5.506534862920187e-05,0.0,17.0,17.0,1800,pdcsap_flux,64730.0,0.0,29.424451226368543,59.0,0.0194752991701764,1.0,0.1159276996755754,,0.0,0.0,5111.0,201.0,201.0,25.0,1.2783143314622112e-05,0.0,,0.0,,0.0,,0.0,,,
5217733,K03155.01,FALSE POSITIVE,94008.0,24.3711,161.2529031,6.0,0.0914843726408083,16.974895522388174,-0.0004165954808794,117.6834932861428,0.0010199588952444,0.0371346194317899,15.0,14.0,60|1800,pdcsap_flux,54970.0,0.0,29.424518449231982,149.0,0.0062973284851204,1.0,0.0365835910496634,,0.0,0.0,1180.0,201.0,201.0,6.0,0.0004185825099863,0.0371346194317899,0.16909168342722,0.0371346194317899,0.16909168342722,0.0371346194317899,0.16909168342722,0.0,,,
5218441,K00407.01,FALSE POSITIVE,4872.2,5.9128,3.613757526,371.0,0.0047121345625684,4.471371144278578,3.618514028047581e-05,52.38987039287653,1.938183452787623e-05,0.0002466340721573,17.0,17.0,1800,pdcsap_flux,64783.0,0.0,29.424450555816293,37.0,0.0681746533612522,1.0,0.4089807511229797,,0.0,0.0,17591.0,201.0,201.0,87.0,2.387282767217884e-05,0.0002466340721573,-0.4972021045356917,0.0002466340721573,-0.4972021045356917,0.0002466340721573,-0.4972021045356917,0.0,,,
5270698,K01543.01,FALSE POSITIVE,25886.2,4.7136,3.964333304,338.0,0.0252554851020473,3.752119402985059,-0.0001928508267614,270.21968106467534,1.7443886260570807e-05,0.000185249326375,29.0,17.0,60|1800,pdcsap_flux,64794.0,0.0,29.42442507483065,29.0,0.049541747612854,1.0,0.298129456431151,,0.0,0.0,12807.0,201.0,201.0,42.0,1.9647197156481557e-05,0.000185249326375,-0.4983862748513873,0.000185249326375,-0.4983862748513873,0.000185249326375,-0.4983862748513873,0.0,,,
5271608,K01673.01,FALSE POSITIVE,222.2,2.2003,2.49047468,456.0,0.000203672803529,0.9195283582089564,-4.8707464636366105e-05,3.257532157374298,4.458220588277051e-05,0.0,14.0,14.0,1800,pdcsap_flux,54918.0,0.0,29.42453471012413,13.0,0.0368119248121272,1.0,0.2206562511380604,,0.0,0.0,8100.0,201.0,201.0,40.0,2.0112169298023195e-05,0.0,,0.0,,0.0,,0.0,,,
5272233,K02711.01,CONFIRMED,214.6,3.011,9.02436414,143.0,0.0002196276476665,1.6777711442786087,3.860317136394897e-06,5.033938826215483,3.0611797304791466e-06,0.0,17.0,17.0,1800,pdcsap_flux,64793.0,0.0,29.424425823963247,19.0,0.0139021798530099,2.0,0.1049033074560523,,1.0,0.0245396879292516,3472.0,201.0,201.0,17.0,1.7311313932142313e-05,5.4568491553275145e-05,-0.161120731504809,6.477992250586428e-05,-0.1089875570560213,0.0,,0.0245396879292516,,,
5272233,K02711.02,CONFIRMED,159.0,3.398,17.3408735,76.0,0.0001341190662722,0.4057313432835805,3.3194135881320364e-05,2.118362828578933,0.0001099807387302,8.35472541854676e-05,17.0,17.0,1800,pdcsap_flux,64793.0,0.0,29.424425823963247,21.0,0.0081647175001497,2.0,0.0869847051379007,,1.0,0.0402821292423564,2121.0,201.0,201.0,10.0,1.8529020433332908e-05,7.318986278248563e-05,0.2705676660852821,8.35472541854676e-05,0.2552588207725016,8.35472541854676e-05,0.2552588207725016,0.0402821292423564,,,
5272878,K00826.01,CONFIRMED,780.7,2.9721,6.365839713,216.0,0.0007553953668588,2.5432895522388126,3.85195449397191e-05,12.315786760288171,9.486383992185488e-05,0.0,17.0,17.0,1800,pdcsap_flux,64739.0,0.0,29.424428762868047,19.0,0.0194534429993744,1.0,0.1187537651183985,,0.0,0.0,5174.0,201.0,201.0,26.0,1.616642860241445e-05,0.0,,0.0,,0.0,,0.0,,,
5284133,K06552.01,FALSE POSITIVE,262984.0,5.3022,8.784575777,122.0,0.2355338110407292,2.954459701492524,-0.0077039950301087,2768.496518118384,0.001981235725272,0.0302360913441258,16.0,15.0,60|1800,pdcsap_flux,52283.0,0.0,29.424420883879066,33.0,0.0251491939517934,1.0,0.1516554138056347,,0.0,0.0,5184.0,201.0,201.0,26.0,2.6682088071184416e-05,0.0302360913441258,-0.3836741897667319,0.0302360913441258,-0.3836741897667319,0.0302360913441258,-0.3836741897667319,0.0,,,
5289857,K05150.01,FALSE POSITIVE,174.5,2.359,26.524553,43.0,0.0001159336815602,0.3755621890547258,-7.054562926489538e-06,0.9334861059788226,1.5893380756137887e-05,0.0,14.0,14.0,1800,pdcsap_flux,51638.0,0.0,29.42435499164276,15.0,0.00370568607383,1.0,0.0223672489252101,,0.0,0.0,814.0,201.0,201.0,4.0,3.894301713767744e-05,0.0001572985006395,0.0618898987094118,0.0001682095852736,0.1258129834829779,0.0,,0.0,,,
5303557,K03982.01,FALSE POSITIVE,6071.6,4.384,2.399081606,260.0,0.0053231805200045,2.5300696517412824,-0.0006004533086712,16.86845159163695,2.528213456165496e-05,0.0,8.0,8.0,1800,pdcsap_flux,30133.0,0.0,29.42428224720061,27.0,0.0761402472553768,1.0,0.4559784953373378,,0.0,0.0,9168.0,201.0,201.0,46.0,0.0001076986724303,0.0,,0.0,,0.0,,0.0,,,
5305399,K07725.01,FALSE POSITIVE,1023.4,22.99,322.48381,4.0,0.0009073046154325,5.947661691542322,3.9980906114234216e-05,4.917349924755444,9.350418507581004e-06,0.0003599580643616,17.0,17.0,1800,pdcsap_flux,64756.0,0.0,29.424451058730483,141.0,0.0029704333580859,1.0,0.0154734696398789,,0.0,0.0,739.0,201.0,201.0,4.0,5.57721065405647e-05,0.0003599580643616,-0.499206291585239,0.0003599580643616,-0.499206291585239,0.0003599580643616,-0.499206291585239,0.0,,,
5306383,K04158.01,FALSE POSITIVE,80.1,1.519,0.842336445,1589.0,8.091112054275929e-05,0.8766368159203967,-1.4615484890123651e-06,3.978016355889424,8.887527904510861e-06,5.679331698538181e-05,17.0,17.0,1800,pdcsap_flux,64796.0,0.0,29.42444904707372,9.0,0.0751382265867252,1.0,0.4508920303722452,,0.0,0.0,19482.0,201.0,201.0,97.0,6.277753980639544e-06,5.679331698538181e-05,0.4988496191448325,5.679331698538181e-05,0.4988496191448325,5.679331698538181e-05,0.4988496191448325,0.0,,,
5350447,K04008.01,FALSE POSITIVE,858.1,6.198,70.7511986,21.0,0.0007321190486626,2.9602388059701483,-9.28706385250333e-05,4.268132650130195,0.0002522464535942,0.0002332901192667,17.0,17.0,1800,pdcsap_flux,64702.0,0.0,29.424419039860368,37.0,0.0036501148405986,1.0,0.0225495347902692,,0.0,0.0,1048.0,201.0,201.0,5.0,4.9794313369614e-05,0.0002332901192667,0.417155754598292,0.0002332901192667,0.417155754598292,0.0002332901192667,0.417155754598292,0.0,,,
5357545,K02219.01,CONFIRMED,273.3,0.9269,3.757294695,359.0,0.0002427331087937,0.2397950248756231,-2.200870590662873e-05,3.8038326141165952,7.887425470287646e-05,0.0,17.0,17.0,1800,pdcsap_flux,64786.0,0.0,29.424424907192588,5.0,0.0102788938500692,1.0,0.0617880406260611,,0.0,0.0,2682.0,201.0,201.0,13.0,1.9607056138390086e-05,6.049354035253529e-05,-0.1723586342472158,6.049354035253529e-05,-0.1723586342472158,0.0,,0.0,,,
5359678,K06569.01,FALSE POSITIVE,149524.0,4.88748,3.115304946,431.0,0.1180459130721476,2.9178985074626773,-0.0034591682236662,2046.4896307557203,0.0328214117453096,0.0,17.0,17.0,1800,pdcsap_flux,64794.0,0.0,29.424425745382905,29.0,0.0653692025435509,1.0,0.3915486001790289,,0.0,0.0,16909.0,201.0,201.0,84.0,2.3898127137725133e-05,0.0001221746235787,-0.1322753160926199,0.0001221746235787,-0.1322753160926199,0.0,,0.0,,,
5360974,K03289.01,FALSE POSITIVE,1046.5,3.107,29.8042694,39.0,0.0008263364118209,1.5457711442786073,0.0001098034618861,3.0108923103594853,3.75333441117176e-05,0.0,14.0,14.0,1800,pdcsap_flux,54908.0,0.0,29.42453353665769,19.0,0.004343617070289,1.0,0.0259707146499599,,0.0,0.0,963.0,201.0,201.0,5.0,6.917982976765415e-05,0.0002130159879281,-0.1704130372394129,0.0002130159879281,-0.1704130372394129,0.0,,0.0,,,
5371777,K04327.01,CONFIRMED,77.3,2.215,0.991659646,1078.0,6.11788233586541e-05,0.7493532338308468,-8.475509170047246e-07,1.7315471485390657,1.2708829435492676e-05,0.0,14.0,14.0,1800,pdcsap_flux,51747.0,0.0,29.42439381033182,13.0,0.0930678857801042,1.0,0.5573849691769571,,0.0,0.0,19247.0,201.0,201.0,95.0,9.802753630867978e-06,0.0,,0.0,,0.0,,0.0,,,
5383248,K00261.01,CONFIRMED,646.7,3.9699,16.23847733,79.0,0.0006294005482302,3.476131343283598,-1.08985641016357e-05,38.956096973956434,2.047384339598501e-05,2.2482638763032803e-05,48.0,18.0,60|1800,pdcsap_flux,65266.0,0.0,29.42446262575686,25.0,0.0101864538551534,1.0,0.0598780375693316,,0.0,0.0,2554.0,201.0,201.0,13.0,5.318617375540824e-06,2.2482638763032803e-05,0.075535388799707,2.2482638763032803e-05,0.075535388799707,2.2482638763032803e-05,0.075535388799707,0.0,,,
5384079,K02011.01,CONFIRMED,130.0,2.0261,7.05675145,181.0,0.0001245770683379,0.9676895522388111,7.232196223561083e-06,4.902618373135615,4.098363909466052e-06,0.0,18.0,18.0,1800,pdcsap_flux,65232.0,0.0,29.424464794574305,13.0,0.0119631297674985,2.0,0.1035228108903605,,1.0,0.0352281089036055,2992.0,201.0,201.0,15.0,6.238857660426777e-06,0.0,,0.0,,0.0,,0.0352281089036055,,,
5384079,K02011.02,CONFIRMED,67.9,5.02,17.2653659,77.0,6.251287618430634e-05,1.7982089552238896,1.339947646727957e-06,2.1931314509250672,2.644697260623108e-05,1.7855342548278585e-05,18.0,18.0,1800,pdcsap_flux,65232.0,0.0,29.424464794574305,31.0,0.0121148122708865,2.0,0.1041973264655383,,1.0,0.0343389747363257,3082.0,201.0,201.0,12.0,5.852180272741236e-06,1.7855342548278585e-05,0.4964507735933289,1.8982449168203352e-05,0.2041809275581913,1.7855342548278585e-05,0.4964507735933289,0.0343389747363257,,,
5385491,K03988.01,FALSE POSITIVE,117.2,28.0218,12.425484,114.0,0.0001306315580676,19.517671641791168,-2.821942714281711e-06,5.800105430714749,9.99304028448389e-06,0.0001426186899529,18.0,18.0,1800,pdcsap_flux,65201.0,0.0,29.424464972689748,171.0,0.0939661585818306,1.0,0.5695311421603964,,0.0,0.0,24787.0,201.0,201.0,124.0,1.829614425019508e-05,0.0001426186899529,-0.3825372305636762,0.0001426186899529,-0.3825372305636762,0.0001426186899529,-0.3825372305636762,0.0,,,
5385647,K06572.01,FALSE POSITIVE,126.6,21.826,12.4269264,109.0,0.0001514099467251,17.37393034825857,5.4367243794262166e-05,3.337826626432922,9.078386255445547e-05,0.0,17.0,17.0,1800,pdcsap_flux,64796.0,0.0,29.424448208883405,133.0,0.0731811420937253,1.0,0.4402740909932712,,0.0,0.0,18841.0,201.0,201.0,94.0,4.088047173806177e-05,0.0,,0.0,,0.0,,0.0,,,
5387843,K01762.01,FALSE POSITIVE,438.5,1.2137,0.870693883,1533.0,0.0004187103315398,0.8936696517412974,-3.5034622496432632e-06,9.699619108420388,1.321922228392225e-05,0.0,17.0,17.0,1800,pdcsap_flux,64738.0,0.0,29.42445139400661,7.0,0.0580810711097339,1.0,0.3483888906052086,,0.0,0.0,15028.0,201.0,201.0,75.0,9.176978038074956e-06,0.0,,0.0,,0.0,,0.0,,,
5392897,K03342.01,FALSE POSITIVE,205992.0,18.3609,42.39930429,26.0,0.1978473964475933,10.961731343283535,-0.0073830099785017,836.9722366572207,0.0007709985214761,0.01005538048181,14.0,14.0,1800,pdcsap_flux,54970.0,0.0,29.42451828159392,113.0,0.0180436333286826,1.0,0.1021466254320538,,0.0,0.0,3605.0,201.0,201.0,17.0,6.853947225518952e-05,0.01005538048181,0.224014618221075,0.01005538048181,0.224014618221075,0.01005538048181,0.224014618221075,0.0,,,
5397106,K05159.01,FALSE POSITIVE,,4.07,440.65087204,,0.0004080446507822,0.1619900497512425,-8.651395747683033e-05,1.14185329444223,7.247393244380618e-05,0.0,17.0,17.0,1800,pdcsap_flux,64768.0,0.0,29.42444854415953,25.0,0.0003848473793964,1.0,0.0026710721343873,,0.0,0.0,100.0,200.0,81.0,0.0,0.0001539179396582,0.0005770172493028,0.0467241825094716,0.0007701835910407,-0.3230179372455954,0.0,,0.0,,,
5436013,K02471.01,CONFIRMED,217.1,4.548,25.8859397,51.0,0.0002140569696966,1.5386268656716378,-4.39382679079392e-05,2.6240591547482133,1.6261800562800133e-05,0.0,17.0,17.0,1800,pdcsap_flux,64728.0,0.0,29.42441954277456,27.0,0.0073205764286007,1.0,0.0450964034111976,,0.0,0.0,1884.0,201.0,201.0,9.0,1.9102811851364043e-05,7.080660058722543e-05,0.1121845615462478,7.080660058722543e-05,0.1121845615462478,0.0,,0.0,,,
5436502,K00834.01,CONFIRMED,3341.8,8.2183,23.65369415,57.0,0.0032200112552986,7.1961233830845615,3.924666466514904e-05,36.95859782626251,3.78502214892773e-05,0.0,37.0,17.0,60|1800,pdcsap_flux,64763.0,0.0,29.4244175311178,51.0,0.0144767732471363,5.0,0.3989160477433102,,4.0,0.3424331794388771,3806.0,201.0,201.0,19.0,2.7192420178631505e-05,0.0,,0.0,,0.0,,0.3424331794388771,,,
5436502,K00834.02,CONFIRMED,504.6,6.7372,13.23352214,97.0,0.0005169442401141,3.0836935323382986,3.0443725967943536e-06,7.095373908880304,0.0001292964216849,0.0,37.0,17.0,60|1800,pdcsap_flux,64763.0,0.0,29.4244175311178,41.0,0.0212125436975062,5.0,0.414542254064821,,4.0,0.3297870697774964,5469.0,201.0,201.0,27.0,2.1522550646638192e-05,0.0,,0.0,,0.0,,0.3297870697774964,,,
5436502,K00834.03,CONFIRMED,285.0,4.9843,6.15560285,203.0,0.0002661043133375,3.9676019900497295,2.1799321949456107e-05,4.239336425302195,3.6045995995603874e-05,0.0,37.0,17.0,60|1800,pdcsap_flux,64763.0,0.0,29.4244175311178,31.0,0.0337382335617488,5.0,0.4446211571421954,,4.0,0.2992449392399981,8792.0,201.0,201.0,44.0,1.3055463219411757e-05,3.96487410675439e-05,-0.124650480627423,3.96487410675439e-05,-0.124650480627423,0.0,,0.2992449392399981,,,
5436502,K00834.04,CONFIRMED,115.9,3.388,2.090811305,527.0,0.0001102940744042,1.2136119402985155,-1.0805106414601973e-05,2.463276791722242,4.054087507610049e-05,0.0,37.0,17.0,60|1800,pdcsap_flux,64763.0,0.0,29.4244175311178,21.0,0.0675176503633199,5.0,0.531723360560814,,4.0,0.2114942173772061,17500.0,201.0,201.0,87.0,1.0291201732640363e-05,0.0,,0.0,,0.0,,0.2114942173772061,,,
5436502,K00834.05,CONFIRMED,370.3,7.159,50.4467417,22.0,0.0003570878537423,1.7096119402985082,2.01396881607252e-05,3.052820420855209,1.0205611587377206e-05,0.0,37.0,17.0,60|1800,pdcsap_flux,64763.0,0.0,29.4244175311178,43.0,0.0059130016451918,5.0,0.3843552645800843,,4.0,0.3604681685530318,1590.0,201.0,201.0,8.0,3.731333864394219e-05,0.0001334810555643,0.4290898918134909,0.0001334810555643,0.4290898918134909,0.0,,0.3604681685530318,,,
5440317,K03141.01,CONFIRMED,96.4,1.591,2.31941571,578.0,7.210795356737965e-05,0.1899701492537309,9.586846435594154e-06,1.457325241352848,3.186613199746002e-05,0.0,17.0,17.0,1800,pdcsap_flux,64729.0,0.0,29.42442456143908,9.0,0.0285811924015409,1.0,0.1717931684407298,,0.0,0.0,7415.0,201.0,201.0,38.0,1.193753410770093e-05,0.0,,0.0,,0.0,,0.0,,,
5444334,K04064.01,FALSE POSITIVE,202.5,3.083,0.759763198,1764.0,0.0001978524792369,1.8405970149253743,-2.3371101273150785e-05,4.290714321832877,4.266094605975823e-05,0.0,17.0,17.0,1800,pdcsap_flux,64731.0,0.0,29.42442666739225,19.0,0.1690768040245789,1.0,0.5063107321067186,primary_only,0.0,0.0,43734.0,201.0,201.0,217.0,6.419433125314766e-06,2.235683141593725e-05,0.4087983145017593,2.235683141593725e-05,0.4087983145017593,0.0,,0.0,,,
5470960,K06007.01,FALSE POSITIVE,202.6,27.29,12.4227918,110.0,0.0002296336105889,10.861691542288552,4.635526365648346e-05,3.01139850588007,4.669689512060149e-05,0.0001491477469287,16.0,16.0,1800,pdcsap_flux,63103.0,0.0,29.42439514619764,167.0,0.0915320285198157,1.0,0.5519388935549815,,0.0,0.0,23026.0,201.0,201.0,115.0,2.3693007005511776e-05,0.0001491477469287,0.381009030940417,0.0001491477469287,0.381009030940417,0.0001491477469287,0.381009030940417,0.0,,,
5471059,K03956.01,FALSE POSITIVE,426.2,0.9105,2.636899795,508.0,0.0003387348605077,0.5979402985074629,-2.257141506034621e-06,4.0772625829493245,5.10135872802131e-05,0.0,17.0,17.0,1800,pdcsap_flux,64737.0,0.0,29.42444979620632,5.0,0.0143871602826682,2.0,0.2341319492716684,,1.0,0.1622874090550998,3739.0,201.0,201.0,19.0,1.7774068370094254e-05,6.57400432096944e-05,-0.4981816939554271,6.57400432096944e-05,-0.4981816939554271,0.0,,0.1622874090550998,,,
5471059,K03956.02,FALSE POSITIVE,110.4,16.332,12.4249559,112.0,0.0001409065531791,13.325611940298488,-1.665502186287693e-05,2.955708982888208,7.342212996697128e-06,0.0,17.0,17.0,1800,pdcsap_flux,64737.0,0.0,29.42444979620632,99.0,0.054768806060712,2.0,0.3575544124689127,,1.0,0.0432364799110246,14061.0,201.0,201.0,70.0,1.97845937746876e-05,6.569928263588931e-05,-0.4936104750585925,6.569928263588931e-05,-0.4936104750585925,0.0,,0.0432364799110246,,,
5471068,K06008.01,FALSE POSITIVE,180.5,25.71,12.426469,112.0,0.0002057650148742,15.860895522387985,-1.2297839632857688e-05,3.932941776044802,2.8816500603379147e-05,0.0001476856696706,17.0,17.0,1800,pdcsap_flux,64708.0,0.0,29.42444987478666,157.0,0.086207111609903,1.0,0.5192402794090375,,0.0,0.0,22179.0,201.0,201.0,110.0,2.736623485116374e-05,0.0001476856696706,0.394401165785764,0.0001476856696706,0.394401165785764,0.0001476856696706,0.394401165785764,0.0,,,
5471688,K03499.01,FALSE POSITIVE,131.4,6.79,12.4281308,96.0,0.0001917499589334,1.0809950248756175,-6.80296158250826e-06,1.148403414665084,0.0001313395084791,0.0,14.0,14.0,1800,pdcsap_flux,54927.0,0.0,29.42452029325068,41.0,0.0227642170185935,2.0,0.4665100952172884,,1.0,0.3825623099750578,4909.0,201.0,201.0,24.0,3.4811654528702575e-05,0.000111832002425,0.367896003554874,0.000111832002425,0.367896003554874,0.0,,0.3825623099750578,,,
5471688,K03499.02,FALSE POSITIVE,96.3,2.947,0.96283264,741.0,8.481741774712948e-05,1.1142885572139318,-2.130110712261768e-07,2.00170267836588,2.494742079139911e-06,0.0,14.0,14.0,1800,pdcsap_flux,54927.0,0.0,29.42452029325068,19.0,0.1275316826262419,2.0,0.3825623099750578,primary_only,1.0,0.0666703078631638,28020.0,201.0,201.0,140.0,1.280132042700366e-05,0.0,,0.0,,0.0,,0.0666703078631638,,,
5471769,K06011.01,FALSE POSITIVE,139.4,28.88,12.4255705,112.0,0.0001576035777031,15.517611940298522,6.529253288811709e-06,3.992977348981285,6.550428567897448e-06,0.0001143999750341,17.0,17.0,1800,pdcsap_flux,64752.0,0.0,29.424449214711785,177.0,0.0968433065776201,1.0,0.5828082530269335,,0.0,0.0,24892.0,201.0,201.0,124.0,2.236532162498138e-05,0.0001143999750341,0.3837230470658096,0.0001143999750341,0.3837230470658096,0.0001143999750341,0.3837230470658096,0.0,,,
5477805,K01607.01,FALSE POSITIVE,191.2,1.9398,5.00673576,271.0,0.000191585455767,0.8878686567164222,2.9410733048407245e-05,5.007957265203232,1.958454423722777e-05,0.0,17.0,17.0,1800,pdcsap_flux,64777.0,0.0,29.424449298530817,11.0,0.0161432525849936,1.0,0.0974111181437856,,0.0,0.0,4184.0,201.0,201.0,21.0,9.104278295812284e-06,4.257707477184347e-05,0.4948314738473418,4.257707477184347e-05,0.4948314738473418,0.0,,0.0,,,
5478083,K03738.01,FALSE POSITIVE,437862.0,4.8707,15.85231085,41.0,0.2480324184313697,3.0048099502487577,-0.023746259562003,84.54516899421482,0.0201562169616782,0.0,8.0,8.0,1800,pdcsap_flux,30161.0,0.0,29.424282666295767,29.0,0.0128022870137783,1.0,0.0784125194787971,,0.0,0.0,1645.0,201.0,201.0,8.0,0.0008746092675127,0.0031371350400315,-0.3991602684589341,0.0031371350400315,-0.3991602684589341,0.0,,0.0,,,
5480736,K03904.01,FALSE POSITIVE,347.9,5.449,8.56751264,155.0,0.000292780112251,2.819383084577121,-1.933112251029101e-05,3.52545922142511,9.084882121201954e-05,0.0002227382034215,17.0,17.0,1800,pdcsap_flux,64756.0,0.0,29.4244478631299,33.0,0.0265003013367794,1.0,0.1592439310643029,,0.0,0.0,6733.0,201.0,201.0,34.0,2.392088402652648e-05,0.0002227382034215,0.4706004899254715,0.0002227382034215,0.4706004899254715,0.0002227382034215,0.4706004899254715,0.0,,,
5513822,K06590.01,FALSE POSITIVE,23.2,2.619,0.755109271,1374.0,1.5603140332887122e-05,0.3648358208955242,3.805701798142991e-07,0.7681751807179245,1.3405662819820918e-06,0.0,14.0,14.0,1800,pdcsap_flux,50542.0,0.0,29.423963399603963,17.0,0.1445155081402781,1.0,0.4339163468006806,primary_only,0.0,0.0,29233.0,201.0,201.0,145.0,5.215270287926998e-06,0.0,,0.0,,0.0,,0.0,,,
5513897,K02591.01,FALSE POSITIVE,106.0,2.967,0.755109106,1376.0,0.0001099092985227,1.889432835820884,-1.025412712207796e-05,5.318846214682616,3.0223120960348737e-06,0.0,13.0,13.0,1800,pdcsap_flux,50165.0,0.0,29.42394345067441,19.0,0.1637180627510536,1.0,0.4913983853284162,primary_only,0.0,0.0,32851.0,201.0,201.0,164.0,1.0366310312218552e-05,0.0,,0.0,,0.0,,0.0,,,
5520547,K02990.01,CONFIRMED,219.9,4.562,11.20058855,121.0,0.0001833834416231,2.178865671641802,2.758812996717097e-06,2.3688456355072307,8.156753393395721e-05,0.0,17.0,17.0,1800,pdcsap_flux,64719.0,0.0,29.424417520640414,27.0,0.0169708343882816,1.0,0.1036326272037577,,0.0,0.0,4403.0,201.0,201.0,22.0,1.6939399515837572e-05,7.359470002488155e-05,0.4991707434166942,7.359470002488155e-05,0.4991707434166942,0.0,,0.0,,,
5524881,K03030.01,FALSE POSITIVE,214.6,4.095,7.19552624,159.0,0.0001982025870378,0.3259701492537319,4.007184432186506e-05,2.33774386089542,8.94143223917343e-06,0.0,14.0,14.0,1800,pdcsap_flux,54913.0,0.0,29.42453554831445,25.0,0.0237126506538874,1.0,0.1424981334110319,,0.0,0.0,5172.0,201.0,201.0,25.0,2.319573505805437e-05,0.0,,0.0,,0.0,,0.0,,,
5529560,K06593.01,FALSE POSITIVE,70.0,2.734,0.759755409,1495.0,7.008307711386941e-05,0.6528955223880608,-1.0790605060151393e-05,2.773318099408314,9.118758109161185e-06,0.0,14.0,14.0,1800,pdcsap_flux,54905.0,0.0,29.424534285790287,17.0,0.1499386056581094,1.0,0.4493215554138967,primary_only,0.0,0.0,32907.0,201.0,201.0,163.0,6.135668074303435e-06,0.0,,0.0,,0.0,,0.0,,,
5547480,K00224.01,FALSE POSITIVE,907.6,2.3607,3.979867514,269.0,0.0007720694967469,1.3623940298507415,5.964323623064427e-05,10.60660169231716,2.9481157371447075e-05,8.250680295129875e-05,20.0,14.0,60|1800,pdcsap_flux,51758.0,0.0,29.424368067411702,15.0,0.0247150186919513,1.0,0.1486919896441129,,0.0,0.0,5129.0,201.0,201.0,25.0,1.6443242282874835e-05,8.250680295129875e-05,0.4975663859418892,8.250680295129875e-05,0.4975663859418892,8.250680295129875e-05,0.4975663859418892,0.0,,,
5561278,K01621.01,CONFIRMED,164.6,5.3357,20.31047472,67.0,0.0001523949217135,3.7164079601990174,-6.282057005257968e-06,8.142201725976477,2.208486211030536e-05,0.0,30.0,18.0,60|1800,pdcsap_flux,65244.0,0.0,29.42446514032781,33.0,0.0109461170355812,1.0,0.0648488749923364,,0.0,0.0,2905.0,201.0,201.0,13.0,5.233260613301216e-06,1.833103640691558e-05,0.4974928600349314,1.833103640691558e-05,0.4974928600349314,0.0,,0.0,,,
5562090,K02664.01,CONFIRMED,756.7,3.171,28.8431751,44.0,0.000596151501262,0.7572537313432832,-0.0001130036449481,2.269325105828316,3.386622859569144e-05,0.0,25.0,16.0,60|1800,pdcsap_flux,63123.0,0.0,29.42439230158925,19.0,0.0045808063620568,1.0,0.0265830204521331,,0.0,0.0,1112.0,201.0,201.0,5.0,7.206948128634169e-05,0.000222457981028,0.1625323961305294,0.0002257207444753,-0.1042995744592867,0.0,,0.0,,,
5563057,K05179.01,FALSE POSITIVE,22.0,4.848,1.049468616,1280.0,2.2100886531983832e-05,3.2802388059701224,-8.812181752082537e-07,2.2804799218651683,4.365754466051364e-06,0.0,18.0,18.0,1800,pdcsap_flux,65204.0,0.0,29.424465632764623,29.0,0.1924783618303074,1.0,0.5779553401631802,primary_only,0.0,0.0,50208.0,201.0,201.0,250.0,1.7057613910643087e-06,0.0,,0.0,,0.0,,0.0,,,
5563937,K04406.01,FALSE POSITIVE,226.2,2.129,0.519437968,2184.0,0.0001926504067554,0.8897313432835865,-3.5300014509243027e-06,4.287926832725624,1.5028163007690942e-05,0.0,14.0,14.0,1800,pdcsap_flux,54937.0,0.0,29.42451911978424,13.0,0.1707775303274198,1.0,0.5130422119882775,primary_only,0.0,0.0,37561.0,201.0,201.0,186.0,4.987474150911587e-05,0.0,,0.0,,0.0,,0.0,,,
5598645,K07560.01,FALSE POSITIVE,31.1,2.614,0.648772102,1602.0,3.078647101062426e-05,1.0924179104477645,-8.404475927648036e-06,2.761869128845497,1.628188576185963e-07,0.0,14.0,14.0,1800,pdcsap_flux,50639.0,0.0,29.42395987920463,15.0,0.1678812426288124,1.0,0.5028140366120974,primary_only,0.0,0.0,33985.0,201.0,201.0,169.0,1.9756052780969256e-06,0.0,,0.0,,0.0,,0.0,,,
5599774,K02337.01,CONFIRMED,834.0,2.2128,8.49640437,120.0,0.0007117366823817,1.365110447761191,-1.2094381248273224e-05,3.2485053996462296,0.0001159466209842,0.0,13.0,13.0,1800,pdcsap_flux,50134.0,0.0,29.423946960596368,13.0,0.0108516492371231,1.0,0.0651254637571309,,0.0,0.0,2156.0,201.0,201.0,11.0,5.457400273007551e-05,0.0,,0.0,,0.0,,0.0,,,
5609593,K02834.01,CONFIRMED,1209.3,5.568,136.205112,10.0,0.0010099188169908,2.54853731343285,-2.4399809841479936e-06,2.3532991420990985,5.025107951694974e-05,0.0,16.0,16.0,1800,pdcsap_flux,63107.0,0.0,29.42437033576425,35.0,0.0017033134556653,1.0,0.0103475050311375,,0.0,0.0,449.0,201.0,200.0,2.0,9.77591134523522e-05,0.0003293530761231,0.2403082506387024,0.0003293530761231,0.2403082506387024,0.0,,0.0,,,
5617854,K01588.01,CONFIRMED,532.8,1.5639,3.517494725,384.0,0.0005058923267118,1.18265074626866,1.983906295333071e-05,8.480432065255112,3.5780558222842096e-05,0.0,17.0,17.0,1800,pdcsap_flux,64788.0,0.0,29.424426583573226,9.0,0.0185252587692224,1.0,0.1109310366117182,,0.0,0.0,4842.0,201.0,201.0,24.0,1.4882390264671153e-05,0.0,,0.0,,0.0,,0.0,,,
5621294,K06606.01,FALSE POSITIVE,358893.0,5.00453,0.938905082,1434.0,0.3056617052956802,2.5894085572139294,-0.0090041378804897,32.03082416456174,8.063797751445279e-05,,18.0,18.0,1800,pdcsap_flux,65267.0,0.0,29.42444653250277,31.0,0.2220906962066409,1.0,0.6658801538296536,primary_only,0.0,0.0,57981.0,201.0,201.0,288.0,,,,,,,,0.0,blanking covers 0.89 of the orbit,,
5629538,K02345.01,CONFIRMED,292.5,4.509,15.18727049,73.0,0.0002896864221474,1.2562388059701428,-9.179664408098807e-05,3.6989028431539577,3.595071666462335e-05,0.0,14.0,14.0,1800,pdcsap_flux,51761.0,0.0,29.42438584752381,27.0,0.0123705573113816,1.0,0.0742257684356948,,0.0,0.0,2596.0,201.0,201.0,13.0,2.2350963485965345e-05,0.0,,0.0,,0.0,,0.0,,,
5641294,K06133.01,FALSE POSITIVE,29.3,21.34,2.6160943,,1.883506774902344e-05,5.520796019900504,5.960464477539063e-06,1.0296573912782807,9.298324584960938e-06,,18.0,18.0,1800,pdcsap_flux,65240.0,0.0,29.424463296309117,,0.3398832628726979,1.0,1.0,none,0.0,0.0,65240.0,148.0,148.0,441.0,,,,,,,,0.0,blanking covers 1.36 of the orbit,,
5648449,K00979.01,FALSE POSITIVE,625.6,3.2797,4.348866254,307.0,0.0005613699027513,1.7622268656716331,2.003520046278684e-05,55.55740506837932,1.0068740820323718e-05,7.763410998129494e-05,19.0,18.0,60|1800,pdcsap_flux,65267.0,0.0,29.42446404544171,21.0,0.0314229407586344,1.0,0.1863882206934591,,0.0,0.0,8195.0,201.0,201.0,41.0,2.755446639941728e-06,7.763410998129494e-05,0.4584014634380344,7.763410998129494e-05,0.4584014634380344,7.763410998129494e-05,0.4584014634380344,0.0,,,
5649215,K00839.01,FALSE POSITIVE,1177.9,4.7211,2.446737317,552.0,0.0011048475907631,2.5367104477612,-0.0001250419964954,22.97672632697092,5.529982872842787e-05,0.0,17.0,17.0,1800,pdcsap_flux,64762.0,0.0,29.4244497071486,29.0,0.0803978827777039,1.0,0.4823662024026435,,0.0,0.0,20890.0,201.0,201.0,104.0,1.2226564858008128e-05,0.0,,0.0,,0.0,,0.0,,,
5653163,K05190.01,FALSE POSITIVE,349.6,6.825,2.40435325,259.0,0.0002886285663842,2.716417910447752,4.828823705493868e-05,3.820404498181964,7.696241666843573e-05,0.0,8.0,8.0,1800,pdcsap_flux,30143.0,0.0,29.42428467271384,41.0,0.1182750496417279,1.0,0.7085558836214046,,0.0,0.0,14330.0,201.0,201.0,72.0,2.8331169657254595e-05,0.0,,0.0,,0.0,,0.0,,,
5653795,K07734.01,FALSE POSITIVE,216.3,4.79,118.314913,7.0,0.0001833060207306,0.2859701492537336,5.216182581879725e-05,1.358446279314221,7.217023235528419e-05,0.0,17.0,17.0,1800,pdcsap_flux,64774.0,0.0,29.424447192577645,29.0,0.0016868823064877,1.0,0.0098650693179362,,0.0,0.0,388.0,200.0,171.0,2.0,3.743171992747118e-05,0.000112627669714,0.0126089242567179,0.0001204175116424,0.0438162469267404,0.0,,0.0,,,
5696909,K06614.01,FALSE POSITIVE,2671.5,1.02608,0.643002821,2077.0,0.0023541678160045,0.6738435820895523,-9.075640018463282e-05,38.47567325922703,5.49832933799399e-05,0.000596554923705,17.0,17.0,1800,pdcsap_flux,64755.0,0.0,29.424423644668423,7.0,0.0664901178300325,1.0,0.3989035595706895,,0.0,0.0,17219.0,201.0,201.0,86.0,1.3440570600856547e-05,0.000596554923705,0.4994835473629397,0.000596554923705,0.4994835473629397,0.000596554923705,0.4994835473629397,0.0,,,
5697628,K06615.01,FALSE POSITIVE,59.7,1.907,1.95119541,690.0,4.952760839915804e-05,0.0759004975124382,-1.9195054851928184e-05,0.8826450023390618,1.581193352617749e-05,0.0,17.0,17.0,1800,pdcsap_flux,64748.0,0.0,29.424425064353272,11.0,0.0407228988578511,1.0,0.2442855377772286,,0.0,0.0,10605.0,201.0,201.0,53.0,1.034106116202711e-05,3.349126851615036e-05,-0.4971957398608093,3.349126851615036e-05,-0.4971957398608093,0.0,,0.0,,,
5725087,K00033.01,FALSE POSITIVE,275.3,1.2335,0.366197145,1824.0,0.0002800895399203,0.9082487562189118,-2.7573227119437327e-05,15.073676993845464,8.99263064557676e-06,7.559084102970459e-05,18.0,18.0,1800,pdcsap_flux,65266.0,0.0,29.42446195520461,7.0,0.1403501748582265,1.0,0.421291330861398,primary_only,0.0,0.0,36643.0,201.0,201.0,182.0,1.7885459998288588e-05,7.559084102970459e-05,-0.4912170782430908,7.559084102970459e-05,-0.4912170782430908,7.559084102970459e-05,-0.4912170782430908,0.0,,,
5731312,K06621.01,FALSE POSITIVE,278086.0,2.58667,7.946367138,167.0,0.2266764763092604,1.4413285572139254,0.0061864914768036,2489.27984804911,0.0010671008192951,0.009307295900705,20.0,17.0,60|1800,pdcsap_flux,64798.0,0.0,29.42444836604409,15.0,0.0135631685265668,1.0,0.0817154850458347,,0.0,0.0,3462.0,201.0,201.0,17.0,1.7988547506359787e-05,0.009307295900705,-0.2422900189556543,0.009307295900705,-0.2422900189556543,0.009307295900705,-0.2422900189556543,0.0,,,
5736801,K07739.01,FALSE POSITIVE,178.3,2.372,6.6751871,168.0,0.0001430533118548,0.3776318407960202,1.3060474985393531e-05,0.9352697578372948,7.13066926673056e-05,0.0,14.0,14.0,1800,pdcsap_flux,54925.0,0.0,29.42451760056429,15.0,0.0148060768713634,1.0,0.0886845698680018,,0.0,0.0,3207.0,201.0,201.0,16.0,3.398158854966433e-05,0.0,,0.0,,0.0,,0.0,,,
5737869,K06624.01,FALSE POSITIVE,174.0,3.024,26.2402438,52.0,0.0001971420415662,0.1805373134328362,3.105391501290189e-05,1.2086021162144729,2.3838414057841817e-05,0.0,17.0,17.0,1800,pdcsap_flux,64729.0,0.0,29.42444778454956,19.0,0.0048017846541502,1.0,0.0286733921426254,,0.0,0.0,1240.0,201.0,201.0,6.0,3.62838069837561e-05,0.0001248291386352,0.2016706198350926,0.0001248291386352,0.2016706198350926,0.0,,0.0,,,
5738634,K03951.01,FALSE POSITIVE,70.6,4.07,2.40435335,560.0,6.740700121377063e-05,2.4298507462686527,9.432648465756976e-06,3.6095080471535215,1.6315609482342452e-06,0.0,18.0,18.0,1800,pdcsap_flux,65210.0,0.0,29.42446648143232,25.0,0.0705317849114537,1.0,0.42294126667689,,0.0,0.0,18528.0,201.0,201.0,92.0,4.029450709702242e-06,0.0,,0.0,,0.0,,0.0,,,
5768927,K06135.01,FALSE POSITIVE,46829.0,2.9472,4.390513938,236.0,0.0422920393706262,1.7595223880597015,-0.0012025981182004,789.1543461063851,0.0004241206651833,0.0013159763510346,14.0,14.0,1800,pdcsap_flux,50642.0,0.0,29.423962393775582,19.0,0.0279693907670268,1.0,0.1694443347419138,,0.0,0.0,5674.0,201.0,201.0,28.0,9.311299080495847e-06,0.0013159763510346,-0.4993530657082546,0.0013159763510346,-0.4993530657082546,0.0013159763510346,-0.4993530657082546,0.0,,,
5771589,K06625.01,FALSE POSITIVE,1684.2,2.3544,10.738427243,93.0,0.0017770085642747,1.2181970149253656,0.0001574031111375,43.90504986776888,0.0002684897226659,0.0003607964237255,15.0,14.0,60|1800,pdcsap_flux,50635.0,0.0,29.423965070745908,15.0,0.0091354159952937,1.0,0.0545472499259405,,0.0,0.0,1807.0,201.0,201.0,9.0,5.942153059156441e-06,0.0003607964237255,0.4967987817922563,0.0003607964237255,0.4967987817922563,0.0003607964237255,0.4967987817922563,0.0,,,
5774375,K07740.01,FALSE POSITIVE,370546.0,7.5945,1.549979213,672.0,0.3259320297106716,3.9294925373134415,-0.0113552674361453,13.36719989038589,0.0011981701546928,,14.0,13.0,60|1800,pdcsap_flux,50173.0,0.0,29.423953168443404,47.0,0.2041559637354955,1.0,0.6108464712096148,primary_only,0.0,0.0,40912.0,201.0,201.0,203.0,,,,,,,,0.0,blanking covers 0.82 of the orbit,,
5781192,K06626.01,FALSE POSITIVE,237595.0,5.3012,9.459993213,143.0,0.2074909805539455,2.95390248756221,-0.0044344684892729,2651.551452086886,0.0007044345774064,0.0586519336932098,19.0,18.0,60|1800,pdcsap_flux,65263.0,0.0,29.424435546970926,33.0,0.0233492063218178,1.0,0.1399414676003248,,0.0,0.0,6090.0,201.0,201.0,30.0,1.816695438298448e-05,0.0586519336932098,-0.4795655836863325,0.0586519336932098,-0.4795655836863325,0.0586519336932098,-0.4795655836863325,0.0,,,
5791705,K08106.01,FALSE POSITIVE,289.1,9.312,614.39054,3.0,0.0001854713214322,0.7412537313432783,9.153777720138924e-05,1.127565247671003,0.0001963255350349,0.0003289750021211,18.0,18.0,1800,pdcsap_flux,65213.0,0.0,29.424445851473138,57.0,0.0006315201402677,1.0,0.0042322849738549,,0.0,0.0,217.0,200.0,166.0,1.0,4.361747333731825e-05,0.0003289750021211,-0.305328150130159,0.0003844980195963,0.0368768258774937,0.0003289750021211,-0.305328150130159,0.0,,,
5791986,K00413.01,CONFIRMED,1124.8,2.5967,15.22895514,93.0,0.0010753220876756,2.222051741293539,-3.690586024107656e-05,8.821403117834409,2.3863830885706427e-05,0.0,23.0,17.0,60|1800,pdcsap_flux,64792.0,0.0,29.424431277439,15.0,0.0071046130439473,2.0,0.058433139893814,,1.0,0.0166224225212989,1937.0,201.0,201.0,10.0,2.761368814167888e-05,0.0001093777063058,0.0408396242586117,0.0003369382288918,-0.4991366811457864,0.0,,0.0166224225212989,,,
5791986,K00413.02,CONFIRMED,650.6,3.2648,24.67458244,52.0,0.0006170673305316,1.9491343283582017,-2.5315484257992796e-05,4.264087910587206,8.596427300777698e-06,0.0,23.0,17.0,60|1800,pdcsap_flux,64792.0,0.0,29.424431277439,19.0,0.005513095658827,2.0,0.0544974688233115,,1.0,0.0224564761081615,1436.0,201.0,201.0,7.0,3.5908510706647866e-05,0.0001286232742897,0.115412222732924,0.0001286232742897,0.115412222732924,0.0,,0.0224564761081615,,,
5794379,K00842.01,CONFIRMED,1149.4,3.0957,12.71809866,107.0,0.0010655326208709,2.525844776119393,2.861778299745321e-05,8.164700765217901,2.2765004341285252e-05,0.0,17.0,17.0,1800,pdcsap_flux,64699.0,0.0,29.42443663137965,19.0,0.0101420427257481,2.0,0.0751789053926644,,1.0,0.0159198751139893,2672.0,201.0,201.0,14.0,4.217574471550791e-05,0.000168246583951,0.1605155438282538,0.000168246583951,0.1605155438282538,0.0,,0.0159198751139893,,,
5794379,K00842.02,CONFIRMED,1563.8,4.3246,36.06588163,38.0,0.0015666603926993,3.356405970149269,-3.0277718931270847e-05,7.447942230486681,4.442142395710835e-05,0.000299553778976,17.0,17.0,1800,pdcsap_flux,64699.0,0.0,29.42443663137965,27.0,0.0049961808369265,2.0,0.0602482264022627,,1.0,0.0310669407564259,1375.0,201.0,201.0,6.0,5.752274811511805e-05,0.000182256739153,-0.3132608576074742,0.000299553778976,-0.3238777418859432,0.000299553778976,-0.3238777418859432,0.0310669407564259,,,
5802285,K06627.01,FALSE POSITIVE,4759.6,1.8478,1.208524388,887.0,0.0041207079572799,1.0663920398009938,-0.0001303904267687,65.0521835930682,0.0025245324857271,0.0,14.0,14.0,1800,pdcsap_flux,51804.0,0.0,29.42437309655361,11.0,0.0637071683709097,1.0,0.3825380279515095,,0.0,0.0,13225.0,201.0,201.0,66.0,1.754405743975358e-05,0.0,,0.0,,0.0,,0.0,,,
5802292,K04767.01,FALSE POSITIVE,180.8,1.336,1.208528832,716.0,0.0001648078817786,0.3456318407960221,-5.061871555311903e-05,1.6349141760826411,4.914601318684042e-06,0.0,11.0,11.0,1800,pdcsap_flux,41933.0,0.0,29.42451668903232,9.0,0.0460615131329085,1.0,0.2767510075596785,,0.0,0.0,7756.0,201.0,201.0,38.0,2.7728061295147156e-05,0.0,,0.0,,0.0,,0.0,,,
5802478,K01834.01,FALSE POSITIVE,417.0,2.15,3.79188234,281.0,0.0004635651378721,1.5830845771144375,-5.391090079132077e-06,6.040283232271734,4.922509375671069e-06,0.0,14.0,14.0,1800,pdcsap_flux,51814.0,0.0,29.424372426001355,13.0,0.0236250298139085,1.0,0.1415833558497703,,0.0,0.0,4923.0,201.0,201.0,24.0,3.329763887491235e-05,0.0001057522484716,-0.1780862934456075,0.0001143105234551,-0.1426487487247446,0.0,,0.0,,,
5817957,K07742.01,FALSE POSITIVE,1157.2,23.27,372.76888,4.0,0.0012088045984216,10.650945273631876,7.914612205850435e-05,3.9088850761550273,2.9168315019867382e-05,0.0004865965647107,17.0,17.0,1800,pdcsap_flux,64736.0,0.0,29.42445022054017,143.0,0.0026010307870478,1.0,0.0163741967375185,,0.0,0.0,702.0,201.0,201.0,4.0,8.295583252036709e-05,0.0004865965647107,0.0127597484520315,0.0004865965647107,0.0127597484520315,0.0004865965647107,0.0127597484520315,0.0,,,
5857540,K02448.01,CONFIRMED,912.8,3.5374,13.62801048,59.0,0.0008794087564552,2.18227661691543,4.816038333965711e-05,4.952951815804178,2.212248082100743e-05,0.0,10.0,10.0,1800,pdcsap_flux,40336.0,0.0,29.424016698030755,21.0,0.0108153473232922,1.0,0.0631445854819516,,0.0,0.0,1654.0,201.0,201.0,8.0,4.729066180004648e-05,0.0,,0.0,,0.0,,0.0,,,
5860968,K04384.01,CONFIRMED,352.8,10.768,122.358116,8.0,0.0003041238121445,3.214328358208949,-0.0001150531812416,1.5639451528832595,5.773283766652426e-05,0.0,13.0,13.0,1800,pdcsap_flux,50113.0,0.0,29.42395518533885,65.0,0.0036668320936444,1.0,0.024025701913675,,0.0,0.0,669.0,201.0,201.0,3.0,4.258556821197388e-05,0.0001348166353081,0.0449896499479215,0.000157354839543,0.2264978385833207,0.0,,0.0,,,
5864975,K01787.01,CONFIRMED,7320.0,6.593,98.7179332,10.0,0.0072409996998246,5.248159203980122,-0.0004981387566554,20.55404079903637,0.0001539821770902,0.0,11.0,11.0,1800,pdcsap_flux,40349.0,0.0,29.425035612657663,41.0,0.0027827601776951,1.0,0.0172742818905053,,0.0,0.0,449.0,201.0,199.0,2.0,8.678655601948019e-05,0.0002701048723415,0.2878814338372767,0.0002954562999653,-0.2032757375259118,0.0,,0.0,,,
5887316,K07747.01,FALSE POSITIVE,1242.8,1.0869,0.603086711,1772.0,0.0011164523563815,0.7137850746268606,-7.167137939434465e-05,11.063010177464829,1.9918835067356252e-05,0.0003875850578114,14.0,14.0,1800,pdcsap_flux,51802.0,0.0,29.42437444813549,7.0,0.0750928501225091,1.0,0.4500791475232616,,0.0,0.0,15554.0,201.0,201.0,78.0,9.817415433538531e-06,0.0003875850578114,0.4988891966521282,0.0003875850578114,0.4988891966521282,0.0003875850578114,0.4988891966521282,0.0,,,
5893123,K00653.01,FALSE POSITIVE,146.0,1.5034,1.125963085,1186.0,0.0001434557330006,0.8975522388059654,1.2618902109906571e-06,7.385590968170032,1.0857068111214121e-07,3.053481031034533e-05,23.0,17.0,60|1800,pdcsap_flux,64721.0,0.0,29.424446694902144,9.0,0.0556338546984128,1.0,0.3336011495496052,,0.0,0.0,14389.0,201.0,201.0,71.0,5.500497637667667e-06,3.053481031034533e-05,0.4939886207184619,3.053481031034533e-05,0.4939886207184619,3.053481031034533e-05,0.4939886207184619,0.0,,,
5894825,K06633.01,FALSE POSITIVE,54.4,10.32,1.36293943,994.0,2.813339233398437e-05,3.491343283582088,4.0531158447265625e-06,1.1410739730213366,7.987022399902344e-06,,17.0,17.0,1800,pdcsap_flux,64777.0,0.0,29.424445694312453,,0.3154945777744503,1.0,1.0,none,0.0,0.0,64777.0,160.0,160.0,407.0,,,,,,,,0.0,blanking covers 1.26 of the orbit,,
5905728,K05209.01,FALSE POSITIVE,34.7,2.619,7.87173698,174.0,3.878296160098049e-05,0.3648358208955242,4.27810126668593e-06,2.378470912026359,1.979335310420272e-05,0.0,19.0,18.0,60|1800,pdcsap_flux,65267.0,0.0,29.42446363158524,17.0,0.0138628869685633,1.0,0.0845909877886221,,0.0,0.0,3660.0,201.0,201.0,18.0,4.436917113279204e-06,1.5697760780919445e-05,0.2018151990010964,1.8044643166459373e-05,-0.4809319842006511,0.0,,0.0,,,
5955427,K08112.01,FALSE POSITIVE,696.9,15.396,213.201978,6.0,0.0005528282912551,1.2255522388059747,-0.0001159142952945,1.3267669319241586,0.0007343672588289,0.0005171548591883,17.0,17.0,1800,pdcsap_flux,64781.0,0.0,29.424425158649683,95.0,0.0030088839044448,1.0,0.0162702026828854,,0.0,0.0,735.0,201.0,201.0,4.0,0.0001059509836741,0.0005171548591883,-0.1705267353355969,0.0005171548591883,-0.1705267353355969,0.0005171548591883,-0.1705267353355969,0.0,,,
5955621,K04624.01,FALSE POSITIVE,90.7,3.402,14.0801852,97.0,6.184953558785455e-05,0.4062089552238817,3.0564465836047106e-06,1.8659833544232345,3.737437832285195e-05,7.586392328517988e-05,18.0,18.0,1800,pdcsap_flux,65266.0,0.0,29.42443864303641,21.0,0.0100673391710785,1.0,0.0611650782949774,,0.0,0.0,2691.0,201.0,201.0,13.0,2.3122455418774124e-05,7.116918819016771e-05,0.2009463985797239,7.852684032416679e-05,-0.4995502610806865,7.586392328517988e-05,0.19213747680503,0.0,,,
5956977,K08113.01,FALSE POSITIVE,432.6,2.285,77.773042,17.0,0.000450208137789,0.1818905472636809,-0.000104667124937,2.9769253121709744,0.0002030914549566,0.0001991986164977,18.0,18.0,1800,pdcsap_flux,65261.0,0.0,29.42443965410348,13.0,0.0012241816815309,1.0,0.0075236358621535,,0.0,0.0,314.0,200.0,156.0,2.0,4.178388447246252e-05,0.0001739947272213,-0.4995282569309713,0.0001991986164977,-0.1256937759334747,0.0001991986164977,-0.1256937759334747,0.0,,,
5962514,K06639.01,FALSE POSITIVE,149304.0,4.9939,0.790046373,227.0,0.1365825533866882,2.782670646766164,-0.0056146085262298,14.040440523722468,0.0882725417613983,,2.0,2.0,1800,pdcsap_flux,8635.0,0.0,29.423512447974645,,0.2633758900462247,1.0,1.0,none,0.0,0.0,8635.0,191.0,191.0,47.0,,,,,,,,0.0,blanking covers 1.05 of the orbit,,
5963222,K01035.01,FALSE POSITIVE,5811.5,3.3208,1.217266418,1099.0,0.0054007158050706,2.2469094527363085,-9.713459574234308e-05,10.691146704387483,1.943372386437048e-05,0.0,18.0,18.0,1800,pdcsap_flux,65265.0,0.0,29.424448785139248,21.0,0.1136699941940456,1.0,0.6824331571286294,,0.0,0.0,29630.0,201.0,201.0,147.0,0.0006383448906946,0.0,,0.0,,0.0,,0.0,,,
5963582,K02479.01,CONFIRMED,138.6,8.567,25.5433704,51.0,0.0001249698463792,2.557313432835837,7.505199610458035e-06,4.15121156586564,3.186746450944966e-05,0.0,18.0,18.0,1800,pdcsap_flux,65233.0,0.0,29.42444962856825,53.0,0.0139745980167649,1.0,0.0814311774715251,,0.0,0.0,3488.0,201.0,201.0,15.0,9.5471685173524e-06,3.87843161147039e-05,-0.499062458545287,3.87843161147039e-05,-0.499062458545287,0.0,,0.0,,,
5978361,K00558.01,CONFIRMED,796.5,2.1945,9.17858526,144.0,0.0007339748895348,1.92155223880598,6.915916732630478e-07,8.049596456589954,8.114468624698112e-06,0.0,17.0,17.0,1800,pdcsap_flux,64765.0,0.0,29.424446364864707,13.0,0.0099620472447406,1.0,0.0602485910599861,,0.0,0.0,2554.0,201.0,201.0,13.0,2.471578580302736e-05,7.468056231763054e-05,0.385414269548264,7.626235371116508e-05,-0.1973654942690564,0.0,,0.0,,,
5991070,K07756.01,FALSE POSITIVE,34.5,4.415,0.94102954,1434.0,3.07304957836152e-05,0.439303482587063,-7.759571961418743e-06,0.7237110745632057,2.3835532174554253e-05,0.0,18.0,18.0,1800,pdcsap_flux,65267.0,0.0,29.424464213079773,27.0,0.1954862472577995,1.0,0.5864832151010465,primary_only,0.0,0.0,51022.0,201.0,201.0,254.0,5.456671834508863e-06,0.0,,0.0,,0.0,,0.0,,,
5991765,K04538.01,FALSE POSITIVE,88.1,2.854,9.25801294,146.0,7.998796606689673e-05,0.3407761194029853,-1.596777532897331e-05,1.6157112951539525,9.232120488200655e-06,0.0,18.0,18.0,1800,pdcsap_flux,65213.0,0.0,29.424464805051684,17.0,0.0128447289323692,1.0,0.0767024979681965,,0.0,0.0,3377.0,201.0,201.0,17.0,1.1563290100729584e-05,4.790629714246375e-05,-0.4951721748525062,4.790629714246375e-05,-0.4951721748525062,0.0,,0.0,,,
6020753,K00657.01,CONFIRMED,549.1,2.0396,4.069425638,257.0,0.0005173163253278,1.542384079601988,-5.824290559508505e-06,13.184279925035211,1.5631926310710753e-05,0.0,28.0,13.0,60|1800,pdcsap_flux,50148.0,0.0,29.423949318006635,13.0,0.0208833729604898,2.0,0.1419797399696897,,1.0,0.0232312355427933,4206.0,201.0,201.0,21.0,1.1547597416015664e-05,3.5753499295076985e-05,0.3849363256292028,3.5753499295076985e-05,0.3849363256292028,0.0,,0.0232312355427933,,,
6020753,K00657.02,CONFIRMED,792.6,2.9227,16.28247625,66.0,0.0007642940001331,2.384690547263672,-3.776399582144929e-05,10.063946566279968,2.5250317040814707e-05,0.0,28.0,13.0,60|1800,pdcsap_flux,50148.0,0.0,29.423949318006635,17.0,0.0074791551848059,2.0,0.1085187843981813,,1.0,0.062913775225333,1560.0,201.0,201.0,8.0,1.839171486042317e-05,0.0,,0.0,,0.0,,0.062913775225333,,,
6035124,K02071.01,CONFIRMED,127.8,2.0808,3.85690686,347.0,0.0001125984124485,1.5321313432835904,1.8712862316361267e-06,3.457311610608269,3.0007511455654168e-06,0.0,17.0,17.0,1800,pdcsap_flux,64782.0,0.0,29.4244235556107,13.0,0.0224791531522749,1.0,0.1343120002469822,,0.0,0.0,5817.0,201.0,201.0,29.0,8.51521347556532e-06,0.0,,0.0,,0.0,,0.0,,,
6048024,K01684.01,FALSE POSITIVE,1688.4,2.6901,62.81584402,23.0,0.0015220421316267,1.6060298507462705,-0.0001552642485097,24.89340854009066,7.643729293171919e-05,0.0,18.0,18.0,1800,pdcsap_flux,65244.0,0.0,29.424453238025308,17.0,0.0017843826147478,1.0,0.0111121329164367,,0.0,0.0,495.0,201.0,201.0,2.0,1.63609750622133e-05,7.333619706906269e-05,0.0815107617477957,7.333619706906269e-05,0.0815107617477957,0.0,,0.0,,,
6049470,K08115.01,FALSE POSITIVE,81.0,12.62,354.7897,4.0,8.226290979707063e-05,1.004577114427864,-3.782489625847596e-06,1.565520222148738,0.0001303408521391,0.000230857666807,18.0,18.0,1800,pdcsap_flux,65262.0,0.0,29.42445273511112,77.0,0.0014820986441639,1.0,0.0090711286813153,,0.0,0.0,398.0,200.0,139.0,2.0,1.17170839141687e-05,0.000230857666807,-0.0853400899435415,0.000230857666807,-0.0853400899435415,0.000230857666807,-0.0853400899435415,0.0,,,
6056992,K00051.01,FALSE POSITIVE,29375.6,3.8853,10.431146765,121.0,0.025697656979658,2.3195820895522328,-0.0005638745395689,102.84854606257616,0.0001855617094982,0.0,35.0,16.0,60|1800,pdcsap_flux,60716.0,0.0,29.42443245090544,23.0,0.015519626331324,1.0,0.0925620923644508,,0.0,0.0,3789.0,201.0,201.0,19.0,6.946877284164964e-05,0.0,,0.0,,0.0,,0.0,,,
6065010,K05235.01,FALSE POSITIVE,194.3,10.08,159.05846,,9.024158933712556e-05,0.8023880597014923,-9.44764086474592e-06,0.5872846502000606,0.0002377200986333,0.0005035965362671,18.0,18.0,1800,pdcsap_flux,65266.0,0.0,29.42446161992848,61.0,0.0026405385793374,1.0,0.015199338093341,,0.0,0.0,533.0,201.0,201.0,3.0,2.429022154194784e-05,0.0005035965362671,0.3241821835844063,0.0005035965362671,0.3241821835844063,0.0005035965362671,0.3241821835844063,0.0,,,
6066379,K03649.01,FALSE POSITIVE,126636.0,4.36797,1.303858554,479.0,0.1109558817110035,2.4338937313432893,-0.0046291983800189,12.494056670845064,0.0002564187206705,0.0101055157289458,8.0,8.0,1800,pdcsap_flux,30161.0,0.0,29.424286516732536,27.0,0.139584734434315,1.0,0.4182222074864892,primary_only,0.0,0.0,16813.0,201.0,201.0,84.0,0.0015456239107031,0.0101055157289458,-0.4939786685458264,0.0101055157289458,-0.4939786685458264,0.0101055157289458,-0.4939786685458264,0.0,,,
6072593,K03070.01,FALSE POSITIVE,163.1,1.7,5.07538255,260.0,0.0001665690750071,0.608955223880597,1.647510809332786e-05,2.9695558217170808,6.668753353322732e-05,0.0,17.0,17.0,1800,pdcsap_flux,64744.0,0.0,29.42444787360728,11.0,0.0139562550478748,1.0,0.0832972939577412,,0.0,0.0,3559.0,201.0,201.0,18.0,1.6448325671176468e-05,5.118956337213376e-05,-0.0690752192984456,5.118956337213376e-05,-0.0690752192984456,0.0,,0.0,,,
6115516,K03134.01,FALSE POSITIVE,191.6,0.8408,0.865759153,1308.0,0.0001520303983332,0.4015761194029839,1.326916017196922e-05,3.473608218716645,5.885928569648868e-06,0.0,14.0,14.0,1800,pdcsap_flux,54934.0,0.0,29.424531357362863,5.0,0.0404654495559613,1.0,0.2424727855244475,,0.0,0.0,8874.0,201.0,201.0,44.0,1.3664576666559024e-05,0.0,,0.0,,0.0,,0.0,,,
6124941,K01058.01,FALSE POSITIVE,536.7,0.9361,5.670155713,232.0,0.0004594125156893,0.5588656716417884,-1.670543952425607e-05,7.013518856383303,6.658222167188477e-05,0.0,17.0,17.0,1800,pdcsap_flux,64758.0,0.0,29.424433121457696,5.0,0.0068788528288987,1.0,0.0410914481608449,,0.0,0.0,1795.0,201.0,201.0,5.0,1.5046006948009282e-05,0.0,,0.0,,0.0,,0.0,,,
6147573,K06669.01,FALSE POSITIVE,145045.0,6.32201,25.836831272,53.0,0.1273552624374959,3.522712039801006,-0.0043099059239622,2043.3778046517652,0.0058645761999835,0.0686377656094797,18.0,18.0,1800,pdcsap_flux,65266.0,0.0,29.42446262575686,39.0,0.0101954098225197,1.0,0.0632795023442527,,0.0,0.0,2650.0,201.0,201.0,13.0,2.009082553698942e-05,0.0686377656094797,-0.2731471039894965,0.0686377656094797,-0.2731471039894965,0.0686377656094797,-0.2731471039894965,0.0,,,
6200715,K00451.01,FALSE POSITIVE,540.0,3.435,3.723560726,366.0,0.0004938981464845,2.5976119402985045,-1.6877965458572677e-06,10.78004347930028,1.765109061158121e-05,0.0,17.0,17.0,1800,pdcsap_flux,64759.0,0.0,29.42442640545778,21.0,0.0384376704267559,1.0,0.2318751061628499,,0.0,0.0,10142.0,201.0,201.0,51.0,1.2942738492203576e-05,0.0,,0.0,,0.0,,0.0,,,
6206214,K02252.01,CONFIRMED,134.2,4.389,13.53953595,98.0,0.0001259880972487,2.0962388059701595,-4.033582541307368e-07,3.6900150158372496,3.828812423023464e-05,0.0,17.0,17.0,1800,pdcsap_flux,64754.0,0.0,29.424432618543506,27.0,0.0135067406058329,1.0,0.0815548074250239,,0.0,0.0,3457.0,201.0,201.0,17.0,1.013069422143955e-05,3.193026260162046e-05,0.3897818933975166,3.821973660000921e-05,-0.2213981190164231,0.0,,0.0,,,
6209347,K06025.01,FALSE POSITIVE,79078.0,2.4682,2.136577151,330.0,0.0699244741966338,1.3753154228855704,-0.0026631821281332,378.3873089822861,4.221639440726843e-05,0.0009387595344709,8.0,8.0,1800,pdcsap_flux,34251.0,0.0,29.423514800146226,15.0,0.0481338418406902,1.0,0.2875828442965168,,0.0,0.0,6546.0,201.0,201.0,32.0,6.759684213597411e-05,0.0009387595344709,0.4998240896714886,0.0009387595344709,0.4998240896714886,0.0009387595344709,0.4998240896714886,0.0,,,
6268722,K06026.01,FALSE POSITIVE,48488.0,2.42989,2.638432816,388.0,0.0436180434970655,1.4506805970149197,-0.0017205299425993,344.9095446574986,0.0003014195765568,0.0001391700018696,14.0,14.0,1800,pdcsap_flux,50642.0,0.0,29.423975637182597,15.0,0.0383733161794735,1.0,0.2298684886062951,,0.0,0.0,7687.0,201.0,201.0,38.0,8.784695738005799e-06,0.0001391700018696,-0.4963449357928353,0.0001391700018696,-0.4963449357928353,0.0001391700018696,-0.4963449357928353,0.0,,,
6290382,K03869.01,FALSE POSITIVE,2336.0,2.824,6.12810722,216.0,0.001894930438646,1.0115820895522436,0.0001098467766995,5.245519241026763,0.0001359557368845,0.000830168842444,18.0,18.0,1800,pdcsap_flux,65262.0,0.0,29.42445139400661,17.0,0.0192011435900866,1.0,0.1148447795041524,,0.0,0.0,4980.0,201.0,201.0,25.0,6.347474650127256e-05,0.000830168842444,-0.498343489729463,0.000830168842444,-0.498343489729463,0.000830168842444,-0.498343489729463,0.0,,,
6301030,K06027.01,FALSE POSITIVE,375940.0,6.4648,11.991000357,55.0,0.324419156205701,3.344971144278603,-0.0080397429038477,358.4764578040884,0.0035905262634033,0.1256474355430438,8.0,8.0,1800,pdcsap_flux,30161.0,0.0,29.42428627051413,39.0,0.0224640696061207,1.0,0.1355061171711813,,0.0,0.0,2806.0,201.0,201.0,14.0,0.0002638978998935,0.1256474355430438,0.3059572338946277,0.1256474355430438,0.3059572338946277,0.1256474355430438,0.3059572338946277,0.0,,,
6307521,K01126.01,FALSE POSITIVE,778.9,22.695,29.7452499,46.0,0.0008797176413395,16.710746268656806,4.5061331586104814e-05,8.434947154156767,0.0001985201058055,0.0001143398340935,17.0,17.0,1800,pdcsap_flux,64617.0,0.0,29.42445273511112,139.0,0.0317907902330314,2.0,0.1923332869059225,,1.0,0.0058653295572372,8374.0,201.0,201.0,42.0,2.508356960497464e-05,0.0001143398340935,-0.495539512693738,0.0001143398340935,-0.495539512693738,0.0001143398340935,-0.495539512693738,0.0058653295572372,,,
6307521,K01126.02,FALSE POSITIVE,967.3,22.86,475.91706,5.0,0.0007308346486569,9.553432835820928,0.0001254492786881,2.1200575895248845,0.0002762949926472,0.0014745606266466,17.0,17.0,1800,pdcsap_flux,64617.0,0.0,29.42445273511112,139.0,0.0020013991513563,2.0,0.1075723106922326,,1.0,0.0974047077394493,507.0,200.0,199.0,3.0,7.888361721312666e-05,0.0014745606266466,0.2865796354881855,0.0014745606266466,0.2865796354881855,0.0014745606266466,0.2865796354881855,0.0974047077394493,,,
6312534,K01689.01,FALSE POSITIVE,2773.7,3.096,1.507761203,892.0,0.0027687488001963,1.7251343283582126,-3.224206536611707e-05,56.7120974546027,0.00185756257263,0.0,17.0,17.0,1800,pdcsap_flux,64769.0,0.0,29.424446700140837,19.0,0.0855573148740848,1.0,0.5135018295789653,,0.0,0.0,22196.0,201.0,201.0,110.0,1.908248542639725e-05,0.0,,0.0,,0.0,,0.0,,,
6343576,K04438.01,FALSE POSITIVE,186.6,3.15,6.39903778,162.0,0.0001712806486723,0.9402985074626846,1.0346764952040566e-05,2.9811696737397035,4.372364961202635e-07,5.058156723258822e-05,14.0,14.0,1800,pdcsap_flux,50618.0,0.0,29.42397496663034,19.0,0.0205108962491545,1.0,0.121024141609704,,0.0,0.0,4187.0,201.0,201.0,21.0,1.1016976620261952e-05,5.058156723258822e-05,0.4897034924038259,5.058156723258822e-05,0.4897034924038259,5.058156723258822e-05,0.4897034924038259,0.0,,,
6356207,K02021.01,CONFIRMED,558.4,2.0111,3.76417012,301.0,0.0004910584560317,1.16063482587065,6.687505555935669e-05,4.077989347845584,8.137460068935454e-05,0.0,14.0,14.0,1800,pdcsap_flux,54969.0,0.0,29.424528250820003,13.0,0.0222614362959061,1.0,0.1342574905856028,,0.0,0.0,4919.0,201.0,201.0,25.0,3.177033332592932e-05,0.0,,0.0,,0.0,,0.0,,,
6363560,K05270.01,FALSE POSITIVE,,5.96,606.91488768,,0.0001353809055812,0.2372139303482567,7.997656704161749e-05,1.184460056172695,9.766804341793112e-05,0.0002181617380907,17.0,17.0,1800,pdcsap_flux,64738.0,0.0,29.42442975821905,37.0,0.0004091732438507,2.0,0.2329234761654669,,1.0,0.2306836788285087,145.0,199.0,103.0,1.0,6.073894401659092e-05,0.0002181617380907,0.316301576410176,0.0003567367562056,-0.323901110249695,0.0002181617380907,0.316301576410176,0.2306836788285087,,,
6363560,K05270.02,FALSE POSITIVE,29.5,1.679,0.907818056,1471.0,2.9182729560539578e-05,0.3675422885572128,-8.093008404097546e-06,2.067095613360084,3.4862932053458806e-06,0.0,17.0,17.0,1800,pdcsap_flux,64738.0,0.0,29.42442975821905,11.0,0.0770620642219671,2.0,0.4626494485464487,,1.0,0.0016837097222651,19920.0,201.0,201.0,99.0,4.646385667769548e-06,0.0,,0.0,,0.0,,0.0016837097222651,,,
6364143,K05272.01,FALSE POSITIVE,65.4,12.472,5.2433865,266.0,5.829136450752337e-05,7.445970149253718,1.0966523552591312e-05,2.8471541970280567,1.3334092944794484e-05,0.0,17.0,17.0,1800,pdcsap_flux,64707.0,0.0,29.42443227802869,77.0,0.0991089759770077,1.0,0.5950206314618202,,0.0,0.0,25942.0,201.0,201.0,129.0,7.045458787871483e-06,0.0,,0.0,,0.0,,0.0,,,
6369845,K07777.01,FALSE POSITIVE,266.8,4.234,27.6760342,48.0,0.0002592085532218,0.4212935323383079,-1.6904862263467102e-05,2.7020435239489884,3.501790991156106e-05,0.0,18.0,18.0,1800,pdcsap_flux,65252.0,0.0,29.4244518969208,25.0,0.0063743477621033,1.0,0.0377153190706798,,0.0,0.0,1672.0,201.0,201.0,8.0,2.7268508428148328e-05,0.0,,0.0,,0.0,,0.0,,,
6388770,K03035.01,FALSE POSITIVE,,10.73,21.3419702,65.0,0.0001338340355938,3.843582089552236,-2.4112635595874288e-05,2.2511481273002056,2.8533778380079863e-05,0.0,17.0,17.0,1800,pdcsap_flux,64725.0,0.0,29.424448711797595,65.0,0.0209485501640018,1.0,0.1246195442255697,,0.0,0.0,5368.0,201.0,201.0,27.0,1.0851662505949645e-05,3.896190401109223e-05,-0.0784017523754067,3.896190401109223e-05,-0.0784017523754067,0.0,,0.0,,,
6421137,K04739.01,FALSE POSITIVE,426.0,5.593,118.4039,,6.747640280013734e-05,0.2226069651741289,3.4876085918456035e-05,0.5119046373002811,6.243969500685509e-05,0.000138613834606,14.0,14.0,1800,pdcsap_flux,50635.0,0.0,29.423972279182635,35.0,0.001968192489155,1.0,0.0127777229189295,,0.0,0.0,451.0,201.0,194.0,2.0,3.237142243669213e-05,0.000138613834606,-0.1309629349092374,0.000138613834606,-0.1309629349092374,0.000138613834606,-0.1309629349092374,0.0,,,
6428700,K00853.01,CONFIRMED,1024.4,2.9667,8.20396958,162.0,0.0009513192748771,2.479629850746277,1.200233942044715e-05,7.721323784973684,4.646452007284197e-05,0.0,17.0,17.0,1800,pdcsap_flux,64782.0,0.0,29.42441233433783,19.0,0.0150674010665943,2.0,0.1212373807539131,,1.0,0.0348090518971319,3899.0,201.0,201.0,20.0,2.676194653148172e-05,0.0,,0.0,,0.0,,0.0348090518971319,,,
6428700,K00853.02,CONFIRMED,647.5,4.016,14.49645186,89.0,0.0005820596650065,1.9980099502487476,-3.065362033061181e-05,4.0880951349232335,4.811568169671432e-05,0.0,17.0,17.0,1800,pdcsap_flux,64782.0,0.0,29.42441233433783,25.0,0.0115430544625237,2.0,0.1111882930443641,,1.0,0.0450588126331388,3008.0,201.0,201.0,15.0,3.107813028342647e-05,9.369332434483456e-05,0.0353099897301366,0.0001076737861647,-0.4985562791615848,0.0,,0.0450588126331388,,,
6435936,K00854.01,CONFIRMED,1626.0,4.685,56.0560754,24.0,0.001459681727061,2.2376119402985006,-0.0001863744053919,4.371018015067893,9.182678405428302e-05,0.0,34.0,17.0,60|1800,pdcsap_flux,64796.0,0.0,29.424423398450017,29.0,0.003482376030437,1.0,0.0196925736156552,,0.0,0.0,913.0,201.0,201.0,4.0,9.102313970331616e-05,0.0003031810967091,0.2108420792852421,0.0003031810967091,0.2108420792852421,0.0,,0.0,,,
6445531,K07779.01,FALSE POSITIVE,98.6,2.833,1.71024931,663.0,0.0001176175564182,0.3382686567164175,4.0367076239777866e-05,1.5980178379223058,4.394092246395864e-06,0.0,14.0,14.0,1800,pdcsap_flux,54922.0,0.0,29.42452414892614,17.0,0.0690201516097478,1.0,0.4146789993081097,,0.0,0.0,15106.0,201.0,201.0,75.0,2.325996506235989e-05,0.0,,0.0,,0.0,,0.0,,,
6462874,K01231.01,FALSE POSITIVE,2691.1,7.0813,22.34293693,30.0,0.0090923762653385,0.7046069651741329,0.0007251215508279,25.40940048976299,0.0001783499513403,0.0,9.0,9.0,1800,pdcsap_flux,30543.0,0.0,29.425322273746133,43.0,0.0132057019894504,2.0,0.1405886782568837,,1.0,0.0636152309858232,1694.0,201.0,201.0,9.0,8.253406657251042e-05,0.0002743669509245,0.2807885883940598,0.0002743669509245,0.2807885883940598,0.0,,0.0636152309858232,,,
6462874,K01231.02,FALSE POSITIVE,878.3,5.404,10.42360821,58.0,0.0011648988735364,1.3980497512437828,-0.0001031632255683,4.845970562802881,0.0001824095774478,0.0,9.0,9.0,1800,pdcsap_flux,30543.0,0.0,29.425322273746133,33.0,0.0216016049462268,2.0,0.1645876305536456,,1.0,0.0415152408080411,2591.0,201.0,201.0,13.0,6.385833048673026e-05,0.0002513300379036,-0.4864855376152975,0.0002513300379036,-0.4864855376152975,0.0,,0.0415152408080411,,,
6468138,K01826.01,CONFIRMED,832.1,9.0636,134.2520474,9.0,0.0008089897837819,3.066292537313455,-2.5958892226563e-05,9.458486420379137,9.453177000073864e-07,0.0,18.0,18.0,1800,pdcsap_flux,65189.0,0.0,29.42446462693624,55.0,0.0028129924817816,1.0,0.0148031109543021,,0.0,0.0,613.0,201.0,195.0,3.0,1.8909717172248096e-05,5.744552978925732e-05,0.0495944428283966,5.744552978925732e-05,0.0495944428283966,0.0,,0.0,,,
6470149,K01230.01,FALSE POSITIVE,7343.4,24.9393,165.739861,9.0,0.0071516090300739,21.34109253731356,-0.0001845199391221,71.78129969944408,0.0004253595528215,0.0,21.0,17.0,60|1800,pdcsap_flux,64795.0,0.0,29.4244450237602,153.0,0.0062696897036736,1.0,0.0360984643876842,,0.0,0.0,1723.0,201.0,201.0,9.0,4.765050408156304e-05,0.0001586851961141,-0.4882396543192475,0.0001586851961141,-0.4882396543192475,0.0,,0.0,,,
6501635,K00560.01,CONFIRMED,980.4,4.647,23.67513153,45.0,0.0008718932718513,1.2946865671641743,-8.011163913179686e-05,6.337033950074741,1.3315926468138173e-05,0.0,13.0,13.0,1800,pdcsap_flux,50173.0,0.0,29.4239632319659,29.0,0.0081784128529401,1.0,0.0499272517090865,,0.0,0.0,1648.0,201.0,201.0,8.0,3.828108641274918e-05,0.0,,0.0,,0.0,,0.0,,,
6508734,K07568.01,FALSE POSITIVE,717.4,16.25,480.03759,3.0,0.0003104156509668,2.2636815920398083,5.0815072933030336e-05,0.7806291317918705,0.0001502745033492,0.0014417966377953,17.0,17.0,1800,pdcsap_flux,64780.0,0.0,29.42441468127072,99.0,0.0014104798195769,1.0,0.0089225069465884,,0.0,0.0,387.0,201.0,200.0,2.0,0.0001248132766618,0.0010363016641881,0.0141229446329255,0.0014417966377953,0.4559557481153917,0.0014417966377953,0.4559557481153917,0.0,,,
6521045,K00041.01,CONFIRMED,220.5,6.3856,12.81590421,104.0,0.0002123622951976,5.845524378109436,-3.796133896116771e-07,13.916824745327402,4.093985036757175e-06,2.9536788843875783e-05,62.0,18.0,60|1800,pdcsap_flux,64952.0,0.0,29.42445138352923,39.0,0.0207606628691138,3.0,0.2136808720285749,,2.0,0.1013209754895923,5365.0,201.0,201.0,27.0,5.222820402797734e-06,2.9536788843875783e-05,-0.3131523043409619,2.9536788843875783e-05,-0.3131523043409619,2.9536788843875783e-05,-0.3131523043409619,0.1013209754895923,,,
6521045,K00041.02,CONFIRMED,68.7,4.4679,6.88707073,187.0,6.763346507021595e-05,3.55653731343282,-3.3521334052988294e-07,5.313826309439303,2.557746437092945e-06,0.0,62.0,18.0,60|1800,pdcsap_flux,64952.0,0.0,29.42445138352923,27.0,0.0270307228280781,3.0,0.2323715974873753,,2.0,0.0827380219238822,7043.0,201.0,201.0,35.0,5.245620044906507e-06,1.712172124324063e-05,0.0642737204836711,1.952006538707973e-05,0.0913044433117492,0.0,,0.0827380219238822,,,
6521045,K00041.03,CONFIRMED,99.7,5.966,35.3331932,35.0,8.682471289900295e-05,4.511601990049721,1.0717149284800165e-05,3.7790591908593374,1.616277631366625e-05,6.642976580717441e-05,62.0,18.0,60|1800,pdcsap_flux,64952.0,0.0,29.42445138352923,37.0,0.0070354052611733,3.0,0.1752832861189801,,2.0,0.1387948023155561,1900.0,201.0,201.0,10.0,8.682434119779513e-06,6.642976580717441e-05,-0.2906870074869467,6.642976580717441e-05,-0.2906870074869467,6.642976580717441e-05,-0.2906870074869467,0.1387948023155561,,,
6522745,K04574.01,FALSE POSITIVE,501.7,6.39,17.4453935,66.0,0.0004030611187373,2.7976119402985056,-5.821415990625578e-05,2.9375782921855405,5.128372309559648e-05,0.0001391145572084,14.0,14.0,1800,pdcsap_flux,54927.0,0.0,29.42452473042067,39.0,0.015261908537632,1.0,0.089882935532616,,0.0,0.0,3313.0,201.0,201.0,17.0,3.861862626704195e-05,0.0001391145572084,-0.4542092248379168,0.0001391145572084,-0.4542092248379168,0.0001391145572084,-0.4542092248379168,0.0,,,
6525106,K04483.01,FALSE POSITIVE,111.6,2.61,1.71028117,783.0,0.0001019828989485,0.6752238805970114,-1.3667998891797596e-05,2.146727740424504,8.65480846712341e-06,0.0,17.0,17.0,1800,pdcsap_flux,64747.0,0.0,29.42443479259964,15.0,0.0635860359732546,1.0,0.3823034271858155,,0.0,0.0,16424.0,201.0,201.0,81.0,1.0289818088816948e-05,0.0,,0.0,,0.0,,0.0,,,
6525209,K03479.01,FALSE POSITIVE,122372.0,20.8729,75.13194883,17.0,0.1166430539408255,12.461432835820858,-0.0025413542807912,457.3227145203232,8.944481288641892e-05,0.0251882793439842,17.0,17.0,1800,pdcsap_flux,64798.0,0.0,29.424433624371886,127.0,0.0115756902384434,2.0,0.270625636593722,,1.0,0.2150066360072841,2897.0,201.0,201.0,14.0,6.472739408489143e-05,0.0251882793439842,0.2177160550328659,0.0251882793439842,0.2177160550328659,0.0251882793439842,0.2177160550328659,0.2150066360072841,,,
6525209,K03479.02,FALSE POSITIVE,158.9,2.946,1.71029474,748.0,-4.902469436784962e-05,0.1758805970149253,0.0003349396979334,-0.0568976502347348,6.338675272887784e-06,0.0,17.0,17.0,1800,pdcsap_flux,64798.0,0.0,29.424433624371886,19.0,0.0717712550527986,2.0,0.4504305688447174,,1.0,0.0333652273218309,18554.0,201.0,201.0,92.0,4.838047168849123e-05,0.0,,0.0,,0.0,,0.0333652273218309,,,
6531801,K06727.01,FALSE POSITIVE,1773.0,1.21,0.515875396,1203.0,-8.649318664732952e-06,0.0722388059701493,2.431656622692291e-05,-0.1580008550919738,2.539395314105075e-05,0.0,17.0,17.0,1800,pdcsap_flux,64787.0,0.0,29.42443873209413,7.0,0.0977303183241301,1.0,0.5859354500131199,,0.0,0.0,25303.0,201.0,201.0,126.0,1.1027715845739717e-05,3.340100283633074e-05,-0.4633354078720011,3.340100283633074e-05,-0.4633354078720011,0.0,,0.0,,,
6541920,K00157.01,CONFIRMED,778.4,4.5706,13.02493307,99.0,0.0007127485949602,4.184031840796031,1.725393947338283e-05,15.2120159939499,2.9822949494828777e-05,0.0,61.0,17.0,60|1800,pdcsap_flux,64758.0,0.0,29.42444736021571,27.0,0.0146213163356137,6.0,0.1951727971833596,,5.0,0.119382933382748,3690.0,201.0,201.0,18.0,1.0088952805961104e-05,0.0,,0.0,,0.0,,0.119382933382748,,,
6541920,K00157.02,CONFIRMED,960.0,5.4921,22.687155,57.0,0.0009001628503881,4.918298507462671,8.649505802704738e-06,15.61410797003004,2.324643306372831e-05,0.0,61.0,17.0,60|1800,pdcsap_flux,64758.0,0.0,29.42444736021571,33.0,0.0100866547612514,6.0,0.1842706692609407,,5.0,0.1318138299515117,2521.0,201.0,201.0,13.0,1.3687415930510838e-05,4.320747768526978e-05,-0.2188180194174251,4.320747768526978e-05,-0.2188180194174251,0.0,,0.1318138299515117,,,
6541920,K00157.03,CONFIRMED,1376.1,4.2817,31.99552485,41.0,0.0013438789408778,3.4935263681592144,-0.0001364889739486,15.687430916314383,8.30598725213294e-05,0.0,61.0,17.0,60|1800,pdcsap_flux,64758.0,0.0,29.42444736021571,27.0,0.0055759099906331,6.0,0.1696161092065845,,5.0,0.1413879366255906,1406.0,201.0,201.0,7.0,1.7939984650136575e-05,5.688473097720248e-05,0.2869170096435122,5.688473097720248e-05,0.2869170096435122,0.0,,0.1413879366255906,,,
6541920,K00157.04,CONFIRMED,588.8,6.3794,46.6856205,28.0,0.0005575201292535,5.712895522388097,-2.5507353133669145e-05,6.0807881119498735,0.0001263658598511,0.0,61.0,17.0,60|1800,pdcsap_flux,64758.0,0.0,29.42444736021571,39.0,0.0056935803891335,6.0,0.1712529726057012,,5.0,0.1411254207974304,1541.0,201.0,201.0,8.0,1.8379302651762817e-05,5.89905283838732e-05,0.0900107794498371,6.191325938142977e-05,-0.4807706545608032,0.0,,0.1411254207974304,,,
6541920,K00157.05,CONFIRMED,1083.3,9.5574,118.3786735,12.0,0.0010328678128184,2.0921671641791155,-2.226516057080019e-06,12.710151776669646,5.695330701938062e-06,0.0,61.0,17.0,60|1800,pdcsap_flux,64758.0,0.0,29.42444736021571,59.0,0.0033639927549956,6.0,0.1644738873961518,,5.0,0.1469779795546496,863.0,201.0,176.0,4.0,2.3263629131566895e-05,8.193352434260337e-05,0.061414693725942,0.0001003034959806,-0.4986900999808354,0.0,,0.1469779795546496,,,
6541920,K00157.06,CONFIRMED,316.1,4.2246,10.30401132,117.0,0.00027716996264,3.783223880597024,1.565155775851146e-05,5.3266563828729545,5.184871191832308e-06,0.0,61.0,17.0,60|1800,pdcsap_flux,64758.0,0.0,29.42444736021571,25.0,0.0170831528162568,6.0,0.2017820192099818,,5.0,0.1109361005590043,4506.0,201.0,201.0,23.0,1.0182347521504864e-05,3.114043001950506e-05,-0.2501413065181012,3.114043001950506e-05,-0.2501413065181012,0.0,,0.1109361005590043,,,
6545018,K06729.01,FALSE POSITIVE,251876.0,6.43532,1.995728294,0.0,,,,,,,,,,,,,,,,,,,,,,,,,,,,,,,,,,koi_num_transits is 0,precheck
6546528,K01235.01,FALSE POSITIVE,508.4,3.2551,3.053563251,439.0,0.0004264686028959,1.7490089552238783,4.875622727174012e-05,9.532498873903236,0.0002628559665797,0.0,17.0,17.0,1800,pdcsap_flux,64789.0,0.0,29.42444644868374,19.0,0.044416688150229,1.0,0.2665884640911266,,0.0,0.0,11474.0,201.0,201.0,57.0,1.2521638760288557e-05,0.0,,0.0,,0.0,,0.0,,,
6592832,K04082.01,FALSE POSITIVE,122.4,2.594,0.924821319,1450.0,0.0001212377686315,1.290547263681585,7.074714068022736e-06,3.621867557586635,1.648184072355896e-05,0.0,17.0,17.0,1800,pdcsap_flux,64718.0,0.0,29.424418369308118,15.0,0.1168694223552315,1.0,0.7009487314193887,,0.0,0.0,30239.0,201.0,201.0,150.0,1.8265790948189498e-05,0.0,,0.0,,0.0,,0.0,,,
6599949,K04233.01,FALSE POSITIVE,531.2,13.06,409.2452,,0.0005670999028556,2.079203980099493,-1.90495073780772e-05,1.707805249696616,0.0007171449875719,0.0003165736823975,17.0,17.0,1800,pdcsap_flux,64737.0,0.0,29.4244253996294,79.0,0.0013296836875952,1.0,0.0085422555879945,,0.0,0.0,423.0,201.0,178.0,2.0,9.919625643882874e-05,0.0003165736823975,-0.1798737967787141,0.0004761656344305,0.2401400380404725,0.0003165736823975,-0.1798737967787141,0.0,,,
6607357,K02838.01,CONFIRMED,70.9,4.432,7.69994466,176.0,6.166643274485573e-05,1.8521791044775997,-9.945087194651592e-06,2.3213083176116265,1.715007366909216e-05,0.0,18.0,18.0,1800,pdcsap_flux,65196.0,0.0,29.42444904707372,27.0,0.023982856347784,2.0,0.2277900484692312,,1.0,0.0983802687281428,6308.0,201.0,201.0,31.0,6.427541884000609e-06,0.0,,0.0,,0.0,,0.0983802687281428,,,
6607357,K02838.02,CONFIRMED,54.3,3.804,4.77466043,265.0,4.24248385610948e-05,0.6813134328358226,1.4356769395540425e-07,1.7147330947015182,6.224472796745317e-06,0.0,18.0,18.0,1800,pdcsap_flux,65196.0,0.0,29.42444904707372,23.0,0.0331960779878957,2.0,0.2559973004478802,,1.0,0.072397079575434,8573.0,201.0,201.0,43.0,7.164603390885026e-06,0.0,,0.0,,0.0,,0.072397079575434,,,
6607610,K06742.01,FALSE POSITIVE,32548.4,17.1759,63.52017525,21.0,0.0316567156423436,12.988740298507494,-9.253281088261732e-05,345.19808590231776,4.6854973416055046e-05,0.0004937524368597,17.0,17.0,1800,pdcsap_flux,64791.0,0.0,29.424432194209658,105.0,0.0112666959305972,1.0,0.0666141902424719,,0.0,0.0,2876.0,201.0,201.0,14.0,2.8807513699910345e-05,0.0004937524368597,0.4295027163428156,0.0004937524368597,0.4295027163428156,0.0004937524368597,0.4295027163428156,0.0,,,
6608090,K05303.01,FALSE POSITIVE,332.8,6.75,438.81524,,2.9390165942833057e-05,0.2686567164179099,0.0001056769453744,0.1474016361205986,1.591735736294897e-05,0.0002601182276877,18.0,18.0,1800,pdcsap_flux,65124.0,0.0,29.424444856122136,41.0,0.0006409303377886,1.0,0.0031785516860143,,0.0,0.0,160.0,199.0,138.0,1.0,4.794558377370706e-05,0.0002601182276877,-0.1005884830591181,0.0002792972716004,0.0325647946164703,0.0002601182276877,-0.1005884830591181,0.0,,,
6610433,K06744.01,FALSE POSITIVE,,2.04,0.92098747,1469.0,1.5660736625178195e-05,0.3653731343283561,-1.541186218201318e-06,1.0606654759180183,3.690276767831513e-06,0.0,19.0,18.0,60|1800,pdcsap_flux,65231.0,0.0,29.424451729282737,13.0,0.0922922436718927,1.0,0.5535098342812467,,0.0,0.0,24096.0,201.0,201.0,120.0,1.3326184448300936e-05,0.0,,0.0,,0.0,,0.0,,,
6612284,K02908.01,FALSE POSITIVE,224.2,2.152,1.245353252,912.0,0.0001947022473067,1.156298507462682,8.364732584364987e-07,3.299277989449605,7.105400773532722e-06,0.0,14.0,14.0,1800,pdcsap_flux,54920.0,0.0,29.42452230490744,13.0,0.0720009896972322,1.0,0.4319009468317553,,0.0,0.0,15838.0,201.0,201.0,79.0,1.5399373162662266e-05,4.900162604781766e-05,0.4990246521203897,4.900162604781766e-05,0.4990246521203897,0.0,,0.0,,,
6614629,K02737.01,FALSE POSITIVE,64.0,1.0582,0.526615152,2540.0,5.677267783799067e-05,0.6738786069651748,-2.889183624121827e-06,5.360354695922407,5.306261375515042e-06,0.0,18.0,18.0,1800,pdcsap_flux,65127.0,0.0,29.424459943547845,7.0,0.0837265439462073,1.0,0.5024183518356442,,0.0,0.0,21813.0,201.0,201.0,109.0,3.1598956588665847e-06,0.0,,0.0,,0.0,,0.0,,,
6615511,K03306.01,CONFIRMED,358.1,5.198,25.1593389,47.0,0.0003034573866096,1.5516417910447724,1.9619061326747733e-05,1.6416004495873875,4.214451223572002e-05,0.0,14.0,14.0,1800,pdcsap_flux,54901.0,0.0,29.42452230490744,31.0,0.0086084667881846,1.0,0.0517659059033533,,0.0,0.0,1928.0,201.0,201.0,10.0,3.9485743210517806e-05,0.000162118855236,-0.1093846360084646,0.000162118855236,-0.1093846360084646,0.0,,0.0,,,
6616218,K01692.01,CONFIRMED,828.3,2.8617,5.960400011,104.0,0.00078248587722,2.3918686567164045,6.133423623655432e-06,21.920067713248024,2.01256139026329e-05,0.0,15.0,9.0,60|1800,pdcsap_flux,30542.0,0.0,29.425340043380857,17.0,0.0200049492953401,2.0,0.2187479536376138,,1.0,0.1112238884159518,2408.0,201.0,201.0,12.0,1.0652282564328009e-05,0.0,,0.0,,0.0,,0.1112238884159518,,,
6616218,K01692.02,CONFIRMED,84.2,2.184,2.46106962,242.0,7.56041379561534e-05,0.7388656716417866,-1.8916881148967057e-05,2.188429634497865,1.5198065384081085e-05,0.0,15.0,9.0,60|1800,pdcsap_flux,30542.0,0.0,29.425340043380857,13.0,0.0369757926636793,2.0,0.2682535524851024,,1.0,0.0589024949250212,4533.0,201.0,201.0,23.0,7.189624714923459e-06,0.0,,0.0,,0.0,,0.0589024949250212,,,
6621116,K01226.01,FALSE POSITIVE,83298.0,9.1713,137.75960504,10.0,,,,,,0.0,17.0,17.0,1800,pdcsap_flux,64480.0,0.0,29.424446364864707,57.0,0.0027739445092706,1.0,0.0130117866004962,,0.0,0.0,499.0,201.0,164.0,3.0,6.677548970477307e-05,0.0002111989244356,0.462912759783125,0.0002145919670137,-0.342224634032676,0.0,,0.0,,,
6629332,K01227.01,FALSE POSITIVE,20739.0,2.1064,2.155278342,615.0,0.0185293234327447,1.2575522388059657,-0.0005956271788091,428.8421686848226,5.735276636209541e-05,0.0,18.0,17.0,60|1800,pdcsap_flux,64797.0,0.0,29.424446186749265,13.0,0.0407217318321972,1.0,0.243637822738707,,0.0,0.0,10479.0,201.0,201.0,52.0,1.039385028798523e-05,0.0,,0.0,,0.0,,0.0,,,
6672229,K06754.01,FALSE POSITIVE,278997.0,7.06068,23.832382513,0.0,,,,,,,,,,,,,,,,,,,,,,,,,,,,,,,,,,koi_num_transits is 0,precheck
6675060,K03611.01,FALSE POSITIVE,145294.0,3.94077,10.443341795,60.0,0.1292893243852708,2.195851940298509,-0.0026602388655139,379.789261450662,0.0004401017921026,0.0,8.0,8.0,1800,pdcsap_flux,30156.0,0.0,29.42428659531288,25.0,0.0157228168169899,1.0,0.0956691868948136,,0.0,0.0,1877.0,201.0,201.0,9.0,8.580411384872508e-05,0.0,,0.0,,0.0,,0.0,,,
6685403,K08126.01,FALSE POSITIVE,1001.4,18.11,429.60143,4.0,0.0008112276670242,5.045572139303531,-0.0001171140759407,2.121522481438524,0.0009597339687031,0.000734726070064,17.0,17.0,1800,pdcsap_flux,64752.0,0.0,29.4244253996294,111.0,0.0017564730483633,1.0,0.0108722510501606,,0.0,0.0,524.0,201.0,201.0,3.0,0.0001272314402434,0.000734726070064,0.0616406005563454,0.000734726070064,0.0616406005563454,0.000734726070064,0.0616406005563454,0.0,,,
6695801,K05316.01,FALSE POSITIVE,86.4,1.669,1.10656965,1215.0,9.428370619513073e-05,0.2324975124378114,-1.0034286789251112e-05,2.5315648970699054,4.617348613988881e-05,0.0,17.0,17.0,1800,pdcsap_flux,64792.0,0.0,29.424434462562203,11.0,0.0628443647145633,1.0,0.3772842326213113,,0.0,0.0,16333.0,201.0,201.0,82.0,7.143911191800411e-06,2.2989273340323635e-05,-0.4921182222190479,2.2989273340323635e-05,-0.4921182222190479,0.0,,0.0,,,
6707260,K05318.01,FALSE POSITIVE,142.3,11.781,13.4256161,,8.6795715642074e-05,3.75116417910442,7.822879714414199e-05,0.9065070115800568,0.0001341394328474,0.0,18.0,18.0,1800,pdcsap_flux,65252.0,0.0,29.424457093700767,73.0,0.036562567880963,1.0,0.2200085821124256,,0.0,0.0,9507.0,201.0,201.0,44.0,4.696786495704272e-05,0.0,,0.0,,0.0,,0.0,,,
6720773,K04868.01,FALSE POSITIVE,113.2,0.871,1.318347743,1017.0,9.178074246363188e-05,0.208000000000001,-1.172177228914162e-05,1.7027138647156412,1.414885091999274e-05,0.0,17.0,17.0,1800,pdcsap_flux,64706.0,0.0,29.424447192577645,5.0,0.0275281441177896,1.0,0.164745155008809,,0.0,0.0,7132.0,201.0,201.0,36.0,1.2507246118623582e-05,3.908528152707369e-05,0.0677911073778485,5.2617936040610935e-05,-0.4986406227669674,0.0,,0.0,,,
6721380,K04488.01,FALSE POSITIVE,107.7,1.635,6.44173995,206.0,5.7847296031754425e-05,0.0976119402985075,1.5869101522958395e-05,1.0440828905808388,2.156464222680121e-05,0.0,17.0,17.0,1800,pdcsap_flux,64752.0,0.0,29.424446197226644,11.0,0.0105755588596835,1.0,0.0628706449221645,,0.0,0.0,2732.0,201.0,201.0,13.0,1.1973621227580144e-05,3.6691261602772585e-05,0.1623145315271021,3.6691261602772585e-05,0.1623145315271021,0.0,,0.0,,,
6752002,K04184.01,CONFIRMED,184.0,1.308,6.08003714,219.0,0.0001358476909627,0.4164776119403013,-2.9660054453484183e-05,2.4392845828877774,2.1804445557882524e-05,0.0,18.0,18.0,1800,pdcsap_flux,65259.0,0.0,29.42441710678395,9.0,0.0089637610338676,1.0,0.0537856847331402,,0.0,0.0,2324.0,201.0,201.0,12.0,1.4410015970424326e-05,4.588683695538887e-05,-0.4994174946954636,4.819448883985888e-05,-0.4069982993745576,0.0,,0.0,,,
6756202,K03547.01,FALSE POSITIVE,225767.0,12.0525,290.7778719,4.0,,,,,,0.0418474925680221,13.0,13.0,1800,pdcsap_flux,50107.0,0.0,29.423968428745862,73.0,0.0017270485429947,1.0,0.0092202686251421,,0.0,0.0,333.0,201.0,172.0,2.0,6.223323883592892e-05,0.0008158590339569,-0.2020646624613557,0.0418474925680221,-0.2417867789502336,0.0418474925680221,-0.2417867789502336,0.0,,,
6756669,K00862.01,FALSE POSITIVE,33003.6,3.11058,5.851520671,178.0,0.03239293157207,2.352279402985059,-0.0003993192949985,291.83536794180225,0.0002791909907718,0.0004603429535894,13.0,13.0,1800,pdcsap_flux,50172.0,0.0,29.423967255279425,19.0,0.0221493706144339,1.0,0.132265008371203,,0.0,0.0,4440.0,201.0,201.0,22.0,2.973755574436709e-05,0.0004603429535894,-0.4962691602434027,0.0004603429535894,-0.4962691602434027,0.0004603429535894,-0.4962691602434027,0.0,,,
6762829,K01740.01,FALSE POSITIVE,28241.1,9.9816,18.795269797,74.0,0.0277010685921046,7.945552238805931,-0.0001347436039578,806.7545750080515,1.1008521250133183e-06,0.000862083724161,28.0,17.0,60|1800,pdcsap_flux,64792.0,0.0,29.424413004890084,61.0,0.0221279079519456,1.0,0.1326552660822323,,0.0,0.0,5928.0,201.0,201.0,30.0,1.2750796996226075e-05,0.000862083724161,-0.4993403565224166,0.000862083724161,-0.4993403565224166,0.000862083724161,-0.4993403565224166,0.0,,,
6767337,K05326.01,FALSE POSITIVE,195.2,10.535,506.771836,,0.0001680521873194,0.2096517412935306,7.60693637379406e-05,2.988450496132064,0.0001743144381297,0.0002827425250322,18.0,18.0,1800,pdcsap_flux,65213.0,0.0,29.424436971894465,65.0,0.0008661853365768,1.0,0.0058577277536687,,0.0,0.0,254.0,199.0,90.0,0.0,2.656155207646476e-05,0.0002827425250322,-0.1285946041784977,0.0002827425250322,-0.1285946041784977,0.0002827425250322,-0.1285946041784977,0.0,,,
6774880,K02062.01,CONFIRMED,599.4,4.4408,34.3511339,37.0,0.000607766906745,1.5907343283582094,-2.0220550514538083e-05,4.753282752477143,2.903168138179701e-05,0.0,17.0,17.0,1800,pdcsap_flux,64720.0,0.0,29.42442591302097,27.0,0.0053865276724775,1.0,0.0317985166872682,,0.0,0.0,1393.0,201.0,201.0,7.0,3.188553778554262e-05,0.0,,0.0,,0.0,,0.0,,,
6778019,K02953.01,FALSE POSITIVE,104.7,1.8496,0.945825494,1416.0,9.551477245373086e-05,0.4048875621890528,-7.509181609521853e-06,2.904729581424976,1.0497821107957606e-06,7.844534319412233e-05,17.0,17.0,1800,pdcsap_flux,64784.0,0.0,29.42443144507706,11.0,0.0814808515477239,1.0,0.4897814275129661,,0.0,0.0,21133.0,201.0,201.0,106.0,1.136189196656353e-05,7.844534319412233e-05,-0.4990233965983267,7.844534319412233e-05,-0.4990233965983267,7.844534319412233e-05,-0.4990233965983267,0.0,,,
6781047,K06768.01,FALSE POSITIVE,,15.76,7.0435762,198.0,4.599969243679336e-05,14.427064676616936,1.511024587230736e-06,1.3084902203874895,3.554411867989771e-05,0.0,17.0,17.0,1800,pdcsap_flux,64785.0,0.0,29.424433954409324,97.0,0.0932291563292332,1.0,0.5564714054179208,,0.0,0.0,24558.0,201.0,201.0,122.0,5.389205493699509e-05,0.0,,0.0,,0.0,,0.0,,,
6783732,K07790.01,FALSE POSITIVE,31.8,1.509,0.721335207,1857.0,2.4473842846206573e-05,0.4804776119403016,-2.4266992394439413e-06,1.6723449590520345,8.897735598312195e-07,0.0,17.0,17.0,1800,pdcsap_flux,64698.0,0.0,29.424441828159612,9.0,0.0871647458627373,1.0,0.5233392067760981,,0.0,0.0,22599.0,201.0,201.0,113.0,3.8171167402821005e-06,1.1546122497096968e-05,-0.4890349584808208,1.1546122497096968e-05,-0.4890349584808208,0.0,,0.0,,,
6784235,K00863.01,CONFIRMED,781.2,2.1814,3.167893418,430.0,0.0007355755073154,1.7798487562189,1.77683372440951e-05,8.334276500250663,5.287612240878481e-05,0.0,17.0,17.0,1800,pdcsap_flux,64736.0,0.0,29.424438821151853,13.0,0.0286915166243344,1.0,0.1729640385565991,,0.0,0.0,7535.0,201.0,201.0,38.0,1.951781409999954e-05,7.187772219297006e-05,0.493481327986795,7.187772219297006e-05,0.493481327986795,0.0,,0.0,,,
6806632,K06772.01,FALSE POSITIVE,63501.9,9.55999,9.469191607,145.0,0.0625718378292674,6.278202388059707,-0.0013963192293303,815.8978094427133,0.000170754872299,0.0048717715420191,17.0,17.0,1800,pdcsap_flux,64797.0,0.0,29.42444359359797,59.0,0.0420662009175316,1.0,0.2522801981573221,,0.0,0.0,10994.0,201.0,201.0,55.0,4.487412960323642e-05,0.0008144650801207,-0.4654974052325862,0.0048717715420191,-0.2949091130661538,0.0048717715420191,-0.2949091130661538,0.0,,,
6806695,K04061.01,FALSE POSITIVE,130.9,1.514,0.855922327,1566.0,0.0001142069329971,0.4820696517412914,-2.667280329338162e-05,3.0251865716373287,2.9319549963435776e-06,0.0001073609928219,17.0,17.0,1800,pdcsap_flux,64797.0,0.0,29.424443425959907,9.0,0.0737021705631162,1.0,0.4422426964211306,,0.0,0.0,19102.0,201.0,201.0,95.0,1.5265816049492795e-05,0.0001073609928219,-0.4932695421640447,0.0001073609928219,-0.4932695421640447,0.0001073609928219,-0.4932695421640447,0.0,,,
6841577,K06773.01,FALSE POSITIVE,209006.0,5.8262,15.53753378,67.0,0.1970264547916763,3.362384079602009,-0.0073482923208166,2022.3434026435812,0.0011549916002607,0.0092542532316902,13.0,13.0,1800,pdcsap_flux,50173.0,0.0,29.423968931660056,35.0,0.0156239939214686,1.0,0.0939947780678851,,0.0,0.0,3153.0,201.0,201.0,16.0,2.8626796378179487e-05,0.0092542532316902,0.4237976513717902,0.0092542532316902,0.4237976513717902,0.0092542532316902,0.4237976513717902,0.0,,,
6850504,K00070.01,CONFIRMED,1034.4,3.7768,10.854095934,123.0,0.0010013118248307,3.382208955223885,2.721541620842593e-06,27.8312350491913,2.5110372580683386e-05,0.0,61.0,17.0,60|1800,pdcsap_flux,64787.0,0.0,29.424417028203607,23.0,0.0144983670333815,5.0,0.2381341935882198,,4.0,0.1658820442372698,3724.0,201.0,201.0,18.0,9.813427218962544e-06,3.425809011958769e-05,0.494961266652719,3.425809011958769e-05,0.494961266652719,0.0,,0.1658820442372698,,,
6850504,K00070.02,CONFIRMED,383.4,2.463,3.696121272,343.0,0.0003644620384449,2.1566567164179062,7.340645050812888e-06,13.152479618718733,1.596380935342534e-05,0.0,61.0,17.0,60|1800,pdcsap_flux,64787.0,0.0,29.424417028203607,15.0,0.0277655932930114,5.0,0.275471931097288,,4.0,0.1300878262614413,7148.0,201.0,201.0,36.0,4.665926790123231e-06,4.795807818236408e-05,-0.4969505313176659,4.795807818236408e-05,-0.4969505313176659,0.0,,0.1300878262614413,,,
6850504,K00070.03,CONFIRMED,814.5,7.1786,77.6114427,16.0,0.000795731291209,6.4285970149254,5.672244659415959e-06,13.19919393691748,7.080410029380868e-05,0.0001086534938792,61.0,17.0,60|1800,pdcsap_flux,64787.0,0.0,29.424417028203607,43.0,0.003853920542226,5.0,0.2113695648818435,,4.0,0.1925077561856545,907.0,201.0,201.0,4.0,1.761227419409177e-05,0.0001086534938792,0.2072215715837879,0.0001956452180236,-0.3877274121223755,0.0001086534938792,0.2072215715837879,0.1925077561856545,,,
6850504,K00070.04,CONFIRMED,84.4,2.9815,6.09855603,196.0,7.413808876333139e-05,0.7713333333333292,-9.588799667170632e-06,2.0855517241300205,3.717809279368822e-05,0.0,61.0,17.0,60|1800,pdcsap_flux,64787.0,0.0,29.424417028203607,19.0,0.0203702591327453,5.0,0.2551900844305185,,4.0,0.1502616265608841,5233.0,201.0,201.0,26.0,7.701038386172065e-06,0.0,,0.0,,0.0,,0.1502616265608841,,,
6850504,K00070.05,CONFIRMED,98.1,3.382,19.5776073,60.0,7.032384497906996e-05,1.346069651741289,-2.312245604951801e-05,1.4051165720707943,3.428015586870448e-05,4.992592158570286e-05,61.0,17.0,60|1800,pdcsap_flux,64787.0,0.0,29.424417028203607,21.0,0.0071978492829747,5.0,0.2189019402040533,,4.0,0.184790158519456,1855.0,201.0,201.0,9.0,1.4093622601657562e-05,4.992592158570286e-05,-0.3236234477300755,5.2172892863078246e-05,-0.3083280180037541,4.992592158570286e-05,-0.3236234477300755,0.184790158519456,,,
6859801,K03321.01,FALSE POSITIVE,16629.5,5.4674,10.882416555,106.0,0.0156184428618815,3.046511442786056,5.642638537473044e-05,225.34690819442997,0.000401541690738,0.0001203629678653,14.0,14.0,1800,pdcsap_flux,54961.0,0.0,29.42452514427714,33.0,0.020933616369304,1.0,0.1241061843852913,,0.0,0.0,4618.0,201.0,201.0,23.0,2.0983145606384987e-05,0.0001203629678653,0.3504363471858664,0.0001203629678653,0.3504363471858664,0.0001203629678653,0.3504363471858664,0.0,,,
6862332,K04023.01,FALSE POSITIVE,1977.0,8.1,119.0192648,11.0,0.0021339161839801,1.289552238805974,-6.175826225884862e-05,6.559606378554641,6.537267670236879e-05,0.000337697077995,16.0,16.0,1800,pdcsap_flux,63160.0,0.0,29.424378806725144,49.0,0.002835675388914,1.0,0.0163869537682077,,0.0,0.0,696.0,201.0,175.0,3.0,8.055454399895896e-05,0.000337697077995,0.0313473344523598,0.0003792758521303,0.0441078737024734,0.000337697077995,0.0313473344523598,0.0,,,
6863998,K00867.01,CONFIRMED,1442.4,3.984,16.08518937,82.0,0.0013842120165149,3.2506268656716264,2.5279744787165548e-05,11.416419172842565,1.3126893382953142e-05,0.0,17.0,17.0,1800,pdcsap_flux,64791.0,0.0,29.424431612715125,25.0,0.0103200525764155,1.0,0.0632032226698152,,0.0,0.0,2607.0,201.0,201.0,13.0,4.517834375584832e-05,0.0,,0.0,,0.0,,0.0,,,
6864893,K02375.01,FALSE POSITIVE,413.6,7.005,40.8792243,32.0,0.0004201770739453,1.6728358208955254,-8.35824649575434e-05,3.9959194972037904,1.3003608993478188e-05,0.0002178038145919,17.0,17.0,1800,pdcsap_flux,64765.0,0.0,29.424433116219006,43.0,0.0071399348935297,1.0,0.045101520883193,,0.0,0.0,1911.0,201.0,201.0,10.0,2.816894561659524e-05,0.0002178038145919,-0.1251512856890732,0.0002178038145919,-0.1251512856890732,0.0002178038145919,-0.1251512856890732,0.0,,,
6877871,K06785.01,FALSE POSITIVE,221.7,4.164,0.536869783,1709.0,0.0001053810119628,3.811820895522388,-2.092123031616211e-05,3.1547610125783607,1.7523765563964844e-05,,17.0,17.0,1800,pdcsap_flux,64767.0,0.0,29.424443263560534,,0.3231696129934733,1.0,1.0,none,0.0,0.0,64767.0,156.0,156.0,416.0,,,,,,,,0.0,blanking covers 1.29 of the orbit,,
6880517,K03305.01,CONFIRMED,983.9,7.298,65.6491001,17.0,0.00086476053658,2.759442786069667,-0.0001721201580208,3.066100299788642,8.087321035754602e-05,0.0,14.0,14.0,1800,pdcsap_flux,54949.0,0.0,29.424513168632984,45.0,0.0046319497581861,1.0,0.0268794700540501,,0.0,0.0,1003.0,201.0,201.0,4.0,0.0001012055688111,0.0,,0.0,,0.0,,0.0,,,
6922710,K02087.01,CONFIRMED,157.3,4.901,23.1274171,54.0,0.0001354495680834,3.998825870646772,3.0921195356747866e-05,1.892109200009734,1.7928683637702392e-06,8.894102763790102e-05,21.0,18.0,60|1800,pdcsap_flux,65263.0,0.0,29.424416520050727,29.0,0.0088297077209427,1.0,0.0508710908171552,,0.0,0.0,2135.0,201.0,201.0,11.0,1.6899783870297335e-05,8.894102763790102e-05,-0.0309179620304157,8.894102763790102e-05,-0.0309179620304157,8.894102763790102e-05,-0.0309179620304157,0.0,,,
6928906,K03242.01,FALSE POSITIVE,21.8,6.698,1.54945486,684.0,2.2388541438767007e-05,2.66587064676617,-4.8490320255778485e-06,2.7946591241632386,4.020982506847126e-06,0.0,14.0,14.0,1800,pdcsap_flux,50603.0,0.0,29.423988042399287,41.0,0.1801171112098956,1.0,0.5404027429203803,primary_only,0.0,0.0,36463.0,201.0,201.0,181.0,3.2404759861879736e-06,0.0,,0.0,,0.0,,0.0,,,
6929841,K03026.01,CONFIRMED,237.4,1.381,3.51575492,293.0,0.0001993344709939,0.4397213930348228,-2.593722512322927e-07,1.951587924807865,7.058736068976668e-05,0.0,13.0,13.0,1800,pdcsap_flux,50170.0,0.0,29.42397161386907,9.0,0.0163668025718546,1.0,0.0975882001195933,,0.0,0.0,3268.0,201.0,201.0,16.0,3.134836424661373e-05,0.0,,0.0,,0.0,,0.0,,,
6932987,K01366.01,CONFIRMED,987.7,4.6509,19.25404023,71.0,0.0009227023311161,3.7022089552238655,-1.5162825752201847e-05,7.769390947544727,3.23778801232244e-05,0.0,17.0,17.0,1800,pdcsap_flux,64772.0,0.0,29.4244116533082,29.0,0.0100647707018943,2.0,0.0705397393935651,,1.0,0.0096646699191008,2681.0,201.0,201.0,13.0,3.344777003471878e-05,0.0001340264183534,0.228458587369978,0.0001340264183534,0.228458587369978,0.0,,0.0096646699191008,,,
6932987,K01366.02,CONFIRMED,1109.8,4.432,54.1558384,23.0,0.0010893271122071,2.557771144278591,-0.0001360385631277,5.449885758153527,2.916510567596564e-05,0.0,17.0,17.0,1800,pdcsap_flux,64772.0,0.0,29.4244116533082,27.0,0.0034099124327593,2.0,0.0507935527697153,,1.0,0.0311245599950595,836.0,201.0,201.0,4.0,5.4531394575145286e-05,0.0001699624214386,0.0613727564882905,0.0001703202595105,0.0673401032456191,0.0,,0.0311245599950595,,,
6934291,K01367.01,CONFIRMED,334.8,1.0258,0.567856484,2354.0,0.000321958022508,0.7144875621890581,-1.1655057051251916e-05,8.82271926933717,1.743430558931447e-05,0.0,26.0,17.0,60|1800,pdcsap_flux,64769.0,0.0,29.42441451363265,7.0,0.0752684311458292,1.0,0.4516821318840803,,0.0,0.0,19512.0,201.0,201.0,96.0,7.372135542328694e-06,0.0,,0.0,,0.0,,0.0,,,
6953281,K08130.01,FALSE POSITIVE,231.2,1.5368,0.566799395,2302.0,0.0002383173501391,0.8869094527363123,6.821111694144122e-06,5.637969913258615,1.5079902484838035e-05,0.0,16.0,16.0,1800,pdcsap_flux,63114.0,0.0,29.42438685335219,9.0,0.1129735386067822,1.0,0.6773774439902399,,0.0,0.0,28543.0,201.0,201.0,142.0,1.131902545162442e-05,0.0,,0.0,,0.0,,0.0,,,
6956014,K00031.01,FALSE POSITIVE,400.8,1.967,0.925589891,1443.0,0.0003527712472518,1.3309054726368217,1.7827388845703673e-05,9.934412049019016,0.000195092918493,0.0,18.0,18.0,1800,pdcsap_flux,65262.0,0.0,29.424451226368543,13.0,0.0885471353244645,1.0,0.5315191075970702,,0.0,0.0,23116.0,201.0,201.0,115.0,4.672983682110865e-06,0.0,,0.0,,0.0,,0.0,,,
6967278,K06152.01,FALSE POSITIVE,645.1,7.844,395.07333,4.0,0.0008003525948987,0.9365970149253732,7.30914919173653e-05,7.3578708336488035,0.0001977038332739,0.0028731884223561,8.0,8.0,1800,pdcsap_flux,31497.0,0.0,29.42339962755796,47.0,0.000827272580848,1.0,0.0055560847064799,,0.0,0.0,191.0,200.0,145.0,1.0,3.534570360548081e-05,0.0005244924931547,0.3788121031956984,0.0028731884223561,0.4997087316748395,0.0028731884223561,0.4997087316748395,0.0,,,
7011044,K05342.01,FALSE POSITIVE,,1.8,25.50236699,,0.0003267705007719,0.1074626865671639,-0.0002771639852221,0.7124417957160593,5.3166046628194685e-05,0.0,7.0,7.0,1800,pdcsap_flux,23270.0,0.0,29.423898848472163,11.0,0.0029409034867002,1.0,0.0168886978942844,,0.0,0.0,273.0,200.0,173.0,1.0,0.0001140276040937,0.000358544539079,0.181229670255642,0.0003968794178151,-0.3473977314787139,0.0,,0.0,,,
7024511,K00311.01,FALSE POSITIVE,1972.0,6.945,66.1544958,,0.0036117360942637,1.243880597014929,-0.0005760258553884,5.416526963779202,0.0015303549099149,0.0,17.0,17.0,1800,pdcsap_flux,64748.0,0.0,29.424422382144257,43.0,0.0043742302998551,1.0,0.0269969728794711,,0.0,0.0,1182.0,201.0,201.0,6.0,0.000158862195138,0.000495128846532,0.4410082752161209,0.000495128846532,0.4410082752161209,0.0,,0.0,,,
7031340,K07804.01,FALSE POSITIVE,40.0,3.011,0.566769068,2358.0,4.7339810489654965e-05,0.5392835820895527,1.1731655503499638e-05,2.252999509811829,4.584312340960572e-06,,17.0,17.0,1800,pdcsap_flux,64793.0,0.0,29.424425572506152,19.0,0.221357057780248,1.0,0.6642075532850771,primary_only,0.0,0.0,57374.0,201.0,201.0,285.0,,,,,,,,0.0,blanking covers 0.89 of the orbit,,
7031898,K07807.01,FALSE POSITIVE,19.9,2.637,0.566792595,2368.0,1.6563832237803666e-05,0.2099104477611924,2.366041196966151e-06,1.057572714986396,5.4122645857246354e-06,0.0,18.0,18.0,1800,pdcsap_flux,65261.0,0.0,29.42444167099893,17.0,0.1938539793378916,1.0,0.5819402093133724,primary_only,0.0,0.0,50620.0,201.0,201.0,250.0,5.013137793799638e-07,1.5538483644217391e-06,0.4450382148824308,1.5538483644217391e-06,0.4450382148824308,0.0,,0.0,,,
7032383,K06811.01,FALSE POSITIVE,69.4,4.109,0.566797404,2366.0,7.092952728271484e-05,1.962507462686559,3.272294998168945e-05,3.017458660816347,5.960464477539063e-06,,17.0,17.0,1800,pdcsap_flux,64710.0,0.0,29.42443043924868,,0.3020626631757356,1.0,1.0,none,0.0,0.0,64710.0,167.0,167.0,389.0,,,,,,,,0.0,blanking covers 1.21 of the orbit,,
7032687,K07577.01,FALSE POSITIVE,93.2,3.813,0.5668004,2011.0,8.07642936706543e-05,1.517611940298504,3.516674041748047e-05,2.4700945380832064,5.364418029785156e-07,,14.0,14.0,1800,pdcsap_flux,54899.0,0.0,29.42452515475452,,0.2803014959057898,1.0,1.0,none,0.0,0.0,54899.0,180.0,180.0,306.0,,,,,,,,0.0,blanking covers 1.12 of the orbit,,
7033671,K00670.01,CONFIRMED,262.2,3.587,9.48965527,140.0,0.0002492102926663,2.855323383084569,1.3516849410866172e-06,6.169261271035532,2.1158924668585044e-05,0.0,18.0,17.0,60|1800,pdcsap_flux,64731.0,0.0,29.424433037638664,21.0,0.0157496061849392,1.0,0.0937881386043781,,0.0,0.0,4016.0,201.0,201.0,20.0,9.169563605756312e-06,0.0,,0.0,,0.0,,0.0,,,
7033713,K06813.01,FALSE POSITIVE,99.5,4.933,2.19642864,515.0,9.827568012721331e-05,0.7853532338308469,1.2258034834955469e-05,1.6234088342093504,1.1545214016361882e-05,0.0,14.0,14.0,1800,pdcsap_flux,54909.0,0.0,29.424523478373885,31.0,0.0935799428779378,1.0,0.5599628476206087,,0.0,0.0,20391.0,201.0,201.0,102.0,1.6076355263393038e-05,0.0,,0.0,,0.0,,0.0,,,
7045605,K07808.01,FALSE POSITIVE,525.1,6.947,361.526458,4.0,0.000420874588133,1.1059900497512412,5.147344877165505e-05,1.3617416124874118,7.519854431259354e-06,0.0003186382718466,17.0,17.0,1800,pdcsap_flux,64770.0,0.0,29.42444149288349,43.0,0.0008006560154259,1.0,0.0052030260923266,,0.0,0.0,224.0,200.0,199.0,1.0,8.431955433959466e-05,0.0002795169285217,0.1236114311732389,0.0003239615585387,0.1222102831462435,0.0003186382718466,0.032636891420465,0.0,,,
7047207,K02494.01,CONFIRMED,217.5,6.805,19.1187425,73.0,0.0002284791714888,0.8125373134328306,-1.0919552739907523e-05,3.246344261024744,2.208537987269388e-05,0.0,17.0,17.0,1800,pdcsap_flux,64730.0,0.0,29.42444368265569,41.0,0.0148305604652955,1.0,0.0897111076780472,,0.0,0.0,4000.0,201.0,201.0,20.0,1.6702054278059353e-05,5.156791131688543e-05,-0.4276697377991748,5.156791131688543e-05,-0.4276697377991748,0.0,,0.0,,,
7047299,K05351.01,FALSE POSITIVE,101231.0,3.95004,35.882272887,38.0,,,,,,0.0,17.0,17.0,1800,pdcsap_flux,64598.0,0.0,29.42444301210344,25.0,0.0045868053152125,1.0,0.0237778259388835,,0.0,0.0,1029.0,201.0,170.0,4.0,3.247828135771207e-05,0.0001014713506167,-0.4661520513145423,0.0001014713506167,-0.4661520513145423,0.0,,0.0,,,
7090801,K06817.01,FALSE POSITIVE,560.0,17.66,548.08441,3.0,0.0006091780262031,1.4057711442786034,-1.0864957145639842e-05,1.5318261622257714,0.0003271985089322,0.0,17.0,17.0,1800,pdcsap_flux,64749.0,0.0,29.424403103766963,109.0,0.0013425547596461,1.0,0.0082781201254073,,0.0,0.0,428.0,201.0,201.0,2.0,0.0001126427816212,0.0004425209726832,0.2459715806717177,0.0005146345887862,-0.4229563283219793,0.0,,0.0,,,
7097571,K06818.01,FALSE POSITIVE,123355.0,6.7598,2.213964145,470.0,0.1130149455470227,3.7666547263681607,-0.0045248151937937,10.573279980962004,0.0001479477604121,0.0190612312327561,15.0,14.0,60|1800,pdcsap_flux,50642.0,0.0,29.42398821003735,41.0,0.1272190129950516,1.0,0.3840290667825125,primary_only,0.0,0.0,25933.0,201.0,201.0,129.0,0.0011080841366367,0.0190612312327561,0.4959559537295098,0.0190612312327561,0.4959559537295098,0.0190612312327561,0.4959559537295098,0.0,,,
7102227,K01360.01,CONFIRMED,1346.6,4.42,36.7704935,37.0,0.001314851769236,3.694328358208949,-8.79345266907583e-05,7.348018044647467,0.0002104792799063,0.0,17.0,17.0,1800,pdcsap_flux,64766.0,0.0,29.424412166699767,27.0,0.0050085448721722,3.0,0.2214742303060247,,2.0,0.197665441744125,1308.0,201.0,201.0,7.0,5.629482882720822e-05,0.0001904396716027,0.1292013500313245,0.0001904396716027,0.1292013500313245,0.0,,0.197665441744125,,,
7102227,K01360.02,CONFIRMED,831.3,2.4184,14.58932429,94.0,0.0006981004217274,0.9144199004975064,2.149694562747495e-05,4.082744668046021,6.328677194411547e-06,0.0,17.0,17.0,1800,pdcsap_flux,64766.0,0.0,29.424412166699767,15.0,0.0069068768822786,3.0,0.2274495877466572,,2.0,0.1931877837136769,1794.0,201.0,201.0,8.0,4.923491489175296e-05,0.0001517101681299,-0.4993567826826094,0.0001579346381413,-0.3782568659525677,0.0,,0.1931877837136769,,,
7102227,K01360.03,CONFIRMED,128.2,1.103,0.764017553,1685.0,9.34347783962952e-05,0.4609552238806009,-2.205589119796958e-05,1.806299781957554,2.748484533732221e-05,0.0,17.0,17.0,1800,pdcsap_flux,64766.0,0.0,29.424412166699767,7.0,0.0601535045273146,3.0,0.3839514560108699,,2.0,0.0359602260445295,15595.0,201.0,201.0,81.0,1.2771673526543467e-05,3.846941317164898e-05,0.2143371029689583,3.846941317164898e-05,0.2143371029689583,0.0,,0.0359602260445295,,,
7106437,K08134.01,FALSE POSITIVE,195.8,3.703,212.760495,7.0,0.0001819917421358,0.1473830845771147,-3.159814780495651e-06,1.692577176519217,1.7627781354612182e-05,0.0001917576359755,18.0,18.0,1800,pdcsap_flux,65223.0,0.0,29.42443437350448,23.0,0.0007251894514847,1.0,0.0047375925670392,,0.0,0.0,210.0,200.0,128.0,1.0,2.8127766363457107e-05,0.0001917576359755,0.1283835353823311,0.0001917576359755,0.1283835353823311,0.0001917576359755,0.1283835353823311,0.0,,,
7115925,K04258.01,FALSE POSITIVE,24.9,2.75,0.566801617,2374.0,2.6151546080210863e-05,0.9850746268656732,-2.2126010736922552e-06,2.727949139299432,3.280164605601321e-06,,18.0,18.0,1800,pdcsap_flux,65217.0,0.0,29.42444308544509,17.0,0.2021577389630723,1.0,0.6070196421178528,primary_only,0.0,0.0,52747.0,201.0,201.0,263.0,,,,,,,,0.0,blanking covers 0.81 of the orbit,,
7116236,K06828.01,FALSE POSITIVE,100.3,4.929,0.566793818,2015.0,9.41753387451172e-05,2.4522388059701425,9.238719940185549e-06,3.0800445085925445,2.0384788513183597e-05,,14.0,14.0,1800,pdcsap_flux,54933.0,0.0,29.42452364077326,,0.3623451658747626,1.0,1.0,none,0.0,0.0,54933.0,139.0,139.0,395.0,,,,,,,,0.0,blanking covers 1.45 of the orbit,,
7117126,K07814.01,FALSE POSITIVE,18.5,2.6079,0.566717263,2358.0,1.7573783815616473e-05,0.8303761194029846,-3.061285595684637e-06,1.7055728268788777,7.875032242088409e-06,0.0,17.0,17.0,1800,pdcsap_flux,64748.0,0.0,29.424429590580985,15.0,0.1917402329069336,1.0,0.5756162352505096,primary_only,0.0,0.0,49669.0,201.0,201.0,247.0,2.972509098530817e-06,0.0,,0.0,,0.0,,0.0,,,
7117355,K04866.01,FALSE POSITIVE,38.6,3.172,0.566798364,2368.0,3.539662859930459e-05,0.6312437810945242,1.43355644778298e-05,2.0554926491324537,8.228203049465144e-06,,17.0,17.0,1800,pdcsap_flux,64714.0,0.0,29.424432618543506,19.0,0.2331811011837477,1.0,0.6997713014185493,primary_only,0.0,0.0,60370.0,201.0,201.0,301.0,,,,,,,,0.0,blanking covers 0.93 of the orbit,,
7117485,K07816.01,FALSE POSITIVE,54.6,5.835,0.566789505,2368.0,4.017353057861328e-05,1.8579104477611987,-1.4603137969970703e-06,2.343333875707346,1.1742115020751951e-05,,17.0,17.0,1800,pdcsap_flux,64712.0,0.0,29.42443144507706,,0.4289511323961441,1.0,1.0,none,0.0,0.0,64712.0,118.0,118.0,552.0,,,,,,,,0.0,blanking covers 1.72 of the orbit,,
7119080,K06154.01,FALSE POSITIVE,,2.52,13.59940118,86.0,0.0034509740383881,0.200597014925373,0.0019522147935955,0.7181958527849605,0.0032514855094729,0.0,14.0,14.0,1800,pdcsap_flux,54965.0,0.0,29.424519868916832,15.0,0.0077209281945751,1.0,0.0455562630765032,,0.0,0.0,1735.0,201.0,201.0,9.0,0.0019661019021975,0.0,,0.0,,0.0,,0.0,,,
7122259,K03454.01,FALSE POSITIVE,233450.0,8.03365,20.882125422,55.0,0.2032856525052032,4.476461691542284,-0.0063663445394932,1387.8438712631976,0.0017125412550191,0.0586350480179644,14.0,14.0,1800,pdcsap_flux,54965.0,0.0,29.42451878450811,49.0,0.0160297579821071,1.0,0.0958064222687164,,0.0,0.0,3542.0,201.0,201.0,16.0,6.254961953464708e-05,0.0586350480179644,-0.3977961800597835,0.0586350480179644,-0.3977961800597835,0.0586350480179644,-0.3977961800597835,0.0,,,
7124026,K02275.01,FALSE POSITIVE,161.1,13.877,15.7455586,84.0,0.0001526842348035,12.427164179104505,-2.3362163064200026e-05,6.014657393126522,2.3611723765748494e-05,0.0,17.0,17.0,1800,pdcsap_flux,64762.0,0.0,29.424438307760283,85.0,0.0367219955812385,1.0,0.220530558043297,,0.0,0.0,9227.0,201.0,201.0,46.0,7.743199376316557e-06,2.6186978261288907e-05,0.4593696955387739,2.6186978261288907e-05,0.4593696955387739,0.0,,0.0,,,
7124613,K00673.01,CONFIRMED,291.0,2.965,4.41746257,304.0,0.0002862576216171,2.714228855721407,-1.6493102905745793e-05,11.7153333648809,5.423172362850615e-06,0.0,19.0,18.0,60|1800,pdcsap_flux,65253.0,0.0,29.424450634396635,19.0,0.0279666583947233,1.0,0.1677470767627542,,0.0,0.0,7301.0,201.0,201.0,36.0,5.958185700710738e-06,0.0,,0.0,,0.0,,0.0,,,
7131760,K03407.01,CONFIRMED,955.2,6.432,92.436978,15.0,0.0007819466093592,1.6640000000000006,-0.0001669957916934,3.413627335324982,5.036549591674877e-05,0.0002835123867643,17.0,17.0,1800,pdcsap_flux,64794.0,0.0,29.42444167099893,39.0,0.0028992726265888,1.0,0.01782572460413,,0.0,0.0,778.0,201.0,199.0,4.0,6.990781640843293e-05,0.0002656036430995,0.2034372505994796,0.0003166459822327,0.2128598866358932,0.0002835123867643,0.1983635235029492,0.0,,,
7134976,K00874.01,CONFIRMED,755.9,2.2607,4.601811819,295.0,0.0007061856991056,1.5746169154228968,-4.4810322667676594e-05,8.610169397162027,5.028228187420325e-05,0.0,17.0,17.0,1800,pdcsap_flux,64792.0,0.0,29.42444350454025,13.0,0.0204692927564783,2.0,0.1549728361526114,,1.0,0.0361155698234349,5385.0,201.0,201.0,27.0,1.7655744003681417e-05,6.108464025211813e-05,0.2650540698469988,6.108464025211813e-05,0.2650540698469988,0.0,,0.0361155698234349,,,
7134976,K00874.02,CONFIRMED,353.6,3.252,11.18719905,117.0,0.0002914157667758,0.5824477611940262,1.725922684125969e-05,2.576068752987539,7.677714988663098e-06,0.0,17.0,17.0,1800,pdcsap_flux,64792.0,0.0,29.42444350454025,19.0,0.0121120576646931,2.0,0.1296456352636127,,1.0,0.0622299049265341,3122.0,201.0,201.0,15.0,2.811743246711193e-05,0.0001305769000936,0.2645859461821687,0.0001305769000936,0.2645859461821687,0.0,,0.0622299049265341,,,
7137725,K01699.01,FALSE POSITIVE,119.6,3.66,2.253551793,599.0,0.0001233818400998,2.257910447761198,-5.9290915914722575e-06,9.411081294985154,1.621921904337853e-05,1.7424778236296845e-05,18.0,18.0,1800,pdcsap_flux,65236.0,0.0,29.42445909488015,23.0,0.0676709541239285,1.0,0.4056962413391379,,0.0,0.0,17776.0,201.0,201.0,89.0,4.143185027728335e-06,1.7424778236296845e-05,-0.4993979589148486,1.7424778236296845e-05,-0.4993979589148486,1.7424778236296845e-05,-0.4993979589148486,0.0,,,
7137798,K06836.01,FALSE POSITIVE,182828.0,5.74622,2.25353739,599.0,0.1526792075043416,3.08752119402987,-0.0040049447612695,12.571733198018874,0.0005849142865713,0.0,18.0,18.0,1800,pdcsap_flux,65264.0,0.0,29.424458602443337,35.0,0.1062444467954149,1.0,0.6367982348614857,,0.0,0.0,27899.0,201.0,201.0,139.0,0.014769115633938,0.0,,0.0,,0.0,,0.0,,,
7138841,K05361.01,FALSE POSITIVE,134.5,3.428,22.0495604,62.0,2.9453723379813116e-05,0.341094527363186,-2.726170186695409e-05,0.4225905862671524,5.730060082442812e-05,6.515949879215555e-05,18.0,18.0,1800,pdcsap_flux,65264.0,0.0,29.42445926251821,21.0,0.0064778313373237,1.0,0.0387349840647217,,0.0,0.0,1713.0,201.0,201.0,8.0,1.2497849975497588e-05,6.515949879215555e-05,-0.369620670855012,6.515949879215555e-05,-0.369620670855012,6.515949879215555e-05,-0.369620670855012,0.0,,,
7174351,K01365.01,FALSE POSITIVE,295.7,1.3233,1.487084251,896.0,0.0002777999361788,0.4213492537313427,-3.48029442631681e-05,2.543448105939648,0.0001684281309084,0.0,17.0,17.0,1800,pdcsap_flux,64701.0,0.0,29.424406634643677,9.0,0.037077589896418,1.0,0.2229022735351849,,0.0,0.0,9575.0,201.0,201.0,48.0,2.4635369046306763e-05,0.0,,0.0,,0.0,,0.0,,,
7175184,K00369.01,CONFIRMED,112.7,1.9531,5.88527364,225.0,0.0001128662872247,0.7384855721393024,7.748571266286142e-06,4.997258022203644,1.951528936161573e-05,0.0,19.0,18.0,60|1800,pdcsap_flux,65231.0,0.0,29.42441710678395,11.0,0.0138275926736121,2.0,0.110576259753798,,1.0,0.0303843264705431,3569.0,201.0,201.0,18.0,4.332098088109404e-06,1.4117984741712776e-05,0.3590549492632333,1.4117984741712776e-05,0.3590549492632333,0.0,,0.0303843264705431,,,
7175184,K00369.02,CONFIRMED,114.6,2.369,10.10463142,132.0,0.0001046757721294,1.8857711442786136,-8.032804676205707e-06,5.1331449961598485,1.635937647759267e-05,0.0,19.0,18.0,60|1800,pdcsap_flux,65231.0,0.0,29.42441710678395,15.0,0.0097686228453579,2.0,0.097944228970888,,1.0,0.0410541000444573,2644.0,201.0,201.0,13.0,5.5880906314719646e-06,0.0,,0.0,,0.0,,0.0410541000444573,,,
7199724,K07822.01,FALSE POSITIVE,39.4,4.124,0.566795586,2370.0,3.1113624572753906e-05,1.887601990049751,1.0788440704345705e-05,2.41153545511495,6.258487701416016e-06,,17.0,17.0,1800,pdcsap_flux,64714.0,0.0,29.42443194799125,,0.3031663223526467,1.0,1.0,none,0.0,0.0,64714.0,166.0,166.0,391.0,,,,,,,,0.0,blanking covers 1.21 of the orbit,,
7200301,K06844.01,FALSE POSITIVE,49.3,2.2,0.566791802,2370.0,5.165186941047395e-05,0.7880597014925321,-9.300216100127656e-06,2.436248064370594,1.7007774587463054e-05,1.0240557230090095e-05,17.0,17.0,1800,pdcsap_flux,64724.0,0.0,29.424432105151936,13.0,0.1617289917447794,1.0,0.4856467461837958,primary_only,0.0,0.0,41907.0,201.0,201.0,209.0,1.7818865813922446e-06,1.0240557230090095e-05,0.4703901265117018,1.0240557230090095e-05,0.4703901265117018,1.0240557230090095e-05,0.4703901265117018,0.0,,,
7210749,K07828.01,FALSE POSITIVE,509.5,3.815,17.5859472,77.0,0.0003124442782646,0.5314427860696528,-8.4157711292554e-05,0.7643707025975407,0.0001410100509201,0.0,17.0,17.0,1800,pdcsap_flux,64738.0,0.0,29.42444066517055,23.0,0.009038940668111,1.0,0.0540177330161574,,0.0,0.0,2396.0,201.0,201.0,12.0,0.0001008056003009,0.0,,0.0,,0.0,,0.0,,,
7211469,K01377.01,CONFIRMED,198.5,4.623,11.29689442,121.0,0.0001799873621736,2.116000000000005,1.2859544143650758e-05,3.292515387791953,4.891058657141567e-05,0.0,17.0,17.0,1800,pdcsap_flux,64702.0,0.0,29.42444217391312,29.0,0.0170511463450501,1.0,0.1020215758400049,,0.0,0.0,4454.0,201.0,201.0,22.0,1.5974557151770452e-05,0.0,,0.0,,0.0,,0.0,,,
7212066,K03610.01,FALSE POSITIVE,31353.0,2.8592,3.840485025,291.0,0.035341759108512,1.706985074626867,-0.0054440515995837,334.6353259775732,3.473397895847885e-05,0.0,14.0,14.0,1800,pdcsap_flux,54966.0,0.0,29.42451375536621,17.0,0.0310203874140437,2.0,0.1863333697194629,,1.0,0.1718698832005239,6698.0,201.0,201.0,33.0,2.1917852740551732e-05,8.033346988944867e-05,0.4628093095945637,8.033346988944867e-05,0.4628093095945637,0.0,,0.1718698832005239,,,
7212066,K03610.02,FALSE POSITIVE,,2.65,1.92027188,,0.0216675454206038,1.6348258706467569,0.0086708273299526,313.8514810501357,0.0284376023377691,0.0,14.0,14.0,1800,pdcsap_flux,54966.0,0.0,29.42451375536621,17.0,0.0575005382397552,2.0,0.3521267692755521,,1.0,0.0914565367681839,12608.0,201.0,201.0,62.0,1.3363868610079876e-05,5.053310964175939e-05,0.499074505110392,5.053310964175939e-05,0.499074505110392,0.0,,0.0914565367681839,,,
7257373,K06034.01,FALSE POSITIVE,430422.0,8.57374,5.233450136,0.0,,,,,,,,,,,,,,,,,,,,,,,,,,,,,,,,,,koi_num_transits is 0,precheck
7280953,K06850.01,FALSE POSITIVE,,1.22,0.56680208,2361.0,5.828601668367295e-05,0.3641791044776089,-7.174510899599085e-06,1.693659623745147,1.7038621041298718e-05,0.0,18.0,18.0,1800,pdcsap_flux,65261.0,0.0,29.42444301210344,7.0,0.0896844509345013,1.0,0.5383307028700143,,0.0,0.0,23440.0,201.0,201.0,116.0,1.0208126905017022e-05,0.0,,0.0,,0.0,,0.0,,,
7281229,K06852.01,FALSE POSITIVE,129.1,3.752,0.566813319,2307.0,0.0001235008239746,1.343999999999996,6.437301635742188e-06,2.522644140136291,2.7179718017578125e-05,,16.0,16.0,1800,pdcsap_flux,63107.0,0.0,29.424379802076142,,0.2758109735479475,1.0,1.0,none,0.0,0.0,63107.0,183.0,183.0,347.0,,,,,,,,0.0,blanking covers 1.10 of the orbit,,
7282042,K04718.01,FALSE POSITIVE,20.2,3.325,0.566803216,2373.0,1.7647159232248022e-05,1.257213930348261,3.2022066865922127e-06,1.8747119892284283,6.454125544452793e-06,,18.0,18.0,1800,pdcsap_flux,65215.0,0.0,29.424445359036326,21.0,0.2444263948330643,1.0,0.7334662270949934,primary_only,0.0,0.0,63767.0,201.0,201.0,317.0,,,,,,,,0.0,blanking covers 0.98 of the orbit,,
7283710,K04672.01,FALSE POSITIVE,948.0,6.681,353.40191,,0.0004697286153459,0.2659104477611942,-0.0001303762377564,0.8619434939447842,0.0002858173348659,0.0007488072159315,17.0,17.0,1800,pdcsap_flux,64764.0,0.0,29.424432618543506,41.0,0.0007877008927314,1.0,0.0049564572910876,,0.0,0.0,213.0,197.0,128.0,1.0,0.0001550437774649,0.0007488072159315,0.3789768963892689,0.0007593419001413,0.3561335705000551,0.0007488072159315,0.3789768963892689,0.0,,,
7286173,K01862.01,CONFIRMED,580.0,4.7381,56.4349933,25.0,0.0005436812663045,4.1487840796020174,2.8554028500327178e-05,8.373257447365651,2.0430874740906543e-05,0.0,17.0,17.0,1800,pdcsap_flux,64764.0,0.0,29.424436977133155,29.0,0.0034981989327769,1.0,0.0217404731023408,,0.0,0.0,961.0,201.0,201.0,5.0,2.0823330649779048e-05,6.269899243815935e-05,-0.2030853114549675,7.936811813225031e-05,-0.1978380130558021,0.0,,0.0,,,
7295570,K06035.01,FALSE POSITIVE,16112.0,2.994,3.6037011,25.0,0.0145554969706933,1.727880597014937,-0.0001137763189487,57.10853668995911,0.0003625580512631,0.0003631879083145,1.0,1.0,1800,pdcsap_flux,4366.0,0.0,29.423164101317525,19.0,0.0346171884233129,1.0,0.2077416399450297,,0.0,0.0,593.0,201.0,201.0,3.0,4.4268742558712426e-05,0.0003631879083145,-0.4856609235640471,0.0003631879083145,-0.4856609235640471,0.0003631879083145,-0.4856609235640471,0.0,,,
7362450,K07585.01,FALSE POSITIVE,26.1,5.148,0.566807422,2377.0,2.759695053100586e-05,1.6391641791044835,9.864568710327148e-06,3.431749688325973,4.76837158203125e-07,,18.0,18.0,1800,pdcsap_flux,65219.0,0.0,29.424445359036326,,0.37843541152501,1.0,1.0,none,0.0,0.0,65219.0,133.0,133.0,492.0,,,,,,,,0.0,blanking covers 1.51 of the orbit,,
7366258,K00880.01,CONFIRMED,1843.5,3.9783,26.44439337,53.0,0.0017707858741522,3.245976119402977,-0.0001434370811081,9.643550302563158,1.154383120649527e-06,0.0,49.0,17.0,60|1800,pdcsap_flux,64764.0,0.0,29.424434965476397,25.0,0.0062683419385241,4.0,0.2005280711506392,,3.0,0.168643073312334,1676.0,201.0,201.0,8.0,3.965832759588257e-05,0.0002343845308265,-0.499401058069331,0.0002343845308265,-0.499401058069331,0.0,,0.168643073312334,,,
7366258,K00880.02,CONFIRMED,3644.3,6.3994,51.53997972,28.0,0.003405725217027,4.839347263681571,2.072099182137688e-05,17.297888270471496,0.0001887815167315,0.0,49.0,17.0,60|1800,pdcsap_flux,64764.0,0.0,29.424434965476397,39.0,0.0051734918817439,4.0,0.198335495028102,,3.0,0.1710054968809832,1449.0,201.0,201.0,7.0,4.404661973103544e-05,0.0,,0.0,,0.0,,0.1710054968809832,,,
7366258,K00880.03,CONFIRMED,702.3,2.9003,5.902245782,220.0,0.0006270367768553,2.481848756218911,-4.150522145507374e-05,6.593666272867396,1.3126354874049008e-05,0.0,49.0,17.0,60|1800,pdcsap_flux,64764.0,0.0,29.424434965476397,17.0,0.020474551178786,4.0,0.2390525600642332,,3.0,0.1314310419368785,5335.0,201.0,201.0,26.0,1.8867767224236274e-05,0.0,,0.0,,0.0,,0.1314310419368785,,,
7366258,K00880.04,CONFIRMED,391.6,1.8876,2.382951591,515.0,0.0002658678529143,0.4132059701492534,-1.56273757478953e-06,4.723025644975765,5.182367346368011e-07,0.0,49.0,17.0,60|1800,pdcsap_flux,64764.0,0.0,29.424434965476397,11.0,0.0330052865098257,4.0,0.2742881847940214,,3.0,0.0955005867457229,8562.0,201.0,201.0,43.0,1.610796430697917e-05,5.613152874683891e-05,0.4035320015733584,5.613152874683891e-05,0.4035320015733584,0.0,,0.0955005867457229,,,
7368664,K00614.01,CONFIRMED,3860.7,2.2491,12.874712426,102.0,0.0035389364050442,1.4322626865671593,0.0001185455663501,39.76319083136777,1.4293485601335476e-05,0.0,17.0,17.0,1800,pdcsap_flux,64766.0,0.0,29.42443764768541,13.0,0.00727880335492,1.0,0.0442979341012259,,0.0,0.0,1853.0,201.0,201.0,9.0,1.9887903745366528e-05,8.092664195114008e-05,0.3470824147857038,9.805426534625904e-05,0.4999372852390252,0.0,,0.0,,,
7375100,K05383.01,FALSE POSITIVE,,1.65,98.51783198,,0.0001539234647608,0.0985074626865664,2.9323788415469565e-05,1.0913721474635794,6.976802124913918e-08,0.0004331681080317,17.0,17.0,1800,pdcsap_flux,64785.0,0.0,29.42444083280861,11.0,0.0006978432088716,1.0,0.0042139384116693,,0.0,0.0,200.0,200.0,116.0,1.0,5.041426874289697e-05,0.0003447530862745,0.3470514355977044,0.0004331681080317,0.344870675569981,0.0004331681080317,0.344870675569981,0.0,,,
7376500,K03535.01,FALSE POSITIVE,362900.0,4.71655,5.877122485,131.0,0.3100952801797878,2.628127363184084,-0.009869130270784,1753.641492406315,0.0019591262722916,0.0492522801035159,10.0,10.0,1800,pdcsap_flux,37874.0,0.0,29.424521969631314,29.0,0.0334386287112861,1.0,0.2002693140412948,,0.0,0.0,5042.0,201.0,201.0,25.0,5.254078991216335e-05,0.0492522801035159,0.2607333911146868,0.0492522801035159,0.2607333911146868,0.0492522801035159,0.2607333911146868,0.0,,,
7385387,K06874.01,FALSE POSITIVE,125.1,3.52,1.65546056,684.0,0.0001151443335905,1.400995024875619,2.3716865603429227e-05,1.7396340698110384,5.495543162126193e-05,0.0,14.0,14.0,1800,pdcsap_flux,54924.0,0.0,29.424509386299174,21.0,0.0885956876355101,1.0,0.5323355909984706,,0.0,0.0,19340.0,201.0,201.0,96.0,2.3754539297648517e-05,0.0,,0.0,,0.0,,0.0,,,
7385478,K06875.01,FALSE POSITIVE,174198.0,5.09197,1.655472351,809.0,0.147722254459847,2.634651144278614,-0.0054346307268076,8.316784197224473,0.0003511737911372,0.0140909404257865,20.0,18.0,60|1800,pdcsap_flux,65265.0,0.0,29.42445826716721,31.0,0.1281600484227396,1.0,0.3823182410173906,primary_only,0.0,0.0,33270.0,201.0,201.0,166.0,0.0022566894936516,0.0140909404257865,-0.49914115376239,0.0140909404257865,-0.49914115376239,0.0140909404257865,-0.49914115376239,0.0,,,
7385509,K00675.01,FALSE POSITIVE,1059.4,3.2424,1.655467295,788.0,0.0011125338450854,2.4519641791044826,-9.13416559661373e-05,20.12174450173832,4.14175282144047e-05,0.0001403528716601,20.0,16.0,60|1800,pdcsap_flux,63161.0,0.0,29.42439229111187,19.0,0.0816083775306476,1.0,0.4903500577888254,,0.0,0.0,20478.0,201.0,201.0,102.0,2.799984116187096e-05,0.0001261217249284,0.4793133060554212,0.0001403528716601,-0.4795851299296891,0.0001403528716601,-0.4795851299296891,0.0,,,
7431709,K07838.01,FALSE POSITIVE,49.3,2.353,0.572513875,2335.0,3.7469172841198e-05,0.4682587064676635,-3.054681660508152e-06,1.077125036503764,7.959541032942496e-07,0.0,17.0,17.0,1800,pdcsap_flux,64791.0,0.0,29.424415933317505,15.0,0.1712476691794879,1.0,0.5136207189270114,primary_only,0.0,0.0,44388.0,201.0,201.0,222.0,1.1880161642026154e-05,0.0,,0.0,,0.0,,0.0,,,
7436215,K00885.01,FALSE POSITIVE,,2.28,25.58546721,,2.1036326520174065e-05,0.2268656716417916,-8.899076186430488e-05,0.1100506941054587,3.676679751252188e-05,0.0,17.0,17.0,1800,pdcsap_flux,64755.0,0.0,29.424422382144257,13.0,0.0037130453479805,1.0,0.0219442514091575,,0.0,0.0,961.0,201.0,201.0,5.0,4.662318325885507e-05,0.0001428294706402,0.1558666902935653,0.0002475125624551,-0.4997483536812241,0.0,,0.0,,,
7440748,K00457.01,CONFIRMED,761.3,1.8806,4.9213639,273.0,0.0006824698869668,1.5344199004975108,1.5196218245749904e-05,9.680866162893684,1.225129070026032e-05,0.0,21.0,17.0,60|1800,pdcsap_flux,64793.0,0.0,29.424423901364207,11.0,0.0159220766693016,2.0,0.1177287669964348,,1.0,0.0249255320790826,4117.0,201.0,201.0,21.0,1.4113971457716332e-05,0.0,,0.0,,0.0,,0.0249255320790826,,,
7440748,K00457.02,CONFIRMED,728.9,1.3867,7.064252021,185.0,0.0006866307843711,0.910668656716422,7.817025398482169e-05,7.933214957001778,9.020594936026692e-05,0.0,21.0,17.0,60|1800,pdcsap_flux,64793.0,0.0,29.424423901364207,9.0,0.0081790919257843,2.0,0.0940842374947911,,1.0,0.0475668667911657,2149.0,201.0,201.0,11.0,2.2698565206508375e-05,0.0,,0.0,,0.0,,0.0475668667911657,,,
7449844,K01452.01,FALSE POSITIVE,12072.0,2.2245,1.152216965,1162.0,0.0114724872441854,1.5051343283582082,-0.0001120054393097,163.8241688928507,7.15838860080309e-05,0.0003456049633069,18.0,17.0,60|1800,pdcsap_flux,64793.0,0.0,29.424435882247053,13.0,0.0804427489053678,1.0,0.4829842729924529,,0.0,0.0,20808.0,201.0,201.0,103.0,5.596966808890472e-05,0.0003456049633069,0.4930362123517808,0.0003456049633069,0.4930362123517808,0.0003456049633069,0.4930362123517808,0.0,,,
7455553,K06879.01,FALSE POSITIVE,1643.5,2.6358,3.258249472,408.0,0.0015191318779701,1.5736119402985078,-2.233656985006771e-05,85.1550946481014,0.0008912842312179,0.0,17.0,17.0,1800,pdcsap_flux,64786.0,0.0,29.424439324066043,17.0,0.0337067498802007,1.0,0.2003982341863983,,0.0,0.0,8680.0,201.0,201.0,43.0,5.074037378449602e-06,1.5248675385048928e-05,0.3974511025978174,1.5248675385048928e-05,0.3974511025978174,0.0,,0.0,,,
7456380,K05391.01,FALSE POSITIVE,426.6,5.06,368.72715,,0.0003704154695054,0.2013930348258696,2.1082886728085448e-05,1.2373715565429664,7.664616138736147e-05,0.0007783861839464,17.0,17.0,1800,pdcsap_flux,64780.0,0.0,29.424440822331235,31.0,0.000571786843831,1.0,0.0032880518678604,,0.0,0.0,123.0,201.0,111.0,1.0,8.529696798073817e-05,0.0007783861839464,0.2246136292603193,0.0007783861839464,0.2246136292603193,0.0007783861839464,0.2246136292603193,0.0,,,
7461307,K02909.01,FALSE POSITIVE,80.6,1.7603,0.77359329,1727.0,7.397338707204604e-05,0.6305552238805943,2.598480760340749e-06,3.4455620688647426,1.2102529279411913e-05,2.837682852496748e-05,17.0,17.0,1800,pdcsap_flux,64722.0,0.0,29.42444368265569,11.0,0.0948118789051716,1.0,0.5687401501807732,,0.0,0.0,24584.0,201.0,201.0,111.0,7.757422948450587e-06,2.837682852496748e-05,0.4955259206451401,2.837682852496748e-05,0.4955259206451401,2.837682852496748e-05,0.4955259206451401,0.0,,,
7510820,K03303.01,CONFIRMED,659.2,4.313,29.3493852,47.0,0.0006437744575541,1.2016318407960191,-7.390963940767659e-05,3.108473713958372,0.0002206319611037,0.0,17.0,17.0,1800,pdcsap_flux,64764.0,0.0,29.424410490319133,27.0,0.0061230697716057,1.0,0.0367024890371193,,0.0,0.0,1600.0,201.0,201.0,8.0,5.187290068808788e-05,0.0001645977587004,0.1758829384758527,0.0001645977587004,0.1758829384758527,0.0,,0.0,,,
7522911,K01705.01,CONFIRMED,437.8,6.501,20.4998763,67.0,0.0004150645401819,1.8112238805970056,0.0001003293432029,2.915561706867532,5.91318040713551e-05,0.0,17.0,17.0,1800,pdcsap_flux,64720.0,0.0,29.42442557774484,39.0,0.013213494366305,1.0,0.0810414091470951,,0.0,0.0,3524.0,201.0,201.0,17.0,3.4392498224210307e-05,0.0,,0.0,,0.0,,0.0,,,
7541502,K06885.01,FALSE POSITIVE,237120.0,6.86103,44.827323809,28.0,0.2101789933246611,3.959599402985054,-0.0067917470211869,3276.84589388472,0.0063298936636833,0.0122050818292011,19.0,18.0,60|1800,pdcsap_flux,65263.0,0.0,29.42445524444338,41.0,0.0063772767524124,1.0,0.0374484776979299,,0.0,0.0,1593.0,201.0,201.0,8.0,1.943628669691444e-05,0.0002517012860958,-0.0272747028940902,0.0122050818292011,-0.2034469731794844,0.0122050818292011,-0.2034469731794844,0.0,,,
7552344,K00888.01,FALSE POSITIVE,1823.5,0.9967,1.000747038,668.0,0.0014594226503084,0.8528975124378111,9.340395043488936e-05,18.32683932740723,0.0005883628954783,0.0,17.0,17.0,1800,pdcsap_flux,64749.0,0.0,29.42444452084601,7.0,0.0414981659597644,1.0,0.2494555900477227,,0.0,0.0,10762.0,201.0,201.0,54.0,1.5687887533512535e-05,0.0,,0.0,,0.0,,0.0,,,
7552701,K03994.01,FALSE POSITIVE,83.3,1.4759,1.324247867,1015.0,8.157772010441988e-05,0.4405671641791068,-5.945695489284475e-07,3.97485265416244,9.053831278582614e-06,0.0,17.0,17.0,1800,pdcsap_flux,64733.0,0.0,29.42444401793182,9.0,0.0464383102784588,1.0,0.2790385120417716,,0.0,0.0,12072.0,201.0,201.0,60.0,5.075033587892807e-06,3.0437112359948948e-05,-0.4956963341044865,3.0437112359948948e-05,-0.4956963341044865,0.0,,0.0,,,
7603200,K00314.01,CONFIRMED,756.0,2.3188,13.78109471,98.0,0.0007082484860091,1.9842467661691563,4.852034983904296e-06,17.54772590821452,1.4957128932735486e-05,0.0,53.0,18.0,60|1800,pdcsap_flux,65262.0,0.0,29.424436977133155,15.0,0.0070108121814559,3.0,0.073227912108118,,2.0,0.0324844473047102,1867.0,201.0,201.0,9.0,1.350220513029754e-05,0.0,,0.0,,0.0,,0.0324844473047102,,,
7603200,K00314.02,CONFIRMED,598.3,1.7012,23.08902241,55.0,0.0005544232323801,0.9817870646766174,3.810551029159726e-07,8.713124644356078,2.5611867926933485e-05,0.0,53.0,18.0,60|1800,pdcsap_flux,65262.0,0.0,29.424436977133155,11.0,0.0030700014957165,3.0,0.0621341668965094,,2.0,0.0447427293064877,768.0,201.0,201.0,3.0,1.871058481992536e-05,0.0,,0.0,,0.0,,0.0447427293064877,,,
7603200,K00314.03,CONFIRMED,137.6,2.0138,10.31282204,122.0,8.659639652652817e-05,0.4007562189054694,-2.894189792712609e-05,1.867160130637053,9.78611419943931e-06,0.0,53.0,18.0,60|1800,pdcsap_flux,65262.0,0.0,29.424436977133155,13.0,0.0081363115748415,3.0,0.0774263736937268,,2.0,0.0302013422818791,2072.0,201.0,201.0,10.0,1.6157195107296917e-05,0.0,,0.0,,0.0,,0.0302013422818791,,,
7604328,K02458.01,CONFIRMED,277.1,2.427,4.35407371,297.0,0.0001963469774824,0.4346865671641824,9.081285640144544e-07,1.4904850453324097,1.5904602386762612e-05,0.0,17.0,17.0,1800,pdcsap_flux,64787.0,0.0,29.4244249019539,15.0,0.0232253762189983,2.0,0.2101193140599194,,1.0,0.0807415067837683,6044.0,201.0,201.0,30.0,2.8751436574368023e-05,0.0001636406331314,-0.4984006417054229,0.0001636406331314,-0.4984006417054229,0.0,,0.0807415067837683,,,
7604328,K02458.02,CONFIRMED,279.6,1.8952,2.936587946,455.0,0.000243415376857,0.5657313432835842,5.297660648873048e-05,2.2623583463174937,7.93233158150608e-05,0.0,17.0,17.0,1800,pdcsap_flux,64787.0,0.0,29.4244249019539,11.0,0.0268906186767636,2.0,0.2203837189559634,,1.0,0.0699523052464228,6979.0,201.0,201.0,34.0,2.251644038803293e-05,0.0,,0.0,,0.0,,0.0699523052464228,,,
7605600,K06893.01,FALSE POSITIVE,178470.0,2.08375,3.326193904,196.0,0.1695123622316837,1.326965174129355,-0.0042161628809616,401.18411454623634,0.0009894734361743,0.0194656611469391,8.0,8.0,1800,pdcsap_flux,31346.0,0.0,29.424443347379565,13.0,0.0261027826917292,1.0,0.1575001595099853,,0.0,0.0,3306.0,201.0,201.0,16.0,0.0001040332794978,0.0194656611469391,0.499712244882546,0.0194656611469391,0.499712244882546,0.0194656611469391,0.499712244882546,0.0,,,
7622473,K08139.01,FALSE POSITIVE,192.9,4.303,40.244826,8.0,0.0001718260540382,0.5137910447761185,2.8356684340646865e-06,1.8785546840493528,0.0014724819234861,0.0021561598857461,4.0,4.0,1800,pdcsap_flux,13453.0,0.0,29.4241606205469,27.0,0.0044550240238749,1.0,0.031145469412027,,0.0,0.0,277.0,201.0,171.0,1.0,0.0001870774385595,0.0021561598857461,0.4249995793057438,0.0021561598857461,0.4249995793057438,0.0021561598857461,0.4249995793057438,0.0,,,
7626370,K01706.01,CONFIRMED,278.7,1.9046,1.921437488,697.0,0.0002540227814743,1.4402945273631822,-1.802622181357183e-05,9.069024334074392,1.786200627384993e-05,0.0,17.0,17.0,1800,pdcsap_flux,64756.0,0.0,29.42444418556988,11.0,0.0413015431565959,1.0,0.247791710420656,,0.0,0.0,10683.0,201.0,201.0,53.0,7.53314639381859e-06,0.0,,0.0,,0.0,,0.0,,,
7629518,K01495.01,CONFIRMED,867.7,5.0478,15.59466045,84.0,0.0008337324332454,4.419964179104444,2.2092661021710924e-06,9.472978824812392,5.033171741919418e-05,0.0,17.0,17.0,1800,pdcsap_flux,64730.0,0.0,29.42444552667439,31.0,0.0134869881055986,1.0,0.0814923528503012,,0.0,0.0,3424.0,201.0,201.0,17.0,2.42637716201366e-05,8.344495617573777e-05,-0.3600466900075706,8.344495617573777e-05,-0.3600466900075706,0.0,,0.0,,,
7664272,K07845.01,FALSE POSITIVE,386.0,5.12,341.01495,3.0,0.0003799610951014,0.1018905472636824,0.0001770437331156,2.8884696872103994,0.0001643483941307,0.0,17.0,17.0,1800,pdcsap_flux,64753.0,0.0,29.424409484490752,31.0,0.0006255835215826,1.0,0.0033357527836548,,0.0,0.0,126.0,194.0,55.0,0.0,6.571462898621197e-05,0.000291879864957,0.0510897565956705,0.0003319120082303,-0.1706796018053977,0.0,,0.0,,,
7668648,K06899.01,FALSE POSITIVE,238224.0,8.3777,27.81892382,51.0,0.2357800108357498,4.501450746268652,-0.0575707337452928,962.5293625640658,0.0032826329139913,0.045703729061854,19.0,17.0,60|1800,pdcsap_flux,64792.0,0.0,29.424411496147517,51.0,0.0125479632350973,1.0,0.0779571552043462,,0.0,0.0,3421.0,201.0,201.0,17.0,6.028440166190538e-05,0.045703729061854,-0.4904039338881653,0.045703729061854,-0.4904039338881653,0.045703729061854,-0.4904039338881653,0.0,,,
7668663,K01898.01,CONFIRMED,190.9,2.4384,6.4980147,200.0,0.0001759937038504,1.6983880597014962,6.843689418722931e-06,6.05040650904782,1.8402766832625872e-06,0.0,18.0,18.0,1800,pdcsap_flux,65239.0,0.0,29.42442641593516,15.0,0.015635544807247,1.0,0.0936556354327932,,0.0,0.0,3968.0,201.0,201.0,20.0,6.635133732024156e-06,2.1895274507022225e-05,0.3540940296095523,2.1895274507022225e-05,0.3540940296095523,0.0,,0.0,,,
7670485,K06900.01,FALSE POSITIVE,77323.6,4.05376,8.467706136,318.0,0.0681220863261221,2.258811542288562,-0.0024698020137156,522.7759245843815,0.0004208331165865,0.0131017027237712,17.0,17.0,1800,pdcsap_flux,64792.0,0.0,29.42441518418491,25.0,0.0199471573474389,1.0,0.1191659464131374,,0.0,0.0,5194.0,201.0,201.0,26.0,2.575335867892261e-05,0.0131017027237712,0.4942050927824535,0.0131017027237712,0.4942050927824535,0.0131017027237712,0.4942050927824535,0.0,,,
7672940,K01463.01,FALSE POSITIVE,22771.7,11.5521,1064.2680956,3.0,,,,,,0.0001543487781271,18.0,18.0,1800,pdcsap_flux,64948.0,0.0,29.42442591302097,71.0,0.0004522709099239,1.0,0.00192461661637,,0.0,0.0,81.0,199.0,78.0,0.0,4.228202491155643e-05,0.0001543487781271,0.0127719158392461,0.0002333780343273,-0.0121595180703111,0.0001543487781271,0.0127719158392461,0.0,,,
7694615,K04489.01,FALSE POSITIVE,49.2,0.9942,0.631106722,2114.0,5.0043404843269634e-05,0.2572059701492546,-7.380587407457284e-06,3.252592407754658,6.276698632845523e-06,0.0,18.0,18.0,1800,pdcsap_flux,65212.0,0.0,29.42445675842464,7.0,0.0656386607145027,1.0,0.3937312151137827,,0.0,0.0,17106.0,201.0,201.0,85.0,4.862082033434723e-06,0.0,,0.0,,0.0,,0.0,,,
7697568,K01829.01,FALSE POSITIVE,2940.7,2.5997,22.84156293,57.0,0.0026258642447977,1.2933830845771157,6.314664619200272e-05,11.347874478009592,9.824407263581136e-05,0.0,16.0,16.0,1800,pdcsap_flux,63170.0,0.0,29.424390038475394,15.0,0.004742268892251,2.0,0.0533164476808611,,1.0,0.0255501028969447,1193.0,201.0,201.0,7.0,6.916411242445851e-05,0.0002144665024178,0.1491389650273398,0.0002144665024178,0.1491389650273398,0.0,,0.0255501028969447,,,
7697568,K01829.02,FALSE POSITIVE,255.1,2.089,10.3482112,125.0,0.0003643627393761,0.2494328358208974,-0.000124490210788,2.045741399419965,6.637428941747014e-05,0.0,16.0,16.0,1800,pdcsap_flux,63170.0,0.0,29.424390038475394,13.0,0.008411276594999,2.0,0.0629887604875732,,1.0,0.0141364571790406,2147.0,201.0,201.0,11.0,4.958875856390611e-05,0.0,,0.0,,0.0,,0.0141364571790406,,,
7699298,K04534.01,FALSE POSITIVE,54.8,3.253,1.1578141,1158.0,5.137275292121935e-05,2.3305074626865725,-6.559550524976032e-08,4.223905587634317,4.744615659357798e-06,0.0,17.0,17.0,1800,pdcsap_flux,64761.0,0.0,29.424444264150225,19.0,0.1170668647640987,1.0,0.7018730408733651,,0.0,0.0,30293.0,201.0,201.0,151.0,8.277506139389068e-06,0.0,,0.0,,0.0,,0.0,,,
7700622,K00315.01,CONFIRMED,937.6,3.9885,35.58349688,39.0,0.0006673218559761,2.619313432835833,-5.3305076058940415e-05,9.192558250299316,1.7463839111497848e-06,8.544041961666693e-05,44.0,18.0,60|1800,pdcsap_flux,65260.0,0.0,29.42445776425302,25.0,0.0046703532415726,1.0,0.0279037695372356,,0.0,0.0,1230.0,201.0,201.0,6.0,1.5846462249076775e-05,8.544041961666693e-05,0.388548116055438,8.544041961666693e-05,0.388548116055438,8.544041961666693e-05,0.388548116055438,0.0,,,
7700871,K00088.01,FALSE POSITIVE,121.8,3.7256,5.17968868,520.0,0.0001135044020881,2.224238805970145,-9.19983459524154e-07,10.748185878890608,2.7794065182717986e-07,5.8800271393932846e-05,30.0,18.0,60|1800,pdcsap_flux,65103.0,0.0,29.42445449007209,23.0,0.0299696261539281,1.0,0.1800531465523862,,0.0,0.0,7752.0,201.0,201.0,39.0,2.659287059276149e-06,5.8800271393932846e-05,-0.4946456828503982,5.8800271393932846e-05,-0.4946456828503982,5.8800271393932846e-05,-0.4946456828503982,0.0,,,
7701809,K05415.01,FALSE POSITIVE,92.6,4.202,30.2111162,,7.497925622967916e-05,0.4181094527363176,4.333824600444292e-05,1.010351565377602,1.8759291352532517e-06,0.0,18.0,18.0,1800,pdcsap_flux,65222.0,0.0,29.424458099529147,25.0,0.0057953281889443,1.0,0.0356934776609119,,0.0,0.0,1576.0,201.0,199.0,9.0,1.9032157451702924e-05,5.966822265002225e-05,-0.467372926235813,5.966822265002225e-05,-0.467372926235813,0.0,,0.0,,,
7732285,K03023.01,FALSE POSITIVE,113.5,3.0112,4.39049637,305.0,9.708682677689318e-05,1.378260696517413,-1.4205481213558355e-06,4.811715188388755,8.800370931094648e-06,0.0,18.0,18.0,1800,pdcsap_flux,65213.0,0.0,29.424417777336203,19.0,0.0285768751624469,1.0,0.1714075414411237,,0.0,0.0,7459.0,201.0,201.0,37.0,6.37465917129647e-06,2.042765053378304e-05,0.4966667850267615,2.042765053378304e-05,0.4966667850267615,0.0,,0.0,,,
7750740,K06162.01,FALSE POSITIVE,205698.0,4.26585,5.874197307,225.0,0.1821773681113141,2.37699104477612,-0.0061490789932922,1622.6513059615695,0.0002906772005999,0.0044166068440884,17.0,17.0,1800,pdcsap_flux,64794.0,0.0,29.424425745382905,27.0,0.0302583894804131,1.0,0.1818532580177176,,0.0,0.0,7792.0,201.0,201.0,38.0,2.6451792580117827e-05,0.0044166068440884,0.4997114948602759,0.0044166068440884,0.4997114948602759,0.0044166068440884,0.4997114948602759,0.0,,,
7751562,K06912.01,FALSE POSITIVE,55165.0,7.80412,17.042155208,82.0,0.0536460900755647,5.591011343283588,-0.0007663782076922,410.2339110664705,0.0004698640068396,0.0008592545735892,17.0,17.0,1800,pdcsap_flux,64793.0,0.0,29.424427751800977,47.0,0.0190804310075772,1.0,0.1160310527371784,,0.0,0.0,5029.0,201.0,201.0,26.0,4.07467534745944e-05,0.0008592545735892,-0.37357242505982,0.0008592545735892,-0.37357242505982,0.0008592545735892,-0.37357242505982,0.0,,,
7757698,K07848.01,FALSE POSITIVE,913.0,3.239,369.181947,3.0,0.0008283793517265,0.0644577114427868,0.0001825878797717,2.5886288218491225,0.0004201037478714,0.0004191162978071,17.0,17.0,1800,pdcsap_flux,64763.0,0.0,29.42443613894284,19.0,0.0003655604896989,1.0,0.0021154054012321,,0.0,0.0,77.0,198.0,77.0,0.0,9.675022173721743e-05,0.000332275156974,0.258819223302797,0.0009107067088708,0.3487927988299908,0.0004191162978071,0.2569000307318766,0.0,,,
7762886,K08144.01,FALSE POSITIVE,541.6,23.66,315.81065,4.0,0.0006468436834995,6.591840796019866,5.882988461880512e-05,2.039200945740388,0.000202106270092,0.0003586938270091,17.0,17.0,1800,pdcsap_flux,64751.0,0.0,29.42444100044668,145.0,0.0031215962265152,1.0,0.0165866164229123,,0.0,0.0,656.0,201.0,201.0,3.0,6.921677627315883e-05,0.0002405260981237,0.1547679317144634,0.0003586938270091,-0.4047781918883946,0.0003586938270091,-0.4047781918883946,0.0,,,
7767559,K00895.01,FALSE POSITIVE,12861.0,3.8636,4.409409243,303.0,0.0126175866636356,3.2292776119403066,-4.880936983753248e-05,101.96309609184163,4.41327740937636e-05,0.0001600533152749,31.0,17.0,60|1800,pdcsap_flux,64795.0,0.0,29.424442509189248,23.0,0.0365090479158623,1.0,0.2198626437225094,,0.0,0.0,9548.0,201.0,201.0,48.0,3.4681477344077645e-05,0.0001600533152749,0.4938835567771825,0.0001600533152749,0.4938835567771825,0.0001600533152749,0.4938835567771825,0.0,,,
7770471,K03706.01,FALSE POSITIVE,605713.0,4.66082,1.157804607,0.0,,,,,,,,,,,,,,,,,,,,,,,,,,,,,,,,,,koi_num_transits is 0,precheck
7777365,K06916.01,FALSE POSITIVE,136.0,3.349,0.88512187,615.0,0.0001162011306679,0.5998208955223896,-9.574665813971706e-06,1.3316060197272643,6.918565696067969e-05,0.0,6.0,6.0,1800,pdcsap_flux,26043.0,0.0,29.42371285927948,21.0,0.1576524898957323,1.0,0.4739853319510041,primary_only,0.0,0.0,16449.0,201.0,201.0,82.0,2.804694444911886e-05,0.0,,0.0,,0.0,,0.0,,,
7777522,K04415.01,FALSE POSITIVE,177.3,3.156,0.885129679,1485.0,0.0001757085745844,2.198208955223868,-1.6467643364048712e-05,3.189004586244175,6.966264577856762e-06,0.0,16.0,16.0,1800,pdcsap_flux,63103.0,0.0,29.42439363745507,19.0,0.1485658012830004,1.0,0.4463813130912952,primary_only,0.0,0.0,37534.0,201.0,201.0,187.0,7.232974897618982e-06,2.7141421965803936e-05,-0.4814106796703729,2.7141421965803936e-05,-0.4814106796703729,0.0,,0.0,,,
7778437,K00131.01,CONFIRMED,6536.0,4.589,5.014234733,266.0,0.0064387016083612,4.018228855721377,1.829908859207752e-05,179.63125201008893,3.834938784319508e-05,0.0,24.0,17.0,60|1800,pdcsap_flux,64787.0,0.0,29.424444431788288,29.0,0.0381331037565794,1.0,0.2279469646688378,,0.0,0.0,9839.0,201.0,201.0,49.0,7.266639285250775e-06,2.7336272167333146e-05,0.4771705108167925,2.7336272167333146e-05,0.4771705108167925,0.0,,0.0,,,
7798259,K06917.01,FALSE POSITIVE,289817.0,2.4577,1.734221252,772.0,0.2486344365308049,1.3694646766169245,-0.0090442540910721,524.9590657424411,0.0004267492235472,0.0028166497015198,17.0,17.0,1800,pdcsap_flux,64793.0,0.0,29.42440008628182,15.0,0.059049078396755,1.0,0.3545907736946892,,0.0,0.0,15332.0,201.0,201.0,77.0,9.117175732126112e-05,0.0028166497015198,-0.4980798771793958,0.0028166497015198,-0.4980798771793958,0.0028166497015198,-0.4980798771793958,0.0,,,
7800285,K05427.01,FALSE POSITIVE,4398.5,1.54684,0.533000886,1257.0,0.0038039591601092,0.9234865671641848,-0.0002047302996152,91.39652445633546,6.039305635141545e-06,0.0,17.0,17.0,1800,pdcsap_flux,64767.0,0.0,29.42440327664372,9.0,0.1209222505244891,1.0,0.7253230811987587,,0.0,0.0,31358.0,201.0,201.0,157.0,1.587470164941804e-05,0.0,,0.0,,0.0,,0.0,,,
7812167,K01482.01,FALSE POSITIVE,879.4,4.091,17.7940049,65.0,0.000763642369288,1.5468457711442842,3.480934700850202e-05,5.177140113059576,6.283055395084336e-05,0.0,14.0,14.0,1800,pdcsap_flux,54906.0,0.0,29.42452079616487,25.0,0.0095795372818703,1.0,0.0584453429497687,,0.0,0.0,2112.0,201.0,201.0,11.0,3.3450580413271054e-05,0.0001458625028266,0.4160445048266343,0.0001458625028266,0.4160445048266343,0.0,,0.0,,,
7816680,K06920.01,FALSE POSITIVE,140032.0,4.73293,4.292599454,303.0,0.1059834286111273,2.8256298507462674,-0.004178385806051,1191.1356900144915,0.0342454810568454,0.0,16.0,16.0,1800,pdcsap_flux,63170.0,0.0,29.424377968534827,29.0,0.0459407915366768,1.0,0.2757479816368529,,0.0,0.0,11545.0,201.0,201.0,58.0,2.4309760852119488e-05,7.93859622759685e-05,-0.0922449662360497,7.93859622759685e-05,-0.0922449662360497,0.0,,0.0,,,
7821010,K02938.01,FALSE POSITIVE,461962.0,4.16665,24.238241803,0.0,,,,,,,,,,,,,,,,,,,,,,,,,,,,,,,,,,koi_num_transits is 0,precheck
7831264,K00171.01,CONFIRMED,510.6,3.651,5.968724048,225.0,0.0004913277549354,3.2695522388059586,4.756434473507376e-06,16.673534272900874,2.2057091785154803e-05,0.0,30.0,17.0,60|1800,pdcsap_flux,64747.0,0.0,29.42444041371345,23.0,0.0254870218118014,2.0,0.178093193507035,,1.0,0.0295921046534974,6567.0,201.0,201.0,33.0,8.188430150747306e-06,0.0,,0.0,,0.0,,0.0295921046534974,,,
7831264,K00171.02,CONFIRMED,251.1,3.0946,13.07141889,98.0,0.0002341117243483,2.3401950248756105,-1.745393454877231e-05,4.5887314830125705,3.602293838833592e-05,0.0,30.0,17.0,60|1800,pdcsap_flux,64747.0,0.0,29.42444041371345,19.0,0.009864397105758,2.0,0.1310330980585973,,1.0,0.076266081826185,2556.0,201.0,201.0,12.0,1.2963362054204242e-05,0.0,,0.0,,0.0,,0.076266081826185,,,
7841368,K07851.01,FALSE POSITIVE,78.6,3.739,25.3710555,53.0,6.948975238219024e-05,0.297631840796023,1.1123145242764032e-05,1.0510036679845929,2.027101144008725e-05,0.0,17.0,17.0,1800,pdcsap_flux,64742.0,0.0,29.424444688484076,23.0,0.0061405276050366,1.0,0.0357264217972876,,0.0,0.0,1589.0,201.0,201.0,8.0,1.3924056967385632e-05,4.1882146042282464e-05,-0.1139023394922366,4.1882146042282464e-05,-0.1139023394922366,0.0,,0.0,,,
7874976,K08146.01,FALSE POSITIVE,72.6,10.14,185.83013,7.0,5.6176104135996496e-05,2.825074626865664,-4.840891153912175e-05,1.0601476569985206,3.3836320271762865e-05,0.0001743481841331,17.0,17.0,1800,pdcsap_flux,64667.0,0.0,29.42441232386045,63.0,0.0022735817921453,1.0,0.0141184839253405,,0.0,0.0,565.0,201.0,200.0,3.0,1.2874301484212004e-05,0.0001743481841331,-0.0384419501487849,0.0001743481841331,-0.0384419501487849,0.0001743481841331,-0.0384419501487849,0.0,,,
7877824,K03530.01,FALSE POSITIVE,488997.0,6.40303,9.44942685,0.0,,,,,,,,,,,,,,,,,,,,,,,,,,,,,,,,,,koi_num_transits is 0,precheck
7886329,K06930.01,FALSE POSITIVE,7984.0,1.35349,0.567493852,1180.0,0.0070479760045567,0.8349888557213954,-0.0002795834761553,112.81508775648469,4.222325665259597e-05,0.0024397400101743,18.0,18.0,1800,pdcsap_flux,65263.0,0.0,29.42443612846546,9.0,0.0993762601443419,1.0,0.5959119255933684,,0.0,0.0,25942.0,201.0,201.0,129.0,0.0001851044898623,0.0024397400101743,0.4987694829671086,0.0024397400101743,0.4987694829671086,0.0024397400101743,0.4987694829671086,0.0,,,
7898352,K01486.01,CONFIRMED,8088.6,7.1545,127.2824442,11.0,0.0077232424506441,5.125611940298484,-6.291681752912393e-05,30.32430218269675,2.1190233661094737e-05,0.0003130260914151,26.0,17.0,60|1800,pdcsap_flux,64759.0,0.0,29.42443964886479,43.0,0.0023420682132584,2.0,0.0355780663691533,,1.0,0.0233635479238407,617.0,201.0,201.0,3.0,7.247741492063503e-05,0.0003130260914151,0.4994804598044269,0.0003130260914151,0.4994804598044269,0.0003130260914151,0.4994804598044269,0.0233635479238407,,,
7898352,K01486.02,CONFIRMED,974.9,5.879,30.1837021,41.0,0.0009870522248532,2.4568955223880757,-0.0001517519377105,6.550293688262678,0.0001545970147148,0.0,26.0,17.0,60|1800,pdcsap_flux,64759.0,0.0,29.42443964886479,35.0,0.008115582791063,2.0,0.0561157522506524,,1.0,0.0071032597785635,2019.0,201.0,201.0,10.0,4.183478360580119e-05,0.0,,0.0,,0.0,,0.0071032597785635,,,
7903086,K02761.01,FALSE POSITIVE,648.6,1.6605,1.846861455,619.0,0.0005645836374756,1.28874626865671,1.4022387576639872e-05,5.043918206627367,8.267480318824294e-05,0.0001496568826575,14.0,14.0,1800,pdcsap_flux,54931.0,0.0,29.424507877556607,11.0,0.0374622036821922,1.0,0.2249003295042872,,0.0,0.0,8318.0,201.0,201.0,41.0,2.1852062680093853e-05,0.0001496568826575,-0.4989067260385249,0.0001496568826575,-0.4989067260385249,0.0001496568826575,-0.4989067260385249,0.0,,,
7938499,K05448.01,FALSE POSITIVE,160.3,14.241,7.2269859,192.0,0.0001916023668782,7.651880597014916,-3.703530343945882e-05,5.221553914522296,8.932186381205298e-06,0.0,17.0,17.0,1800,pdcsap_flux,64734.0,0.0,29.424403774319217,87.0,0.0821054597602023,1.0,0.4933265362869589,,0.0,0.0,21231.0,201.0,201.0,106.0,1.586881111989502e-05,5.7229191435581583e-05,0.4955332698642105,5.7229191435581583e-05,0.4955332698642105,0.0,,0.0,,,
7941200,K00092.01,CONFIRMED,636.1,3.3104,65.7045275,20.0,0.0006291515623401,2.964537313432821,-5.459937527740877e-05,15.97632119119637,5.064845049007616e-05,5.300605001767877e-05,54.0,18.0,60|1800,pdcsap_flux,65258.0,0.0,29.42441937513649,21.0,0.0020992972414775,1.0,0.0121211192497471,,0.0,0.0,535.0,201.0,201.0,3.0,1.236352823302581e-05,4.147200100035331e-05,-0.4923840269377105,6.30729157410359e-05,-0.4808378921095843,5.300605001767877e-05,0.0914830183482126,0.0,,,
7959310,K08150.01,FALSE POSITIVE,213.5,19.53,350.514,4.0,0.000206723048577,3.497910447761214,-9.580731400093968e-05,2.0993518045968798,8.873161196321089e-05,0.0,17.0,17.0,1800,pdcsap_flux,64738.0,0.0,29.424430774524808,119.0,0.0023215905784077,1.0,0.0146281936420649,,0.0,0.0,634.0,201.0,201.0,3.0,2.95082129603341e-05,9.69224294615767e-05,0.1369908323975772,0.0001043526415297,0.2919570035062826,0.0,,0.0,,,
7982917,K05456.01,FALSE POSITIVE,128.9,3.195,11.8045536,,5.6053887129814406e-05,0.4450746268656713,-4.231187445802309e-05,0.6635065495306486,4.726796359011409e-05,0.0,8.0,8.0,1800,pdcsap_flux,34250.0,0.0,29.42370673525147,19.0,0.0112774277207737,1.0,0.0675620437956204,,0.0,0.0,1545.0,201.0,201.0,8.0,4.5873823813819326e-05,0.0,,0.0,,0.0,,0.0,,,
8008206,K00569.01,CONFIRMED,561.7,2.8066,20.72904234,65.0,0.000565218004032,1.898993034825866,1.3257327854399037e-06,4.51777768448902,2.001727875455828e-06,0.0,17.0,17.0,1800,pdcsap_flux,64776.0,0.0,29.42440395243466,17.0,0.0056414408706671,2.0,0.1495770038285785,,1.0,0.1193806348030134,1464.0,201.0,201.0,7.0,2.742980553897103e-05,0.0001060425136863,0.1932087679639044,0.0001674242315289,-0.4993327045847458,0.0,,0.1193806348030134,,,
8008206,K00569.02,CONFIRMED,209.2,1.5599,1.632916419,807.0,0.0001996555882807,0.9002407960199034,-4.624225521054903e-06,3.949736829163165,9.354323781685103e-06,0.0,17.0,17.0,1800,pdcsap_flux,64776.0,0.0,29.42440395243466,9.0,0.0398035273435102,2.0,0.2518371001605533,,1.0,0.0170124737557119,10304.0,201.0,201.0,51.0,1.067194418283721e-05,0.0,,0.0,,0.0,,0.0170124737557119,,,
8009350,K01569.01,CONFIRMED,1215.6,2.8831,13.75207851,98.0,0.001092031343796,1.836003980099491,0.0001173432256154,5.766104282667653,8.751970181686275e-06,0.0,17.0,17.0,1800,pdcsap_flux,64766.0,0.0,29.424406121252105,17.0,0.0087353461936181,1.0,0.0515085075502578,,0.0,0.0,2252.0,201.0,201.0,10.0,4.9880863246121616e-05,0.0,,0.0,,0.0,,0.0,,,
8016691,K03286.01,CONFIRMED,310.8,3.844,18.1373788,67.0,0.0002883790640733,0.8414726368159227,9.91611623083477e-05,2.3881130869905363,7.054906080006251e-05,0.0,14.0,14.0,1800,pdcsap_flux,54957.0,0.0,29.42452053946909,23.0,0.0088307504867608,1.0,0.053842094728606,,0.0,0.0,2059.0,201.0,201.0,10.0,3.925390397919206e-05,0.0001248427815582,-0.1478669709244431,0.0001248427815582,-0.1478669709244431,0.0,,0.0,,,
8019043,K06048.01,FALSE POSITIVE,72584.2,2.53163,1.985586627,677.0,0.064976531538815,1.5114208955223951,-0.0020550597823509,188.3360452839493,0.0002399261938993,0.0005519920101023,20.0,18.0,60|1800,pdcsap_flux,65261.0,0.0,29.42443236184772,15.0,0.0531251479532317,2.0,0.4179525290755581,,1.0,0.1433628047378985,13996.0,201.0,201.0,70.0,5.7637363519441705e-05,0.0005519920101023,0.4984365477682635,0.0005519920101023,0.4984365477682635,0.0005519920101023,0.4984365477682635,0.1433628047378985,,,
8019043,K06048.02,FALSE POSITIVE,,0.92,0.80489537,1291.0,0.0002661076705902,0.0915422885572135,-0.0001552552142949,0.1605864529059624,2.7894208839973625e-05,9.995100006143788e-05,20.0,18.0,60|1800,pdcsap_flux,65261.0,0.0,29.42443236184772,5.0,0.047625237716715,2.0,0.4022463645975391,,1.0,0.1610456474770537,12470.0,201.0,201.0,62.0,1.196431318576736e-05,9.995100006143788e-05,-0.4939692399594268,9.995100006143788e-05,-0.4939692399594268,9.995100006143788e-05,-0.4939692399594268,0.1610456474770537,,,
8027902,K06955.01,FALSE POSITIVE,47.0,10.16,1.79621807,757.0,9.567792229159268e-05,11.524776119402985,2.880752536849052e-06,3.967980836868848,9.40405691995938e-06,,18.0,18.0,1800,pdcsap_flux,65202.0,0.0,29.424445191398263,63.0,0.2356803666568911,1.0,0.7081837980430048,primary_only,0.0,0.0,61486.0,201.0,201.0,306.0,,,,,,,,0.0,blanking covers 0.94 of the orbit,,
8039892,K00903.01,CONFIRMED,6932.3,4.2362,5.007316661,271.0,0.0068203867921978,3.540704477611936,-0.0001025159097483,72.62093633936884,6.38198725783079e-05,0.0,17.0,17.0,1800,pdcsap_flux,64773.0,0.0,29.42444066517055,25.0,0.0352500840835744,1.0,0.2103808685717814,,0.0,0.0,9126.0,201.0,201.0,45.0,2.252069533417622e-05,7.12241449987161e-05,0.1653544875518007,7.12241449987161e-05,0.1653544875518007,0.0,,0.0,,,
8039925,K06956.01,FALSE POSITIVE,82.6,19.27,20.2594232,69.0,9.010198984060748e-05,8.436616915422888,-9.990313808883045e-06,3.5653262336317963,4.525795833809632e-05,0.0,17.0,17.0,1800,pdcsap_flux,64733.0,0.0,29.424442833988,117.0,0.0396317633893282,1.0,0.2410053604807439,,0.0,0.0,10135.0,201.0,201.0,50.0,6.369522780600101e-06,0.0,,0.0,,0.0,,0.0,,,
8042789,K03838.01,FALSE POSITIVE,1191.0,3.6752,4.618309224,288.0,0.0010054685153464,2.0478726368159097,8.067835338687601e-06,14.452095504996793,5.178512895376297e-05,0.0002630378186025,16.0,16.0,1800,pdcsap_flux,63102.0,0.0,29.424392050132155,23.0,0.0331578778955606,1.0,0.1989160406960159,,0.0,0.0,8500.0,201.0,201.0,44.0,2.3986783768481245e-05,0.0002630378186025,-0.4984796960050539,0.0002630378186025,-0.4984796960050539,0.0002630378186025,-0.4984796960050539,0.0,,,
8043882,K06169.01,FALSE POSITIVE,88.5,4.013,0.779609509,1467.0,9.679994993871954e-05,1.3576318407960155,-2.4081402881348524e-05,3.926484732240661,2.6006112385013047e-05,,14.0,14.0,1800,pdcsap_flux,54962.0,0.0,29.42450452479534,25.0,0.2144770316460228,1.0,0.6438084494741821,primary_only,0.0,0.0,47169.0,201.0,201.0,235.0,,,,,,,,0.0,blanking covers 0.86 of the orbit,,
8052474,K03640.01,FALSE POSITIVE,11311.6,14.502,245.4382021,6.0,,,,,,0.0020770014753889,18.0,18.0,1800,pdcsap_flux,64919.0,0.0,29.42446547036525,89.0,0.0024619231840437,1.0,0.0122306258568369,,0.0,0.0,497.0,201.0,168.0,3.0,1.8598254177251584e-05,0.0001320458685389,0.0176304139110003,0.0020770014753889,-0.4073590757345575,0.0020770014753889,-0.4073590757345575,0.0,,,
8076630,K02235.01,FALSE POSITIVE,232.5,2.4318,0.861643331,1555.0,0.0002120644400641,1.30663880597014,1.4950906910504712e-05,8.548155960496645,2.0190727211377716e-05,0.0,17.0,17.0,1800,pdcsap_flux,64740.0,0.0,29.424404287710782,15.0,0.117595060919702,1.0,0.7054834723509422,,0.0,0.0,30457.0,201.0,201.0,151.0,1.1715281801473231e-05,0.0,,0.0,,0.0,,0.0,,,
8078502,K03383.01,CONFIRMED,672.2,5.218,37.8862977,35.0,0.0005899063105664,1.142248756218907,-1.5411099323459077e-05,2.0817923334826776,3.585038675468777e-05,0.0,16.0,16.0,1800,pdcsap_flux,63127.0,0.0,29.42436220531817,31.0,0.0057386622569527,1.0,0.0343909895924089,,0.0,0.0,1461.0,201.0,201.0,8.0,6.382290055858868e-05,0.000228079731939,0.067430643252948,0.000228079731939,0.067430643252948,0.0,,0.0,,,
8081899,K02426.01,CONFIRMED,75.8,2.61,4.16056658,328.0,6.563943163329089e-05,1.4023880597014848,4.999248712223015e-06,2.1899707859148743,2.3119857240572195e-05,0.0,17.0,17.0,1800,pdcsap_flux,64721.0,0.0,29.42441124469042,15.0,0.0261382669665149,1.0,0.1572132692634539,,0.0,0.0,6866.0,201.0,201.0,34.0,6.975820206567695e-06,5.583057464897401e-05,-0.4969283855147151,5.583057464897401e-05,-0.4969283855147151,0.0,,0.0,,,
8082001,K01570.01,CONFIRMED,721.7,3.4617,6.33855946,174.0,0.0006715289943822,2.548913432835829,-3.61725298858584e-06,9.773321735229406,6.1418774107036e-05,0.0,14.0,14.0,1800,pdcsap_flux,54905.0,0.0,29.424526998773217,21.0,0.022755564716277,1.0,0.1344504143520626,,0.0,0.0,4870.0,201.0,201.0,25.0,1.9174945862393088e-05,0.0,,0.0,,0.0,,0.0,,,
8094221,K06962.01,FALSE POSITIVE,188.2,37.68,10.8632531,129.0,0.000145119078418,14.2471641791046,4.9986643336774605e-05,2.333391532486372,2.253403302576729e-05,0.0,17.0,17.0,1800,pdcsap_flux,64725.0,0.0,29.42442423664033,231.0,0.1445239271834695,1.0,0.4330475086906141,primary_only,0.0,0.0,37219.0,201.0,201.0,185.0,1.17123093386732e-05,0.0,,0.0,,0.0,,0.0,,,
8098728,K02008.01,FALSE POSITIVE,263.8,4.642,24.4851178,55.0,0.000233838905761,2.7713432835821017,1.8640271892911286e-05,6.691848987318973,4.727898274325959e-05,0.0001227216642745,19.0,18.0,60|1800,pdcsap_flux,65263.0,0.0,29.42444594053086,29.0,0.0078993561822547,1.0,0.0478525351271011,,0.0,0.0,2000.0,201.0,201.0,10.0,9.629422956859202e-06,0.0001227216642745,0.4242394445075602,0.0001227216642745,0.4242394445075602,0.0001227216642745,0.4242394445075602,0.0,,,
8107380,K00162.01,CONFIRMED,716.4,4.6919,14.00640392,96.0,0.000681907355073,4.20170149253729,-8.811986834666996e-07,18.340184381229847,5.409346756479749e-05,0.0,30.0,17.0,60|1800,pdcsap_flux,64756.0,0.0,29.42444016225636,29.0,0.013957603568335,1.0,0.0860769658410031,,0.0,0.0,3646.0,201.0,201.0,19.0,1.0142795063663534e-05,0.0,,0.0,,0.0,,0.0,,,
8112013,K06969.01,FALSE POSITIVE,61541.9,3.34624,1.790518325,751.0,0.0589298569207261,2.130938905472646,-0.0017676929460406,48.19579113406459,0.000230408756394,0.0019243517982777,19.0,18.0,60|1800,pdcsap_flux,65262.0,0.0,29.42445524968207,21.0,0.0778694441268377,1.0,0.4659066531825565,,0.0,0.0,20407.0,201.0,201.0,100.0,0.0001990370470141,0.0019243517982777,-0.4938203673235816,0.0019243517982777,-0.4938203673235816,0.0019243517982777,-0.4938203673235816,0.0,,,
8120608,K00571.01,CONFIRMED,659.1,2.2691,7.26731094,179.0,0.0006031122744355,1.941717412935332,4.563059740991804e-05,6.33952013467974,6.240794976053454e-05,0.0,43.0,17.0,60|1800,pdcsap_flux,64793.0,0.0,29.42444301210344,13.0,0.013009741032676,5.0,0.1731514206781596,,4.0,0.1031284243668297,3298.0,201.0,201.0,17.0,2.3381549451834825e-05,8.015261661553641e-05,-0.4998726914974346,8.015261661553641e-05,-0.4998726914974346,0.0,,0.1031284243668297,,,
8120608,K00571.02,CONFIRMED,799.7,2.7399,13.3430025,99.0,0.0007616034434833,0.3271522388059722,-5.643202273519776e-05,8.47925706948873,0.0001028126517765,0.0,43.0,17.0,60|1800,pdcsap_flux,64793.0,0.0,29.42444301210344,17.0,0.0085559828082172,5.0,0.1598166468600003,,4.0,0.1147809176917259,2200.0,201.0,159.0,12.0,3.745860354537227e-05,0.0,,0.0,,0.0,,0.1147809176917259,,,
8120608,K00571.03,CONFIRMED,471.3,1.7574,3.886795001,332.0,0.0004449416219182,1.3989253731343254,1.7511555882143703e-05,5.4089233349630925,5.402557981615264e-05,0.0,43.0,17.0,60|1800,pdcsap_flux,64793.0,0.0,29.42444301210344,11.0,0.0188394293964977,5.0,0.1896809840569197,,4.0,0.0851172194527186,4957.0,201.0,201.0,24.0,1.895074837952073e-05,0.0,,0.0,,0.0,,0.0851172194527186,,,
8120608,K00571.04,CONFIRMED,661.3,3.2881,22.40777833,54.0,0.0006226109948147,2.8791323383084766,-3.061761047529199e-05,4.1998322384835465,7.298769802654981e-06,0.0,43.0,17.0,60|1800,pdcsap_flux,64793.0,0.0,29.42444301210344,21.0,0.006114134326438,5.0,0.1545074313583257,,4.0,0.1220039201765622,1595.0,201.0,201.0,8.0,4.401046747193997e-05,0.0,,0.0,,0.0,,0.1220039201765622,,,
8120608,K00571.05,CONFIRMED,500.1,5.786,129.945392,8.0,0.0005239227941888,0.8060099502487617,3.394024562553e-05,2.5650084386798757,0.0001848970699283,0.0003548976045755,43.0,17.0,60|1800,pdcsap_flux,64793.0,0.0,29.42444301210344,35.0,0.0018552665055897,5.0,0.1424536601176053,,4.0,0.13285385766981,486.0,201.0,201.0,2.0,7.151746611849246e-05,0.0002612323547349,0.3144663099863596,0.0003970711828418,-0.4315827335739353,0.0003548976045755,-0.4329741834531275,0.13285385766981,,,
8129641,K08153.01,FALSE POSITIVE,7676.4,3.9174,0.808106001,1403.0,0.0106556045671961,2.104871641791036,-0.0001587879938843,18.755324989746345,3.741880947405463e-05,,14.0,14.0,1800,pdcsap_flux,54943.0,0.0,29.42449447698891,23.0,0.2019846403788802,1.0,0.6059006606847096,primary_only,0.0,0.0,44387.0,201.0,201.0,221.0,,,,,,,,0.0,blanking covers 0.81 of the orbit,,
8153568,K06051.01,FALSE POSITIVE,841897.0,14.0841,3.60727417,0.0,,,,,,,,,,,,,,,,,,,,,,,,,,,,,,,,,,koi_num_transits is 0,precheck
8156120,K00318.01,CONFIRMED,1388.2,12.391,38.5833679,35.0,0.0015548638391309,7.397611940298532,-0.0002034090287433,16.927157561190995,0.0001879875029336,9.821501952322896e-05,53.0,18.0,60|1800,pdcsap_flux,65261.0,0.0,29.424432618543506,75.0,0.013381197515074,1.0,0.0800324849450667,,0.0,0.0,3413.0,201.0,201.0,17.0,1.8043202272367817e-05,9.821501952322896e-05,0.4984662195701124,9.821501952322896e-05,0.4984662195701124,9.821501952322896e-05,0.4984662195701124,0.0,,,
8158324,K06981.01,FALSE POSITIVE,227.3,25.65,593.19521,3.0,0.0002865172874908,5.104477611940297,-2.127664848805555e-05,1.732069156325293,5.141537814878916e-05,0.0,17.0,17.0,1800,pdcsap_flux,64729.0,0.0,29.4244225602597,157.0,0.0018016834626833,1.0,0.0113241360132243,,0.0,0.0,621.0,201.0,201.0,3.0,5.6214261567119256e-05,0.0001939579137688,0.38306507278989,0.0002982867808821,-0.406973125596807,0.0,,0.0,,,
8162376,K06982.01,FALSE POSITIVE,50.8,1.301,0.706430188,1887.0,5.047146765446709e-05,0.1812338308457701,-1.4582591830736291e-06,2.356103991384612,4.363119213479649e-06,0.0,17.0,17.0,1800,pdcsap_flux,64794.0,0.0,29.424423230811957,7.0,0.0767355844273933,1.0,0.4607371052875266,,0.0,0.0,19832.0,201.0,201.0,99.0,6.910691633539412e-06,2.599300409356076e-05,-0.4903685678734691,2.599300409356076e-05,-0.4903685678734691,0.0,,0.0,,,
8176019,K02843.01,FALSE POSITIVE,,8.05,187.51251276,,0.0004105608023926,0.8009950248756142,4.707169043660642e-06,0.8870452430078033,1.4167423477928764e-05,0.0,14.0,14.0,1800,pdcsap_flux,54910.0,0.0,29.424506871728227,49.0,0.0017887695158561,1.0,0.0115097432161719,,0.0,0.0,455.0,201.0,201.0,2.0,0.0001177879689045,0.0004103580535164,0.177289540967834,0.0004159673108509,-0.0780573074206054,0.0,,0.0,,,
8177798,K03624.01,FALSE POSITIVE,25883.7,3.6373,1.450205839,246.0,0.0224919187735505,2.099138308457718,-0.0003849855333371,19.125009818671447,0.0074319215651575,0.0,4.0,4.0,1800,pdcsap_flux,17198.0,0.0,29.423198718577623,23.0,0.104505279589256,1.0,0.6265263402721246,,0.0,0.0,7209.0,201.0,201.0,36.0,0.0023211845333875,0.0,,0.0,,0.0,,0.0,,,
8178616,K06984.01,FALSE POSITIVE,30.9,3.233,1.01884975,1312.0,2.990700040095273e-05,0.6433830845771107,-1.509288282020016e-06,2.2232437768793845,1.5419007048933508e-07,0.0,17.0,17.0,1800,pdcsap_flux,64730.0,0.0,29.42444217391312,19.0,0.1322160930336718,1.0,0.3968638961841495,primary_only,0.0,0.0,34246.0,201.0,201.0,170.0,4.280775290164795e-06,0.0,,0.0,,0.0,,0.0,,,
8180020,K01741.01,FALSE POSITIVE,58570.0,4.9041,5.803127153,195.0,0.0566031246885885,0.1951880597014912,0.0001079163062879,502.05605078754087,0.0001343635918826,0.0005894642220518,23.0,14.0,60|1800,pdcsap_flux,54964.0,0.0,29.424504021881148,31.0,0.0352116186002171,1.0,0.2101739320282366,,0.0,0.0,7610.0,198.0,115.0,15.5,2.9561211517550688e-05,0.0005894642220518,-0.480459318682872,0.0005894642220518,-0.480459318682872,0.0005894642220518,-0.480459318682872,0.0,,,
8191672,K00018.01,CONFIRMED,7251.5,4.56904,3.548465446,378.0,0.0071345426782871,3.9098252736318138,-6.865346913553783e-05,397.9846510538789,1.0950157459554966e-05,1.993135989253325e-05,51.0,18.0,60|1800,pdcsap_flux,65264.0,0.0,29.42445927299559,27.0,0.0536504214466195,1.0,0.3203450600637411,,0.0,0.0,14073.0,201.0,201.0,70.0,4.658826119524395e-06,1.993135989253325e-05,0.4972592831926412,1.993135989253325e-05,0.4972592831926412,1.993135989253325e-05,0.4972592831926412,0.0,,,
8192911,K03058.01,FALSE POSITIVE,342.1,3.147,7.53887442,151.0,0.0003609665254955,0.563641791044776,1.782366760916254e-05,3.3293871452651915,5.204083089460632e-06,0.0,14.0,14.0,1800,pdcsap_flux,54964.0,0.0,29.424496142892167,19.0,0.017393180028591,1.0,0.1041408922203624,,0.0,0.0,3825.0,201.0,201.0,19.0,3.795937306407757e-05,0.0001354490424594,0.4892501460407252,0.0001354490424594,0.4892501460407252,0.0,,0.0,,,
8196180,K06990.01,FALSE POSITIVE,129243.0,4.29947,3.671661096,365.0,0.1149206028826504,2.395724577114421,-0.0037802322649627,341.13717239201424,0.0006853064244161,0.0218772065972984,22.0,18.0,60|1800,pdcsap_flux,65268.0,0.0,29.424461777089164,27.0,0.0487911543711095,1.0,0.2920726849298278,,0.0,0.0,12782.0,201.0,201.0,64.0,4.115514288439811e-05,0.0218772065972984,0.396561464604021,0.0218772065972984,0.396561464604021,0.0218772065972984,0.396561464604021,0.0,,,
8197761,K06175.01,FALSE POSITIVE,5915.0,2.876,9.86869589,139.0,0.0049719769382057,1.2019104477611904,-0.0003272376943089,7.799807975505578,0.0001432017528963,0.0003160954358381,19.0,18.0,60|1800,pdcsap_flux,65268.0,0.0,29.42446262575686,17.0,0.0121427729326182,1.0,0.0733131090273947,,0.0,0.0,3233.0,201.0,201.0,16.0,6.0670978069925696e-05,0.0003160954358381,-0.4990943740013215,0.0003160954358381,-0.4990943740013215,0.0003160954358381,-0.4990943740013215,0.0,,,
8210721,K06991.01,FALSE POSITIVE,65410.8,6.6324,22.673145675,61.0,0.0612319668814507,4.223617910447786,-0.0013238128098815,736.6439779017004,3.3994211713683775e-05,0.001410064894317,17.0,17.0,1800,pdcsap_flux,64791.0,0.0,29.424401773139834,41.0,0.0121884278415196,1.0,0.0743158772051673,,0.0,0.0,3315.0,201.0,201.0,16.0,2.344436191038177e-05,0.001410064894317,-0.4177223702400711,0.001410064894317,-0.4177223702400711,0.001410064894317,-0.4177223702400711,0.0,,,
8219268,K02133.01,CONFIRMED,396.8,11.261,6.24667547,214.0,0.0004101893401297,9.86037810945271,-2.825778040338456e-05,9.74806472485076,4.84499140573913e-05,0.0,18.0,18.0,1800,pdcsap_flux,65252.0,0.0,29.42442305269651,69.0,0.0751132879540056,2.0,0.4664837859375957,,1.0,0.0300067430883344,19382.0,201.0,201.0,96.0,2.5897160161591315e-05,9.335281486078097e-05,-0.4953431564963529,9.335281486078097e-05,-0.4953431564963529,0.0,,0.0300067430883344,,,
8219268,K02133.02,FALSE POSITIVE,167.1,10.755,43.501748,24.0,3.1207813664058115e-05,2.354328358208988,-6.00676893923735e-05,0.2817151224446066,1.4108163263193418e-06,0.0,18.0,18.0,1800,pdcsap_flux,65252.0,0.0,29.42442305269651,65.0,0.0103013101910295,2.0,0.271348004658861,,1.0,0.2223226874272053,2605.0,201.0,201.0,13.0,4.657699262677588e-05,0.0001552906467117,0.4902562620543451,0.0001552906467117,0.4902562620543451,0.0,,0.2223226874272053,,,
8230616,K01713.01,CONFIRMED,545.8,2.3726,6.82778157,188.0,0.000503322733685,1.4636935323383045,1.6332457062451233e-05,4.486951636960028,3.227902501434787e-05,0.0,17.0,17.0,1800,pdcsap_flux,64766.0,0.0,29.42442624829709,15.0,0.0144788365473931,2.0,0.1573356390698823,,1.0,0.0778958095296915,3751.0,201.0,201.0,19.0,3.15447909824311e-05,0.0,,0.0,,0.0,,0.0778958095296915,,,
8230616,K01713.02,CONFIRMED,436.3,1.3988,2.240486703,598.0,0.0003955716379614,1.1134726368159242,6.608935122609516e-06,5.639576807455891,3.732456988314592e-05,0.0,17.0,17.0,1800,pdcsap_flux,64766.0,0.0,29.42442624829709,9.0,0.0260136930316489,2.0,0.1937436309174567,,1.0,0.0434487230954513,6731.0,201.0,201.0,34.0,2.166660072539188e-05,0.0,,0.0,,0.0,,0.0434487230954513,,,
8233702,K02140.01,CONFIRMED,684.8,5.513,41.6977582,34.0,0.0005986584542662,5.0467263681592165,7.600824960829478e-05,3.494817293956657,0.000163216435249,0.0,17.0,17.0,1800,pdcsap_flux,64758.0,0.0,29.424431277439,33.0,0.0055088892844443,1.0,0.0343432471663732,,0.0,0.0,1488.0,201.0,201.0,7.0,4.38711608109033e-05,0.0,,0.0,,0.0,,0.0,,,
8240123,K03826.01,FALSE POSITIVE,1688.1,25.08,2.30120705,492.0,0.000752568244934,13.475820895522396,3.933906555175781e-06,1.6317532724950166,4.667043685913086e-05,,14.0,14.0,1800,pdcsap_flux,53809.0,0.0,29.42449681868311,,0.4541095074430612,1.0,1.0,none,0.0,0.0,53809.0,111.0,111.0,486.0,,,,,,,,0.0,blanking covers 1.82 of the orbit,,
8244947,K05494.01,FALSE POSITIVE,,3.27,223.52131732,,0.000156433898929,0.0650746268656718,-8.260236655333042e-05,0.8895186587805947,0.0002000137683855,0.0,17.0,17.0,1800,pdcsap_flux,64761.0,0.0,29.424441749579277,21.0,0.0006095615471205,1.0,0.0036132857738453,,0.0,0.0,177.0,199.0,132.0,1.0,4.34268590808645e-05,0.0001833307704273,0.3089654091661101,0.0001833307704273,0.3089654091661101,0.0,,0.0,,,
8254882,K04164.01,FALSE POSITIVE,30.0,1.488,0.92565941,1445.0,2.387657233027252e-05,0.414567164179106,-1.1888886630728734e-07,1.6797469106749274,4.158864608250212e-08,0.0,18.0,18.0,1800,pdcsap_flux,65257.0,0.0,29.424456926062703,9.0,0.0669792791281622,1.0,0.4029299538746801,,0.0,0.0,17514.0,201.0,201.0,88.0,3.6232490615399457e-06,0.0,,0.0,,0.0,,0.0,,,
8263746,K03581.01,FALSE POSITIVE,419208.0,5.0746,10.9938268,0.0,,,,,,,,,,,,,,,,,,,,,,,,,,,,,,,,,,koi_num_transits is 0,precheck
8265239,K05496.01,FALSE POSITIVE,,1.46,37.47695717,,0.0004914374764297,0.0581094527363186,1.0235054376916963e-05,1.128076334815552,0.0008045043660854,0.0,3.0,3.0,1800,pdcsap_flux,12981.0,0.0,29.42477921023965,9.0,0.0016232196508746,1.0,0.0094753871042292,,0.0,0.0,72.0,193.0,66.0,0.0,0.0001751479933094,0.0006527365667713,0.1095909450476659,0.0008167078702493,0.4995694661703215,0.0,,0.0,,,
8285970,K07009.01,FALSE POSITIVE,420.1,0.6743,0.562498925,2377.0,0.0003679481363841,0.5501751243781087,-2.790537119812253e-05,6.46356880071811,2.133346052524132e-05,0.0001265251988927,17.0,17.0,1800,pdcsap_flux,64704.0,0.0,29.42441082559526,5.0,0.0499482436047914,1.0,0.2998269040553907,,0.0,0.0,12944.0,201.0,201.0,64.0,1.3245105931981892e-05,0.0001265251988927,-0.4771291218759674,0.0001265251988927,-0.4771291218759674,0.0001265251988927,-0.4771291218759674,0.0,,,
8288404,K05498.01,FALSE POSITIVE,77183.1,14.9678,519.80221867,3.0,,,,,,0.0001188447820594,18.0,18.0,1800,pdcsap_flux,64221.0,0.0,29.42443915642798,91.0,0.0011997992908323,1.0,0.0029896762741159,,0.0,0.0,13.0,48.0,7.0,0.0,2.9411487840854244e-05,9.308313163725046e-05,0.1163989858672909,0.0001772197778922,-0.0334259505753805,0.0001188447820594,-0.1235608722991498,0.0,,,
8299955,K01147.01,FALSE POSITIVE,79.8,2.957,2.6827683,498.0,9.209967007195452e-05,1.294606965174136,-9.221745047693908e-06,4.962638094020636,1.257349146244202e-05,0.0,18.0,18.0,1800,pdcsap_flux,65234.0,0.0,29.42444552667439,19.0,0.0459258197337926,1.0,0.2758684121776987,,0.0,0.0,11956.0,201.0,201.0,60.0,5.062586571494332e-06,0.0,,0.0,,0.0,,0.0,,,
8302455,K07014.01,FALSE POSITIVE,95343.5,3.94526,2.441988077,284.0,0.0849493441904931,2.2768664676617023,-0.0035610565442465,958.0184302717392,0.0011720992793662,0.0,11.0,10.0,60|1800,pdcsap_flux,33913.0,0.0,29.42371211014688,25.0,0.0673163947365715,1.0,0.4026184648954678,,0.0,0.0,9075.0,201.0,201.0,45.0,1.3440720388454574e-05,4.438735069056676e-05,-0.138151001763177,4.438735069056676e-05,-0.138151001763177,0.0,,0.0,,,
8311864,K07016.01,CONFIRMED,189.9,9.969,384.847556,4.0,0.0001485322106665,0.5951641791044793,-5.63181933255219e-06,2.00480630522896,3.4155767175581e-05,0.0001192728669912,18.0,18.0,1800,pdcsap_flux,65205.0,0.0,29.42445532826241,61.0,0.0010793234711356,1.0,0.007438079901848,,0.0,0.0,324.0,201.0,132.0,1.0,2.8657185131433404e-05,0.0001192728669912,-0.0463789303700559,0.0001287253481251,-0.4960520715319383,0.0001192728669912,-0.0463789303700559,0.0,,,
8316503,K07019.01,FALSE POSITIVE,155614.0,4.90392,5.065329723,266.0,0.1386913122444394,2.7325325373134257,-0.0039733331824853,2047.5565020883532,3.082857919767257e-05,0.0103163853427667,17.0,17.0,1800,pdcsap_flux,64793.0,0.0,29.42444066517055,29.0,0.0403389337267038,1.0,0.2444399858009353,,0.0,0.0,10497.0,201.0,201.0,52.0,1.4981030007599091e-05,0.0103163853427667,-0.4293948042414889,0.0103163853427667,-0.4293948042414889,0.0103163853427667,-0.4293948042414889,0.0,,,
8330575,K07020.01,FALSE POSITIVE,48673.6,3.85011,0.957079167,1402.0,0.043480532480619,2.2985731343283606,-0.0014173161822906,20.928388562176337,0.0003325359948591,0.0,17.0,17.0,1800,pdcsap_flux,64799.0,0.0,29.424449036596343,23.0,0.1676154445016772,1.0,0.5021065139894134,primary_only,0.0,0.0,43402.0,201.0,201.0,216.0,0.0002300521077697,0.0,,0.0,,0.0,,0.0,,,
8349405,K01149.01,FALSE POSITIVE,,1.29,7.1688266,,3.537779339646274e-05,0.1283582089552237,2.1733891599429175e-05,0.2408332952357696,1.3836753076645893e-08,0.0,17.0,17.0,1800,pdcsap_flux,64720.0,0.0,29.42440964165144,7.0,0.0074977402856975,1.0,0.0448238566131026,,0.0,0.0,1961.0,201.0,201.0,10.0,3.768446877767036e-05,0.0001565009349238,0.4156664978960716,0.0001565009349238,0.4156664978960716,0.0,,0.0,,,
8349582,K00122.01,CONFIRMED,507.3,3.8757,11.523067458,116.0,0.000484900330361,3.4707761194029936,2.877565684511474e-06,23.532614710848893,1.0025468661911674e-05,0.0,62.0,18.0,60|1800,pdcsap_flux,65222.0,0.0,29.42442155443132,23.0,0.0140142805367233,1.0,0.0835914262058814,,0.0,0.0,3660.0,201.0,201.0,18.0,6.02482336987411e-06,1.967821036363837e-05,0.2130358983437978,1.967821036363837e-05,0.2130358983437978,0.0,,0.0,,,
8367298,K07025.01,FALSE POSITIVE,115.8,48.69,5.1348689,273.0,0.0001366138458251,56.19940298507472,0.0001293122768402,0.8803717657860798,2.682209014892578e-06,,17.0,17.0,1800,pdcsap_flux,64729.0,0.0,29.42443479259964,,0.3950928523218966,1.0,1.0,none,0.0,0.0,64729.0,128.0,128.0,509.0,,,,,,,,0.0,blanking covers 1.58 of the orbit,,
8378634,K01139.01,FALSE POSITIVE,426.6,5.63,3.629442796,369.0,0.0004082789513621,3.809353233830827,-3.513481833383736e-05,26.780430853143397,4.700304109372944e-06,7.989128942931245e-05,17.0,17.0,1800,pdcsap_flux,64788.0,0.0,29.42444083280861,35.0,0.064633429018875,1.0,0.3879267765635611,,0.0,0.0,16714.0,201.0,201.0,83.0,4.41870085063839e-06,7.989128942931245e-05,-0.4911935941586578,7.989128942931245e-05,-0.4911935941586578,7.989128942931245e-05,-0.4911935941586578,0.0,,,
8378922,K07028.01,FALSE POSITIVE,359086.0,10.0915,43.263305017,0.0,,,,,,,,,,,,,,,,,,,,,,,,,,,,,,,,,,koi_num_transits is 0,precheck
8381693,K04017.01,FALSE POSITIVE,148.7,40.4,21.5702917,66.0,0.0002337670112085,31.35522388059684,7.121382989971892e-05,3.003543433058603,4.228079225521153e-05,0.0,17.0,17.0,1800,pdcsap_flux,64733.0,0.0,29.424442163435742,247.0,0.0780394329731448,1.0,0.4645544003831122,,0.0,0.0,20390.0,201.0,201.0,102.0,2.145132284045008e-05,0.0,,0.0,,0.0,,0.0,,,
8395860,K04724.01,FALSE POSITIVE,1107.0,4.556,20.8822079,13.0,0.0007018263462592,0.3626666666666697,-0.0005714507447598,0.9334620303498372,0.0004533971548403,0.0,3.0,3.0,1800,pdcsap_flux,12969.0,0.0,29.424773583887145,27.0,0.0090906734691274,1.0,0.0527411519777932,,0.0,0.0,471.0,199.0,156.0,3.0,0.0001693595226035,0.0,,0.0,,0.0,,0.0,,,
8411947,K07034.01,FALSE POSITIVE,399778.0,3.5342,0.898837525,700.0,0.3275642601292697,1.82864079601989,-0.0103692680662794,384.76435016145456,0.1193380107247631,0.0001746216523443,9.0,9.0,1800,pdcsap_flux,30541.0,0.0,29.425219532568008,21.0,0.1638319821297328,1.0,0.4920598539667987,primary_only,0.0,0.0,19967.0,201.0,201.0,99.0,3.641147226688479e-05,0.0001746216523443,0.3601252763449402,0.0001746216523443,0.3601252763449402,0.0001746216523443,0.3601252763449402,0.0,,,
8414914,K05513.01,FALSE POSITIVE,488038.0,10.578,100.303613,0.0,,,,,,,,,,,,,,,,,,,,,,,,,,,,,,,,,,koi_num_transits is 0,precheck
8415863,K07037.01,FALSE POSITIVE,48152.7,3.96227,27.533803402,49.0,0.0432216758858602,2.365534328358212,-0.0011172818379269,1277.7014757969514,0.0006879116228448,0.0002556496146111,18.0,18.0,1800,pdcsap_flux,65260.0,0.0,29.42442188970745,25.0,0.0059960689383487,1.0,0.0362549800796812,,0.0,0.0,1558.0,201.0,201.0,8.0,9.357836951310805e-06,0.0002556496146111,0.3604388659430208,0.0002556496146111,0.3604388659430208,0.0002556496146111,0.3604388659430208,0.0,,,
8417078,K04693.01,CONFIRMED,57.0,6.852,23.6223571,61.0,5.506077602845938e-05,0.9545074626865696,-9.038082147916349e-06,1.498295153372467,1.2876969717079412e-05,0.0,18.0,18.0,1800,pdcsap_flux,65205.0,0.0,29.42442439380102,41.0,0.0120860081316779,1.0,0.0727858293075684,,0.0,0.0,3308.0,201.0,201.0,16.0,8.599030466832635e-06,0.0,,0.0,,0.0,,0.0,,,
8429450,K07039.01,FALSE POSITIVE,317484.0,5.49531,1.352576807,0.0,,,,,,,,,,,,,,,,,,,,,,,,,,,,,,,,,,koi_num_transits is 0,precheck
8444552,K01769.01,FALSE POSITIVE,61953.4,2.25397,0.589049151,2274.0,0.0547441153812712,1.2559434825870692,-0.0017385838991269,320.5785985589408,0.0011955033298141,0.0,17.0,17.0,1800,pdcsap_flux,64793.0,0.0,29.42444041371345,13.0,0.1594356201129074,1.0,0.4784776133224268,primary_only,0.0,0.0,41308.0,201.0,201.0,205.0,3.142154280573943e-05,0.0,,0.0,,0.0,,0.0,,,
8445775,K07042.01,FALSE POSITIVE,44979.8,4.34991,13.254134073,104.0,0.040170070122631,2.5103958208955355,-0.0014962985279727,458.0268724182017,0.0005901983298316,0.0,17.0,17.0,1800,pdcsap_flux,64792.0,0.0,29.424440497532487,27.0,0.0136746956837577,1.0,0.082294110383998,,0.0,0.0,3619.0,201.0,201.0,18.0,2.2000574332424527e-05,0.0,,0.0,,0.0,,0.0,,,
8453191,K07043.01,FALSE POSITIVE,153902.0,6.99715,5.776764285,235.0,0.1278858604717524,3.898909452736334,-0.0035388765676219,1966.3582870416908,0.0142783700037272,0.0,17.0,17.0,1800,pdcsap_flux,64797.0,0.0,29.42444284446537,43.0,0.050469069237203,1.0,0.3013256786579625,,0.0,0.0,13086.0,201.0,201.0,65.0,1.8222006127718e-05,0.0,,0.0,,0.0,,0.0,,,
8456679,K00102.01,CONFIRMED,952.6,2.2741,1.73513619,772.0,0.0009202353950658,1.9912517412935409,-1.3104441248912302e-05,59.86858417831035,1.0305883984096376e-05,0.0,53.0,17.0,60|1800,pdcsap_flux,64782.0,0.0,29.42444452084601,13.0,0.0546090659700128,2.0,0.3865116853446945,,1.0,0.0877404217220833,14129.0,201.0,201.0,70.0,3.844407861950682e-06,0.0,,0.0,,0.0,,0.0877404217220833,,,
8456679,K00102.02,CONFIRMED,79.8,2.8349,4.06844957,292.0,7.462137092306698e-05,0.4513273631840775,8.25585247388183e-06,2.9631906989378503,2.846562384362094e-06,0.0,53.0,17.0,60|1800,pdcsap_flux,64782.0,0.0,29.42444452084601,17.0,0.0290333777772089,2.0,0.3095612978913896,,1.0,0.1636565712697971,7575.0,201.0,201.0,38.0,3.870443799626855e-06,0.0,,0.0,,0.0,,0.1636565712697971,,,
8460600,K01730.01,FALSE POSITIVE,75141.7,3.88771,6.352090869,212.0,0.0728245598339177,2.785225074626864,-0.0009184965002771,753.4496813457646,0.0001359955474893,0.0016768148769806,20.0,17.0,60|1800,pdcsap_flux,64799.0,0.0,29.424448119825684,23.0,0.0255015112358063,1.0,0.1519313569653852,,0.0,0.0,6603.0,201.0,201.0,33.0,2.510652532180666e-05,0.0016768148769806,0.4974147755400396,0.0016768148769806,0.4974147755400396,0.0016768148769806,0.4974147755400396,0.0,,,
8474892,K05520.01,FALSE POSITIVE,32171.9,7.2533,199.4424134,,,,,,,0.0,8.0,8.0,1800,pdcsap_flux,30099.0,0.0,29.424284924170934,45.0,0.0015153288018391,1.0,0.008903950297352,,0.0,0.0,138.0,201.0,105.0,1.0,7.756303493609002e-05,0.0002940686322394,0.1597643984005302,0.0002940686322394,0.1597643984005302,0.0,,0.0,,,
8479386,K07046.01,FALSE POSITIVE,361615.0,10.4634,5.860377067,0.0,,,,,,,,,,,,,,,,,,,,,,,,,,,,,,,,,,koi_num_transits is 0,precheck
8483241,K04270.01,FALSE POSITIVE,470.9,14.21,373.72257,,0.0005038371803968,4.241791044776129,6.409975570675908e-05,2.33361104068686,0.0001334065390737,0.0002344274737644,17.0,17.0,1800,pdcsap_flux,64737.0,0.0,29.42441417311784,87.0,0.0015842857265306,1.0,0.0093300585445726,,0.0,0.0,461.0,201.0,201.0,2.0,5.787481482348812e-05,0.0002344274737644,-0.0041147311764814,0.0002445974115307,0.023412233321986,0.0002344274737644,-0.0041147311764814,0.0,,,
8487645,K04254.01,FALSE POSITIVE,26.9,1.812,0.530967987,2527.0,2.5187585417918434e-05,0.6851343283582105,-5.312695402492906e-07,3.2823216335370167,1.441104359767298e-05,0.0,18.0,18.0,1800,pdcsap_flux,65181.0,0.0,29.424434965476397,11.0,0.1421931299974964,1.0,0.4267961522529571,primary_only,0.0,0.0,37111.0,201.0,201.0,185.0,2.387000048071863e-06,0.0,,0.0,,0.0,,0.0,,,
8491277,K00234.01,CONFIRMED,797.9,4.654,9.61375316,142.0,0.000759390001167,4.075144278606963,2.2786653470774357e-05,15.834314264310134,4.01319052928395e-05,0.0,21.0,17.0,60|1800,pdcsap_flux,64763.0,0.0,29.4244235556107,29.0,0.0201707557328907,1.0,0.1219832311659435,,0.0,0.0,5340.0,201.0,201.0,18.0,1.0827291867768006e-05,0.0,,0.0,,0.0,,0.0,,,
8491745,K03555.01,FALSE POSITIVE,62704.9,23.0078,111.31980522,12.0,0.0610077627120438,16.48320000000004,-0.0003492372782023,1023.4902367651276,0.0003507028294891,0.0092578419366706,17.0,17.0,1800,pdcsap_flux,64793.0,0.0,29.424424147582613,141.0,0.0086117500065576,1.0,0.0510857654376244,,0.0,0.0,2295.0,201.0,201.0,12.0,2.6428161470719e-05,0.0001222858585939,0.4935823060353086,0.0092578419366706,-0.4031161633975071,0.0092578419366706,-0.4031161633975071,0.0,,,
8494617,K02389.01,CONFIRMED,140.3,8.2,22.9221181,60.0,0.0001340145810648,6.037810945273631,-8.180139978608558e-06,3.7114583524078775,3.687658665907368e-05,0.0,17.0,17.0,1800,pdcsap_flux,64711.0,0.0,29.42443160747644,51.0,0.0149055451671661,1.0,0.0881457557447729,,0.0,0.0,3901.0,201.0,201.0,19.0,9.2811377541536e-06,0.0,,0.0,,0.0,,0.0,,,
8499922,K05525.01,FALSE POSITIVE,350.3,2.293,45.680876,,0.0003446592090374,0.2281592039800979,0.0001044407234072,1.3460629649472542,7.944756565436695e-05,0.0,15.0,15.0,1800,pdcsap_flux,56191.0,0.0,29.42425583896693,15.0,0.0020915025067966,1.0,0.0125820860991973,,0.0,0.0,487.0,200.0,191.0,2.0,4.233897580808679e-05,0.0001398753550801,0.0048613812348452,0.0001599463198761,-0.0333085395141954,0.0,,0.0,,,
8501062,K02176.01,FALSE POSITIVE,,12.57,24.40213373,,3.0549824005743353e-05,1.5008955223880631,-2.477342257289905e-05,0.7420821068360756,3.565019922990853e-05,0.0,8.0,8.0,1800,pdcsap_flux,31488.0,0.0,29.423484950093552,77.0,0.021463287013959,1.0,0.1286839430894309,,0.0,0.0,2797.0,201.0,201.0,14.0,1.0100738702073996e-05,3.344969085872229e-05,-0.3899966574405467,3.344969085872229e-05,-0.3899966574405467,0.0,,0.0,,,
8504570,K07048.01,FALSE POSITIVE,168776.0,5.50884,4.00770453,334.0,0.1492921070680009,3.0696023880596783,-0.0039351411870883,249.52658524901997,0.0006998538390912,0.0008572521167238,35.0,18.0,60|1800,pdcsap_flux,65263.0,0.0,29.424452981329523,33.0,0.0572734337778139,1.0,0.3437476058409818,,0.0,0.0,14813.0,201.0,201.0,75.0,5.564384191478917e-05,0.0008572521167238,-0.4988539291667003,0.0008572521167238,-0.4988539291667003,0.0008572521167238,-0.4988539291667003,0.0,,,
8506766,K00138.01,FALSE POSITIVE,7240.1,6.5868,48.93786896,27.0,0.0065344877088472,3.932417910447761,-0.0001133378795078,102.16582806708963,5.773648376528051e-05,0.0,18.0,17.0,60|1800,pdcsap_flux,64764.0,0.0,29.42444116808474,41.0,0.0056081314089161,1.0,0.0319158791921437,,0.0,0.0,1374.0,201.0,201.0,7.0,1.8375657780459576e-05,7.690236959501107e-05,-0.4996226936719312,7.690236959501107e-05,-0.4996226936719312,0.0,,0.0,,,
8509361,K01280.01,FALSE POSITIVE,227.5,3.6112,6.0990118,222.0,0.0002207007854101,2.5871283582089437,-7.371903947284153e-06,5.969714196699802,2.2681549424086175e-05,0.0,17.0,17.0,1800,pdcsap_flux,64761.0,0.0,29.42444158194121,23.0,0.0246706633141235,1.0,0.1488395793764765,,0.0,0.0,6378.0,201.0,201.0,32.0,1.0359550871571676e-05,4.868836740157256e-05,-0.4907475727099416,4.868836740157256e-05,-0.4907475727099416,0.0,,0.0,,,
8548069,K04486.01,FALSE POSITIVE,680.3,11.9,368.52466,,0.000654786956877,2.841791044776101,-4.16870383698198e-05,1.260722900201236,0.0003608879348264,0.0,17.0,17.0,1800,pdcsap_flux,64725.0,0.0,29.42441442457493,73.0,0.0013454549644882,1.0,0.0083120896098879,,0.0,0.0,382.0,201.0,201.0,2.0,9.3092349403347e-05,0.0002894005984054,0.0329807179912112,0.0004373528670856,-0.1483193384735815,0.0,,0.0,,,
8553907,K07056.01,FALSE POSITIVE,391261.0,11.6768,42.032096076,0.0,,,,,,,,,,,,,,,,,,,,,,,,,,,,,,,,,,koi_num_transits is 0,precheck
8556077,K02027.01,FALSE POSITIVE,80.0,2.1862,3.635723653,371.0,7.9448158771811e-05,1.6532457711442743,-1.3284451172990153e-05,6.425542411043948,6.494642274201823e-06,0.0,20.0,17.0,60|1800,pdcsap_flux,64683.0,0.0,29.42442263884004,13.0,0.0250546178314467,1.0,0.1507196635901241,,0.0,0.0,6545.0,201.0,201.0,33.0,3.218099487062453e-06,1.782296484742485e-05,0.4990673684967974,1.782296484742485e-05,0.4990673684967974,0.0,,0.0,,,
8558011,K00577.01,CONFIRMED,611.2,5.04,39.6766071,16.0,0.0005801160358447,4.011940298507496,-9.471147932560432e-05,4.357893990735719,6.679138061083112e-05,0.0,8.0,8.0,1800,pdcsap_flux,31311.0,0.0,29.424443845055062,31.0,0.0052927912780122,2.0,0.2650506211874421,,1.0,0.2407460636836894,626.0,201.0,201.0,3.0,4.717036334380111e-05,0.0002058130531362,-0.0534011226334847,0.0002058130531362,-0.0534011226334847,0.0,,0.2407460636836894,,,
8558011,K00577.02,CONFIRMED,109.7,1.2313,0.638162933,988.0,9.354542736561557e-05,0.2695383084577116,-1.0453993082415458e-05,2.9664691988929697,2.2854436665387115e-07,0.0,8.0,8.0,1800,pdcsap_flux,31311.0,0.0,29.424443845055062,7.0,0.0803935233679055,2.0,0.4893807288173485,,1.0,0.015042636773019,10058.0,201.0,201.0,49.0,8.265900546706194e-06,2.5496523387569248e-05,0.4747925542958776,2.5496523387569248e-05,0.4747925542958776,0.0,,0.015042636773019,,,
8559863,K07058.01,FALSE POSITIVE,45979.0,7.39097,22.470494368,59.0,0.0417484739729953,4.412519402985069,-0.0011813122654773,973.8121122466353,7.856916553927729e-05,0.020622582602033,19.0,18.0,60|1800,pdcsap_flux,65263.0,0.0,29.424443425959907,45.0,0.0137049536289638,1.0,0.0817614881326325,,0.0,0.0,3531.0,201.0,201.0,18.0,1.182351774200485e-05,0.020622582602033,0.4764815556824119,0.020622582602033,0.4764815556824119,0.020622582602033,0.4764815556824119,0.0,,,
8560280,K07896.01,FALSE POSITIVE,633.0,8.5,85.338393,15.0,0.0006949364342998,3.044776119402975,-3.079999785315923e-05,7.392888534869709,9.181041855610415e-05,0.0,18.0,18.0,1800,pdcsap_flux,65241.0,0.0,29.424445689073764,51.0,0.0041501445506088,1.0,0.0254901059149921,,0.0,0.0,1078.0,201.0,201.0,5.0,4.198505246601154e-05,0.0,,0.0,,0.0,,0.0,,,
8560804,K02969.01,FALSE POSITIVE,156.3,9.41,31.9729501,43.0,0.0001580178914014,6.92875621890546,2.174552978273514e-05,6.790025802413997,1.9100699668817e-05,2.193518372828329e-05,18.0,18.0,1800,pdcsap_flux,65226.0,0.0,29.424446186749265,57.0,0.0122629701703169,1.0,0.0751080857326832,,0.0,0.0,3273.0,201.0,201.0,16.0,6.720406671770851e-06,2.193518372828329e-05,-0.4754690540386126,2.193518372828329e-05,-0.4754690540386126,2.193518372828329e-05,-0.4754690540386126,0.0,,,
8561231,K02346.01,CONFIRMED,689.1,6.307,28.6853212,44.0,0.0007304245530203,2.510248756218908,5.579961498225483e-05,4.133336360844215,3.6078010524187576e-05,0.0,17.0,17.0,1800,pdcsap_flux,64726.0,0.0,29.424431612715125,39.0,0.0091611896145219,1.0,0.0528690170874146,,0.0,0.0,2239.0,201.0,201.0,11.0,4.742606813852936e-05,0.000142402383867,0.4378801899799519,0.000142402383867,0.4378801899799519,0.0,,0.0,,,
8565266,K00578.01,CONFIRMED,1156.4,5.2677,6.412512953,214.0,0.0011227094930501,4.61251343283582,1.0372200904829043e-06,26.89051137882106,1.27768952600249e-05,0.0,17.0,17.0,1800,pdcsap_flux,64739.0,0.0,29.42443722335156,33.0,0.0342280010362109,1.0,0.2046525278425678,,0.0,0.0,8926.0,201.0,201.0,43.0,1.2233203502759848e-05,0.0,,0.0,,0.0,,0.0,,,
8569819,K07062.01,FALSE POSITIVE,313094.0,13.7687,20.849919614,0.0,,,,,,,,,,,,,,,,,,,,,,,,,,,,,,,,,,koi_num_transits is 0,precheck
8573193,K04337.01,CONFIRMED,97.6,4.673,8.18504859,164.0,7.468395451826204e-05,0.650965174129353,-3.5597076254445525e-06,1.285910131717752,2.93162415561099e-05,0.0,17.0,17.0,1800,pdcsap_flux,64576.0,0.0,29.4244478631299,29.0,0.0237882929090019,1.0,0.1437530971258672,,0.0,0.0,6123.0,201.0,201.0,30.0,1.7251356971521713e-05,5.981434190649448e-05,0.3712464089797734,5.981434190649448e-05,0.3712464089797734,0.0,,0.0,,,
8574270,K07063.01,FALSE POSITIVE,24616.5,3.50007,15.120212531,89.0,0.0218028718096486,2.08959402985074,-0.0006399503103137,166.36081104703425,0.0002598492733592,0.003585790787566,17.0,17.0,1800,pdcsap_flux,64785.0,0.0,29.424440497532487,21.0,0.0096451190551059,1.0,0.0588407810449949,,0.0,0.0,2478.0,201.0,201.0,13.0,2.650880039228292e-05,0.003585790787566,-0.3564989241385304,0.003585790787566,-0.3564989241385304,0.003585790787566,-0.3564989241385304,0.0,,,
8582291,K02330.01,FALSE POSITIVE,172.8,2.83,2.4681015,543.0,0.0001670243882596,0.6758208955223879,-3.10674031778202e-05,3.188728480408657,1.8220744133601308e-05,3.4051861289130514e-05,17.0,17.0,1800,pdcsap_flux,64772.0,0.0,29.424443839816377,17.0,0.0477762631182982,1.0,0.2873000679305872,,0.0,0.0,12366.0,201.0,201.0,62.0,9.990777436429231e-06,3.4051861289130514e-05,0.4913685165684748,3.4051861289130514e-05,0.4913685165684748,3.4051861289130514e-05,0.4913685165684748,0.0,,,
8605074,K00915.01,FALSE POSITIVE,59130.1,8.30604,37.601661282,32.0,0.0577215754035191,5.950595820895497,0.0001468750665034,346.7007687701778,5.736630140207311e-05,0.0011083329035046,15.0,15.0,1800,pdcsap_flux,59058.0,0.0,29.424317608354613,51.0,0.0092039816380578,1.0,0.0570117511598767,,0.0,0.0,2221.0,201.0,201.0,11.0,4.843269775667598e-05,0.0011083329035046,0.4158374119905632,0.0011083329035046,0.4158374119905632,0.0011083329035046,0.4158374119905632,0.0,,,
8607720,K00981.01,FALSE POSITIVE,32.8,3.686,3.99751422,,2.354068179211133e-05,0.4401194029850721,-9.48420660007443e-07,0.859769979310585,2.9539039093307015e-05,0.0,34.0,18.0,60|1800,pdcsap_flux,65261.0,0.0,29.424419286078773,23.0,0.0384197090694359,1.0,0.2308882793705275,,0.0,0.0,10071.0,201.0,201.0,50.0,1.006026685224699e-05,0.0,,0.0,,0.0,,0.0,,,
8609450,K01278.01,CONFIRMED,624.4,6.148,24.8056775,52.0,0.0005765571790303,5.7503681592040135,1.546456688339415e-05,6.427108404628109,6.232299359654192e-05,0.0,19.0,17.0,60|1800,pdcsap_flux,64735.0,0.0,29.42441015504301,37.0,0.0103269369146102,5.0,0.1904688344790299,,4.0,0.1372673206148142,2585.0,201.0,201.0,15.0,2.526979533881132e-05,0.0,,0.0,,0.0,,0.1372673206148142,,,
8609450,K01278.02,CONFIRMED,791.7,6.43,44.3471936,33.0,0.0007034296664854,5.118407960199036,2.0434222054777077e-05,5.977787943743106,7.988123608249076e-06,0.0,19.0,17.0,60|1800,pdcsap_flux,64735.0,0.0,29.42441015504301,39.0,0.0060413443313505,5.0,0.1775700934579439,,4.0,0.1466903529775237,1699.0,201.0,201.0,8.0,3.735196039293953e-05,0.0001294963071277,-0.1941257505990636,0.0001294963071277,-0.1941257505990636,0.0,,0.1466903529775237,,,
8609450,K01278.03,CONFIRMED,140.0,4.907,9.2207691,137.0,0.0001328221250921,1.2694726368159197,-1.4539574302641078e-05,2.222387960070116,2.105910099481356e-05,0.0,19.0,17.0,60|1800,pdcsap_flux,64735.0,0.0,29.42441015504301,31.0,0.0221736745726919,5.0,0.2250868927164594,,4.0,0.1022321773383795,5751.0,201.0,201.0,28.0,2.0422750688803012e-05,6.330831975598361e-05,0.4895022133913423,6.330831975598361e-05,0.4895022133913423,0.0,,0.1022321773383795,,,
8609450,K01278.04,CONFIRMED,162.7,5.425,13.6396648,96.0,0.0001444638942318,0.863681592039796,1.5260971943931168e-05,1.7770448772286385,8.420575296153032e-06,0.0,19.0,17.0,60|1800,pdcsap_flux,64735.0,0.0,29.42441015504301,33.0,0.0165723769594885,5.0,0.2050204680620993,,4.0,0.1188228933343631,4315.0,201.0,201.0,21.0,2.088006180316808e-05,0.0,,0.0,,0.0,,0.1188228933343631,,,
8609450,K01278.05,FALSE POSITIVE,238.9,9.81,203.250506,7.0,0.0003510451722112,1.3665671641791124,2.4269089082817885e-06,1.824676929850576,0.0002089364598278,0.0,19.0,17.0,60|1800,pdcsap_flux,64735.0,0.0,29.42441015504301,61.0,0.0020110651040642,5.0,0.1692747354599521,,4.0,0.1570865837645786,554.0,201.0,201.0,3.0,6.375337299905083e-05,0.0002133479500139,-0.4479408474546881,0.0002133479500139,-0.4479408474546881,0.0,,0.1570865837645786,,,
8620402,K03267.01,CONFIRMED,196.2,3.605,14.1959621,90.0,0.0001962671007352,0.9326368159203976,-3.147315856255606e-05,2.2506819544654526,1.197013653908563e-05,0.0,17.0,17.0,1800,pdcsap_flux,64780.0,0.0,29.4244225602597,23.0,0.0105810604646044,1.0,0.0624421117628897,,0.0,0.0,2650.0,201.0,201.0,13.0,2.4245415569284343e-05,0.0,,0.0,,0.0,,0.0,,,
8621026,K07071.01,FALSE POSITIVE,245217.0,5.26926,4.059428737,171.0,0.236231171280851,3.145826865671618,-0.0070889406062498,1168.2094795237865,0.0003587700044319,0.0067508350412941,10.0,10.0,1800,pdcsap_flux,33917.0,0.0,29.42370037548244,33.0,0.0540845804235631,1.0,0.3251466816050948,,0.0,0.0,7362.0,201.0,201.0,37.0,4.2196581582255743e-05,0.0067508350412941,-0.4862479211094869,0.0067508350412941,-0.4862479211094869,0.0067508350412941,-0.4862479211094869,0.0,,,
8621353,K03682.01,FALSE POSITIVE,258242.0,5.9738,11.344347453,56.0,0.211107951551922,3.328684577114409,-0.0058162943787338,118.33205370367348,0.0036809177119511,0.0222597527513075,8.0,8.0,1800,pdcsap_flux,30159.0,0.0,29.42430538125336,37.0,0.0219411768164337,1.0,0.1307404091647601,,0.0,0.0,2709.0,201.0,201.0,13.0,0.000491456608705,0.0222597527513075,0.4462864272997149,0.0222597527513075,0.4462864272997149,0.0222597527513075,0.4462864272997149,0.0,,,
8622875,K05551.01,FALSE POSITIVE,1126.2,52.986,374.71687,,0.0009576646469239,27.41564179104469,3.696537288311319e-05,6.281709529531559,2.973008769990848e-05,0.0001093279566835,17.0,17.0,1800,pdcsap_flux,64730.0,0.0,29.42442926578224,325.0,0.0058917817070792,1.0,0.0346207322725166,,0.0,0.0,1437.0,201.0,201.0,7.0,2.236622870665539e-05,7.261980289730019e-05,0.0155367690522288,0.000146319241534,-0.1118730103633621,0.0001093279566835,-0.0139221394831679,0.0,,,
8625813,K03285.01,FALSE POSITIVE,1001.6,3.826,45.3965379,27.0,0.0011722613588965,0.6091144278606957,-9.068964168723603e-05,2.8150838218546395,0.0001231821892301,0.0,14.0,14.0,1800,pdcsap_flux,54962.0,0.0,29.424508893862367,23.0,0.0035116481132951,1.0,0.0223063207306866,,0.0,0.0,829.0,201.0,201.0,4.0,0.0001181736206273,0.0003647159067982,0.2589638647433451,0.0023848061401517,-0.4996103274676122,0.0,,0.0,,,
8625925,K00580.01,CONFIRMED,760.4,2.7975,6.521209629,201.0,0.0007255531021848,2.3382089552238705,-2.059492482620051e-05,11.168180448186634,1.991662449685183e-05,0.0,17.0,17.0,1800,pdcsap_flux,64740.0,0.0,29.42443378153257,17.0,0.017874367890528,1.0,0.106209453197405,,0.0,0.0,4519.0,201.0,201.0,22.0,1.906650739037562e-05,0.0,,0.0,,0.0,,0.0,,,
8669092,K00068.01,FALSE POSITIVE,2714.4,1.3292,1.000840564,1419.0,0.0024069086960177,0.8200039800994953,-0.000161832910833,47.09741398073994,1.0524093568164972e-05,0.0001534188876836,36.0,18.0,60|1800,pdcsap_flux,65259.0,0.0,29.42441468127072,9.0,0.0553368191952433,1.0,0.332092125224107,,0.0,0.0,14470.0,201.0,201.0,72.0,1.0131718898740828e-05,0.0001534188876836,0.4984835927434409,0.0001534188876836,0.4984835927434409,0.0001534188876836,0.4984835927434409,0.0,,,
8672910,K00918.01,CONFIRMED,15663.8,6.5292,39.6431552,30.0,0.0150794090132809,5.327307462686553,-0.000122326725092,98.60662951304528,8.28744120366931e-05,0.0,35.0,17.0,60|1800,pdcsap_flux,64790.0,0.0,29.42440747283399,39.0,0.006862470926633,2.0,0.0828368575397437,,1.0,0.0453310696095076,1653.0,201.0,201.0,8.0,4.028999385317197e-05,0.0,,0.0,,0.0,,0.0453310696095076,,,
8672910,K00918.02,FALSE POSITIVE,292.5,2.0705,5.71489488,,8.882841467816593e-05,0.1236119402985069,-2.730337968437357e-05,0.8127321439274733,6.640504333577102e-05,0.0,35.0,17.0,60|1800,pdcsap_flux,64790.0,0.0,29.42440747283399,13.0,0.0150957865621026,2.0,0.1078561506405309,,1.0,0.0190615835777126,3906.0,201.0,201.0,19.0,1.8209859879301543e-05,5.728783781500102e-05,-0.2527923312060572,5.728783781500102e-05,-0.2527923312060572,0.0,,0.0190615835777126,,,
8676061,K05558.01,FALSE POSITIVE,443.8,6.56,428.1186,,9.116093843797302e-06,0.5221890547263683,-8.687993579470366e-05,0.0222989050568769,0.0001155148292339,0.0,17.0,17.0,1800,pdcsap_flux,64747.0,0.0,29.424411155632697,41.0,0.0006384523665482,1.0,0.0040001853367723,,0.0,0.0,187.0,201.0,168.0,1.0,0.0001123145895266,0.0003387366500786,0.0041444354669455,0.0004478315592102,0.2711771377758138,0.0,,0.0,,,
8685497,K01629.01,CONFIRMED,132.7,2.1418,4.4096675,306.0,0.000117941190737,1.108195024875614,-2.0420720688418825e-05,3.964674238988291,1.3236525965854009e-05,0.0,18.0,18.0,1800,pdcsap_flux,65067.0,0.0,29.424436385161243,13.0,0.0202377314540533,1.0,0.1219973258333717,,0.0,0.0,5343.0,201.0,201.0,27.0,7.210752115791652e-06,2.322468561277713e-05,0.2209865287458194,2.322468561277713e-05,0.2209865287458194,0.0,,0.0,,,
8686150,K00919.01,FALSE POSITIVE,66067.7,16.9422,51.42598578,28.0,0.0643821625674856,12.137695522388045,-0.0007054399556672,355.12383010582056,0.0002666594736694,0.0012729428870829,17.0,17.0,1800,pdcsap_flux,64798.0,0.0,29.42442557774484,103.0,0.0137270095904421,1.0,0.086345257569678,,0.0,0.0,3699.0,201.0,201.0,18.0,5.718751661960534e-05,0.0001929788751362,0.4935236863777354,0.0012729428870829,-0.3386762700428203,0.0012729428870829,-0.3386762700428203,0.0,,,
8686761,K07904.01,FALSE POSITIVE,235.1,17.0849,374.93999098,4.0,0.0002976530893263,1.6999900497512517,-3.613759552378859e-06,1.6716849373879832,1.1753177105999768e-06,0.0,17.0,17.0,1800,pdcsap_flux,64745.0,0.0,29.42442893050611,105.0,0.0018986260480581,1.0,0.0121862692099776,,0.0,0.0,506.0,200.0,200.0,2.5,3.534689723256532e-05,0.0001085807518634,0.0774290461577459,0.0001175381517579,-0.0996178328236922,0.0,,0.0,,,
8711548,K07079.01,FALSE POSITIVE,488408.0,8.1018,18.778162159,0.0,,,,,,,,,,,,,,,,,,,,,,,,,,,,,,,,,,koi_num_transits is 0,precheck
8746295,K02475.01,FALSE POSITIVE,197.7,2.268,6.85567248,200.0,0.000174293983257,0.4062089552238817,-1.0771060882208694e-05,1.986108393441341,2.267330316330085e-05,0.0,17.0,17.0,1800,pdcsap_flux,64721.0,0.0,29.424421381554566,13.0,0.0137842057472383,1.0,0.0829097201835571,,0.0,0.0,3659.0,201.0,201.0,10.0,1.806240737449456e-05,6.082334772983256e-05,0.4976484294662325,8.54119973978662e-05,-0.4982604357717385,0.0,,0.0,,,
8749844,K07909.01,FALSE POSITIVE,235.9,4.868,361.51099,4.0,0.0002565868007352,0.0,7.7940372580243e-05,3.0639059057779554,0.0001925416755571,0.0006003683894695,18.0,18.0,1800,pdcsap_flux,64988.0,0.0,29.42444484564476,29.0,0.000561071001834,1.0,0.0036622145626884,,0.0,0.0,160.0,198.0,50.0,0.0,3.6660972759671104e-05,0.0006003683894695,0.0214603237370033,0.0006003683894695,0.0214603237370033,0.0006003683894695,0.0214603237370033,0.0,,,
8758161,K07087.01,FALSE POSITIVE,87567.2,3.90851,0.998217563,1348.0,0.077875465187986,2.1778762189054603,-0.0023032147914339,61.35537412780653,0.0020416498456922,0.0,25.0,18.0,60|1800,pdcsap_flux,65262.0,0.0,29.42444803076796,23.0,0.1631453796944798,1.0,0.4895957831509914,primary_only,0.0,0.0,42594.0,201.0,201.0,212.0,0.0001010868522939,0.0,,0.0,,0.0,,0.0,,,
8761550,K07912.01,FALSE POSITIVE,125.2,3.232,224.591055,7.0,8.44645277506828e-05,0.1286368159203981,-5.586221855424789e-05,0.9955392565208392,6.255424633838658e-07,0.0,18.0,18.0,1800,pdcsap_flux,65215.0,0.0,29.42445273511112,19.0,0.0005996083266391,1.0,0.0039101433719236,,0.0,0.0,181.0,199.0,151.0,1.0,2.5275006876999012e-05,8.43803777048624e-05,0.1281721600813135,9.872992779869084e-05,-0.198614377937009,0.0,,0.0,,,
8767034,K07089.01,FALSE POSITIVE,61.3,2.616,0.58640848,2285.0,5.899759422611783e-05,1.3014925373134425,1.300619546507065e-07,2.574876840741326,3.1351917954003383e-06,0.0,17.0,17.0,1800,pdcsap_flux,64781.0,0.0,29.424439826980237,17.0,0.1858772574366591,1.0,0.5572158503264846,primary_only,0.0,0.0,48144.0,201.0,201.0,240.0,1.1916169858862436e-05,0.0,,0.0,,0.0,,0.0,,,
8784288,K07091.01,FALSE POSITIVE,314683.0,4.72808,1.827558898,735.0,0.32081810552705,2.446369751243793,-0.009607814180276,1713.474542741773,0.1247019164145387,0.0,17.0,17.0,1800,pdcsap_flux,64799.0,0.0,29.424447616911493,29.0,0.1077958874807948,1.0,0.6474945601012362,,0.0,0.0,27947.0,201.0,201.0,138.0,0.0002876871618966,0.0,,0.0,,0.0,,0.0,,,
8802165,K00694.01,CONFIRMED,928.1,4.9974,17.42115972,80.0,0.0009068706442689,4.375832835820893,-2.094978620337251e-05,15.328019059950188,6.338513387926792e-05,0.0,18.0,17.0,60|1800,pdcsap_flux,64784.0,0.0,29.42440780811012,31.0,0.0119524189747799,1.0,0.0727803161274388,,0.0,0.0,3215.0,201.0,201.0,16.0,1.9147958323971117e-05,0.0,,0.0,,0.0,,0.0,,,
8804358,K07092.01,FALSE POSITIVE,277.6,2.523,62.519211,23.0,0.000115856095222,0.351462686567164,-5.620390539062825e-05,0.3749497108130651,0.0003180283926699,0.0,17.0,17.0,1800,pdcsap_flux,64735.0,0.0,29.424410065985285,15.0,0.0016814831524345,1.0,0.0105507067274272,,0.0,0.0,466.0,200.0,199.0,2.0,7.169989863723138e-05,0.0002221900169796,0.0139167052032925,0.0002221900169796,0.0139167052032925,0.0,,0.0,,,
8805348,K00695.01,CONFIRMED,588.0,4.8475,29.90721859,45.0,0.000559517054536,4.437512437810971,1.3277880074991089e-05,11.677110402310168,1.4811408677761762e-05,0.0,19.0,18.0,60|1800,pdcsap_flux,65211.0,0.0,29.424423230811957,29.0,0.0067535256098406,1.0,0.0399165784913588,,0.0,0.0,1753.0,201.0,201.0,9.0,1.192191346740774e-05,3.606559247470997e-05,0.4919348582526407,3.6621826132621216e-05,-0.4839495923693266,0.0,,0.0,,,
8808064,K08169.01,FALSE POSITIVE,512.7,10.857,447.97028,3.0,0.0004048041673614,1.2963582089552197,-0.0001099794692647,1.2130431449958752,0.0003822022219829,0.0,17.0,17.0,1800,pdcsap_flux,64724.0,0.0,29.4244175311178,67.0,0.0010098326165744,1.0,0.0060101353439218,,0.0,0.0,261.0,200.0,199.0,1.0,9.38338827223612e-05,0.0002815386408362,0.1681352838403692,0.0004341530841154,-0.2660927412866536,0.0,,0.0,,,
8822366,K01282.01,CONFIRMED,256.5,8.864,30.8639476,47.0,0.0002543665453706,7.4087164179104175,2.161141781786835e-05,9.925576208205,1.7668838281248433e-05,3.025837899817141e-05,33.0,18.0,60|1800,pdcsap_flux,65214.0,0.0,29.424448376521468,55.0,0.0119664969018199,1.0,0.0742018584966418,,0.0,0.0,3225.0,201.0,201.0,16.0,7.234153742980109e-06,3.025837899817141e-05,0.155169488757162,3.335560065931276e-05,0.1476904281935245,3.025837899817141e-05,0.155169488757162,0.0,,,
8823868,K00081.01,FALSE POSITIVE,1611.7,9.3113,23.8761144,57.0,0.0016042678098961,8.523777114427892,-1.764715928376237e-05,76.35905133249426,5.0086779522673375e-05,0.0048190791959583,27.0,18.0,60|1800,pdcsap_flux,65258.0,0.0,29.42444854415953,57.0,0.0162493287992175,1.0,0.098164209752061,,0.0,0.0,4231.0,201.0,201.0,21.0,5.161083038136937e-06,0.0048190791959583,-0.4983009437278572,0.0048190791959583,-0.4983009437278572,0.0048190791959583,-0.4983009437278572,0.0,,,
8845574,K01734.01,FALSE POSITIVE,787.5,2.058,1.878156188,696.0,0.0007285577493779,1.269611940298507,-0.0001016238388095,7.706622908925204,5.191622072187041e-05,0.0001519196254181,16.0,16.0,1800,pdcsap_flux,63136.0,0.0,29.42439706879668,13.0,0.0456564797687635,1.0,0.273932463253928,,0.0,0.0,11530.0,201.0,201.0,57.0,3.706988814232832e-05,0.0001519196254181,-0.4977778997165977,0.0001519196254181,-0.4977778997165977,0.0001519196254181,-0.4977778997165977,0.0,,,
8848115,K07101.01,FALSE POSITIVE,618.6,1.383,0.82484293,329.0,0.0005908954655252,1.1008955223880612,-4.359435858236616e-05,16.79550167513983,3.2588180975956504e-07,8.512068393828898e-05,4.0,4.0,1800,pdcsap_flux,13454.0,0.0,29.42416991922073,9.0,0.0698617856856698,1.0,0.4184629106585402,,0.0,0.0,3741.0,201.0,201.0,19.0,1.1610133541204047e-05,8.512068393828898e-05,-0.4934503569983992,8.512068393828898e-05,-0.4934503569983992,8.512068393828898e-05,-0.4934503569983992,0.0,,,
8866137,K02074.01,CONFIRMED,1166.8,4.645,33.4178173,37.0,0.001083770231944,2.9580099502487656,0.0001036295642211,4.467676437326727,0.0001866143212772,0.0,17.0,17.0,1800,pdcsap_flux,64721.0,0.0,29.424407551414333,29.0,0.0057915711528731,1.0,0.0344246844146413,,0.0,0.0,1377.0,200.0,200.0,7.0,5.761995136844633e-05,0.0,,0.0,,0.0,,0.0,,,
8878187,K00697.01,CONFIRMED,488.6,3.8627,3.032147946,216.0,0.0004712872905571,3.3822646766169173,-3.2868806815189444e-06,16.05438525922813,6.653828064306921e-06,0.0,23.0,8.0,60|1800,pdcsap_flux,31329.0,0.0,29.424433456733823,23.0,0.053079808835071,1.0,0.320789045293498,,0.0,0.0,6725.0,201.0,201.0,34.0,6.996451074577892e-06,2.11201993401966e-05,0.3824740142021261,2.11201993401966e-05,0.3824740142021261,0.0,,0.0,,,
8883329,K02595.01,CONFIRMED,87.6,4.318,9.18244299,143.0,7.607956678268302e-05,0.8593034825870647,-7.078248334013715e-06,2.570622483105511,1.33998973284033e-06,0.0,30.0,17.0,60|1800,pdcsap_flux,64728.0,0.0,29.424430606886744,27.0,0.0195935511783304,2.0,0.1574898034853541,,1.0,0.046734025460388,4967.0,201.0,201.0,25.0,7.407949705570216e-06,2.550202784534772e-05,-0.4982789866076918,2.550202784534772e-05,-0.4982789866076918,0.0,,0.046734025460388,,,
8883329,K02595.02,CONFIRMED,72.8,5.266,14.6134781,92.0,7.718649842902714e-05,0.733572139303484,1.8610431647969605e-05,3.0153334033490102,2.317159065090557e-05,0.0,30.0,17.0,60|1800,pdcsap_flux,64728.0,0.0,29.424430606886744,33.0,0.0150146778997579,2.0,0.1445124212087504,,1.0,0.0575485106908911,4016.0,201.0,201.0,20.0,7.464118544526998e-06,0.0,,0.0,,0.0,,0.0575485106908911,,,
8892303,K02688.01,CONFIRMED,7680.0,1.139,5.424749327,142.0,0.0072729026238652,0.9066666666666722,-0.0005857723538233,10.209135522069063,0.0004109763607039,0.0,10.0,10.0,1800,pdcsap_flux,37434.0,0.0,29.424509229138494,7.0,0.0087484841183581,1.0,0.0525458139659133,,0.0,0.0,1305.0,201.0,201.0,6.0,0.00012591653194,0.0005210658255476,0.2644328888079516,0.0005210658255476,0.2644328888079516,0.0,,0.0,,,
8940918,K04784.01,FALSE POSITIVE,216.0,1.184,1.405887031,943.0,0.0002433619587873,0.2120597014925356,-1.4492781555963674e-06,3.466021158621977,8.435897855396668e-05,0.0,17.0,17.0,1800,pdcsap_flux,64783.0,0.0,29.4244156870991,7.0,0.0350905387456649,1.0,0.2103175215720173,,0.0,0.0,9023.0,201.0,201.0,44.0,1.946943356407056e-05,0.0,,0.0,,0.0,,0.0,,,
8940961,K07110.01,FALSE POSITIVE,177074.0,4.4854,1.583334941,848.0,0.1502940198495111,2.499327363184085,-0.0040422763156298,270.41644287532506,0.1106833286804018,0.0,17.0,17.0,1800,pdcsap_flux,64792.0,0.0,29.4244156870991,27.0,0.1180367222545028,1.0,0.7082047166316829,,0.0,0.0,30635.0,201.0,201.0,153.0,0.0004596508292296,0.0,,0.0,,0.0,,0.0,,,
8950853,K01412.01,CONFIRMED,412.5,9.109,37.8145252,37.0,0.0003962966432976,7.976039800995013,-1.194421173145166e-05,8.667414187897137,5.6036251156577066e-05,0.0,19.0,18.0,60|1800,pdcsap_flux,65239.0,0.0,29.42444200103637,55.0,0.0100369279968287,1.0,0.0609757966860313,,0.0,0.0,2616.0,201.0,201.0,13.0,1.3832796158945726e-05,4.793611010101007e-05,-0.4335039191953961,4.793611010101007e-05,-0.4335039191953961,0.0,,0.0,,,
8953059,K06062.01,FALSE POSITIVE,40110.4,5.1339,5.499941387,250.0,0.0395160237064987,3.882352238805944,-0.0005783611090692,344.2760100493537,0.0001227393470123,0.0,20.0,17.0,60|1800,pdcsap_flux,64797.0,0.0,29.424430606886744,31.0,0.0388935963037018,1.0,0.2326342268932203,,0.0,0.0,10126.0,201.0,201.0,50.0,3.444637648959701e-05,0.000470914360255,0.4285911786951681,0.000470914360255,0.4285911786951681,0.0,,0.0,,,
8953281,K07112.01,FALSE POSITIVE,254.7,2.952,0.78430061,261.0,0.0002876259967381,0.8811940298507486,1.1159714107256136e-06,3.1105348158167523,5.010364286561764e-05,0.0,3.0,3.0,1800,pdcsap_flux,9817.0,0.0,29.42391980846878,19.0,0.1568276225107105,1.0,0.4697972904145869,primary_only,0.0,0.0,6162.0,201.0,201.0,31.0,5.454412106566671e-05,0.0,,0.0,,0.0,,0.0,,,
8953475,K07114.01,FALSE POSITIVE,40.8,5.771,2.6658312,265.0,3.872723625519825e-05,0.8039203980099452,-9.891056763744466e-06,1.5520092395037393,7.742604146709908e-08,0.0,10.0,10.0,1800,pdcsap_flux,33751.0,0.0,29.42371596058365,35.0,0.0902001347022022,1.0,0.5421468993511304,,0.0,0.0,12237.0,201.0,201.0,61.0,5.689783585345242e-06,0.0,,0.0,,0.0,,0.0,,,
8957954,K06189.01,FALSE POSITIVE,253149.0,4.87581,2.179924994,617.0,0.2203725735662481,2.716869253731361,-0.0067637382184172,1995.816731635746,0.0053317140268475,0.0,17.0,17.0,1800,pdcsap_flux,64793.0,0.0,29.424435457913205,29.0,0.0931952936725675,1.0,0.5589647029771735,,0.0,0.0,24239.0,201.0,201.0,121.0,0.0001332399513514,0.0,,0.0,,0.0,,0.0,,,
8958035,K01391.01,FALSE POSITIVE,7609.5,1.8071,7.981187121,171.0,0.0067514736396138,1.1148278606965103,0.000109704087549,101.00855440742728,3.209598695508298e-05,0.0,32.0,17.0,60|1800,pdcsap_flux,64788.0,0.0,29.424435468390584,11.0,0.0094341646413997,1.0,0.0575106501203926,,0.0,0.0,2496.0,201.0,201.0,13.0,1.774035779482358e-05,5.3562854446020935e-05,-0.4705121802066186,5.3562854446020935e-05,-0.4705121802066186,0.0,,0.0,,,
8972058,K00159.01,CONFIRMED,469.7,4.2447,8.99088621,147.0,0.0004517611082879,3.716752238805952,-1.8677367883079832e-05,17.76475299695998,3.84578595191698e-06,0.0,31.0,18.0,60|1800,pdcsap_flux,65237.0,0.0,29.424454914405946,25.0,0.0196713089087132,2.0,0.1800818553888131,,1.0,0.0722442785535815,5043.0,201.0,201.0,26.0,7.73260662426458e-06,2.4016630034595643e-05,-0.4483454861929498,2.4016630034595643e-05,-0.4483454861929498,0.0,,0.0722442785535815,,,
8972058,K00159.02,CONFIRMED,74.9,1.4012,2.403640701,524.0,5.942469684894203e-05,0.3624995024875644,5.213385004587678e-06,2.220668109320321,2.0820019323020134e-06,0.0,31.0,18.0,60|1800,pdcsap_flux,65237.0,0.0,29.424454914405946,9.0,0.0242895426546254,2.0,0.194920060701749,,1.0,0.0578199488020601,6276.0,201.0,201.0,31.0,6.718775467947635e-06,0.0,,0.0,,0.0,,0.0578199488020601,,,
8973129,K02286.01,CONFIRMED,532.6,3.056,24.1738244,57.0,0.0004684596486176,1.8244776119403028,3.058532985289464e-05,3.1209359993154746,0.0001016295204721,0.0,17.0,17.0,1800,pdcsap_flux,64756.0,0.0,29.424441335722804,19.0,0.00526740540621,1.0,0.0318117240101303,,0.0,0.0,1403.0,201.0,201.0,5.0,4.181896083293429e-05,0.0,,0.0,,0.0,,0.0,,,
8984755,K04664.01,FALSE POSITIVE,68.4,1.295,0.734573766,1822.0,6.988449486222681e-05,0.1288557213930351,2.4210060030060987e-06,2.021920293301048,9.26350101981832e-06,3.0747767164163164e-05,17.0,17.0,1800,pdcsap_flux,64771.0,0.0,29.42444753833115,7.0,0.0734552958883278,1.0,0.4405675379413626,,0.0,0.0,19051.0,201.0,201.0,95.0,8.603636737454233e-06,3.0747767164163164e-05,-0.4949918819725653,3.0747767164163164e-05,-0.4949918819725653,3.0747767164163164e-05,-0.4949918819725653,0.0,,,
9007918,K07122.01,FALSE POSITIVE,151432.0,3.82527,1.387206724,967.0,0.1329167839835812,2.13149373134328,-0.0045365146097879,19.47405722370455,0.0001819601234136,0.0,22.0,18.0,60|1800,pdcsap_flux,65261.0,0.0,29.42442506959196,23.0,0.1148972588169202,1.0,0.6894776359540921,,0.0,0.0,29947.0,201.0,201.0,150.0,0.0067020714031443,0.0,,0.0,,0.0,,0.0,,,
9009953,K04014.01,CONFIRMED,464.1,12.925,234.240739,6.0,0.0004400577948022,5.915920398009916,-3.6223446871486153e-05,4.622016485754931,7.00509174578201e-05,0.0002782673414468,17.0,17.0,1800,pdcsap_flux,64754.0,0.0,29.42441651481204,79.0,0.0022990948071875,1.0,0.0143620471322234,,0.0,0.0,629.0,201.0,201.0,3.0,2.6015520064845356e-05,0.0002782673414468,-0.1151670627579213,0.0002782673414468,-0.1151670627579213,0.0002782673414468,-0.1151670627579213,0.0,,,
9011874,K04369.01,FALSE POSITIVE,,25.28,361.54561249,,0.0005661401473515,5.533930348258714,0.0001219266895965,1.0545729469715226,0.0006527708318551,0.0007236289523654,16.0,16.0,1800,pdcsap_flux,63135.0,0.0,29.42437562160194,155.0,0.0029134175521559,1.0,0.0164251207729468,,0.0,0.0,762.0,201.0,201.0,4.0,0.0001085230330168,0.0004916608194633,-0.4154854094466818,0.0014474807850931,-0.3051397196587764,0.0007236289523654,-0.3014979477185815,0.0,,,
9027841,K04266.01,FALSE POSITIVE,975.6,0.5421,0.503999678,2652.0,0.0008555786325235,0.4746746268656687,9.966861812094052e-06,10.066965846406982,1.2181061820437655e-05,0.0003739241062133,17.0,17.0,1800,pdcsap_flux,64752.0,0.0,29.42443613894284,5.0,0.0448164968867301,1.0,0.2686866814924635,,0.0,0.0,11585.0,201.0,201.0,59.0,1.3145422325371023e-05,0.0003739241062133,0.4990678707453588,0.0003739241062133,0.4990678707453588,0.0003739241062133,0.4990678707453588,0.0,,,
9049550,K05606.01,FALSE POSITIVE,79201.0,1.9948,23.81490574,3.0,,,,,,0.0,1.0,1.0,1800,pdcsap_flux,3524.0,0.0,29.42426648922265,13.0,0.0034901110915195,1.0,0.0181611804767309,,0.0,0.0,40.0,198.0,31.0,0.0,0.000157795696577,0.0005679055987404,0.4978136902771389,0.0005679055987404,0.4978136902771389,0.0,,0.0,,,
9049673,K03799.01,FALSE POSITIVE,5673.8,5.2334,1.327471395,861.0,0.0077150022251911,2.707828855721378,-0.0001846418556564,53.4806125239376,0.0002651424718586,0.000536785885209,14.0,14.0,1800,pdcsap_flux,54965.0,0.0,29.424488185322843,33.0,0.1642659375973471,1.0,0.4932229600654962,primary_only,0.0,0.0,36126.0,201.0,201.0,182.0,0.0001541017831133,0.000536785885209,-0.4866153777245611,0.000536785885209,-0.4866153777245611,0.000536785885209,-0.4866153777245611,0.0,,,
9083564,K03249.01,FALSE POSITIVE,56.7,3.533,0.918420801,754.0,6.20002251990881e-05,2.0389452736318407,-1.1028105622479243e-05,5.39904649468717,1.4352022925878671e-05,0.0,10.0,10.0,1800,pdcsap_flux,33893.0,0.0,29.423730089329183,21.0,0.1602841890918075,1.0,0.4798926031923996,primary_only,0.0,0.0,21695.0,201.0,201.0,108.0,5.881177436108631e-06,0.0,,0.0,,0.0,,0.0,,,
9086001,K04821.01,FALSE POSITIVE,126.1,9.07,256.52387,,9.04977639806237e-05,0.1804975124378112,-2.3588292920817544e-05,0.8699590696453763,1.966913074880061e-05,0.0,18.0,18.0,1800,pdcsap_flux,65192.0,0.0,29.424442509189248,55.0,0.0014732222255444,1.0,0.0093262977052399,,0.0,0.0,366.0,200.0,125.0,1.0,2.840635656623891e-05,9.278980497229306e-05,0.3723532334251967,0.0001013706708542,-0.0744014064711333,0.0,,0.0,,,
9093859,K08177.01,FALSE POSITIVE,74.9,7.35,3.0447752,444.0,7.19453005266768e-05,0.8776119402985039,-1.6008038287385062e-05,1.3140939708026602,2.594235318165161e-05,0.0,17.0,17.0,1800,pdcsap_flux,64713.0,0.0,29.4244363065809,45.0,0.1005821382149985,1.0,0.6037117735230942,,0.0,0.0,26074.0,201.0,201.0,98.0,1.4711171970913494e-05,0.0,,0.0,,0.0,,0.0,,,
9097892,K03809.01,FALSE POSITIVE,527.4,2.0179,1.674690886,798.0,0.0004953639766445,1.1244019900497455,-8.68732512115944e-06,29.88141570130253,2.230923801993523e-05,0.0001435650417878,18.0,18.0,1800,pdcsap_flux,65230.0,0.0,29.42445155116729,13.0,0.0502057826728189,1.0,0.301916296182738,,0.0,0.0,13086.0,201.0,201.0,65.0,5.053390294459414e-06,0.0001435650417878,-0.4979154119558479,0.0001435650417878,-0.4979154119558479,0.0001435650417878,-0.4979154119558479,0.0,,,
9114508,K08178.01,FALSE POSITIVE,17283.0,35.35,256.45616,4.0,0.0153369880610678,16.88358208955225,0.0007896029808053,1.2363455788801734,0.0137293036045063,0.0,14.0,14.0,1800,pdcsap_flux,54909.0,0.0,29.424490113160573,217.0,0.0057433468030819,1.0,0.0328907829317598,,0.0,0.0,1197.0,201.0,201.0,6.0,0.0070415734162392,0.0,,0.0,,0.0,,0.0,,,
9115681,K01865.01,FALSE POSITIVE,176.1,4.414,1.86390886,724.0,0.000149201005656,1.7568159203980116,3.1531839541631967e-06,6.622833589262763,6.698170993302277e-06,0.0,18.0,18.0,1800,pdcsap_flux,65257.0,0.0,29.424458602443337,27.0,0.0986725642082449,1.0,0.5918292290482247,,0.0,0.0,25781.0,201.0,201.0,128.0,8.31511981247992e-06,0.0,,0.0,,0.0,,0.0,,,
9117123,K05619.01,FALSE POSITIVE,,2.78,2.16402661,618.0,0.0011162616095321,0.2212935323383074,0.0008778975676031,0.3482026135371671,0.0010815970310085,0.0,17.0,17.0,1800,pdcsap_flux,64779.0,0.0,29.42444719781633,17.0,0.0535267601600025,1.0,0.3220642492165671,,0.0,0.0,13888.0,201.0,201.0,70.0,0.0003329149087261,0.0014604154823697,0.4835846938839787,0.0014604154823697,0.4835846938839787,0.0,,0.0,,,
9143254,K01386.01,FALSE POSITIVE,18006.1,2.68228,1.137525054,1179.0,0.0160351399261208,1.4946037810945254,-0.0004129878300836,234.25247582015987,0.0019447057769912,0.0,26.0,17.0,60|1800,pdcsap_flux,64787.0,0.0,29.424413418746557,17.0,0.0982498506504689,1.0,0.5890687946655965,,0.0,0.0,25448.0,201.0,201.0,124.0,3.130974240379345e-05,9.509224550641182e-05,-0.2175152948892674,9.509224550641182e-05,-0.2175152948892674,0.0,,0.0,,,
9157634,K00526.01,CONFIRMED,905.5,1.7547,2.104721971,632.0,0.0008705374047719,1.5015343283582103,2.335917928508735e-05,20.771139376841447,5.2041679087899695e-05,0.0,17.0,17.0,1800,pdcsap_flux,64761.0,0.0,29.424433624371886,11.0,0.0347373672187508,1.0,0.2100029338645172,,0.0,0.0,8896.0,201.0,201.0,22.0,8.674336331794685e-06,0.0,,0.0,,0.0,,0.0,,,
9159265,K03877.01,FALSE POSITIVE,272.6,9.568,3.04476607,448.0,0.0002245621722382,4.569791044776082,-1.062924908534768e-05,9.10421429375175,5.7750570030545845e-06,1.6005814786668182e-05,17.0,17.0,1800,pdcsap_flux,64729.0,0.0,29.424436474218965,59.0,0.1309350726792179,1.0,0.3938883653385654,primary_only,0.0,0.0,33924.0,201.0,201.0,155.0,3.716176064002141e-06,1.6005814786668182e-05,-0.492604935986225,1.6005814786668182e-05,-0.492604935986225,1.6005814786668182e-05,-0.492604935986225,0.0,,,
9164836,K00213.01,FALSE POSITIVE,69850.7,5.27958,48.118812545,30.0,,,,,,0.0043752440417124,21.0,17.0,60|1800,pdcsap_flux,64536.0,0.0,29.42443865351379,33.0,0.0045716527147106,1.0,0.02550514441552,,0.0,0.0,1030.0,201.0,164.0,5.0,2.9486999844465344e-05,0.0002214695277176,0.1560324963604561,0.0043752440417124,-0.2599879006782009,0.0043752440417124,-0.2599879006782009,0.0,,,
9205938,K02162.01,CONFIRMED,338.2,7.989,108.593113,12.0,0.0003109896133134,3.338686567164185,-2.4750318462496423e-05,3.1078689109881927,2.214022511393132e-05,0.0,17.0,17.0,1800,pdcsap_flux,64729.0,0.0,29.424411574727856,49.0,0.0030653417219929,2.0,0.0247493395541411,,1.0,0.0054844042083146,831.0,201.0,201.0,4.0,2.424103624386764e-05,7.526008443270449e-05,0.0122958961486657,8.805301197056803e-05,0.373239883913322,0.0,,0.0054844042083146,,,
9205938,K02162.02,CONFIRMED,251.9,8.996,199.66876,7.0,0.0002179760958945,1.6112238805970245,-1.7805010848470637e-05,1.8530603610439595,3.536557424033138e-05,0.0,17.0,17.0,1800,pdcsap_flux,64729.0,0.0,29.424411574727856,55.0,0.0018772758108646,2.0,0.0206398986543898,,1.0,0.0096865392636994,472.0,200.0,195.0,2.0,2.859205711484105e-05,9.465564670840808e-05,0.4074622757055799,9.465564670840808e-05,0.4074622757055799,0.0,,0.0096865392636994,,,
9207508,K07146.01,FALSE POSITIVE,561687.0,8.17997,2.015152464,0.0,,,,,,,,,,,,,,,,,,,,,,,,,,,,,,,,,,koi_num_transits is 0,precheck
9210387,K02416.01,CONFIRMED,340.7,2.409,5.90608902,226.0,0.0004094835743906,0.3835223880597025,-6.364261331970322e-05,1.8486748086527536,8.680529723770203e-05,0.0,17.0,17.0,1800,pdcsap_flux,64675.0,0.0,29.4244172796607,15.0,0.0169951722129647,1.0,0.1026053343641283,,0.0,0.0,4351.0,201.0,201.0,22.0,6.25921663795719e-05,0.0,,0.0,,0.0,,0.0,,,
9210823,K00090.01,FALSE POSITIVE,132.3,1.737,0.828206212,1616.0,0.0001309014208835,1.3481194029850754,3.299277242740928e-06,10.66826884525526,3.066976286603129e-05,0.0,21.0,18.0,60|1800,pdcsap_flux,65251.0,0.0,29.42443135601934,11.0,0.0873876565417502,1.0,0.5238233896798516,,0.0,0.0,22825.0,201.0,201.0,114.0,3.0656398200798794e-06,0.0,,0.0,,0.0,,0.0,,,
9214712,K06064.01,FALSE POSITIVE,100158.0,8.8452,265.2996227,5.0,,,,,,0.0,16.0,16.0,1800,pdcsap_flux,63039.0,0.0,29.42438014259096,55.0,0.0013891840336944,2.0,0.0093751487174606,,1.0,0.0018401307127333,288.0,201.0,161.0,1.0,0.0001198289359708,0.0003903725237724,0.019394163791847,0.0005169474844101,0.4062819171757387,0.0,,0.0018401307127333,,,
9214712,K06064.02,FALSE POSITIVE,4946.0,4.563,265.299451,5.0,0.0046748455017394,0.1816119402985059,-9.796167216569174e-05,9.091599702763116,0.0006382345407823,0.0,16.0,16.0,1800,pdcsap_flux,63039.0,0.0,29.42438014259096,27.0,0.0007166430208707,2.0,0.0071701645013404,,1.0,0.0031250495724868,158.0,199.0,109.0,1.0,0.0001592792323952,0.0004781639509174,0.0931276152152978,0.0005910391073664,0.1151643881070748,0.0,,0.0031250495724868,,,
9225395,K02107.01,CONFIRMED,715.5,5.807,81.3153052,15.0,0.0006559668430425,1.733432835820894,-2.5781821993975385e-05,3.047763362117082,0.0002403896834691,0.0,17.0,17.0,1800,pdcsap_flux,64743.0,0.0,29.42443764768541,35.0,0.0029755570951645,1.0,0.0177316466645042,,0.0,0.0,745.0,201.0,196.0,4.0,4.969729532163565e-05,0.0001681167299347,-0.0584603234496757,0.0001681167299347,-0.0584603234496757,0.0,,0.0,,,
9244508,K02830.01,CONFIRMED,360.7,10.604,40.5289885,34.0,0.0003145940351049,7.807920398009987,-3.297672044622057e-05,4.504179848575421,2.174992205750126e-05,0.0,17.0,17.0,1800,pdcsap_flux,64761.0,0.0,29.42444753833115,65.0,0.0109016619877728,1.0,0.0646839919087104,,0.0,0.0,2854.0,201.0,201.0,15.0,2.029975275092095e-05,0.0,,0.0,,0.0,,0.0,,,
9271739,K05648.01,FALSE POSITIVE,1210.0,8.618,575.95408,,0.0006483273065417,0.3430049751243763,0.0003984792770365,1.3262557431969253,1.3893020171074076e-05,0.0008062944432147,15.0,15.0,1800,pdcsap_flux,58993.0,0.0,29.424478462315165,53.0,0.0006234582682934,1.0,0.0041191327784652,,0.0,0.0,207.0,201.0,148.0,1.0,0.0001856015685556,0.0008062944432147,0.2509670971939331,0.0011112871786412,0.2487070609713688,0.0008062944432147,0.2509670971939331,0.0,,,
9289960,K06197.01,FALSE POSITIVE,,1.32,0.53345831,2502.0,-1.8549451277216637e-05,0.0788059701492542,0.0002793347029514,-0.0077551781171844,0.0004149502528365,0.0,18.0,18.0,1800,pdcsap_flux,65262.0,0.0,29.42444987478666,9.0,0.1031008402512278,1.0,0.6187061383347124,,0.0,0.0,26915.0,201.0,201.0,134.0,0.0001132117988236,0.0004375859113558,0.3634848073421329,0.0004674632388794,0.4408104375305539,0.0,,0.0,,,
9291368,K07155.01,FALSE POSITIVE,522879.0,11.5917,3.796448299,0.0,,,,,,,,,,,,,,,,,,,,,,,,,,,,,,,,,,koi_num_transits is 0,precheck
9291368,K07155.02,FALSE POSITIVE,70781.0,11.4071,3.79654367,26.0,0.0710595229171588,7.264222885572166,0.0010332527713381,6.708242947925201,0.0008055401049545,0.0,2.0,2.0,1800,pdcsap_flux,4818.0,0.0,29.424692625179887,69.0,0.1251917203242214,2.0,0.386052303860523,primary_only,1.0,0.3700705687007057,2473.0,201.0,201.0,12.0,0.0030118032729372,0.0,,0.0,,0.0,,0.3700705687007057,,,
9291748,K07156.01,FALSE POSITIVE,394232.0,11.5142,15.926990634,81.0,0.3471690888826683,6.415872636815877,-0.0099703654516858,856.2704227980554,0.0005583342272396,0.0130812054991746,16.0,16.0,1800,pdcsap_flux,63169.0,0.0,29.42439079284668,71.0,0.0301223466728971,1.0,0.1815447450489955,,0.0,0.0,7459.0,201.0,201.0,37.0,6.742827774935546e-05,0.0130812054991746,0.4899732765694681,0.0130812054991746,0.4899732765694681,0.0130812054991746,0.4899732765694681,0.0,,,
9305012,K04416.01,FALSE POSITIVE,514.0,3.522,56.898749,,0.0004750928473984,0.2102686567164156,-0.0002312774884062,0.9163368254763938,0.0004883694060784,0.0,17.0,17.0,1800,pdcsap_flux,64797.0,0.0,29.424445269978605,21.0,0.0025791428208729,1.0,0.0154636788740219,,0.0,0.0,626.0,201.0,172.0,4.0,0.0001102024649122,0.000404721776635,0.0077715813895105,0.000404721776635,0.0077715813895105,0.0,,0.0,,,
9307966,K04910.01,FALSE POSITIVE,53.8,3.085,3.37487541,199.0,3.358136224729247e-05,0.3683582089552254,-4.898732138602924e-06,0.5475911829942718,5.608234300902293e-05,0.0,17.0,17.0,1800,pdcsap_flux,64514.0,0.0,29.424440319417045,19.0,0.0380878257863352,1.0,0.2279815233902719,,0.0,0.0,9838.0,201.0,201.0,49.0,1.5725568384987374e-05,0.0,,0.0,,0.0,,0.0,,,
9343862,K06201.01,FALSE POSITIVE,377575.0,4.27355,1.123258617,0.0,,,,,,,,,,,,,,,,,,,,,,,,,,,,,,,,,,koi_num_transits is 0,precheck
9346253,K01388.01,FALSE POSITIVE,28450.4,9.6114,34.064566412,41.0,0.0279351602040481,7.268322388059671,-0.0005041058885995,235.5146742908081,0.0001643020830821,0.0004003480127063,17.0,17.0,1800,pdcsap_flux,64789.0,0.0,29.42443437350448,59.0,0.0117563510175466,1.0,0.0714781830248962,,0.0,0.0,3020.0,201.0,201.0,14.0,3.6980490675111465e-05,0.0004003480127063,-0.2971692859321589,0.0004003480127063,-0.2971692859321589,0.0004003480127063,-0.2971692859321589,0.0,,,
9347066,K07933.01,FALSE POSITIVE,115.7,2.952,20.004714,68.0,0.0001241521255394,0.4699701492537333,3.899748572078199e-05,1.0079236948467472,9.35479063968181e-06,0.0,17.0,17.0,1800,pdcsap_flux,64794.0,0.0,29.42443429492414,19.0,0.0061485507865796,1.0,0.037858443683057,,0.0,0.0,1606.0,201.0,201.0,9.0,3.341906710053224e-05,0.0001010897915389,0.1279602786343305,0.0001194293260031,0.4999476012223963,0.0,,0.0,,,
9353182,K07164.01,FALSE POSITIVE,120206.0,7.77203,10.476258265,126.0,0.117210917680629,4.949352437810946,-0.0035700918657057,3565.639630786506,0.0003250946984938,0.0068650436678951,19.0,18.0,60|1800,pdcsap_flux,65262.0,0.0,29.424450210062787,47.0,0.0309112829353613,1.0,0.1831540559590573,,0.0,0.0,7864.0,201.0,201.0,39.0,1.286526777848117e-05,0.0068650436678951,-0.4767710462417286,0.0068650436678951,-0.4767710462417286,0.0068650436678951,-0.4767710462417286,0.0,,,
9357275,K07165.01,FALSE POSITIVE,165034.0,4.37027,1.588298157,673.0,0.1405354871476976,2.261234228855738,-0.0049085716985122,14.623929348587938,0.0003867503717399,0.0386759343003725,19.0,15.0,60|1800,pdcsap_flux,52201.0,0.0,29.424805780872703,27.0,0.1146476072712167,1.0,0.6880711097488554,,0.0,0.0,23893.0,201.0,201.0,119.0,0.0102348543283041,0.0386759343003725,-0.4983781447662853,0.0386759343003725,-0.4983781447662853,0.0386759343003725,-0.4983781447662853,0.0,,,
9366617,K04215.01,CONFIRMED,142.0,7.968,26.5487294,52.0,0.0001215799090295,1.7442388059701424,-1.347992969147338e-05,2.0857875802523527,6.414964647727395e-05,0.0,17.0,17.0,1800,pdcsap_flux,64732.0,0.0,29.424447203055024,49.0,0.0125053065628067,1.0,0.0736575418649199,,0.0,0.0,3306.0,201.0,201.0,17.0,1.3994906380680729e-05,0.0,,0.0,,0.0,,0.0,,,
9366886,K02901.01,FALSE POSITIVE,179.1,1.2792,0.633514386,2109.0,0.0001814318304071,0.53459104477612,-3.9122579318262574e-05,3.168804962650414,3.154797041760027e-05,0.0,17.0,17.0,1800,pdcsap_flux,64795.0,0.0,29.42444561049342,7.0,0.0841338431736891,1.0,0.504236437996759,,0.0,0.0,21674.0,201.0,201.0,102.0,2.243725009428932e-05,0.0,,0.0,,0.0,,0.0,,,
9366988,K03597.01,FALSE POSITIVE,95697.0,2.4494,1.219034103,639.0,0.0911570965606471,1.5598169154228851,-0.0014794887994219,58.70253316347394,3.15056659898616e-05,0.0055519108075321,10.0,10.0,1800,pdcsap_flux,37877.0,0.0,29.42448601126671,15.0,0.0837206548054491,1.0,0.5025741214985348,,0.0,0.0,12672.0,201.0,201.0,63.0,0.0008072417584291,0.0055519108075321,-0.4976562839032094,0.0055519108075321,-0.4976562839032094,0.0055519108075321,-0.4976562839032094,0.0,,,
9390653,K00249.01,CONFIRMED,1826.9,1.5832,9.549277089,138.0,0.0017801018468287,1.2602587064676565,7.035085477258285e-05,17.91458089671109,0.0001168584025337,0.0,38.0,17.0,60|1800,pdcsap_flux,64772.0,0.0,29.42440830054693,9.0,0.0069080272833066,1.0,0.0411134440807756,,0.0,0.0,1761.0,201.0,201.0,8.0,2.189325693288797e-05,0.0,,0.0,,0.0,,0.0,,,
9392702,K07167.01,FALSE POSITIVE,97123.4,5.36124,3.909314318,208.0,0.0880302436129187,2.98735761194031,-0.0029269204421099,629.6488497185956,0.000219180021217,0.0051457606839155,10.0,10.0,1800,pdcsap_flux,39075.0,0.0,29.42448315618094,33.0,0.0571417342860994,1.0,0.3428790786948176,,0.0,0.0,8929.0,201.0,201.0,45.0,2.8149477002838983e-05,0.0051457606839155,-0.4999879992944264,0.0051457606839155,-0.4999879992944264,0.0051457606839155,-0.4999879992944264,0.0,,,
9401997,K01633.01,CONFIRMED,472.2,4.561,32.2964275,43.0,0.0004681848288238,1.5430248756218896,2.307719613570125e-05,2.3653737554133545,3.103167012130648e-05,0.0,17.0,17.0,1800,pdcsap_flux,64784.0,0.0,29.424428092315797,27.0,0.005884293755607,1.0,0.0361663373672511,,0.0,0.0,1564.0,201.0,201.0,8.0,4.9085071612111926e-05,0.0001699115137145,0.2377550758151983,0.0001699115137145,0.2377550758151983,0.0,,0.0,,,
9402583,K04168.01,FALSE POSITIVE,159.5,2.918,0.536544193,2438.0,0.0001664106055663,2.0324378109452743,5.516383256187751e-06,3.979396026393965,4.056419487374896e-05,,16.0,16.0,1800,pdcsap_flux,63125.0,0.0,29.424384584999643,17.0,0.2266045088541911,1.0,0.6797782178217822,primary_only,0.0,0.0,57211.0,201.0,201.0,285.0,,,,,,,,0.0,blanking covers 0.91 of the orbit,,
9405595,K02125.01,CONFIRMED,570.1,5.389,23.3593589,59.0,0.0005603920914543,2.4666069651741456,2.851846082674303e-05,4.880722375940309,7.315816530484298e-05,0.0,17.0,17.0,1800,pdcsap_flux,64777.0,0.0,29.424432440428063,33.0,0.0096124926898857,1.0,0.0598051777637124,,0.0,0.0,2556.0,201.0,201.0,13.0,3.195704689762331e-05,0.0001055224672816,-0.393036935096017,0.0001267050074611,-0.3690057033713028,0.0,,0.0,,,
9407689,K05669.01,FALSE POSITIVE,251.9,2.227,130.110715,,0.0002060230449512,0.1329552238805957,-7.312242923440682e-05,1.059408106458669,0.0001384208814325,0.0,17.0,17.0,1800,pdcsap_flux,64756.0,0.0,29.42443479783833,13.0,0.0007131746733285,1.0,0.003922416455618,,0.0,0.0,162.0,200.0,108.0,1.0,5.624488353393871e-05,0.0001769267657429,0.1059370208222225,0.0002180023431517,-0.2752548420718539,0.0,,0.0,,,
9409493,K08182.01,FALSE POSITIVE,16650.0,20.17,60.049737,4.0,0.0404870935341993,17.25990049751252,-0.021030224436822,2.1788297356243143,0.0383636909644606,0.0396555818272162,2.0,2.0,1800,pdcsap_flux,8710.0,0.0,29.42457159049809,123.0,0.0139953430048605,1.0,0.0921928817451205,,0.0,0.0,606.0,201.0,201.0,3.0,0.0103592479905272,0.0372919603454069,0.1403326875663835,0.0396555818272162,0.175321045078535,0.0396555818272162,0.175321045078535,0.0,,,
9410930,K00196.01,CONFIRMED,10570.1,2.35672,1.855557556,725.0,0.0103152974075184,1.87599601990051,-5.7494038610439446e-05,294.2056834371828,3.5571726785477153e-05,6.100484507676196e-05,27.0,17.0,60|1800,pdcsap_flux,64790.0,0.0,29.424436474218965,15.0,0.0529203022289148,1.0,0.3167618459638833,,0.0,0.0,13739.0,201.0,201.0,68.0,8.873555134229028e-06,6.100484507676196e-05,-0.4972346705393887,6.100484507676196e-05,-0.4972346705393887,6.100484507676196e-05,-0.4972346705393887,0.0,,,
9412760,K01977.01,CONFIRMED,384.6,1.6165,9.38740646,138.0,0.0003547576809943,0.6433830845771117,1.6415085383192363e-05,5.040857975771743,5.101600750290203e-05,0.0,31.0,17.0,60|1800,pdcsap_flux,64792.0,0.0,29.4244363065809,9.0,0.0071749494339746,2.0,0.0742066921842202,,1.0,0.0328744289418446,1812.0,201.0,184.0,9.0,1.763959168832152e-05,0.0,,0.0,,0.0,,0.0328744289418446,,,
9412760,K01977.02,CONFIRMED,150.4,1.973,7.41556471,175.0,0.0001465369848158,0.5889552238805962,-4.63536327648395e-05,2.600951340813609,2.1171122612573257e-05,0.0,31.0,17.0,60|1800,pdcsap_flux,64792.0,0.0,29.4244363065809,13.0,0.0110859167909996,2.0,0.0858439313495493,,1.0,0.0208976416841585,2842.0,201.0,201.0,14.0,1.3477661884554458e-05,0.0,,0.0,,0.0,,0.0208976416841585,,,
9415108,K02121.01,CONFIRMED,294.8,2.1533,4.51005082,299.0,0.0002542742795818,0.5142208955223904,5.402308452595594e-05,2.9389441589784644,1.0829468612971738e-06,0.0,17.0,17.0,1800,pdcsap_flux,64791.0,0.0,29.42443731240928,13.0,0.0198935304532407,1.0,0.119214088376472,,0.0,0.0,5188.0,201.0,201.0,26.0,3.413587790621163e-05,0.0001967109979551,-0.4978571298379567,0.0001967109979551,-0.4978571298379567,0.0,,0.0,,,
9415172,K00938.01,CONFIRMED,994.5,3.3862,9.94602357,131.0,0.0009341630778808,2.89764378109453,-5.045908873657634e-05,8.511464396062077,1.5108274793673717e-05,0.0,17.0,17.0,1800,pdcsap_flux,64744.0,0.0,29.42443764768541,21.0,0.0141857362064009,3.0,0.327458915111825,,2.0,0.2651828740887186,3564.0,201.0,201.0,18.0,3.69097668876182e-05,0.0,,0.0,,0.0,,0.2651828740887186,,,
9415172,K00938.02,CONFIRMED,213.0,1.8955,1.04562195,1233.0,0.0002065808928922,1.4334129353233784,5.739433752149914e-06,4.344787046457909,2.701877654609497e-05,0.0,17.0,17.0,1800,pdcsap_flux,64744.0,0.0,29.42443764768541,11.0,0.0755331950201185,3.0,0.5021469170888422,,2.0,0.089599036204127,19554.0,201.0,201.0,98.0,1.644706677113685e-05,0.0,,0.0,,0.0,,0.089599036204127,,,
9415172,K00938.03,CONFIRMED,297.8,2.336,5.71462396,192.0,0.0002796682353733,0.883263681592033,-5.230604843720066e-05,2.6882469367089383,0.0001042126661668,0.0,17.0,17.0,1800,pdcsap_flux,64744.0,0.0,29.42443764768541,15.0,0.0170323251389113,3.0,0.3334826393179291,,2.0,0.2585413320153218,4346.0,201.0,201.0,22.0,3.5301792721367064e-05,0.0,,0.0,,0.0,,0.2585413320153218,,,
9426071,K00706.01,FALSE POSITIVE,43701.9,6.0624,28.714216138,45.0,0.0390456088547543,3.619343283582116,-0.00103447523323,688.2449409695838,0.0011475196338512,0.0,17.0,17.0,1800,pdcsap_flux,64795.0,0.0,29.42444334214088,37.0,0.0087970362410733,1.0,0.0523960182112817,,0.0,0.0,2220.0,201.0,201.0,11.0,1.69148331760693e-05,5.2816435730407285e-05,0.2115051252063822,5.2816435730407285e-05,0.2115051252063822,0.0,,0.0,,,
9447166,K03296.01,CONFIRMED,341.7,6.842,62.869463,20.0,0.0003265461939723,2.587024875621893,-1.2358300511383646e-05,2.7964845560261664,2.95352690646844e-05,0.0,17.0,17.0,1800,pdcsap_flux,64714.0,0.0,29.42440579645336,41.0,0.0045345278888946,1.0,0.0265784837902154,,0.0,0.0,1092.0,201.0,201.0,5.0,3.1798212863821584e-05,9.564433648612258e-05,0.0832548834978187,0.0001073174913941,0.4686897540538543,0.0,,0.0,,,
9451096,K07173.01,FALSE POSITIVE,231167.0,3.7184,1.250390814,1074.0,0.1990629285773633,2.071944278606968,-0.0075305637831535,23.2923670628906,0.0004430864909019,0.0740838825914476,19.0,18.0,60|1800,pdcsap_flux,65261.0,0.0,29.42441954277456,23.0,0.1239079267046929,1.0,0.7434302263219994,,0.0,0.0,32350.0,201.0,201.0,161.0,0.0105018965404897,0.0740838825914476,0.4993982754677838,0.0740838825914476,0.4993982754677838,0.0740838825914476,0.4993982754677838,0.0,,,
9451521,K05674.01,FALSE POSITIVE,478.7,2.819,231.521608,,0.0003348156634436,0.0560995024875618,-5.750740153664946e-05,1.3526382854620165,0.0001500688279038,0.0,17.0,17.0,1800,pdcsap_flux,64749.0,0.0,29.424409474013373,17.0,0.0005073320557333,1.0,0.0027799657137561,,0.0,0.0,106.0,200.0,74.0,0.0,8.937677276462175e-05,0.0002778444586607,0.0371044882899439,0.0004564824698712,-0.4999550108534454,0.0,,0.0,,,
9451706,K00271.01,CONFIRMED,339.8,7.0805,48.6303805,25.0,0.0003156625901616,6.481651741293508,-1.0264288977879232e-05,11.085782124158918,9.871038501807485e-06,4.962210571712866e-05,44.0,18.0,60|1800,pdcsap_flux,65256.0,0.0,29.424420883879066,43.0,0.0060665952085925,3.0,0.0945813411793551,,2.0,0.0614196395733725,1531.0,201.0,201.0,8.0,7.927929830928859e-06,3.01514371148226e-05,-0.3612264763642961,4.962210571712866e-05,0.4888551772397405,4.962210571712866e-05,0.4888551772397405,0.0614196395733725,,,
9451706,K00271.02,CONFIRMED,327.0,7.0445,29.39337161,48.0,0.0003119784723587,6.448696517412942,6.3746352901850045e-06,17.426808489894235,1.054719689219663e-05,3.1408060150117656e-05,44.0,18.0,60|1800,pdcsap_flux,65256.0,0.0,29.424420883879066,43.0,0.0099859532015535,3.0,0.1056301336275591,,2.0,0.0471374279759715,2781.0,201.0,201.0,13.0,6.780184566848257e-06,3.1408060150117656e-05,0.4549328600773241,3.1408060150117656e-05,0.4549328600773241,3.1408060150117656e-05,0.4549328600773241,0.0471374279759715,,,
9451706,K00271.03,CONFIRMED,107.3,3.414,14.4359459,90.0,0.0001044806293564,1.358805970149248,-1.55744308644179e-05,3.933384117812094,8.705058618385665e-08,1.950908410108809e-05,44.0,18.0,60|1800,pdcsap_flux,65256.0,0.0,29.424420883879066,21.0,0.0098538745562907,3.0,0.1057833762412651,,2.0,0.0492062032610028,2619.0,201.0,201.0,7.0,5.4056364184804194e-06,1.950908410108809e-05,0.1060133323844099,3.996194132316333e-05,-0.0553438634748508,1.950908410108809e-05,0.1060133323844099,0.0492062032610028,,,
9455526,K05676.01,FALSE POSITIVE,326.1,3.435,60.0546149,,0.0002145306751298,0.2050746268656711,-6.624692850265568e-05,1.5577124751653275,0.0001127928186888,0.0002138017120462,18.0,18.0,1800,pdcsap_flux,65246.0,0.0,29.42442926578224,21.0,0.0023832473197659,1.0,0.0142690739662201,,0.0,0.0,634.0,198.0,123.0,2.0,4.045103005002635e-05,0.0002138017120462,-0.4984953703727907,0.0002138017120462,-0.4984953703727907,0.0002138017120462,-0.4984953703727907,0.0,,,
9467404,K02717.01,CONFIRMED,108.7,1.743,0.929906166,1440.0,0.0001024882377358,1.5262089552238765,-7.230400152047345e-06,11.75289230132817,3.090381540116205e-06,0.0,18.0,18.0,1800,pdcsap_flux,65176.0,0.0,29.42444804124534,11.0,0.0780992778146607,1.0,0.4688228795875782,,0.0,0.0,20357.0,201.0,201.0,101.0,2.767378031828816e-06,0.0,,0.0,,0.0,,0.0,,,
9468717,K01954.01,FALSE POSITIVE,125.0,2.883,7.37339245,183.0,0.00010622115082,1.721194029850749,8.495337240344014e-07,6.485752958332264,6.24203741139695e-07,2.8313420983860915e-05,18.0,18.0,1800,pdcsap_flux,65220.0,0.0,29.42444770596921,17.0,0.016291686739121,1.0,0.0974701011959521,,0.0,0.0,4283.0,201.0,201.0,23.0,4.0896364319071175e-06,2.8313420983860915e-05,-0.4990282693569519,2.8313420983860915e-05,-0.4990282693569519,2.8313420983860915e-05,-0.4990282693569519,0.0,,,
9472074,K02735.01,CONFIRMED,280.9,0.7918,0.558841234,2391.0,0.0002094903940776,0.409687562189057,-5.892546531938159e-06,3.702001351237703,5.764928035389971e-06,0.0,17.0,17.0,1800,pdcsap_flux,64784.0,0.0,29.424436474218965,5.0,0.059035848930694,1.0,0.3540997777228945,,0.0,0.0,15306.0,201.0,201.0,76.0,1.6985872798934154e-05,6.287144536076816e-05,0.3043844148828544,6.287144536076816e-05,0.3043844148828544,0.0,,0.0,,,
9480310,K01470.01,CONFIRMED,1785.9,4.2572,15.43400996,58.0,0.0017284368451521,3.5582567164179317,-0.0002031146257807,8.765228169669852,8.38725386991257e-05,0.0,11.0,11.0,1800,pdcsap_flux,41854.0,0.0,29.42488976754248,27.0,0.0114930166426647,1.0,0.0717494146318153,,0.0,0.0,2004.0,201.0,201.0,10.0,4.264024336060617e-05,0.0,,0.0,,0.0,,0.0,,,
9509207,K07181.01,FALSE POSITIVE,214604.0,5.98531,14.199840087,98.0,0.185893671676656,3.335098109452724,-0.0056292640692533,2250.3749278551586,0.0018221656487389,0.1198317604431603,23.0,18.0,60|1800,pdcsap_flux,65263.0,0.0,29.42441660386976,37.0,0.0175627271250034,1.0,0.1076567120726905,,0.0,0.0,4647.0,201.0,201.0,23.0,3.208160959037688e-05,0.1198317604431603,-0.2650898281234519,0.1198317604431603,-0.2650898281234519,0.1198317604431603,-0.2650898281234519,0.0,,,
9518318,K01978.01,CONFIRMED,695.1,1.6919,6.51112385,209.0,0.0006339374428999,1.2457771144278609,-9.07930127969081e-06,4.978943739155191,1.0844628335116012e-05,0.0,17.0,17.0,1800,pdcsap_flux,64785.0,0.0,29.424417866393924,11.0,0.0108269839366261,2.0,0.0769159527668441,,1.0,0.0124102801574438,2827.0,201.0,201.0,14.0,3.1311249728732314e-05,9.635178690858837e-05,0.4433059522438455,9.635178690858837e-05,0.4433059522438455,0.0,,0.0124102801574438,,,
9518318,K01978.02,CONFIRMED,833.7,2.4453,23.85163321,54.0,0.0007970654323379,0.9732537313432834,0.0001153251206443,3.910491672300734,0.0001632871072477,0.0,17.0,17.0,1800,pdcsap_flux,64785.0,0.0,29.424417866393924,15.0,0.0042717200580328,2.0,0.0568032723624295,,1.0,0.0328162383267731,1071.0,201.0,201.0,5.0,5.710020658371824e-05,0.0001913876277627,-0.4998758559623067,0.0001966576892341,-0.0669466936661807,0.0,,0.0328162383267731,,,
9520443,K02893.01,FALSE POSITIVE,321.1,0.9394,0.99014722,1349.0,0.0003144061257223,0.2617233830845757,-2.537534185997892e-05,4.641880120912883,0.0001115411197326,0.0001562606811171,17.0,17.0,1800,pdcsap_flux,64729.0,0.0,29.424420291907158,5.0,0.0395311584742586,1.0,0.2371579971882773,,0.0,0.0,10215.0,201.0,201.0,51.0,2.098188479054659e-05,0.0001562606811171,-0.4959760678844188,0.0001562606811171,-0.4959760678844188,0.0001562606811171,-0.4959760678844188,0.0,,,
9529294,K07184.01,FALSE POSITIVE,59.6,2.521,2.51690133,268.0,6.128178693531883e-05,0.4515223880597024,1.2019204116420212e-05,1.58821037528282,2.804955769841744e-05,0.0,17.0,17.0,1800,pdcsap_flux,64757.0,0.0,29.424434116808698,15.0,0.0417345191146872,1.0,0.2507991414055623,,0.0,0.0,10861.0,201.0,201.0,54.0,9.148474982571518e-06,0.0,,0.0,,0.0,,0.0,,,
9532421,K03710.01,FALSE POSITIVE,23647.0,2.21,4.309067482,137.0,0.0213246364361524,1.3194029850746247,0.0003532438236807,61.20700361251159,0.0007444843997305,0.0040311073672834,7.0,7.0,1800,pdcsap_flux,28671.0,0.0,29.42421921005007,13.0,0.0213696661094279,1.0,0.1289107460500157,,0.0,0.0,2430.0,201.0,201.0,12.0,0.000112387847051,0.0040311073672834,-0.4999956923469906,0.0040311073672834,-0.4999956923469906,0.0040311073672834,-0.4999956923469906,0.0,,,
9536692,K01948.01,FALSE POSITIVE,1492.8,5.949,26.635216,50.0,0.0012031383901555,3.5516417910447906,8.21185802311053e-05,6.445699748121071,0.0002001673751546,0.0,16.0,16.0,1800,pdcsap_flux,63165.0,0.0,29.42439137434121,37.0,0.009306288336464,1.0,0.0565661363096651,,0.0,0.0,2364.0,201.0,201.0,12.0,4.075130454645893e-05,0.000125545707987,0.2247492010018143,0.0002190014829285,0.4015686793946328,0.0,,0.0,,,
9573539,K00180.01,CONFIRMED,671.4,3.2027,10.04556377,128.0,0.0006496132885417,2.804354228855705,-1.0322654693473154e-05,15.803584305677743,2.0869280988877748e-06,0.0,31.0,18.0,60|1800,pdcsap_flux,65261.0,0.0,29.424418872222304,19.0,0.0132840561653548,1.0,0.0803236236036836,,0.0,0.0,3379.0,201.0,201.0,17.0,1.360215654793343e-05,0.0,,0.0,,0.0,,0.0,,,
9579499,K01461.01,FALSE POSITIVE,6084.4,2.8419,7.94671044,164.0,0.0054004786679318,1.6966567164179118,-0.0002735470354834,35.97777805108116,0.0001930055363952,0.0033231720796486,17.0,17.0,1800,pdcsap_flux,64788.0,0.0,29.424417866393924,17.0,0.0149008197661219,1.0,0.0888436130147558,,0.0,0.0,3872.0,201.0,201.0,19.0,4.566873201868801e-05,0.0033231720796486,-0.4459586458454568,0.0033231720796486,-0.4459586458454568,0.0033231720796486,-0.4459586458454568,0.0,,,
9581498,K07194.01,FALSE POSITIVE,,1.17,10.54884842,125.0,5.247669261632115e-05,0.0931343283582091,2.541098061970004e-05,0.5483441950316437,2.598160069822164e-05,0.0,17.0,17.0,1800,pdcsap_flux,64738.0,0.0,29.424421208677813,7.0,0.0046213575225493,1.0,0.0279588495165127,,0.0,0.0,1179.0,201.0,201.0,6.0,2.112574976279365e-05,6.404697191475517e-05,-0.4982519349596333,6.404697191475517e-05,-0.4982519349596333,0.0,,0.0,,,
9582496,K04858.01,FALSE POSITIVE,651.0,4.986,224.447413,,0.0003583824450477,0.2976716417910428,-0.0001185279859202,0.6754925879100971,0.000209484961155,0.0007725356406973,17.0,17.0,1800,pdcsap_flux,64727.0,0.0,29.424420716241,31.0,0.0009256065695887,1.0,0.0050674370818978,,0.0,0.0,197.0,199.0,125.0,1.0,0.0001225123615933,0.0007725356406973,-0.0546459865583049,0.0007765242209553,-0.0456213225048131,0.0007725356406973,-0.0546459865583049,0.0,,,
9592575,K03565.01,FALSE POSITIVE,169658.0,5.9626,2.63757408,435.0,0.1506540903705215,3.322443781094513,-0.0043731219446685,404.7355436027721,0.0032385423698441,0.0,14.0,14.0,1800,pdcsap_flux,54969.0,0.0,29.42449639958795,37.0,0.0941932469501166,1.0,0.5646273354072295,,0.0,0.0,20813.0,201.0,201.0,103.0,0.0005008495423731,0.0,,0.0,,0.0,,0.0,,,
9592705,K00288.01,CONFIRMED,209.7,6.3093,10.27532513,126.0,0.0001981480164593,5.901235820895551,1.6205279619319055e-06,17.055994958526327,8.490668962690684e-06,0.0,48.0,18.0,60|1800,pdcsap_flux,65231.0,0.0,29.42444854415953,39.0,0.0255843485898533,1.0,0.1499900354126105,,0.0,0.0,6290.0,201.0,201.0,31.0,3.719884382005012e-06,1.3544149730093658e-05,0.3283044281388176,1.3544149730093658e-05,0.3283044281388176,0.0,,0.0,,,
9595956,K07604.01,FALSE POSITIVE,,5.33,316.950146,3.0,0.0012031482944756,0.2121393034825871,0.0001661362021206,0.9431332874335956,0.0009788970976579,0.0060511697543625,6.0,6.0,1800,pdcsap_flux,22135.0,0.0,29.42463092913385,33.0,0.0007006885345726,1.0,0.0056471651231082,,0.0,0.0,126.0,201.0,126.0,1.0,0.0006307050963482,0.0034578474308236,0.1397827846603655,0.0060511697543625,0.1708758383820378,0.0060511697543625,0.1708758383820378,0.0,,,
9597854,K07201.01,FALSE POSITIVE,106.1,1.94,1.287097944,1015.0,9.640408963962344e-05,0.2702487562189064,-1.2085145617679592e-05,1.6438125954632412,6.141992702357602e-05,0.0,16.0,16.0,1800,pdcsap_flux,63124.0,0.0,29.424391547217965,11.0,0.0628027833547167,1.0,0.3769247829668589,,0.0,0.0,15904.0,201.0,201.0,80.0,1.296015831149675e-05,0.0,,0.0,,0.0,,0.0,,,
9602514,K01490.01,FALSE POSITIVE,293.6,8.545,3.55650737,305.0,0.0003100193870826,5.101492537313419,-4.083061047699399e-05,10.82849910584957,3.384773066783531e-05,0.0,14.0,14.0,1800,pdcsap_flux,51728.0,0.0,29.42478767596185,53.0,0.1001099195435286,1.0,0.5997718836993504,,0.0,0.0,20574.0,201.0,201.0,102.0,1.4712035417179749e-05,0.0,,0.0,,0.0,,0.0,,,
9602775,K04684.01,FALSE POSITIVE,131.4,6.998,3.5564279,305.0,0.0001308564575585,0.9748457711442752,9.473236370016735e-06,1.756150604811879,1.8442398708962134e-05,0.0,14.0,14.0,1800,pdcsap_flux,51681.0,0.0,29.42478951474186,43.0,0.0819876970747342,1.0,0.4913411118205917,,0.0,0.0,16823.0,201.0,201.0,83.0,1.7241954078657515e-05,0.0,,0.0,,0.0,,0.0,,,
9640976,K00712.01,FALSE POSITIVE,162.5,1.931,2.178150857,616.0,0.0001726278966875,0.9606965174129368,-1.2165564460819844e-05,5.7086176861038815,2.7144551870694755e-06,3.619307202851196e-05,18.0,17.0,60|1800,pdcsap_flux,64774.0,0.0,29.424417866393924,11.0,0.036938825001382,1.0,0.221184425849878,,0.0,0.0,9561.0,201.0,201.0,37.0,6.793138994628811e-06,3.619307202851196e-05,0.4993502244827614,3.619307202851196e-05,0.4993502244827614,3.619307202851196e-05,0.4993502244827614,0.0,,,
9641031,K07211.01,FALSE POSITIVE,304072.0,3.8834,1.089077111,0.0,,,,,,,,,,,,,,,,,,,,,,,,,,,,,,,,,,koi_num_transits is 0,precheck
9645188,K05701.01,FALSE POSITIVE,,1.79,48.55059299,,0.000130288617344,0.1781094527363187,9.915355924194902e-05,0.4806825817601721,0.0001037238381889,0.0002440584012485,17.0,17.0,1800,pdcsap_flux,64791.0,0.0,29.42442457191646,11.0,0.0015361981953278,1.0,0.0092605454461267,,0.0,0.0,412.0,201.0,155.0,2.0,7.324052927604156e-05,0.0002440584012485,0.2450572670906279,0.0002669968436735,-0.4130116348329127,0.0002440584012485,0.2450572670906279,0.0,,,
9651155,K07955.01,FALSE POSITIVE,31355.0,4.846,1.07383154,87.0,0.0336016992325285,2.603820895522384,-0.0004135921620272,5.598869128005944,0.0006956370610289,0.0,2.0,2.0,1800,pdcsap_flux,4819.0,0.0,29.42476604541298,29.0,0.1880338387776044,1.0,0.5617347997509857,primary_only,0.0,0.0,3612.0,201.0,201.0,18.0,0.0081760388091223,0.0,,0.0,,0.0,,0.0,,,
9652655,K04578.01,FALSE POSITIVE,80.2,3.487,2.48882685,546.0,6.415559449834962e-05,1.0408955223880634,1.2524769888999645e-06,1.520983624791817,4.64226526971645e-05,0.0,17.0,17.0,1800,pdcsap_flux,64797.0,0.0,29.42443328385707,21.0,0.0583775712105752,1.0,0.3510965013812367,,0.0,0.0,15258.0,201.0,201.0,77.0,1.208831666699468e-05,0.0,,0.0,,0.0,,0.0,,,
9655005,K04047.01,FALSE POSITIVE,45.5,9.625,1.39862757,975.0,6.401538848876953e-05,8.044776119403027,1.877546310424805e-06,4.115926566351496,2.6226043701171875e-06,,19.0,18.0,60|1800,pdcsap_flux,65160.0,0.0,29.424451561644677,,0.2867394260408199,1.0,1.0,none,0.0,0.0,65160.0,176.0,176.0,372.0,,,,,,,,0.0,blanking covers 1.15 of the orbit,,
9656252,K02044.01,CONFIRMED,1125.3,4.1864,16.92342126,70.0,0.0010944157417301,3.415769154228841,-0.0001127215758708,6.925876947263877,1.585482126464921e-05,0.0,15.0,15.0,1800,pdcsap_flux,59079.0,0.0,29.424366233870387,25.0,0.0103072145196563,1.0,0.0600890333282553,,0.0,0.0,2374.0,201.0,201.0,12.0,4.5473698300018215e-05,0.0001507826399946,-0.4935502733146095,0.0001507826399946,-0.4935502733146095,0.0,,0.0,,,
9657636,K07219.01,FALSE POSITIVE,75.2,11.06,542.52829,3.0,7.644970914610916e-05,1.5406965174129468,1.701766135386862e-05,1.8005819261327307,1.5585128630979384e-05,7.190328270922919e-05,18.0,18.0,1800,pdcsap_flux,65230.0,0.0,29.424449717625976,67.0,0.0008494180705919,1.0,0.0051356737697378,,0.0,0.0,270.0,201.0,181.0,1.0,1.426082129986088e-05,6.947189771921991e-05,-0.1708309421704005,0.0001522312274141,-0.3529249410535382,7.190328270922919e-05,-0.1334565470643517,0.0,,,
9662475,K05703.01,FALSE POSITIVE,513.4,3.271,247.372131,,0.0003831020836884,0.1301890547263688,0.0001105345651341,2.042357281138502,1.7004528071518088e-05,0.0002391842026477,14.0,14.0,1800,pdcsap_flux,51708.0,0.0,29.42478699493222,21.0,0.0005509580489754,1.0,0.0034230679972151,,0.0,0.0,131.0,201.0,118.0,1.0,6.551541846266529e-05,0.0002243689134416,0.4999392578833905,0.0003353744508024,-0.1077711838393092,0.0002391842026477,0.2980782889873326,0.0,,,
9673173,K07222.01,FALSE POSITIVE,123177.0,7.60143,21.294733865,65.0,0.1094128581099486,4.23562268656714,-0.0021136366766661,692.0049873683162,0.0002009787240691,0.0534021088864464,17.0,17.0,1800,pdcsap_flux,64797.0,0.0,29.424444353207942,47.0,0.0148734542543671,1.0,0.0897263762211213,,0.0,0.0,3918.0,201.0,201.0,20.0,6.260813639167384e-05,0.0534021088864464,-0.159769007293047,0.0534021088864464,-0.159769007293047,0.0534021088864464,-0.159769007293047,0.0,,,
9710626,K07959.01,FALSE POSITIVE,1780.0,19.4,371.21454,3.0,0.0014286960475459,6.949253731343303,3.014484700114561e-05,2.416734328716104,0.0002571378780518,0.0006980482405505,17.0,17.0,1800,pdcsap_flux,64756.0,0.0,29.424431434599683,119.0,0.0021775368317559,1.0,0.012740132188523,,0.0,0.0,469.0,200.0,199.0,3.0,0.0001049560585066,0.0003446197088459,0.497313453674547,0.0010505335706314,0.3582232885461269,0.0006980482405505,0.0111783559850002,0.0,,,
9714358,K06073.01,FALSE POSITIVE,203491.0,3.35989,6.474202359,203.0,0.1802927205474599,1.9390409950248884,0.0001695704204156,1275.4604302598316,0.0003599821913486,0.0095471650810268,17.0,17.0,1800,pdcsap_flux,64797.0,0.0,29.42443370295223,21.0,0.0216235775318413,1.0,0.1289874531228297,,0.0,0.0,5510.0,201.0,201.0,27.0,2.9764800845467485e-05,0.0095471650810268,-0.491871804418767,0.0095471650810268,-0.491871804418767,0.0095471650810268,-0.491871804418767,0.0,,,
9716391,K03025.01,CONFIRMED,518.0,3.594,13.1829329,84.0,0.0004622538058088,0.500656716417911,-3.177985724556187e-05,2.0461206559943084,0.0001191822648477,0.0,14.0,14.0,1800,pdcsap_flux,54578.0,0.0,29.424223573878407,21.0,0.0113593842232178,1.0,0.0668217963281908,,0.0,0.0,2471.0,201.0,201.0,12.0,5.2409404867924e-05,0.0001607198609279,-0.1464289742558676,0.0001607198609279,-0.1464289742558676,0.0,,0.0,,,
9718379,K02379.01,FALSE POSITIVE,582.3,3.616,40.0088894,35.0,0.0005314444593156,0.1439203980099499,0.0001251748391294,5.23093613959371,0.0001629501642765,0.0002161233991155,17.0,17.0,1800,pdcsap_flux,64706.0,0.0,29.42443746956997,23.0,0.0037658297674882,1.0,0.0217599604364355,,0.0,0.0,1019.0,199.0,98.0,0.0,3.7024656012084366e-05,0.0002161233991155,-0.1129991041231939,0.0002161233991155,-0.1129991041231939,0.0002161233991155,-0.1129991041231939,0.0,,,
9724984,K00325.01,FALSE POSITIVE,467.3,3.4303,7.86335883,138.0,0.0004220107777581,2.0479402985074646,2.7102564388981065e-05,12.74555981900861,7.750617011748062e-06,0.0,14.0,14.0,1800,pdcsap_flux,51716.0,0.0,29.42478682729416,21.0,0.018176604903412,1.0,0.1087864490679866,,0.0,0.0,3806.0,201.0,201.0,19.0,7.291881822405699e-06,0.0,,0.0,,0.0,,0.0,,,
9761199,K01459.01,FALSE POSITIVE,4518.1,1.1315,0.692015479,964.0,0.0038864505637085,0.7430746268656718,-0.0005207732824179,44.55556726844949,0.0008223263601871,0.0,26.0,17.0,60|1800,pdcsap_flux,64729.0,0.0,29.424417363479733,7.0,0.0681282930281583,1.0,0.4090747578365184,,0.0,0.0,17632.0,201.0,201.0,87.0,3.017762993707356e-05,0.0,,0.0,,0.0,,0.0,,,
9763348,K01852.01,CONFIRMED,313.6,4.957,15.77382794,86.0,0.0002763913217451,4.241810945273601,-3.241848994572916e-05,4.535028250689728,5.294997663962686e-05,0.0,18.0,18.0,1800,pdcsap_flux,65259.0,0.0,29.424429087666795,31.0,0.0130939469767454,1.0,0.0796365252302364,,0.0,0.0,3470.0,201.0,201.0,14.0,2.1780163876121103e-05,0.0,,0.0,,0.0,,0.0,,,
9763754,K00589.01,FALSE POSITIVE,138.3,54.52,17.47702,,-5.204832554972505e-05,32.54925373134313,-1.6443195681503653e-05,-2.1441521810264166,1.4050456786929288e-06,0.0,17.0,17.0,1800,pdcsap_flux,64672.0,0.0,29.4244175311178,333.0,0.1299802063891136,1.0,0.3870299356754082,primary_only,0.0,0.0,33401.0,201.0,201.0,166.0,1.9017606577386868e-05,0.0,,0.0,,0.0,,0.0,,,
9777090,K03672.01,FALSE POSITIVE,226850.0,3.6845,5.50817321,16.0,0.1920049257204171,2.053054726368152,-0.0045144134526832,126.14985150521125,0.001168848961185,0.0313522097235003,1.0,1.0,1800,pdcsap_flux,4272.0,0.0,29.424547785893083,23.0,0.0278714607330464,1.0,0.1624531835205992,,0.0,0.0,477.0,201.0,201.0,2.0,0.0004776816502072,0.0313522097235003,0.4986550476307547,0.0313522097235003,0.4986550476307547,0.0313522097235003,0.4986550476307547,0.0,,,
9777251,K02600.01,FALSE POSITIVE,123.3,3.565,1.33255087,853.0,0.0001147248511642,1.0641791044776117,9.27776223225152e-06,2.657710003764984,3.650098388341405e-05,0.0,14.0,14.0,1800,pdcsap_flux,54959.0,0.0,29.424494220293127,21.0,0.1114716668690229,1.0,0.6682072090103531,,0.0,0.0,24467.0,201.0,201.0,122.0,8.49885894352026e-06,0.0,,0.0,,0.0,,0.0,,,
9777256,K02997.01,FALSE POSITIVE,140.5,4.216,1.33251589,579.0,0.0001337455977958,2.181412935323392,-4.824305438133614e-06,4.120540878815127,1.337237632159649e-05,0.0,10.0,10.0,1800,pdcsap_flux,37241.0,0.0,29.42435399629176,25.0,0.1318308231706465,1.0,0.3955586584678177,primary_only,0.0,0.0,19657.0,201.0,201.0,98.0,1.2536934106540045e-05,0.0,,0.0,,0.0,,0.0,,,
9787239,K00952.01,CONFIRMED,1525.2,2.1979,5.90127815,176.0,0.0014422427965911,1.8370507462686556,0.0001196396762821,7.900837916959089,0.000111050772065,0.0,37.0,14.0,60|1800,pdcsap_flux,51700.0,0.0,29.42478951998055,13.0,0.0155185307892437,5.0,0.2935783365570599,,4.0,0.222321083172147,3152.0,201.0,201.0,16.0,4.7573926256571416e-05,0.0,,0.0,,0.0,,0.222321083172147,,,
9787239,K00952.02,CONFIRMED,1367.6,2.3742,8.75209691,121.0,0.0012189391388728,1.7481671641791117,1.9094528107110875e-05,4.888219955031606,8.05637588330299e-06,0.0,37.0,14.0,60|1800,pdcsap_flux,51700.0,0.0,29.42478951998055,15.0,0.0113030055559565,5.0,0.2822823984526112,,4.0,0.228394584139265,2444.0,201.0,201.0,12.0,6.194397012741319e-05,0.0,,0.0,,0.0,,0.228394584139265,,,
9787239,K00952.03,CONFIRMED,1925.1,3.3002,22.78078241,47.0,0.0018115874531029,2.627024875621906,-7.65409031985298e-05,5.353997706307472,2.235445886489273e-05,0.0,37.0,14.0,60|1800,pdcsap_flux,51700.0,0.0,29.42478951998055,21.0,0.0060361549861857,5.0,0.2707736943907157,,4.0,0.2429206963249516,1330.0,201.0,201.0,7.0,8.759747782657875e-05,0.0003187759794711,0.2869878814498275,0.0003187759794711,0.2869878814498275,0.0,,0.2429206963249516,,,
9787239,K00952.04,CONFIRMED,614.1,1.6776,2.896005211,345.0,0.0004027816017755,0.4006208955223872,-3.386337728428224e-05,2.877659116715488,6.559111171977605e-07,0.0,37.0,14.0,60|1800,pdcsap_flux,51700.0,0.0,29.42478951998055,11.0,0.0241366969004393,5.0,0.3142746615087041,,4.0,0.1979497098646034,5010.0,201.0,201.0,25.0,3.715103601676891e-05,0.0001253218247815,0.0522054494198978,0.0001253218247815,0.0522054494198978,0.0,,0.1979497098646034,,,
9787239,K00952.05,CONFIRMED,843.3,0.6688,0.742957911,1202.0,0.0002184875350016,0.0798567164179106,-2.435593268712566e-05,1.4292822259987756,2.175578245722232e-05,0.0,37.0,14.0,60|1800,pdcsap_flux,51700.0,0.0,29.42478951998055,5.0,0.0375077326105309,5.0,0.3519342359767892,,4.0,0.163926499032882,7725.0,201.0,201.0,38.0,3.082421330689124e-05,0.0,,0.0,,0.0,,0.163926499032882,,,
9818462,K01521.01,CONFIRMED,569.7,4.045,25.9421582,50.0,0.0005728524436131,2.092935323383078,-5.415726649371511e-05,5.124969608336795,5.210890058449103e-06,0.0,17.0,17.0,1800,pdcsap_flux,64781.0,0.0,29.42440964165144,25.0,0.0064968251819028,1.0,0.0378042944690572,,0.0,0.0,1595.0,201.0,201.0,8.0,3.194166520100883e-05,9.81967443888232e-05,0.0952783297075628,0.000100557819629,0.2885588788691751,0.0,,0.0,,,
9824805,K01526.01,CONFIRMED,163.0,3.686,4.4444826,302.0,0.0001477346832173,0.8068855721392989,-1.878528964027737e-05,2.5429149233106925,4.607873658046824e-05,0.0,17.0,17.0,1800,pdcsap_flux,64725.0,0.0,29.42441996186972,23.0,0.0345559533371406,1.0,0.2072151409810737,,0.0,0.0,8957.0,201.0,201.0,44.0,1.5307165375079822e-05,0.0,,0.0,,0.0,,0.0,,,
9832208,K02553.01,CONFIRMED,885.4,6.758,88.0712769,15.0,0.000789091884357,1.7483383084577089,-0.0001273034196339,2.7960630549399266,0.0002849560074296,0.0004227832603419,17.0,17.0,1800,pdcsap_flux,64774.0,0.0,29.42443110980093,41.0,0.0031972209697045,1.0,0.0198845215672955,,0.0,0.0,833.0,201.0,201.0,5.0,9.270401960752249e-05,0.0003173987787685,0.4635800302587701,0.0004227832603419,0.4983498083043059,0.0004227832603419,0.4983498083043059,0.0,,,
9834719,K00715.01,FALSE POSITIVE,7662.0,1.7517,1.621668852,823.0,0.0067443915495764,1.080650746268658,-0.0002590040066786,170.50562906144185,0.0005229116067749,0.0,23.0,17.0,60|1800,pdcsap_flux,64797.0,0.0,29.424433446256444,11.0,0.0450076474675977,1.0,0.2705372162291464,,0.0,0.0,11643.0,201.0,201.0,58.0,9.588478162168987e-06,0.0,,0.0,,0.0,,0.0,,,
9836149,K01958.01,CONFIRMED,776.8,3.6765,17.8159689,75.0,0.0007635379033026,2.633910447761181,-8.782705149590342e-06,6.261901076579927,5.273849241982376e-05,0.0,17.0,17.0,1800,pdcsap_flux,64792.0,0.0,29.42443479783833,23.0,0.0085983255168345,1.0,0.0516113100382763,,0.0,0.0,2230.0,201.0,201.0,11.0,3.1169375852385774e-05,9.48811919880832e-05,-0.4150616847891238,9.48811919880832e-05,-0.4150616847891238,0.0,,0.0,,,
9837661,K02715.01,CONFIRMED,6057.0,2.6118,11.12827427,58.0,0.005898158358134,2.027068656716418,-5.544690005354624e-05,9.086094044106012,3.621640161055595e-05,0.0,10.0,8.0,60|1800,pdcsap_flux,29950.0,0.0,29.42454476840794,15.0,0.0097791443093179,3.0,0.196661101836394,,2.0,0.1482136894824708,1225.0,201.0,201.0,6.0,0.0001611452365324,0.000510873405966,0.0806481126295902,0.0008135611185091,-0.4988486820697365,0.0,,0.1482136894824708,,,
9837661,K02715.02,CONFIRMED,1839.1,1.7073,2.226496196,274.0,0.0017605265807008,1.2231402985074695,5.846015292032547e-05,5.534106549283826,3.6424309705074265e-05,0.0,10.0,8.0,60|1800,pdcsap_flux,29950.0,0.0,29.42454476840794,11.0,0.0319504251243733,3.0,0.2603005008347245,,2.0,0.0881469115191986,3774.0,201.0,201.0,19.0,0.0001030521378689,0.0003789257166119,-0.4975216405618693,0.0003789257166119,-0.4975216405618693,0.0,,0.0881469115191986,,,
9837661,K02715.03,CONFIRMED,1316.0,2.744,5.72084599,94.0,0.001258842258064,0.7098905472636854,0.0003544050573545,2.8404792649232853,4.1071289945904255e-05,0.0,10.0,8.0,60|1800,pdcsap_flux,29950.0,0.0,29.42454476840794,17.0,0.0199853891423029,3.0,0.2292487479131886,,2.0,0.125575959933222,2376.0,201.0,201.0,11.0,0.0001015818551596,0.0,,0.0,,0.0,,0.125575959933222,,,
9838537,K07966.01,FALSE POSITIVE,27.1,5.158,1.33257715,1010.0,2.8252899617497995e-05,1.1291144278607037,-1.6363100692196042e-06,2.906218761117308,3.0164505937513297e-07,0.0,18.0,18.0,1800,pdcsap_flux,65257.0,0.0,29.42444753833115,31.0,0.1612789673503456,1.0,0.4833044730833474,primary_only,0.0,0.0,42066.0,201.0,201.0,209.0,3.224426135200331e-06,0.0,,0.0,,0.0,,0.0,,,
9839062,K07968.01,FALSE POSITIVE,5132.1,9.666,424.623345,3.0,0.0049069160216996,2.8853731343283515,-0.0004983789478811,13.140040760542618,0.0005700027143816,0.0075577348468233,14.0,14.0,1800,pdcsap_flux,54161.0,0.0,29.424491202807985,59.0,0.0009484876532165,1.0,0.0064991414486438,,0.0,0.0,236.0,201.0,185.0,1.0,0.0001217369960129,0.0004959356949925,0.3139261387973675,0.0075577348468233,0.2884355331171742,0.0075577348468233,0.2884355331171742,0.0,,,
9842890,K01479.01,FALSE POSITIVE,638.2,9.142,4.9883872,174.0,0.0005873890174473,6.731422885572147,-1.0995764154975164e-05,8.19925136439291,4.969353459172154e-05,6.803557997492327e-05,11.0,11.0,1800,pdcsap_flux,41869.0,0.0,29.42487652413547,55.0,0.0763606856072974,1.0,0.4554682461964699,,0.0,0.0,12642.0,201.0,201.0,63.0,1.983306078039808e-05,6.803557997492327e-05,-0.4940880862228667,6.986802753949917e-05,0.4640760274209176,6.803557997492327e-05,-0.4940880862228667,0.0,,,
9845898,K02423.01,CONFIRMED,373.1,6.656,45.126216,22.0,0.0003269078126278,4.106189054726368,2.2269379750916585e-05,2.520610987598597,4.590328752318573e-05,0.0,14.0,14.0,1800,pdcsap_flux,51689.0,0.0,29.424785496667027,41.0,0.0061457254322705,1.0,0.0361585637176188,,0.0,0.0,1218.0,201.0,201.0,6.0,2.8814934558442616e-05,0.0,,0.0,,0.0,,0.0,,,
9845931,K05721.01,FALSE POSITIVE,544.2,4.103,61.224558,17.0,0.0005519820112878,0.3266069651741281,-9.463711170298872e-05,1.3846285016352249,0.0002627171792323,0.0,13.0,13.0,1800,pdcsap_flux,50053.0,0.0,29.42474316281732,25.0,0.002792316333804,1.0,0.0162427826503905,,0.0,0.0,573.0,201.0,200.0,3.0,9.024002678106702e-05,0.0,,0.0,,0.0,,0.0,,,
9848760,K05723.01,FALSE POSITIVE,4084.0,0.767,444.46522,,0.0002142818589085,0.0,0.0008952179754675,0.5083392364930667,0.0006444253553826,0.0,14.0,14.0,1800,pdcsap_flux,51725.0,0.0,29.42479068296961,5.0,7.19028888994584e-05,1.0,0.000444659255679,,0.0,0.0,19.0,193.0,19.0,0.0,0.0003336980407278,0.0018271165346452,0.0007291982717813,0.0057335154544346,-0.1799807372547413,0.0,,0.0,,,
9850387,K07238.01,FALSE POSITIVE,136655.0,5.3181,1.374249107,787.0,0.1215866157386068,2.9633194029850487,-0.0056618603875229,66.9511191633646,0.068714265560079,0.0,15.0,15.0,1800,pdcsap_flux,52204.0,0.0,29.424802595749497,33.0,0.1612426006837492,1.0,0.4855375067044671,primary_only,0.0,0.0,33752.0,201.0,201.0,168.0,0.0001583036817506,0.0,,0.0,,0.0,,0.0,,,
9850893,K01523.01,FALSE POSITIVE,259.7,6.249,8.48039789,128.0,0.0001697048099357,0.4974328358208955,5.92573971947008e-06,2.299682909158858,4.110124068867904e-05,0.0,15.0,14.0,60|1800,pdcsap_flux,51730.0,0.0,29.424792369827628,39.0,0.0307031584339965,1.0,0.1846897351633481,,0.0,0.0,6408.0,201.0,201.0,24.0,2.0063918919956e-05,0.0,,0.0,,0.0,,0.0,,,
9851142,K03513.01,FALSE POSITIVE,83114.6,7.46159,8.480304281,128.0,0.0798557161428533,5.345616716417922,-0.0011920199193539,660.5875977798316,7.646649539261308e-05,0.0036484919962103,18.0,14.0,60|1800,pdcsap_flux,51735.0,0.0,29.424792694626376,45.0,0.036661371223424,1.0,0.2208756161206146,,0.0,0.0,7640.0,201.0,201.0,38.0,1.5183691853029146e-05,0.0036484919962103,-0.3716756786168839,0.0036484919962103,-0.3716756786168839,0.0036484919962103,-0.3716756786168839,0.0,,,
9851226,K01468.01,FALSE POSITIVE,1426.7,7.297,8.48031942,128.0,0.0013286904801389,5.37291542288558,-6.948283320917792e-05,14.230332738847874,8.798686998379157e-05,7.211470173706935e-05,14.0,14.0,1800,pdcsap_flux,51688.0,0.0,29.42479370045476,45.0,0.0358526196489266,1.0,0.2158141154620028,,0.0,0.0,7444.0,201.0,201.0,35.0,2.314559363482238e-05,7.211470173706935e-05,-0.4551555514032906,7.979795205137474e-05,-0.361042424824858,7.211470173706935e-05,-0.4551555514032906,0.0,,,
9875711,K00956.01,CONFIRMED,2039.7,2.7144,8.360870704,159.0,0.0019116064604174,2.268752238805986,6.25706841855811e-05,19.95054562281745,1.655089180585545e-05,0.0,17.0,17.0,1800,pdcsap_flux,64771.0,0.0,29.42440738901496,17.0,0.0135272992495734,1.0,0.0810084760155007,,0.0,0.0,3450.0,201.0,201.0,17.0,2.8199248295193958e-05,0.0,,0.0,,0.0,,0.0,,,
9881258,K07242.01,FALSE POSITIVE,121562.0,5.00309,2.028512246,662.0,0.1069664434784257,2.7877914427860517,-0.0032365604000483,540.8167091357652,0.009719013108474,0.0,18.0,18.0,1800,pdcsap_flux,65260.0,0.0,29.424428259953856,31.0,0.1027659969735935,1.0,0.6165032178976402,,0.0,0.0,26733.0,201.0,201.0,133.0,0.0004205277792733,0.0,,0.0,,0.0,,0.0,,,
9892471,K03584.01,FALSE POSITIVE,71479.3,3.47103,8.268081087,158.0,0.0635594402520621,2.072256716417921,-0.0022286663988436,406.37706032586266,0.0002957598002824,0.0043910327650376,16.0,16.0,1800,pdcsap_flux,63172.0,0.0,29.424389535561204,21.0,0.0174921179991083,1.0,0.1075159880959919,,0.0,0.0,4441.0,201.0,201.0,22.0,3.5077170828819335e-05,0.0043910327650376,0.4986689668147878,0.0043910327650376,0.4986689668147878,0.0043910327650376,0.4986689668147878,0.0,,,
9892856,K03906.01,FALSE POSITIVE,738.0,3.4382,2.406574511,553.0,0.0006139007070584,2.1210786069651637,-3.930225688675293e-05,11.481384210130011,1.1374837474820154e-05,0.0003576348014577,17.0,17.0,1800,pdcsap_flux,64758.0,0.0,29.42443379200995,21.0,0.0595279027009246,1.0,0.3562494209209673,,0.0,0.0,15293.0,201.0,201.0,76.0,1.0424319756957922e-05,0.0003576348014577,0.4997577637731568,0.0003576348014577,0.4997577637731568,0.0003576348014577,0.4997577637731568,0.0,,,
9895006,K01717.01,CONFIRMED,238.4,3.2645,10.56137217,128.0,0.0002161143381346,1.4292338308457773,1.12068271839183e-05,3.269776337741698,1.6867293706201991e-06,0.0,17.0,17.0,1800,pdcsap_flux,64730.0,0.0,29.424434965476397,19.0,0.0128790872193393,1.0,0.077830990267264,,0.0,0.0,3401.0,201.0,201.0,17.0,1.4040313564219977e-05,5.591478751332257e-05,-0.4887168661673026,5.591478751332257e-05,-0.4887168661673026,0.0,,0.0,,,
9908486,K05731.01,FALSE POSITIVE,1102.0,1.835,36.6092739,11.0,0.0013046909051079,0.0730348258706462,-0.0001571875488446,4.56403456008438,0.0008260345509696,0.0,5.0,5.0,1800,pdcsap_flux,18537.0,0.0,29.424518449231982,11.0,0.0020884963067604,1.0,0.0128931326536116,,0.0,0.0,162.0,200.0,108.0,1.0,5.192420979965088e-05,0.0001841091326741,-0.4287229759110383,0.0001963922564182,-0.2266609582319588,0.0,,0.0,,,
9909735,K01779.01,CONFIRMED,1630.6,2.757,4.66271902,233.0,0.0015516718753055,2.414089552238824,1.4753319219740211e-05,35.988686853837024,1.5549727325314677e-05,0.0,17.0,15.0,60|1800,pdcsap_flux,52204.0,0.0,29.42480057361536,17.0,0.024636912391088,2.0,0.1741820550149413,,1.0,0.0301892575281587,5252.0,201.0,201.0,26.0,1.4510377374020831e-05,0.0,,0.0,,0.0,,0.0301892575281587,,,
9909735,K01779.02,CONFIRMED,1003.0,2.834,11.8150174,85.0,0.000931137157305,2.312318407960182,-1.658059772768894e-05,11.539547048611784,3.495050014701295e-05,7.130580147829413e-05,17.0,15.0,60|1800,pdcsap_flux,52204.0,0.0,29.42480057361536,17.0,0.0099943427365018,2.0,0.1316757336602559,,1.0,0.075339054478584,2100.0,201.0,201.0,10.0,1.7572561463444013e-05,6.99584922957408e-05,0.0959534929289061,7.989509122308114e-05,0.1209393497701604,7.130580147829413e-05,0.109695714191596,0.075339054478584,,,
9940565,K01548.01,FALSE POSITIVE,6897.8,2.8056,2.139325409,625.0,0.0066187927891774,1.674985074626872,-0.0001810147367257,150.3414849097525,0.0011686272161078,0.0,17.0,17.0,1800,pdcsap_flux,64788.0,0.0,29.42441467079334,17.0,0.054643393430569,1.0,0.3278539235660925,,0.0,0.0,14200.0,201.0,201.0,70.0,1.847231089041425e-05,0.0,,0.0,,0.0,,0.0,,,
9945280,K07261.01,FALSE POSITIVE,20524.2,2.4602,0.651731691,2057.0,0.0183565654335531,1.4687761194029836,-0.0006202885599935,45.98438703976449,0.0069183477785176,0.0,17.0,17.0,1800,pdcsap_flux,64791.0,0.0,29.42441902938299,15.0,0.1572860960252634,1.0,0.4719173959346205,primary_only,0.0,0.0,40769.0,201.0,201.0,203.0,3.404795092278884e-05,0.0,,0.0,,0.0,,0.0,,,
9954225,K05742.01,FALSE POSITIVE,627633.0,5.0912,1.340649911,0.0,,,,,,,,,,,,,,,,,,,,,,,,,,,,,,,,,,koi_num_transits is 0,precheck
9959368,K07980.01,FALSE POSITIVE,48.7,4.74,1.33255801,1010.0,4.647615186492704e-05,0.3773134328358201,-2.1250274565121074e-05,1.638962102901617,1.5471940521982752e-05,0.0,17.0,17.0,1800,pdcsap_flux,64792.0,0.0,29.424434965476397,29.0,0.1482111836917328,1.0,0.4439128287442894,primary_only,0.0,0.0,38384.0,201.0,201.0,191.0,8.426717394557937e-06,0.0,,0.0,,0.0,,0.0,,,
9962455,K02748.01,CONFIRMED,224.7,9.821,23.1985852,42.0,0.0002250564709803,5.08151243781095,4.5750015430279234e-05,4.355222494736658,0.0001074677615081,0.0,14.0,14.0,1800,pdcsap_flux,51666.0,0.0,29.4247764442116,61.0,0.0176393659270796,2.0,0.1482212673711918,,1.0,0.0533426237757906,3276.0,201.0,201.0,16.0,1.1171537587910628e-05,3.804448357169754e-05,0.3929999989393369,3.804448357169754e-05,0.3929999989393369,0.0,,0.0533426237757906,,,
9962455,K02748.02,CONFIRMED,134.3,2.462,5.77721259,178.0,0.0001296205099665,0.2939701492537327,4.330448041489632e-06,2.410695702126684,2.5606125401145263e-06,0.0,14.0,14.0,1800,pdcsap_flux,51666.0,0.0,29.4247764442116,15.0,0.0177565446545794,2.0,0.1486664344056052,,1.0,0.0474973870630588,3673.0,201.0,201.0,18.0,1.1374705175085764e-05,0.0,,0.0,,0.0,,0.0474973870630588,,,
9964670,K02192.01,FALSE POSITIVE,378.0,3.29,1.541350116,692.0,0.0003844245458285,2.553432835820905,-2.560527558648218e-05,7.641784859907938,1.2528887946006153e-05,0.0,14.0,14.0,1800,pdcsap_flux,51672.0,0.0,29.424780970439315,21.0,0.0889371804045936,1.0,0.5334804149249109,,0.0,0.0,18368.0,201.0,201.0,92.0,1.1754513420052335e-05,0.0,,0.0,,0.0,,0.0,,,
9965439,K00722.01,CONFIRMED,469.1,7.0281,46.40626,25.0,0.0004475941892564,6.433683582089567,4.586412524543171e-06,7.064795165892485,9.33200106517651e-05,0.0,16.0,15.0,60|1800,pdcsap_flux,52165.0,0.0,29.42479421384633,43.0,0.0063103016705073,1.0,0.038435732771015,,0.0,0.0,1399.0,201.0,201.0,7.0,1.5075674264837068e-05,0.0,,0.0,,0.0,,0.0,,,
9996632,K02621.01,FALSE POSITIVE,359.5,3.353,8.44326557,138.0,0.0003318823407013,1.6014328358208871,1.1533599458601884e-05,2.76933393974384,2.9068264952525347e-05,0.0,14.0,14.0,1800,pdcsap_flux,54919.0,0.0,29.42450939677656,21.0,0.0165467178753366,1.0,0.1002931590160053,,0.0,0.0,3715.0,201.0,201.0,18.0,2.394549046054457e-05,7.941144470846595e-05,-0.4193278097435366,7.953186907261323e-05,-0.3159108230226828,0.0,,0.0,,,
10001368,K02785.01,CONFIRMED,251.8,3.2363,4.76831033,131.0,0.000234337567846,2.9625830845771124,-2.1507770283979436e-05,5.080521036414503,3.648463454719586e-05,0.0,8.0,8.0,1800,pdcsap_flux,29934.0,0.0,29.424474528059363,19.0,0.0282795841715556,1.0,0.1706086724126411,,0.0,0.0,3422.0,201.0,201.0,17.0,1.154513405760814e-05,3.843357895350064e-05,-0.4752547612467376,3.843357895350064e-05,-0.4752547612467376,0.0,,0.0,,,
10004519,K01572.01,CONFIRMED,813.4,4.4617,9.80321143,118.0,0.0007779689445532,3.9955522388059865,-5.595920956436018e-05,9.425872243453764,9.018338867905484e-06,0.0,14.0,14.0,1800,pdcsap_flux,54892.0,0.0,29.42450351896696,27.0,0.0189635986119567,1.0,0.1131858922976025,,0.0,0.0,4192.0,201.0,201.0,21.0,2.1307305650426e-05,0.0,,0.0,,0.0,,0.0,,,
10022908,K01586.01,CONFIRMED,555.4,2.1568,6.99130452,157.0,0.0005174653178618,1.6739343283582055,3.956935888549396e-05,5.392990447562793,0.0001335181821348,0.0,14.0,14.0,1800,pdcsap_flux,51714.0,0.0,29.424773091450334,13.0,0.0128540627016868,1.0,0.0777158989828673,,0.0,0.0,2717.0,201.0,201.0,14.0,2.451366655752346e-05,7.652597499763214e-05,-0.485507975279821,7.888573629277751e-05,-0.2605618780003009,0.0,,0.0,,,
10026136,K07274.01,FALSE POSITIVE,324573.0,8.18777,9.080194398,0.0,,,,,,,,,,,,,,,,,,,,,,,,,,,,,,,,,,koi_num_transits is 0,precheck
10026502,K04706.01,CONFIRMED,152.5,5.991,101.952048,11.0,0.0001221965256863,0.3576716417910468,-9.31221555422468e-09,1.210680061005558,2.8396324815660456e-05,0.0,14.0,14.0,1800,pdcsap_flux,51676.0,0.0,29.42478214390576,37.0,0.0024484549834643,1.0,0.0147457233532007,,0.0,0.0,532.0,200.0,192.0,3.0,2.4959111244410723e-05,7.932218589845608e-05,0.154692234157916,9.645403144253883e-05,-0.3643802223365319,0.0,,0.0,,,
10031656,K02629.01,FALSE POSITIVE,298.1,6.68,8.59000355,125.0,0.0002853323337967,0.797611940298502,-5.4031535225096405e-05,2.706903432212832,3.954719485754765e-05,0.0,14.0,14.0,1800,pdcsap_flux,51688.0,0.0,29.424790180055425,41.0,0.0324020044593966,1.0,0.1955386163132642,,0.0,0.0,6684.0,201.0,201.0,33.0,2.3929722802817088e-05,0.0001290176139978,0.4923469086483348,0.0001290176139978,0.4923469086483348,0.0,,0.0,,,
10031907,K03828.01,FALSE POSITIVE,1161.5,8.9793,8.58965725,126.0,0.0009869869113549,5.360776119403026,-3.5478028459823285e-05,18.500666277147214,4.756546303830156e-06,0.0002122165780304,14.0,14.0,1800,pdcsap_flux,51711.0,0.0,29.42478876037057,55.0,0.0435567437804343,1.0,0.26272939993425,,0.0,0.0,8968.0,201.0,201.0,45.0,1.5005401380562564e-05,0.0002122165780304,0.4903436936201816,0.0002122165780304,0.4903436936201816,0.0002122165780304,0.4903436936201816,0.0,,,
10074466,K01917.01,CONFIRMED,436.7,2.868,35.01190875,39.0,0.0003928423875291,1.4839402985074577,1.6028957799729682e-05,5.209790867147551,3.862785450492456e-05,0.0,17.0,17.0,1800,pdcsap_flux,64760.0,0.0,29.424430271610618,17.0,0.003413124398709,1.0,0.0207072266831377,,0.0,0.0,887.0,201.0,201.0,4.0,1.882105274118365e-05,6.518486560402881e-05,0.2939843885753274,6.518486560402881e-05,0.2939843885753274,0.0,,0.0,,,
10075409,K04019.01,FALSE POSITIVE,1022.0,15.16,360.33012,,0.0011002709777901,6.335522388059736,-4.516765624174024e-05,1.6402634277407502,0.0003306401140708,0.000682797797612,17.0,17.0,1800,pdcsap_flux,64767.0,0.0,29.42442985251546,93.0,0.0017530221083562,1.0,0.0113792517794555,,0.0,0.0,486.0,201.0,201.0,2.0,0.0001183713446551,0.0004928603296965,0.0189022112421056,0.0006898830247565,-0.1149848522836029,0.000682797797612,-0.209867173898385,0.0,,,
10091257,K07284.01,FALSE POSITIVE,49833.0,3.0271,1.70192371,628.0,0.0444230787673474,1.8072238805970011,-0.001167532504434,560.5937754007186,0.0063304772389717,0.0,16.0,15.0,60|1800,pdcsap_flux,52201.0,0.0,29.424792202189565,19.0,0.0741097652765332,1.0,0.4447041244420605,,0.0,0.0,15449.0,201.0,201.0,77.0,2.7540761080647835e-05,0.0,,0.0,,0.0,,0.0,,,
10130057,K04675.01,FALSE POSITIVE,100.8,2.601,2.17812826,616.0,0.0001074552410526,0.5693731343283586,1.0927759538037485e-05,1.953169905066692,9.804632414855964e-05,6.458106091689064e-05,17.0,17.0,1800,pdcsap_flux,64739.0,0.0,29.42441760969814,15.0,0.0497560230911287,1.0,0.2979347842876782,,0.0,0.0,12910.0,201.0,201.0,65.0,1.2128535664137627e-05,6.458106091689064e-05,-0.4912597383606358,6.458106091689064e-05,-0.4912597383606358,6.458106091689064e-05,-0.4912597383606358,0.0,,,
10130646,K05765.01,FALSE POSITIVE,251.9,7.916,390.40832,,0.0001891539811094,1.4177910447761093,-3.82341479781001e-05,0.989343410519801,0.0001064468778969,0.0013307884083771,17.0,17.0,1800,pdcsap_flux,64791.0,0.0,29.424416357651356,49.0,0.0008448419678487,1.0,0.005046997268139,,0.0,0.0,246.0,201.0,192.0,1.0,6.228626830681973e-05,0.0005153368182786,-0.1262412593194073,0.0013307884083771,-0.1442997563821731,0.0013307884083771,-0.1442997563821731,0.0,,,
10132908,K05767.01,FALSE POSITIVE,380.7,3.305,386.59946,,0.0002538730254249,0.0657711442786064,4.693479066675277e-05,0.8523236226048241,0.0004612798744442,0.0,17.0,17.0,1800,pdcsap_flux,64753.0,0.0,29.42441835883073,21.0,0.000356204153346,1.0,0.0024400413880437,,0.0,0.0,108.0,200.0,108.0,1.0,0.0001100786759052,0.0003794836187512,0.044954461506717,0.00048593078301,-0.4279956030985138,0.0,,0.0,,,
10139620,K04065.01,FALSE POSITIVE,666.1,12.33,372.37369,,0.0006903531832319,5.1528358208955005,0.0005507644508953,1.3593880235750255,2.549257447825859e-05,0.0003244911390218,17.0,17.0,1800,pdcsap_flux,64749.0,0.0,29.42442875762936,75.0,0.0013796624568185,1.0,0.0091584426014301,,0.0,0.0,399.0,201.0,200.0,1.0,9.990105346224492e-05,0.0003244911390218,-0.1823128940117045,0.0004404092524598,-0.0272733254267155,0.0003244911390218,-0.1823128940117045,0.0,,,
10147276,K07987.01,FALSE POSITIVE,103.6,0.865,0.681401611,1969.0,9.653885039806465e-05,0.2065671641791056,-3.504858677616518e-06,2.63668861361228,1.574109715685168e-05,0.0,17.0,17.0,1800,pdcsap_flux,64735.0,0.0,29.424434462562203,5.0,0.0528934274366819,1.0,0.3175098478411987,,0.0,0.0,13723.0,201.0,201.0,68.0,1.177500162376619e-05,4.309580654560108e-05,0.4454969634733123,4.309580654560108e-05,0.4454969634733123,0.0,,0.0,,,
10155080,K07289.01,FALSE POSITIVE,53075.2,3.87956,1.930451347,555.0,0.0456350758338117,2.316155223880598,-0.0016174002351091,718.0885306174462,0.019042714480603,0.0,16.0,15.0,60|1800,pdcsap_flux,52200.0,0.0,29.42478649201803,23.0,0.083736030739413,1.0,0.5033908045977011,,0.0,0.0,17430.0,201.0,201.0,87.0,5.311320390024855e-05,0.0,,0.0,,0.0,,0.0,,,
10156055,K04284.01,FALSE POSITIVE,73.8,3.045,2.42803503,439.0,5.341251984758433e-05,0.8483582089552277,1.7625017041167368e-05,1.9505158722720235,5.1462919944511576e-05,0.0,14.0,14.0,1800,pdcsap_flux,51719.0,0.0,29.424776108935475,19.0,0.0522541884414245,1.0,0.3118969817668555,,0.0,0.0,10774.0,201.0,201.0,54.0,6.231914017677131e-06,0.0,,0.0,,0.0,,0.0,,,
10156064,K07290.01,FALSE POSITIVE,126975.0,4.7847,2.427967843,441.0,0.0895459877212687,3.0469731343283675,-0.0015660711291894,666.6397306554608,0.0683330334422044,0.0,16.0,15.0,60|1800,pdcsap_flux,52200.0,0.0,29.42478801123798,29.0,0.0821108486155514,1.0,0.4909961685823755,,0.0,0.0,17120.0,201.0,201.0,84.0,0.0001558847539139,0.0,,0.0,,0.0,,0.0,,,
10158715,K05770.01,FALSE POSITIVE,408.0,1.049,61.0011095,,0.000111089647111,0.0208756218905472,0.0002539355190012,0.4441304452178031,0.0004218834122273,0.0,14.0,14.0,1800,pdcsap_flux,51725.0,0.0,29.42478113807738,7.0,0.0007165170222573,1.0,0.0044852585790236,,0.0,0.0,160.0,197.0,64.0,0.0,0.0001101327893302,0.0003690151019757,0.2092674515812289,0.0004569918762815,-0.2620216198085203,0.0,,0.0,,,
10161534,K05771.01,FALSE POSITIVE,416.4,1.919,198.232389,,0.0003178513665562,0.0381890547263683,-6.280664294588956e-05,1.6452846172811848,9.64581524875996e-05,0.0,14.0,14.0,1800,pdcsap_flux,51697.0,0.0,29.424784826114774,11.0,0.0004033565540762,1.0,0.0022825309012128,,0.0,0.0,62.0,194.0,62.0,0.0,8.682166221466227e-05,0.0002744802771806,0.1240509720485514,0.000829634782821,0.1444204780293983,0.0,,0.0,,,
10189542,K05773.01,FALSE POSITIVE,229.4,2.395,24.614775,54.0,0.0002265742570449,0.2383084577114442,-1.2053194122341182e-05,1.5839445820625682,0.0001351717750863,0.0,17.0,17.0,1800,pdcsap_flux,64786.0,0.0,29.424405293539166,15.0,0.0040541368615665,1.0,0.0238323094495724,,0.0,0.0,1040.0,201.0,201.0,4.0,4.647776512043447e-05,0.000162829049879,-0.4102854470940997,0.0002086759875093,-0.3312297782935524,0.0,,0.0,,,
10189557,K02427.01,FALSE POSITIVE,199.1,2.231,2.93101771,460.0,0.0001819262782306,0.621572139303483,8.508324729983308e-06,2.105507238778631,6.902156042742913e-05,0.0,17.0,17.0,1800,pdcsap_flux,64710.0,0.0,29.424406299367547,13.0,0.0317153775687467,1.0,0.191933240611961,,0.0,0.0,8292.0,201.0,201.0,41.0,2.2238186925198854e-05,0.0,,0.0,,0.0,,0.0,,,
10205598,K08198.01,FALSE POSITIVE,730.0,27.66,373.89398,4.0,0.0005801754914365,7.155820895522376,-6.790773952503049e-05,2.550803072855645,4.411345182919746e-06,0.0002827511888128,17.0,17.0,1800,pdcsap_flux,64753.0,0.0,29.42442742176354,169.0,0.0030824245953358,1.0,0.0202924961005667,,0.0,0.0,843.0,201.0,201.0,4.0,5.775658475341909e-05,0.0002827511888128,0.2359611510516709,0.000324273938175,-0.3277372468203646,0.0002827511888128,0.2359611510516709,0.0,,,
10212441,K02342.01,CONFIRMED,97.9,5.823,15.0447098,89.0,8.779242495571271e-05,2.549373134328356,8.710057046390496e-06,2.9292423027217174,2.8938008185264152e-06,0.0,18.0,18.0,1800,pdcsap_flux,65203.0,0.0,29.42444602434989,35.0,0.0161269312087362,2.0,0.0968053617164854,,1.0,0.0024078646688035,4181.0,201.0,201.0,21.0,6.101441555523346e-06,1.876571133563321e-05,0.130967973138006,9.3637260745294e-05,-0.4981126090610561,0.0,,0.0024078646688035,,,
10212441,K02342.02,FALSE POSITIVE,193.0,6.46,354.78194,3.0,0.0001274957043397,0.3856716417910437,-4.919629014576987e-05,1.000879555208933,6.0160461251568265e-05,0.0001442050192284,18.0,18.0,1800,pdcsap_flux,65203.0,0.0,29.42444602434989,39.0,0.0007586819855223,2.0,0.0516080548441022,,1.0,0.0478812324586292,207.0,200.0,178.0,1.0,3.153664319784255e-05,0.0001442050192284,-0.0023872762249951,0.0001595289405305,0.1425209830097516,0.0001442050192284,-0.0023872762249951,0.0478812324586292,,,
10214162,K01724.01,CONFIRMED,770.9,4.929,17.42393582,66.0,0.0006901873896227,3.531223880597004,2.2959440648007146e-05,5.435287369646351,4.378754508571614e-05,0.0,14.0,14.0,1800,pdcsap_flux,54907.0,0.0,29.424492297694087,31.0,0.0117869465384658,1.0,0.0706103046970331,,0.0,0.0,2657.0,201.0,201.0,13.0,3.17685859163753e-05,0.0001068962226205,-0.2156344428543569,0.0001068962226205,-0.2156344428543569,0.0,,0.0,,,
10222603,K05779.01,FALSE POSITIVE,195.7,1.923,112.48226,,9.18583574901488e-05,0.0382686567164178,-1.382084421130969e-05,0.6381323318683887,0.0001621097872887,0.0004176817567844,14.0,14.0,1800,pdcsap_flux,51729.0,0.0,29.42477577365935,11.0,0.0007123345494658,1.0,0.0044655802354578,,0.0,0.0,171.0,198.0,106.0,1.0,5.173584840537342e-05,0.0002846423984993,0.259265137131717,0.0006663403572703,0.0546470377976765,0.0004176817567844,0.27600499904417,0.0,,,
10223615,K00065.01,FALSE POSITIVE,,0.73,27.25471993,,2.776785704039497e-06,0.0435820895522389,-8.072286274418694e-06,0.0451627793893321,3.026700275854388e-05,0.0,15.0,15.0,1800,pdcsap_flux,52034.0,0.0,29.424786156741902,5.0,0.0011160146479137,1.0,0.006534189183995,,0.0,0.0,232.0,201.0,153.0,1.0,1.5222049165171005e-05,4.744562877967429e-05,0.0177207134585679,7.81394744848729e-05,-0.2545868606323925,0.0,,0.0,,,
10225800,K00729.01,FALSE POSITIVE,2008.4,1.4866,1.423799421,747.0,0.0018628238303336,1.2425313432835874,5.3876580112688366e-05,21.14334775176427,0.0001052418096881,0.0,17.0,14.0,60|1800,pdcsap_flux,51708.0,0.0,29.42478130571544,9.0,0.0435044892932757,1.0,0.2607140094376112,,0.0,0.0,8973.0,201.0,201.0,45.0,1.6603776877222207e-05,5.508900476758338e-05,0.4843258973429037,5.508900476758338e-05,0.4843258973429037,0.0,,0.0,,,
10266615,K00530.01,CONFIRMED,538.6,2.3494,10.94026745,123.0,0.0005005287370756,1.122101492537304,-3.687807682051236e-05,4.575046435596359,5.459126777906942e-05,0.0,17.0,17.0,1800,pdcsap_flux,64788.0,0.0,29.42441835883073,15.0,0.0089478312220481,1.0,0.0538834352040501,,0.0,0.0,2326.0,201.0,201.0,12.0,2.53054092443744e-05,8.947355579846938e-05,0.3556572850020769,0.0001494662442306,-0.4989404576396435,0.0,,0.0,,,
10275766,K02810.01,FALSE POSITIVE,215.6,4.112,0.661749944,2025.0,0.0001716315746307,1.800278606965164,-1.6391277313232422e-05,5.057802452898062,1.6510486602783203e-05,,17.0,17.0,1800,pdcsap_flux,64740.0,0.0,29.42443245090544,,0.2589094791571805,2.0,1.0,none,1.0,0.006101328390485,64740.0,195.0,195.0,334.0,,,,,,,,0.006101328390485,blanking covers 1.04 of the orbit,,
10275766,K02810.02,FALSE POSITIVE,421.9,13.02,354.95118,,0.0007889590746472,0.259104477611942,7.638473009052849e-05,1.2778608799780735,0.0002066653848113,0.0024002613062226,17.0,17.0,1800,pdcsap_flux,64740.0,0.0,29.42443245090544,79.0,0.001528379198514,2.0,0.0109978375038616,secondary_only,1.0,0.7763670064874885,532.0,201.0,118.0,4.0,0.0002015590068695,0.0024002613062226,0.2527522346068329,0.0024002613062226,0.2527522346068329,0.0024002613062226,0.2527522346068329,0.7763670064874885,,,
10281311,K08203.01,FALSE POSITIVE,243.5,7.627,234.66319186,4.0,0.0001813204425107,1.0624676616915445,-1.5156510318914409e-05,0.6668408685919581,0.0003712212025183,0.0,17.0,17.0,1800,pdcsap_flux,64720.0,0.0,29.424434619722888,47.0,0.0013542459051535,1.0,0.0080346106304079,,0.0,0.0,332.0,201.0,192.0,2.0,9.121008987912308e-05,0.0002993565087325,-0.3552492596479565,0.0003308983178577,-0.324101603829425,0.0,,0.0,,,
10289119,K02390.01,CONFIRMED,124.1,5.712,16.10474503,64.0,0.0001335405969763,2.273432835820905,1.0563981802991227e-05,3.807274454546493,4.671231423669653e-06,0.0,25.0,14.0,60|1800,pdcsap_flux,51718.0,0.0,29.42477443255484,35.0,0.0147782532139845,1.0,0.0874550446653002,,0.0,0.0,2917.0,201.0,201.0,14.0,8.406200172558043e-06,0.0,,0.0,,0.0,,0.0,,,
10290447,K07306.01,FALSE POSITIVE,1901.0,5.23,0.691561191,546.0,-0.0033979415893554,5.6202985074626834,0.0032691359519958,-1.9224242789911627,0.000280886888504,,5.0,5.0,1800,pdcsap_flux,18432.0,0.0,29.42394796642475,,0.3151082933840726,1.0,1.0,none,0.0,0.0,18432.0,160.0,160.0,116.0,,,,,,,,0.0,blanking covers 1.26 of the orbit,,
10332789,K07311.01,FALSE POSITIVE,125477.0,5.19791,18.74072534,72.0,0.121090878262531,3.516993830845778,-0.0034453700960841,680.9429153388905,0.0004563445119059,0.0013366237368538,17.0,17.0,1800,pdcsap_flux,64793.0,0.0,29.424419039860368,31.0,0.0115566275799938,1.0,0.0699766950133502,,0.0,0.0,3000.0,201.0,201.0,15.0,4.976190254794024e-05,0.0003345950197395,-0.4696622317979353,0.0013366237368538,-0.4451043981904484,0.0013366237368538,-0.4451043981904484,0.0,,,
10338624,K03222.01,FALSE POSITIVE,34.9,5.549,0.607538435,852.0,3.847479820251465e-05,5.41096517412936,-1.788139343261719e-07,3.298362009410168,1.3113021850585938e-05,,18.0,18.0,1800,pdcsap_flux,65270.0,0.0,29.424440487055108,,0.3805657716673239,1.0,1.0,none,0.0,0.0,65270.0,133.0,133.0,495.0,,,,,,,,0.0,blanking covers 1.52 of the orbit,,
10340212,K08003.01,FALSE POSITIVE,226.2,4.637,0.93374894,1409.0,0.0002763916547027,0.5536716417910412,6.407904927385744e-05,1.7462513269511375,7.811388277123577e-05,,16.0,16.0,1800,pdcsap_flux,63154.0,0.0,29.42438936792314,29.0,0.2069167900028173,1.0,0.6214016531019413,primary_only,0.0,0.0,52290.0,201.0,201.0,260.0,,,,,,,,0.0,blanking covers 0.83 of the orbit,,
10340423,K00736.01,CONFIRMED,1529.0,3.2906,18.79418506,72.0,0.0013633753981491,1.1787223880597022,-0.0001366218079486,5.946046378594891,0.0001350805758448,0.0,17.0,17.0,1800,pdcsap_flux,64781.0,0.0,29.424431025981903,21.0,0.0072952529144316,3.0,0.0934842006143776,,2.0,0.0528704404069094,1920.0,201.0,201.0,10.0,6.251857205622642e-05,0.0,,0.0,,0.0,,0.0528704404069094,,,
10340423,K00736.02,CONFIRMED,601.3,2.813,6.73893544,193.0,0.0005033333879602,0.6717611940298553,-4.464216225197326e-05,3.229316120428695,9.181286970394442e-05,0.0,17.0,17.0,1800,pdcsap_flux,64781.0,0.0,29.424431025981903,17.0,0.0173927075540188,3.0,0.1262715919791296,,2.0,0.023401923403467,4476.0,201.0,201.0,22.0,3.365582845760338e-05,0.0,,0.0,,0.0,,0.023401923403467,,,
10340423,K00736.03,FALSE POSITIVE,,2.97,345.98207283,,0.0006226507224879,0.0591044776119407,8.46227909099273e-05,1.7357817786206424,0.000389515078809,0.0,17.0,17.0,1800,pdcsap_flux,64781.0,0.0,29.424431025981903,19.0,0.0003576774917491,3.0,0.0752226733147064,,2.0,0.0730152359488121,95.0,192.0,33.0,0.0,0.0002705979103536,0.0008745708477396,0.030320572810362,0.0013258854564728,-0.0806488690048044,0.0,,0.0730152359488121,,,
10384798,K01997.01,CONFIRMED,695.2,5.941,38.505224,36.0,0.0006784197785674,4.49269651741292,-5.966758346398482e-05,4.954500543517025,3.275783951117717e-05,0.0,17.0,17.0,1800,pdcsap_flux,64745.0,0.0,29.42440394719597,37.0,0.0064287813691634,1.0,0.0390454861379257,,0.0,0.0,1712.0,201.0,201.0,9.0,3.2396489177951347e-05,0.0,,0.0,,0.0,,0.0,,,
10399321,K04556.01,FALSE POSITIVE,47.6,13.734,21.5819776,62.0,3.950673824804074e-05,3.8263880597014857,-1.1268266609798516e-06,2.306349696498493,1.9495515051870527e-05,0.0,17.0,17.0,1800,pdcsap_flux,64764.0,0.0,29.42442338797264,85.0,0.0265151790353076,1.0,0.1587764807609165,,0.0,0.0,6703.0,201.0,201.0,34.0,5.300808105579335e-06,0.0,,0.0,,0.0,,0.0,,,
10404545,K08207.01,FALSE POSITIVE,1363.8,16.97,350.34114,4.0,0.00091561167048,2.363980099502463,0.0003394583062618,1.924533959176776,0.00072620768524,0.0004913516192349,17.0,17.0,1800,pdcsap_flux,64766.0,0.0,29.42442993633449,103.0,0.0020182709154092,1.0,0.0126146434857795,,0.0,0.0,553.0,201.0,201.0,3.0,0.0001100397224325,0.0004913516192349,-0.4997113488583797,0.0004913516192349,-0.4997113488583797,0.0004913516192349,-0.4997113488583797,0.0,,,
10404582,K02147.01,CONFIRMED,395.2,4.782,37.8658964,37.0,0.0003721148005935,2.664597014925369,1.2385082216237464e-05,3.684556282057776,2.2899245772922683e-06,0.0,17.0,17.0,1800,pdcsap_flux,64767.0,0.0,29.424430606886744,29.0,0.0052619908398629,2.0,0.0535303472447388,,1.0,0.0236077014529003,1396.0,201.0,201.0,7.0,2.1363072835969988e-05,6.559869341360436e-05,0.0755519254001117,6.732272793341654e-05,0.4083728460214549,0.0,,0.0236077014529003,,,
10404582,K02147.02,CONFIRMED,126.9,1.889,10.32736351,133.0,0.0001282907766821,0.1879601990049748,-7.248281759908437e-06,1.9128474433362652,0.0001034932738537,0.0,17.0,17.0,1800,pdcsap_flux,64767.0,0.0,29.424430606886744,11.0,0.0076213385204384,2.0,0.0598761715070946,,1.0,0.0161347599857952,2032.0,201.0,201.0,9.0,1.9012367075269097e-05,0.0,,0.0,,0.0,,0.0161347599857952,,,
10405224,K08008.01,FALSE POSITIVE,72.7,3.706,0.93378068,1442.0,8.866718025213327e-05,0.5162587064676623,-1.1010254203580594e-05,2.1012333683065925,1.0121378033578488e-05,0.0,17.0,17.0,1800,pdcsap_flux,64792.0,0.0,29.424430428771306,23.0,0.1653671680877641,1.0,0.4964810470428448,primary_only,0.0,0.0,42900.0,201.0,201.0,213.0,1.1871670336148154e-05,0.0,,0.0,,0.0,,0.0,,,
10407482,K04255.01,CONFIRMED,193.1,2.619,6.30558387,185.0,0.0001642381715691,0.3648358208955249,-4.569632599871198e-06,1.7619996452993738,1.4567288715405802e-05,0.0,15.0,15.0,1800,pdcsap_flux,56197.0,0.0,29.42431208153721,17.0,0.0173060896896769,1.0,0.1048276598394932,,0.0,0.0,3886.0,201.0,201.0,19.0,4.9745138118078754e-05,0.0,,0.0,,0.0,,0.0,,,
10427700,K04394.01,FALSE POSITIVE,79.4,0.8136,0.616386349,1728.0,7.319755978163478e-05,0.453349253731341,4.340724210072367e-07,4.87253740271079,4.9763100751221145e-08,5.21155944561702e-05,15.0,15.0,1800,pdcsap_flux,52186.0,0.0,29.424797388492152,5.0,0.0549979733571289,1.0,0.3298394205342429,,0.0,0.0,11499.0,201.0,201.0,55.0,6.573907884816288e-06,5.21155944561702e-05,0.495373869717229,5.21155944561702e-05,0.495373869717229,5.21155944561702e-05,0.495373869717229,0.0,,,
10454401,K07328.01,FALSE POSITIVE,414950.0,4.15602,12.180721266,0.0,,,,,,,,,,,,,,,,,,,,,,,,,,,,,,,,,,koi_num_transits is 0,precheck
10462826,K07329.01,FALSE POSITIVE,103144.0,8.96181,50.467024395,27.0,0.0907198188073461,5.171989850746269,-0.0015252255628716,582.4632479556465,0.0009775356125166,0.0091261291152455,17.0,17.0,1800,pdcsap_flux,64793.0,0.0,29.424417861155234,55.0,0.0073990641310129,1.0,0.0453444044881391,,0.0,0.0,1912.0,201.0,201.0,9.0,4.1433719684242384e-05,0.0091261291152455,-0.382524450982286,0.0091261291152455,-0.382524450982286,0.0091261291152455,-0.382524450982286,0.0,,,
10464050,K01851.01,CONFIRMED,553.9,1.813,4.469754641,304.0,0.0005167497471834,1.4431840796019908,3.433283533060827e-05,8.823376634147012,2.6855440471873493e-05,0.0,17.0,17.0,1800,pdcsap_flux,64792.0,0.0,29.424420883879066,11.0,0.0169006293933319,1.0,0.1008149154216569,,0.0,0.0,4443.0,201.0,201.0,22.0,1.8058158219531676e-05,0.0,,0.0,,0.0,,0.0,,,
10481054,K07333.01,FALSE POSITIVE,36.0,3.939,2.03742712,525.0,3.667858404521329e-05,1.0190447761193973,5.136423852913907e-07,1.9109642551836636,1.937602761015178e-06,0.0,14.0,14.0,1800,pdcsap_flux,51690.0,0.0,29.42476320080459,25.0,0.0805550286382759,1.0,0.4835945057071,,0.0,0.0,16648.0,201.0,201.0,83.0,6.043205020729614e-06,0.0,,0.0,,0.0,,0.0,,,
10488450,K00290.01,FALSE POSITIVE,234.7,1.8592,2.683395376,396.0,0.0002185339828986,1.5909572139303487,-7.649785817021026e-07,10.910659196560127,2.3765080332638355e-05,2.5779725917551843e-05,15.0,15.0,1800,pdcsap_flux,52185.0,0.0,29.424787251628004,11.0,0.0288688977254415,1.0,0.1734598064577943,,0.0,0.0,5976.0,201.0,201.0,30.0,4.976310681619322e-06,2.5779725917551843e-05,-0.4984024987207882,2.5779725917551843e-05,-0.4984024987207882,2.5779725917551843e-05,-0.4984024987207882,0.0,,,
10489539,K03231.01,FALSE POSITIVE,51.3,12.319,19.7639874,55.0,5.0353084254717295e-05,4.903084577114427,1.5327264935027785e-05,3.017659426545198,8.407950979005818e-06,0.0,15.0,15.0,1800,pdcsap_flux,52194.0,0.0,29.424789352342486,75.0,0.0259710581816433,1.0,0.1541364907843813,,0.0,0.0,5342.0,201.0,201.0,27.0,6.257782728867212e-06,0.0,,0.0,,0.0,,0.0,,,
10491525,K04589.01,FALSE POSITIVE,45.0,1.528,1.09844642,971.0,4.819428373736834e-05,0.2736716417910454,-1.4441237868645374e-05,3.002762899631208,7.986456653896745e-06,0.0,15.0,15.0,1800,pdcsap_flux,52141.0,0.0,29.42479337565601,9.0,0.0579606483370091,1.0,0.3474425116510999,,0.0,0.0,12070.0,201.0,201.0,60.0,5.72812234959531e-06,0.0,,0.0,,0.0,,0.0,,,
10525027,K02006.01,CONFIRMED,262.5,1.7292,3.27344784,408.0,0.0002245116591633,1.1355940298507456,-1.5571336891007093e-06,4.869050744858523,1.7902332897334894e-05,0.0,17.0,17.0,1800,pdcsap_flux,64790.0,0.0,29.424415844259784,11.0,0.0220104316676694,1.0,0.1321963265936101,,0.0,0.0,5714.0,201.0,201.0,28.0,1.2392276275558111e-05,0.0,,0.0,,0.0,,0.0,,,
10527135,K02622.01,FALSE POSITIVE,171.9,0.8592,0.328686504,2036.0,0.0001478411536914,0.4958567164179113,8.375876478838862e-06,3.6880844158410833,1.573111884467515e-05,0.0,17.0,17.0,1800,pdcsap_flux,64781.0,0.0,29.42441769351717,5.0,0.1089183753039035,1.0,0.6535249533042096,,0.0,0.0,28214.0,201.0,201.0,140.0,1.2804495713292896e-05,0.0,,0.0,,0.0,,0.0,,,
10538176,K01301.01,CONFIRMED,797.4,2.9899,12.69905011,94.0,0.000742378747006,1.785014925373148,5.4251253561177215e-05,4.505449730781178,2.06787824704735e-05,0.0,17.0,15.0,60|1800,pdcsap_flux,58969.0,0.0,29.42449271155056,19.0,0.0098101169447756,2.0,0.076022995133036,,1.0,0.0186029947938747,2269.0,201.0,201.0,11.0,4.450457475435983e-05,0.0001479740928556,0.3743680727052975,0.0001479740928556,0.3743680727052975,0.0,,0.0186029947938747,,,
10538176,K01301.02,CONFIRMED,935.0,5.303,37.5142128,34.0,0.000839935770283,2.2161791044775967,-1.5289295513531975e-05,3.734221738734696,1.443094298159142e-05,0.0,17.0,15.0,60|1800,pdcsap_flux,58969.0,0.0,29.42449271155056,33.0,0.0058899898689419,2.0,0.062710915904967,,1.0,0.0287778324204242,1455.0,201.0,201.0,6.0,5.280641424051787e-05,0.0001662477674879,0.0779556909205473,0.0002127799602714,-0.4994375359828754,0.0,,0.0287778324204242,,,
10547685,K07340.01,FALSE POSITIVE,37637.5,2.84811,1.388509353,768.0,0.0337159445837093,1.7003641791044717,-0.0011616773359761,435.7963533334431,0.0013765412682125,0.0,16.0,15.0,60|1800,pdcsap_flux,52200.0,0.0,29.424777450039983,17.0,0.0854666551173026,1.0,0.513007662835249,,0.0,0.0,17858.0,201.0,201.0,89.0,4.597638649507611e-05,0.0,,0.0,,0.0,,0.0,,,
10549576,K07341.01,FALSE POSITIVE,101478.0,6.4006,9.089355023,118.0,0.0978269594853593,3.8212537313433095,-0.0033569917723557,228.33803599772696,0.0009330939544971,0.0208379010094712,14.0,14.0,1800,pdcsap_flux,51731.0,0.0,29.424769571051,39.0,0.0293410991199949,1.0,0.1785969728016083,,0.0,0.0,6119.0,201.0,201.0,30.0,9.311528558443034e-05,0.0208379010094712,0.4993129679862106,0.0208379010094712,0.4993129679862106,0.0208379010094712,0.4993129679862106,0.0,,,
10554967,K03059.01,FALSE POSITIVE,444.1,1.0547,0.53633519,1283.0,0.0003997714855452,0.755605970149252,2.245184823412849e-05,4.328981876705292,6.74056088380004e-05,0.0001106881205232,9.0,9.0,1800,pdcsap_flux,33276.0,0.0,29.42518145777285,7.0,0.0819372551954559,1.0,0.491375165284289,,0.0,0.0,10896.0,201.0,201.0,55.0,2.8216473983611887e-05,0.0001106881205232,-0.4981202074067209,0.0001106881205232,-0.4981202074067209,0.0001106881205232,-0.4981202074067209,0.0,,,
10556578,K07343.01,FALSE POSITIVE,37224.0,2.0171,0.626431697,1180.0,0.0329834031434674,1.164097512437808,-0.0003950867909824,42.900639702627366,0.0024361751478242,0.0,13.0,13.0,1800,pdcsap_flux,50111.0,0.0,29.42474198935088,13.0,0.134165997244123,1.0,0.4024864800143681,primary_only,0.0,0.0,26880.0,201.0,201.0,133.0,0.0001065671151884,0.0,,0.0,,0.0,,0.0,,,
10583181,K07344.01,FALSE POSITIVE,245988.0,5.39585,2.696354974,501.0,0.2348325832894919,3.0066427860696425,-0.0080654762471913,134.31732932470206,0.0005030266570023,0.0581776595781307,32.0,18.0,60|1800,pdcsap_flux,65262.0,0.0,29.424416860565543,33.0,0.0833818564325771,1.0,0.50096533970764,,0.0,0.0,21812.0,201.0,201.0,109.0,0.0008355823987573,0.0581776595781307,-0.4997068648754712,0.0581776595781307,-0.4997068648754712,0.0581776595781307,-0.4997068648754712,0.0,,,
10591578,K05811.01,FALSE POSITIVE,,1.55,44.51439331,,0.0001266917924287,0.1233830845771133,7.273383067385453e-06,0.8146244543232452,1.4268778360637668e-05,0.0001844600295936,17.0,17.0,1800,pdcsap_flux,64788.0,0.0,29.424417363479733,9.0,0.0014508415937194,1.0,0.0089831450268568,,0.0,0.0,383.0,199.0,169.0,2.0,5.007537299999593e-05,0.0001653941816109,-0.3708652973881345,0.0002286582427656,-0.3920838556962808,0.0001844600295936,-0.3516416462713529,0.0,,,
10591855,K02845.01,CONFIRMED,224.9,1.5796,1.574090323,859.0,0.0002079295256093,0.4400875621890573,-4.099518116307266e-05,3.299802035900544,1.5632097035256365e-05,0.0,17.0,17.0,1800,pdcsap_flux,64774.0,0.0,29.42441769875586,9.0,0.0418125095523293,1.0,0.2512736591842406,,0.0,0.0,10881.0,201.0,201.0,54.0,1.863535685015024e-05,0.0,,0.0,,0.0,,0.0,,,
10593759,K00025.01,FALSE POSITIVE,9969.2,3.6337,3.132604547,430.0,0.0089809461181192,2.1693731343283496,-0.0002724560679764,238.7737493904054,0.000964691701068,0.0,21.0,18.0,60|1800,pdcsap_flux,65262.0,0.0,29.42443327861838,23.0,0.0483317202650624,1.0,0.2897398179645122,,0.0,0.0,12656.0,201.0,201.0,63.0,7.438936293390519e-06,0.0,,0.0,,0.0,,0.0,,,
10601549,K06226.01,FALSE POSITIVE,64776.0,1.9123,1.463773705,917.0,0.0569886488784578,1.141671641791051,-0.0019787715179724,135.1151714109876,0.0004984251715358,0.000704956364093,17.0,17.0,1800,pdcsap_flux,64814.0,0.0,29.424430103972558,11.0,0.0544340743343703,1.0,0.3272132563952232,,0.0,0.0,14116.0,201.0,201.0,70.0,4.788886259493205e-05,0.000704956364093,-0.4964827728342078,0.000704956364093,-0.4964827728342078,0.000704956364093,-0.4964827728342078,0.0,,,
10601579,K07349.01,FALSE POSITIVE,56616.3,5.62354,8.098754149,167.0,0.0507598280941253,3.357337313432821,-0.0012708557019444,1799.1424592356568,0.0005293449381842,0.0090434613721239,17.0,17.0,1800,pdcsap_flux,64814.0,0.0,29.424430103972558,35.0,0.0289321249115333,1.0,0.1753324898941586,,0.0,0.0,7406.0,201.0,201.0,37.0,6.157736325618046e-06,0.0090434613721239,0.4865498897482818,0.0090434613721239,0.4865498897482818,0.0090434613721239,0.4865498897482818,0.0,,,
10614012,K01807.01,FALSE POSITIVE,7956.2,26.715,132.1331011,8.0,0.0103164078530867,22.328955223880627,0.0009664530254157,4.4217457084832725,0.0002464729029831,0.0,15.0,15.0,1800,pdcsap_flux,52200.0,0.0,29.42477827775292,163.0,0.0084242706084493,1.0,0.0497701149425287,,0.0,0.0,1623.0,201.0,201.0,8.0,6.638225885534379e-05,0.0,,0.0,,0.0,,0.0,,,
10616656,K05814.01,FALSE POSITIVE,63021.6,4.76313,25.285232337,43.0,0.0563677233087184,2.843659701492527,-0.001022877959817,1789.983943792391,0.0006017723353632,0.0,35.0,15.0,60|1800,pdcsap_flux,52202.0,0.0,29.424781976267692,29.0,0.0078489984728986,1.0,0.0484847323857323,,0.0,0.0,1701.0,201.0,201.0,8.0,8.492949261194326e-06,2.853541963965256e-05,0.3997034309932044,2.853541963965256e-05,0.3997034309932044,0.0,,0.0,,,
10617638,K03016.01,FALSE POSITIVE,122.6,1.0183,0.710894157,1502.0,9.721007842111716e-05,0.7092636815920408,-1.639220433824473e-05,2.5600514196107875,1.0321127326573531e-05,0.0,14.0,14.0,1800,pdcsap_flux,51682.0,0.0,29.4247742544394,7.0,0.0596842247877227,1.0,0.3578228396733872,,0.0,0.0,12354.0,201.0,201.0,61.0,1.1051284691431084e-05,3.6595352906787504e-05,-0.4776133043941341,3.6595352906787504e-05,-0.4776133043941341,0.0,,0.0,,,
10619142,K03082.01,FALSE POSITIVE,154.8,3.625,2.04516705,339.0,0.0001382927980111,1.731343283582099,1.0843435222951392e-05,2.024518696663159,1.6228043988597562e-05,0.0,9.0,9.0,1800,pdcsap_flux,33654.0,0.0,29.42466479726136,23.0,0.0738529728741066,1.0,0.4422654067867118,,0.0,0.0,9877.0,201.0,201.0,49.0,1.605028758220335e-05,0.0,,0.0,,0.0,,0.0,,,
10653179,K03280.01,CONFIRMED,723.2,4.003,47.1607932,25.0,0.0006696982363449,0.1593233830845783,9.867010238084896e-06,3.221527031697777,6.137765064373468e-05,0.0,14.0,14.0,1800,pdcsap_flux,51502.0,0.0,29.424258777871728,25.0,0.0035366594866064,1.0,0.0217855617257582,,0.0,0.0,815.0,197.0,81.0,0.0,7.945361014353948e-05,0.0002812962211551,0.4095648865620085,0.0002812962211551,0.4095648865620085,0.0,,0.0,,,
10664416,K02599.01,FALSE POSITIVE,1379.7,70.405,25.3239215,56.0,0.0010732361099505,33.62626865671612,-0.0001157165300192,7.4418899811993295,4.128122690916225e-05,0.0,17.0,17.0,1800,pdcsap_flux,64780.0,0.0,29.424429098144174,431.0,0.1158407344876134,1.0,0.6958320469280642,,0.0,0.0,30439.0,201.0,201.0,151.0,5.3574984896706575e-05,0.0,,0.0,,0.0,,0.0,,,
10669994,K04360.01,CONFIRMED,98.5,1.744,2.71603664,494.0,8.39135034911287e-05,0.3817711442786062,-1.7825660982739855e-05,1.8679286885406703,1.466756032897365e-05,0.0,17.0,17.0,1800,pdcsap_flux,64738.0,0.0,29.42443228326738,11.0,0.0267546709777327,1.0,0.160400383082579,,0.0,0.0,6941.0,201.0,201.0,35.0,1.0485366733757873e-05,3.241799397357692e-05,-0.2290973948518062,3.241799397357692e-05,-0.2290973948518062,0.0,,0.0,,,
10685175,K07362.01,FALSE POSITIVE,124.6,7.083,3.10197712,342.0,0.0016754123649195,10.994507462686537,-0.0004461064238654,1.2009118288158227,2.9112713687551303e-05,0.0,15.0,15.0,1800,pdcsap_flux,52202.0,0.0,29.424785496667027,43.0,0.0951409338570492,1.0,0.569480096548025,,0.0,0.0,19900.0,201.0,201.0,99.0,0.0005559045926291,0.0023250166824575,0.2016771231278895,0.0023250166824575,0.2016771231278895,0.0,,0.0,,,
10722485,K04312.01,CONFIRMED,68.2,3.747,7.84931877,174.0,5.896008458561308e-05,0.4474029850746248,1.1948959000029902e-07,1.573773526912996,9.34604496938274e-06,0.0,17.0,17.0,1800,pdcsap_flux,64720.0,0.0,29.42441920749843,23.0,0.0198902611264442,1.0,0.1206273176761433,,0.0,0.0,5231.0,201.0,201.0,26.0,8.348462545988943e-06,0.0,,0.0,,0.0,,0.0,,,
10735331,K03720.01,FALSE POSITIVE,13929.5,6.5043,213.3990406,7.0,,,,,,0.0,18.0,18.0,1800,pdcsap_flux,65197.0,0.0,29.42444334214088,39.0,0.0012699799363577,1.0,0.0064420142031075,,0.0,0.0,315.0,201.0,157.0,2.0,3.45059214984193e-05,0.0001082947973242,0.2519887428729198,0.0001405543263359,0.4993173354786175,0.0,,0.0,,,
10736223,K07367.01,FALSE POSITIVE,730498.0,4.38191,1.105094098,1223.0,0.5536003037455175,2.2672569154228968,-0.0140603839115717,31.293445254845143,0.0025278468189517,0.0840833000198603,18.0,17.0,60|1800,pdcsap_flux,64793.0,0.0,29.42443076404743,27.0,0.1652163229029691,1.0,0.4965351195345176,primary_only,0.0,0.0,42873.0,201.0,201.0,213.0,0.0122883044736842,0.0840833000198603,-0.4988538125354306,0.0840833000198603,-0.4988538125354306,0.0840833000198603,-0.4988538125354306,0.0,,,
10748390,K00003.01,CONFIRMED,4315.8,2.36255,4.887803076,215.0,0.0041909296563702,1.974668656716429,6.245264350024371e-05,229.8879530821264,3.3406364486121554e-05,0.0,52.0,15.0,60|1800,pdcsap_flux,52202.0,0.0,29.42477879114449,15.0,0.0201398423387164,1.0,0.1204168422665798,,0.0,0.0,4143.0,201.0,201.0,21.0,1.1194435919993162e-05,0.0,,0.0,,0.0,,0.0,,,
10790387,K01288.01,CONFIRMED,8506.6,5.8796,117.93110803,11.0,0.0081897753613606,4.797285572139289,-0.0001772067266284,31.033786715897108,0.0003893067512965,0.0,17.0,17.0,1800,pdcsap_flux,64760.0,0.0,29.424421219155192,35.0,0.0020773427590539,1.0,0.0130636195182211,,0.0,0.0,515.0,201.0,196.0,2.0,5.551878960137765e-05,0.0001835365665607,0.1478733913714029,0.0002009016592197,0.2979614057130584,0.0,,0.0,,,
10794405,K07373.01,FALSE POSITIVE,2122.3,4.0869,0.952377862,940.0,0.0018624781565158,2.358608955223877,-4.125388431430732e-05,27.820643798316517,5.130104166595206e-05,0.0,17.0,17.0,1800,pdcsap_flux,64725.0,0.0,29.42442540486809,25.0,0.1788024551960868,1.0,0.5363769795287756,primary_only,0.0,0.0,46289.0,201.0,201.0,230.0,0.0007564173728534,0.0,,0.0,,0.0,,0.0,,,
10801951,K08032.01,FALSE POSITIVE,66.7,3.001,1.105123883,1219.0,6.888640305480198e-05,1.4333134328358177,-3.662795527659135e-06,4.00532977703617,2.187476388981757e-05,0.0,17.0,17.0,1800,pdcsap_flux,64722.0,0.0,29.42443245090544,19.0,0.1131471942559281,1.0,0.6785637032230154,,0.0,0.0,29337.0,201.0,201.0,146.0,1.0059582542714152e-05,0.0,,0.0,,0.0,,0.0,,,
10809677,K07374.01,FALSE POSITIVE,4879.8,3.5323,3.521050679,304.0,0.0043090521391667,2.108835820895518,-0.0001322836211311,79.93685269883574,0.0012771537400585,0.0,14.0,14.0,1800,pdcsap_flux,51724.0,0.0,29.42476068623364,21.0,0.0417997865081755,1.0,0.2498453329208877,,0.0,0.0,8690.0,201.0,201.0,43.0,1.4976800534880371e-05,0.0,,0.0,,0.0,,0.0,,,
10813841,K01640.01,FALSE POSITIVE,502.9,2.116,6.17039154,142.0,0.0001947039520892,0.3368756218905491,-7.154745742288249e-05,1.271514742382681,0.0001040315025584,0.0,11.0,11.0,1800,pdcsap_flux,41898.0,0.0,29.42485305480659,13.0,0.0142886664638896,1.0,0.0859229557496777,,0.0,0.0,2412.0,201.0,201.0,11.0,3.2615993282095346e-05,9.805466312262644e-05,0.3484223839816562,9.805466312262644e-05,0.3484223839816562,0.0,,0.0,,,
10815916,K04470.01,FALSE POSITIVE,54.7,1.519,1.68207624,638.0,5.375917268024555e-05,0.30228855721393,-1.5931368868571385e-06,1.6486659674472,1.1349761276591153e-05,0.0,14.0,14.0,1800,pdcsap_flux,51690.0,0.0,29.42477074451745,9.0,0.0376271093792197,1.0,0.2254594699168117,,0.0,0.0,7816.0,201.0,201.0,39.0,8.887232316401249e-06,0.0,,0.0,,0.0,,0.0,,,
10864531,K02080.01,CONFIRMED,955.4,6.21,83.4887405,16.0,0.0008489215716139,3.336716417910436,-6.921346317234622e-05,3.497084245995646,0.0001860275795424,0.0,17.0,17.0,1800,pdcsap_flux,64787.0,0.0,29.424430774524808,37.0,0.0030992203074377,2.0,0.0268881102690354,,1.0,0.0092456820041057,811.0,201.0,201.0,4.0,6.908836766964796e-05,0.000216310042046,0.4983494174498269,0.0002929392842755,-0.3376652604815091,0.0,,0.0092456820041057,,,
10864531,K02080.02,CONFIRMED,818.9,2.471,34.0607677,39.0,0.0007664582360831,0.8851343283582072,-0.0001485490409625,3.335939311022145,8.741099254816476e-05,0.0,17.0,17.0,1800,pdcsap_flux,64787.0,0.0,29.424430774524808,15.0,0.0030227836976596,2.0,0.0274129069103369,,1.0,0.0093845987620973,796.0,201.0,201.0,4.0,5.680350867358791e-05,0.0002049372637289,0.3460056987205931,0.0002754019562264,0.3830347990169242,0.0,,0.0093845987620973,,,
10872983,K00756.01,CONFIRMED,1517.5,4.5945,11.09432054,95.0,0.0015313098945034,4.1144776119403215,-8.625944184248446e-05,11.98949662116108,0.0001044287636364,0.0,25.0,13.0,60|1800,pdcsap_flux,50053.0,0.0,29.424719861126505,29.0,0.0172554505983292,3.0,0.285297584560366,,2.0,0.2028250054941761,3482.0,201.0,201.0,17.0,3.909976871177812e-05,0.0,,0.0,,0.0,,0.2028250054941761,,,
10872983,K00756.02,CONFIRMED,686.0,3.1402,4.13443512,240.0,0.0006554171916938,2.3746786069651584,0.0001489137808182,5.975886053256516,2.0365988761983367e-05,0.0,25.0,13.0,60|1800,pdcsap_flux,50053.0,0.0,29.424719861126505,19.0,0.0316468061220093,3.0,0.3246159071384332,,2.0,0.1646454757956566,6313.0,201.0,201.0,31.0,3.628245106370893e-05,0.0,,0.0,,0.0,,0.1646454757956566,,,
10872983,K00756.03,CONFIRMED,226.5,2.429,2.56658897,355.0,0.0002298420172538,0.2416915422885554,-5.343435364180138e-07,2.5832961594219084,6.177255732686682e-05,0.0,25.0,13.0,60|1800,pdcsap_flux,50053.0,0.0,29.424719861126505,15.0,0.0394330118754205,3.0,0.3456136495314966,,2.0,0.1420294487842886,7939.0,201.0,201.0,40.0,3.234813166230601e-05,0.0,,0.0,,0.0,,0.1420294487842886,,,
10874215,K02305.01,CONFIRMED,737.4,3.476,31.0325991,34.0,0.0006659895208284,0.9684378109452788,-0.0001049139061261,2.8107595695384124,7.284313829003519e-05,0.0,14.0,14.0,1800,pdcsap_flux,51702.0,0.0,29.424760853871703,21.0,0.0046671351267297,1.0,0.0269428648795017,,0.0,0.0,952.0,201.0,201.0,5.0,6.807668516257154e-05,0.0002272365339877,0.0244841202932702,0.0002810921585908,-0.0151865282839342,0.0,,0.0,,,
10876237,K02960.01,FALSE POSITIVE,52.3,1.513,1.465943491,365.0,5.028342116231155e-05,0.5419701492537348,3.189073212506166e-06,2.1831963212164425,2.7259081309960465e-05,0.0,15.0,15.0,1800,pdcsap_flux,52171.0,0.0,29.4247756007826,9.0,0.0430041587917297,1.0,0.2583427574706254,,0.0,0.0,8967.0,201.0,201.0,45.0,5.868052961557046e-06,0.0,,0.0,,0.0,,0.0,,,
10905911,K02754.01,CONFIRMED,58.2,1.6462,1.34155642,469.0,5.430064186773276e-05,0.3603621890547278,-4.678190040907637e-06,3.64825022410599,9.06370459685668e-07,0.0,9.0,9.0,1800,pdcsap_flux,30528.0,0.0,29.42509210668504,11.0,0.0511284248981989,1.0,0.3066037735849056,,0.0,0.0,6263.0,201.0,201.0,31.0,3.211486538359054e-06,0.0,,0.0,,0.0,,0.0,,,
10908248,K03146.01,CONFIRMED,155.5,7.987,39.859505,28.0,0.0001367986448804,2.384179104477599,-1.1676666361926102e-05,2.047711275641421,5.808238496052276e-06,0.0,14.0,14.0,1800,pdcsap_flux,51444.0,0.0,29.4242446962744,49.0,0.0083491168961246,1.0,0.0525036933364435,,0.0,0.0,1800.0,201.0,201.0,9.0,1.869749273536033e-05,0.0,,0.0,,0.0,,0.0,,,
10909274,K07385.01,FALSE POSITIVE,439208.0,6.07183,39.238141571,0.0,,,,,,,,,,,,,,,,,,,,,,,,,,,,,,,,,,koi_num_transits is 0,precheck
10937029,K00433.01,CONFIRMED,2908.3,2.7734,4.030466786,264.0,0.0028451622097449,2.428449751243792,6.798161900201105e-05,33.46222284403662,4.188199978882867e-05,0.0,24.0,14.0,60|1800,pdcsap_flux,51710.0,0.0,29.424769738689065,17.0,0.0286712034781505,2.0,0.1778766196093598,,1.0,0.0072326435892477,5875.0,201.0,201.0,29.0,1.868540467091675e-05,0.0,,0.0,,0.0,,0.0072326435892477,,,
10937029,K00433.02,CONFIRMED,13888.6,12.2726,328.240201,5.0,0.0133814688994067,8.548079601990093,-0.0007836025967062,50.43610557901911,0.0002445949117617,0.0,24.0,14.0,60|1800,pdcsap_flux,51710.0,0.0,29.424769738689065,75.0,0.0015578784432115,2.0,0.0945465093792303,,1.0,0.085418681106169,497.0,201.0,201.0,2.0,9.35875487284396e-05,0.0002835946359576,0.3492565168757848,0.000527699347486,-0.2555897887011195,0.0,,0.085418681106169,,,
10937609,K07391.01,FALSE POSITIVE,76826.0,5.49699,2.570431263,418.0,0.0665833695575298,3.0629994029850582,-0.0025439588047188,12.978457856427106,0.0001754310127772,0.0332615831736147,15.0,15.0,1800,pdcsap_flux,52202.0,0.0,29.424782971618697,33.0,0.0891061563469631,1.0,0.5356308187425769,,0.0,0.0,18603.0,201.0,201.0,93.0,0.0053202552956578,0.0332615831736147,-0.4987476645605445,0.0332615831736147,-0.4987476645605445,0.0332615831736147,-0.4987476645605445,0.0,,,
10958972,K05843.01,FALSE POSITIVE,,4.94,331.78248134,,0.0001039135353279,0.1966169154228847,4.568529839288349e-05,0.6772397486448084,6.533313326939627e-05,0.0,17.0,17.0,1800,pdcsap_flux,64749.0,0.0,29.424405283061787,31.0,0.0006203863823732,1.0,0.0033822916184033,,0.0,0.0,133.0,200.0,110.0,1.0,5.778515619918628e-05,0.0001958798896026,0.0886697719538665,0.0002870145871074,-0.4478093522033737,0.0,,0.0,,,
10963065,K01612.01,CONFIRMED,30.7,1.262,2.465024332,426.0,3.0394255592258723e-05,0.5274029850746267,-4.342905512988438e-07,5.085072187064803,9.425896350112596e-07,0.0,42.0,15.0,60|1800,pdcsap_flux,51962.0,0.0,29.424249222502112,7.0,0.0213317705025125,1.0,0.1278241792078827,,0.0,0.0,4376.0,201.0,201.0,22.0,1.8096905291792972e-06,5.916731355415372e-06,0.2386167071196182,6.338504842107184e-06,-0.220016358684402,0.0,,0.0,,,
10963242,K01312.01,CONFIRMED,249.6,3.3153,6.1469956,177.0,0.0002206953178306,2.4411164179104565,2.668058313948229e-05,3.734291227518808,5.087562110583921e-05,0.0,14.0,14.0,1800,pdcsap_flux,51439.0,0.0,29.424236225313507,21.0,0.022472360318592,2.0,0.1500417970800365,,1.0,0.0192655378214973,4708.0,201.0,201.0,24.0,1.434182037538335e-05,4.805796894558068e-05,-0.1376132024003776,4.805796894558068e-05,-0.1376132024003776,0.0,,0.0192655378214973,,,
10963242,K01312.02,FALSE POSITIVE,,4.76,31.24611088,,2.3354687457066703e-05,1.0419900497512458,3.637195244909908e-05,0.2448601223888435,6.651527150669523e-05,0.0,14.0,14.0,1800,pdcsap_flux,51439.0,0.0,29.424236225313507,29.0,0.0063474566193222,2.0,0.1050953556639903,,1.0,0.0684888897529112,1319.0,201.0,201.0,7.0,3.1322238155370786e-05,9.966709281861164e-05,-0.4994622763056074,9.966709281861164e-05,-0.4994622763056074,0.0,,0.0684888897529112,,,
10964265,K02934.01,FALSE POSITIVE,211.3,1.9626,0.637487312,781.0,0.0002079089133399,0.9764179104477572,9.563726661276917e-06,3.954847757232063,4.870867726469719e-05,0.0,7.0,7.0,1800,pdcsap_flux,23968.0,0.0,29.42421200685203,13.0,0.1282770628696058,1.0,0.3839702937249666,primary_only,0.0,0.0,12272.0,201.0,201.0,61.0,2.14396314293968e-05,0.0,,0.0,,0.0,,0.0,,,
10965008,K00536.01,CONFIRMED,1183.2,8.358,81.1701587,11.0,0.001131696378845,6.819462686567147,-2.417991967362809e-05,8.838933886109796,4.320262393875396e-05,0.0,14.0,14.0,1800,pdcsap_flux,51449.0,0.0,29.424267997965217,51.0,0.0042903698302119,1.0,0.0242959046823067,,0.0,0.0,745.0,200.0,200.0,4.0,3.2369302235722074e-05,0.0,,0.0,,0.0,,0.0,,,
10965963,K07392.01,FALSE POSITIVE,224329.0,6.03491,6.64024496,163.0,0.197670815465346,3.362735920398032,-0.0066468005211484,1486.2342826549857,0.0002875907355508,0.0779628516608382,17.0,14.0,60|1800,pdcsap_flux,51502.0,0.0,29.424284091219302,37.0,0.0378682691448981,1.0,0.2263018911886917,,0.0,0.0,7928.0,201.0,201.0,38.0,5.267102535573721e-05,0.0779628516608382,0.4798529807049574,0.0779628516608382,0.4798529807049574,0.0779628516608382,0.4798529807049574,0.0,,,
10975146,K01300.01,CONFIRMED,434.5,1.1487,0.63133171,2115.0,0.0004080687877852,0.8915283582089565,-2.3587225909449398e-05,15.240774739835542,1.2664611659385372e-06,0.0,26.0,17.0,60|1800,pdcsap_flux,64759.0,0.0,29.42442917672452,7.0,0.0758119689568578,1.0,0.4546858351734893,,0.0,0.0,19636.0,201.0,201.0,97.0,7.781965462539263e-06,0.0,,0.0,,0.0,,0.0,,,
10978763,K01931.01,CONFIRMED,287.3,2.5719,4.97760447,272.0,0.0002407302755225,1.3819164179104595,2.6763755585079707e-06,3.792790969324327,1.1086369250734585e-05,0.0,34.0,17.0,60|1800,pdcsap_flux,64793.0,0.0,29.424430182552896,15.0,0.0215289303611542,3.0,0.2109795811275909,,2.0,0.0924019570015279,5647.0,201.0,201.0,28.0,1.5248533211870362e-05,4.678095983245978e-05,0.4715126627795613,4.678095983245978e-05,0.4715126627795613,0.0,,0.0924019570015279,,,
10978763,K01931.02,CONFIRMED,194.2,3.366,10.55840479,119.0,0.0001637348996804,0.870805970149251,-2.7704532212124988e-05,1.9752080485166583,8.666971270887558e-06,7.111679704174811e-05,34.0,17.0,60|1800,pdcsap_flux,64793.0,0.0,29.424430182552896,21.0,0.0132832565893696,3.0,0.1876900282437917,,2.0,0.1163551618230364,3450.0,201.0,201.0,17.0,2.283778268833784e-05,7.111679704174811e-05,0.4896107187731917,8.380710141775438e-05,0.4447797277840693,7.111679704174811e-05,0.4896107187731917,0.1163551618230364,,,
10978763,K01931.03,CONFIRMED,193.2,3.103,6.98800953,179.0,0.0001959158400217,1.6672835820895398,-3.309221003777729e-06,4.14311461778838,1.1944914158124044e-05,0.0,34.0,17.0,60|1800,pdcsap_flux,64793.0,0.0,29.424430182552896,19.0,0.0185019305013264,3.0,0.2024755760653157,,2.0,0.1029123516429244,4729.0,201.0,201.0,24.0,2.078022837422824e-05,0.0,,0.0,,0.0,,0.1029123516429244,,,
10982373,K07395.01,FALSE POSITIVE,,1.22,2.00280845,666.0,-2.329086858199325e-05,0.6069651741293535,3.875394414376565e-05,-0.0957314036714784,3.7581687409637965e-05,0.0,18.0,18.0,1800,pdcsap_flux,65264.0,0.0,29.424444856122136,7.0,0.0253810259954382,1.0,0.1529020593282667,,0.0,0.0,6606.0,201.0,201.0,33.0,2.0438751835886116e-05,0.0,,0.0,,0.0,,0.0,,,
10982872,K00343.01,CONFIRMED,497.1,3.3061,4.761705895,282.0,0.0004874557248109,2.9606865671641693,1.5476212673837253e-05,24.211624915054404,6.354447344647518e-06,0.0,38.0,18.0,60|1800,pdcsap_flux,64613.0,0.0,29.424427589401603,21.0,0.0289295831586983,3.0,0.3164378685403866,,2.0,0.1739742776221503,7487.0,201.0,201.0,37.0,6.265203702291444e-06,0.0,,0.0,,0.0,,0.1739742776221503,,,
10982872,K00343.02,CONFIRMED,239.4,2.5273,2.024143568,599.0,0.0002251433908112,2.1626646766169246,1.1254691027029471e-05,11.842117092785474,2.38751376224755e-06,0.0,38.0,18.0,60|1800,pdcsap_flux,64613.0,0.0,29.424427589401603,15.0,0.0520240601168003,3.0,0.3851546902326157,,2.0,0.1072230046585052,13334.0,201.0,201.0,67.0,3.782384614647993e-06,0.0,,0.0,,0.0,,0.1072230046585052,,,
10982872,K00343.03,CONFIRMED,190.4,7.797,41.8085031,31.0,0.0001836238240863,3.4136119402985163,-2.996721224124421e-05,3.307896516050008,5.796583006500988e-05,0.0,38.0,18.0,60|1800,pdcsap_flux,64613.0,0.0,29.424427589401603,47.0,0.0077705484748627,3.0,0.2631513782056242,,2.0,0.2273071982418398,1961.0,201.0,201.0,10.0,1.5244502489901834e-05,0.0,,0.0,,0.0,,0.2273071982418398,,,
10990886,K00478.01,CONFIRMED,1795.5,1.4814,11.023474798,96.0,0.0016839662141857,1.2087044776119429,1.0495007736199824e-06,12.737052240761995,3.85263269201408e-05,0.0,14.0,14.0,1800,pdcsap_flux,51733.0,0.0,29.42476587777492,9.0,0.0055994140805038,1.0,0.0336149073125471,,0.0,0.0,1137.0,201.0,201.0,5.0,3.6464727263784936e-05,0.0001193588538636,0.111051589753098,0.0001544564464832,-0.4992845450218185,0.0,,0.0,,,
11017901,K01800.01,CONFIRMED,3387.4,1.1081,7.794302043,139.0,0.0029788034144752,0.7056557213930306,-1.380812927453956e-05,57.65348331614045,0.0001039108221062,4.353241433174837e-05,15.0,15.0,1800,pdcsap_flux,51971.0,0.0,29.4242653157562,7.0,0.0059236648873261,1.0,0.0364434011275519,,0.0,0.0,1255.0,201.0,201.0,6.0,1.1300597322855e-05,4.353241433174837e-05,-0.2570720406973227,5.55970659488203e-05,-0.2607743312519016,4.353241433174837e-05,-0.2570720406973227,0.0,,,
11038580,K04796.01,FALSE POSITIVE,131.8,13.53,419.4596,,0.0001225634431081,0.5385074626865674,-1.808233229549927e-05,0.998816723084471,2.4370141958884872e-05,0.0,8.0,8.0,1800,pdcsap_flux,31455.0,0.0,29.42360657674726,83.0,0.001343991173405,1.0,0.0103322206326498,,0.0,0.0,433.0,199.0,119.0,3.0,5.004114972666689e-05,0.0001581315743162,0.1165632691589406,0.0003003850227648,0.3326098502837788,0.0,,0.0,,,
11046458,K00214.01,CONFIRMED,5976.5,1.4049,3.311864148,319.0,0.0053686489747801,0.9226208955223828,-8.375706652374859e-05,82.70753313015659,0.0001356169584024,5.481222791203777e-05,35.0,14.0,60|1800,pdcsap_flux,51722.0,0.0,29.424767391756177,9.0,0.0176750909409584,1.0,0.1058737094466571,,0.0,0.0,3620.0,201.0,201.0,18.0,1.5552700071131697e-05,5.481222791203777e-05,0.4898618780351053,6.607126498192617e-05,-0.4990911901267957,5.481222791203777e-05,0.4898618780351053,0.0,,,
11099109,K08219.01,FALSE POSITIVE,415.1,11.39,115.28415,3.0,0.0003598994588432,0.9066666666666662,4.624699371724717e-05,1.6027767125745225,0.0003774056062626,0.0,6.0,6.0,1800,pdcsap_flux,21289.0,0.0,29.42476504482329,69.0,0.0041166399139286,1.0,0.021654375499084,,0.0,0.0,275.0,200.0,149.0,1.0,5.665311460484096e-05,0.0002046442070331,0.2950754045367453,0.0002046442070331,0.2950754045367453,0.0,,0.0,,,
11100657,K01418.01,FALSE POSITIVE,9695.0,1.8014,8.344104633,104.0,0.0085494875657204,1.1113114427860682,-0.0008427204332459,33.76100035394037,0.0002258919634163,0.0007273316339866,11.0,11.0,1800,pdcsap_flux,41905.0,0.0,29.42485002684407,11.0,0.008995372977046,1.0,0.054098556258203,,0.0,0.0,1501.0,201.0,201.0,8.0,6.245214626397306e-05,0.0007273316339866,-0.4909932591805971,0.0007273316339866,-0.4909932591805971,0.0007273316339866,-0.4909932591805971,0.0,,,
11124353,K08220.01,FALSE POSITIVE,834.9,19.4,423.73074,3.0,0.000690717285154,1.1582089552238788,0.0002795489957262,1.682141132871336,0.0001319579459306,0.0,13.0,13.0,1800,pdcsap_flux,49835.0,0.0,29.424159279442392,119.0,0.0019076579936903,1.0,0.0116584729607705,,0.0,0.0,466.0,200.0,163.0,3.0,0.0001208627798596,0.0004946332596231,0.4702833210725682,0.0004946332596231,0.4702833210725682,0.0,,0.0,,,
11124703,K04445.01,FALSE POSITIVE,769.8,10.87,244.60373,,0.0002949776682562,1.7305472636815864,-8.702998301557408e-05,0.8997470091827725,0.0003537453321165,0.0,14.0,14.0,1800,pdcsap_flux,51468.0,0.0,29.42423061467707,67.0,0.001851634342071,1.0,0.0130760861117587,,0.0,0.0,400.0,200.0,194.0,2.0,8.671605078645732e-05,0.0002735683600393,0.2603590684201963,0.0003825538051334,0.2649881542753733,0.0,,0.0,,,
11144439,K07412.01,FALSE POSITIVE,139.2,0.655,0.609125246,1862.0,0.0001190999347614,0.0782089552238805,-2.945027875178585e-05,1.7646367451083769,3.350643156263544e-06,0.0,14.0,14.0,1800,pdcsap_flux,54913.0,0.0,29.424482904723845,5.0,0.0448046881095233,1.0,0.2688980751370349,,0.0,0.0,9842.0,201.0,201.0,49.0,1.6596732909098955e-05,0.0,,0.0,,0.0,,0.0,,,
11147276,K07413.01,FALSE POSITIVE,92511.0,3.2593,1.566528935,860.0,0.0822568195423389,1.816127363184087,-0.0024380383422597,351.523111425913,0.0413455859990594,0.0,17.0,17.0,1800,pdcsap_flux,64795.0,0.0,29.424434965476397,19.0,0.0866911319877195,1.0,0.5203487923450884,,0.0,0.0,22540.0,201.0,201.0,107.0,0.0002965537356818,0.0,,0.0,,0.0,,0.0,,,
11179076,K02497.01,CONFIRMED,886.4,4.03,48.4313003,22.0,0.000771073518657,0.8019900497512464,-5.109134487635281e-05,2.312416913882293,0.0002573607156093,0.0,14.0,14.0,1800,pdcsap_flux,51486.0,0.0,29.424250898882747,25.0,0.0034671104353286,1.0,0.0209959989123256,,0.0,0.0,722.0,201.0,201.0,3.0,7.841745469595952e-05,0.0002499737233355,0.2007979119400164,0.0003152968244041,-0.2299905596495829,0.0,,0.0,,,
11188249,K02765.01,FALSE POSITIVE,85.5,3.426,2.75505467,479.0,7.809270301073479e-05,2.5226268656716444,-9.044230554366983e-06,4.077435497324643,2.3829729193569623e-05,0.0,16.0,16.0,1800,pdcsap_flux,63105.0,0.0,29.424388440675106,21.0,0.0518138538426898,1.0,0.3109896204738135,,0.0,0.0,13204.0,201.0,201.0,70.0,5.364182863991285e-06,0.0,,0.0,,0.0,,0.0,,,
11192235,K02329.01,CONFIRMED,499.6,1.1435,1.615357809,822.0,0.000424306425424,0.7737114427860697,-9.170209719222556e-05,4.758895181437092,4.09024184878648e-05,0.0,17.0,17.0,1800,pdcsap_flux,64773.0,0.0,29.42442993633449,7.0,0.0294955291439912,1.0,0.1768175011192935,,0.0,0.0,7608.0,201.0,201.0,38.0,2.1781069697110957e-05,0.0,,0.0,,0.0,,0.0,,,
11193447,K01415.01,FALSE POSITIVE,35262.0,2.0646,0.312941621,,0.0330665111541748,1.1915104477611915,-0.0005054473876953,8.374923156074976,0.0026010870933532,,18.0,18.0,1800,pdcsap_flux,65261.0,0.0,29.42444116284605,,0.2748915268129195,1.0,1.0,none,0.0,0.0,65261.0,183.0,183.0,357.0,,,,,,,,0.0,blanking covers 1.10 of the orbit,,
11197126,K01443.01,FALSE POSITIVE,248.2,1.9742,4.494498254,305.0,0.0001961516724472,1.1786268656716474,6.487781322839226e-06,6.365653915822373,1.3464461807388696e-05,6.741891022554736e-05,18.0,18.0,1800,pdcsap_flux,65222.0,0.0,29.424445359036326,13.0,0.0183020058490678,1.0,0.109763576707246,,0.0,0.0,4848.0,201.0,201.0,24.0,7.0757560349444354e-06,6.741891022554736e-05,0.2618653443143791,6.741891022554736e-05,0.2618653443143791,6.741891022554736e-05,0.2618653443143791,0.0,,,
11232745,K07421.01,FALSE POSITIVE,35756.4,2.45699,4.81712182,221.0,0.026605988642865,1.564650348258709,-0.0003549275057435,132.71780953812737,0.0117394615405141,0.0,14.0,14.0,1800,pdcsap_flux,51500.0,0.0,29.42425978370011,15.0,0.0212522305141399,1.0,0.1271456310679611,,0.0,0.0,4358.0,201.0,201.0,22.0,3.4019812126903305e-05,0.0001120858704209,0.304972231548818,0.0001120858704209,0.304972231548818,0.0,,0.0,,,
11240948,K07425.01,FALSE POSITIVE,2477.0,16.5797,3.401949837,394.0,0.002220527279203,10.228272636815952,0.0003940639240338,5.566910932342108,4.184640208504398e-05,,19.0,18.0,60|1800,pdcsap_flux,65245.0,0.0,29.42443530075252,101.0,0.2030661433686899,1.0,0.6100544102996398,primary_only,0.0,0.0,53082.0,201.0,201.0,264.0,,,,,,,,0.0,blanking covers 0.81 of the orbit,,
11244137,K02994.01,CONFIRMED,73.6,3.097,2.03387483,655.0,6.396400709840488e-05,1.1093731343283544,4.6947432409405465e-06,2.355851567735542,5.608576180149427e-07,0.0,17.0,17.0,1800,pdcsap_flux,64727.0,0.0,29.424430098733865,19.0,0.0634462184020767,1.0,0.3805521652478872,,0.0,0.0,16349.0,201.0,201.0,81.0,7.793647936215907e-06,2.4232131779600152e-05,-0.3017098173754571,2.4232131779600152e-05,-0.3017098173754571,0.0,,0.0,,,
11246364,K00539.01,FALSE POSITIVE,,7.27,200.0,,6.770444029102762e-05,0.5787064676616898,-8.006225428480729e-05,0.5986565312542296,7.728737285661591e-05,0.0,17.0,17.0,1800,pdcsap_flux,64681.0,0.0,29.42442841711454,45.0,0.0015145833333333,1.0,0.0088279401988219,,0.0,0.0,447.0,201.0,179.0,2.0,3.507844857114081e-05,0.0001197955842,0.0549272934260149,0.0001275462019997,0.178365835092689,0.0,,0.0,,,
11251058,K07429.01,FALSE POSITIVE,60.0,3.069,2.25284817,588.0,5.933893142850977e-05,0.7328955223880627,-7.297355013036189e-06,2.564586489017993,7.246172659680639e-06,0.0,18.0,18.0,1800,pdcsap_flux,65256.0,0.0,29.424444353207942,19.0,0.0567614816226164,1.0,0.340275223734216,,0.0,0.0,14694.0,201.0,201.0,73.0,3.345438969258607e-06,0.0,,0.0,,0.0,,0.0,,,
11259686,K00294.01,CONFIRMED,424.5,5.82,34.4359387,31.0,0.0004068277774307,5.211940298507463,-9.76515838302383e-07,9.84018050560232,2.096354923764032e-06,0.0,21.0,15.0,60|1800,pdcsap_flux,52179.0,0.0,29.424772085621957,35.0,0.0070420615541402,1.0,0.0433507732996032,,0.0,0.0,1510.0,201.0,201.0,7.0,1.065399238593947e-05,4.102495931768146e-05,0.3864308144260028,4.102495931768146e-05,0.3864308144260028,0.0,,0.0,,,
11288051,K00241.01,CONFIRMED,765.2,3.985,13.82142084,76.0,0.0007361708670866,3.09283582089553,-2.6514950605793786e-05,11.959245895563456,3.113381690689199e-05,0.0,18.0,14.0,60|1800,pdcsap_flux,51446.0,0.0,29.4243011798244,25.0,0.0120133572798921,3.0,0.1907242545581775,,2.0,0.1255879951794114,2413.0,201.0,201.0,12.0,1.4983097022972756e-05,5.372521665925056e-05,-0.0479381838086285,5.372521665925056e-05,-0.0479381838086285,0.0,,0.1255879951794114,,,
11288051,K00241.02,CONFIRMED,301.4,5.394,30.9505927,36.0,0.0002620974488114,2.790925373134328,2.8398951363861613e-05,3.142874849609715,2.595656756732012e-05,0.0,18.0,14.0,60|1800,pdcsap_flux,51446.0,0.0,29.4243011798244,33.0,0.0072615733785285,3.0,0.176787310966839,,2.0,0.1367258873381798,1541.0,201.0,201.0,8.0,1.972101591765476e-05,6.951470747484922e-05,0.0510078011907065,7.955675704829357e-05,0.1708237619364277,0.0,,0.1367258873381798,,,
11288051,K00241.03,CONFIRMED,136.2,2.866,3.41045981,302.0,0.0001234495604871,1.3688358208955116,-1.6546262735395167e-05,3.496823460714101,3.268310705450972e-05,0.0,18.0,14.0,60|1800,pdcsap_flux,51446.0,0.0,29.4243011798244,17.0,0.0350148288851017,3.0,0.2564630875092329,,2.0,0.056991797224274,7176.0,201.0,201.0,35.0,9.936252851821023e-06,0.0,,0.0,,0.0,,0.056991797224274,,,
11295426,K00246.01,CONFIRMED,346.5,3.4303,5.398752862,252.0,0.0003370569392783,3.1401751243781075,-4.95500063091292e-07,46.03274547003853,1.1759128831001496e-05,0.0,57.0,18.0,60|1800,pdcsap_flux,65247.0,0.0,29.424437815323472,21.0,0.0264744785175659,2.0,0.1919321961162965,,1.0,0.0392814995325455,6967.0,201.0,201.0,35.0,2.177451748683368e-06,6.730165210022676e-06,0.4100635028910451,6.730165210022676e-06,0.4100635028910451,0.0,,0.0392814995325455,,,
11295426,K00246.02,CONFIRMED,55.0,3.0063,9.60505976,131.0,5.422547987588011e-05,2.213594029850758,5.369802364429965e-06,3.711379504966863,7.477194545080223e-06,0.0,57.0,18.0,60|1800,pdcsap_flux,65247.0,0.0,29.424437815323472,19.0,0.0130413035556168,2.0,0.1532024460894754,,1.0,0.0800649838306742,3419.0,201.0,201.0,17.0,2.912698415789228e-06,9.557006328653196e-06,0.4732134425653369,1.3395483955291889e-05,-0.4918430205503101,0.0,,0.0800649838306742,,,
11304987,K02993.01,FALSE POSITIVE,1433.7,1.2804,0.692693892,1931.0,0.0012632389369097,0.7898985074626889,-8.390580626072008e-06,30.12793831666064,0.0001299460889048,0.0,17.0,17.0,1800,pdcsap_flux,64736.0,0.0,29.424434630200267,7.0,0.077018146999916,1.0,0.4623084527928818,,0.0,0.0,19956.0,201.0,201.0,99.0,1.2641870801160958e-05,0.0,,0.0,,0.0,,0.0,,,
11305996,K03256.01,FALSE POSITIVE,332.7,4.285,55.7002642,26.0,0.0003074078991573,0.4263681592039772,2.8838145019971503e-05,1.437747483229593,0.0001411002401529,0.0,17.0,17.0,1800,pdcsap_flux,64757.0,0.0,29.42443546315189,27.0,0.0032054007145385,1.0,0.0197816452275429,,0.0,0.0,871.0,201.0,201.0,5.0,4.3234218179570805e-05,0.0001314401573672,0.3899028378696212,0.0001314401573672,0.3899028378696212,0.0,,0.0,,,
11308499,K02168.01,CONFIRMED,191.0,2.917,3.28192056,407.0,0.0001843063811453,1.0448955223880656,-1.1714371655813238e-05,4.122106504247326,1.860706576561899e-05,0.0,17.0,17.0,1800,pdcsap_flux,64693.0,0.0,29.424436641857028,17.0,0.0370337015916883,2.0,0.2601363362342139,,1.0,0.0484132750065694,9539.0,201.0,201.0,48.0,1.4130725799553234e-05,0.0,,0.0,,0.0,,0.0484132750065694,,,
11308499,K02168.02,CONFIRMED,263.0,4.853,12.51610549,101.0,0.0002454331097897,1.931542288557217,-3.8333863556339054e-05,3.260007507996446,1.628402626641101e-05,0.0,17.0,17.0,1800,pdcsap_flux,64693.0,0.0,29.424436641857028,29.0,0.0161558508351413,2.0,0.1962654383008981,,1.0,0.1104910886803827,4182.0,201.0,201.0,21.0,2.030935912543411e-05,0.0,,0.0,,0.0,,0.1104910886803827,,,
11337141,K01649.01,CONFIRMED,416.2,1.965,4.04355245,265.0,0.000361430761091,0.3910447761194024,-3.4070528423080226e-05,3.9539000494662377,4.588933092297687e-05,0.0,14.0,14.0,1800,pdcsap_flux,51488.0,0.0,29.424227251438424,13.0,0.0202482844015044,1.0,0.1214651957737725,,0.0,0.0,4191.0,201.0,201.0,21.0,2.5239991566462016e-05,0.0,,0.0,,0.0,,0.0,,,
11338918,K05884.01,FALSE POSITIVE,322.1,3.84,588.63759,,0.0002042330231544,0.0764179104477617,-5.143971496868183e-06,1.283157191706067,5.0814396006071405e-05,0.0003512268837151,14.0,14.0,1800,pdcsap_flux,51482.0,0.0,29.42426229827106,23.0,0.0002718141055177,1.0,0.0018258808904082,,0.0,0.0,94.0,199.0,94.0,0.0,8.924091632963286e-05,0.0003512268837151,-0.1327522272505759,0.0009815008511516,0.3162506983014231,0.0003512268837151,-0.1327522272505759,0.0,,,
11342416,K02366.01,CONFIRMED,110.1,4.746,25.3690868,45.0,0.0001039847381255,0.9444776119402998,-2.07834375941518e-05,3.5188945893245216,6.9658698137464725e-06,0.0,15.0,15.0,1800,pdcsap_flux,51927.0,0.0,29.4243482965976,29.0,0.0077949199180476,1.0,0.0484718932347333,,0.0,0.0,1699.0,201.0,201.0,8.0,7.549115999354416e-06,3.0763729816696284e-05,-0.2651740743324584,3.0763729816696284e-05,-0.2651740743324584,0.0,,0.0,,,
11551692,K01781.01,CONFIRMED,2018.1,2.89,7.834433676,135.0,0.0019631119228984,2.3580099502487397,2.364044922531505e-05,26.337853520689865,8.342296142538341e-05,0.0001407691588508,29.0,15.0,60|1800,pdcsap_flux,51970.0,0.0,29.42435315810144,17.0,0.0153701813872713,3.0,0.1780642678468347,,2.0,0.0955743698287473,3171.0,201.0,201.0,16.0,3.504198787000447e-05,0.0001407691588508,-0.2655815731152156,0.0001810226479828,-0.2444475737077176,0.0001407691588508,-0.2655815731152156,0.0955743698287473,,,
11551692,K01781.02,CONFIRMED,691.6,2.0747,3.005156911,342.0,0.0006561346094798,1.6927900497512525,-7.075439152481877e-05,8.423087049624037,1.720755320788747e-05,0.0,29.0,15.0,60|1800,pdcsap_flux,51970.0,0.0,29.42435315810144,13.0,0.0287658301691033,3.0,0.2194535308832018,,2.0,0.0559553588608812,5925.0,201.0,201.0,29.0,2.041427191791796e-05,0.0,,0.0,,0.0,,0.0559553588608812,,,
11551692,K01781.03,CONFIRMED,1286.6,5.348,58.0198583,16.0,0.0011483958436885,2.767124378109435,-7.290369210666281e-05,5.137193878500119,9.374093485225998e-05,0.0005633986538438,29.0,15.0,60|1800,pdcsap_flux,51970.0,0.0,29.42435315810144,33.0,0.0038406390477746,3.0,0.1483740619588223,,2.0,0.1274966326726958,745.0,201.0,199.0,4.0,3.92855790766036e-05,0.0002727473665545,0.2431648945288706,0.0005633986538438,0.4644817196568843,0.0005633986538438,0.4644817196568843,0.1274966326726958,,,
11560037,K03874.01,FALSE POSITIVE,1346.4,0.8222,1.466535757,1825.0,0.0012162014130594,0.6381253731343262,-8.392023999270748e-06,14.100387270668628,1.7487019014494898e-05,0.0004299031533475,17.0,17.0,1800,pdcsap_flux,64773.0,0.0,29.42442792467773,5.0,0.0233600395829512,1.0,0.1400274805860466,,0.0,0.0,6047.0,201.0,201.0,30.0,1.625995530701353e-05,0.0004299031533475,0.4996713229774409,0.0004299031533475,0.4996713229774409,0.0004299031533475,0.4996713229774409,0.0,,,
11670125,K02355.01,CONFIRMED,459.8,1.3285,1.217000383,1067.0,0.0004161001930355,0.660945273631841,3.323315670322735e-06,4.836231186491649,2.190946041313868e-05,0.0,16.0,16.0,1800,pdcsap_flux,63168.0,0.0,29.424393548397347,9.0,0.0454840996271622,1.0,0.2730813069908814,,0.0,0.0,11459.0,201.0,201.0,57.0,2.0778312502688023e-05,6.774494590811031e-05,0.4949959213536585,6.774494590811031e-05,0.4949959213536585,0.0,,0.0,,,
11820830,K01728.01,FALSE POSITIVE,11449.0,4.4157,12.7319385,109.0,0.0103088882207559,2.5483641791044773,-0.0008802354774324,15.322021092621062,5.79586836013668e-05,0.0,18.0,18.0,1800,pdcsap_flux,65263.0,0.0,29.42444368265569,27.0,0.0144508630794909,1.0,0.0869711781560761,,0.0,0.0,3932.0,201.0,201.0,20.0,6.178217485862024e-05,0.0,,0.0,,0.0,,0.0,,,
11872139,K04350.01,FALSE POSITIVE,27.5,3.429,1.75649346,766.0,2.606228232526764e-05,0.545910447761194,-1.1253958110968298e-06,1.888505818213137,1.1382883318922232e-05,0.0,18.0,18.0,1800,pdcsap_flux,65244.0,0.0,29.42444484564476,21.0,0.0813410372732045,1.0,0.4883514192875973,,0.0,0.0,21194.0,201.0,201.0,107.0,4.224199210967782e-06,0.0,,0.0,,0.0,,0.0,,,
11873166,K07487.01,FALSE POSITIVE,99056.0,2.7415,0.734426335,909.0,0.0863745088622652,1.527601990049746,-0.0023313486820829,84.30534655073066,0.0384558783844377,0.0,18.0,18.0,1800,pdcsap_flux,65266.0,0.0,29.424445348558947,17.0,0.1555352269151223,1.0,0.4663377562590016,primary_only,0.0,0.0,40593.0,201.0,201.0,202.0,7.20790547684217e-05,0.0,,0.0,,0.0,,0.0,,,
11873171,K07488.01,FALSE POSITIVE,94.1,1.569,0.734426409,1820.0,7.914077094828276e-05,0.0936716417910452,-9.274823820848432e-06,1.396870629107499,4.834817785681622e-05,0.0,17.0,17.0,1800,pdcsap_flux,64757.0,0.0,29.42443530075252,9.0,0.0890150452092471,1.0,0.534320613987677,,0.0,0.0,23078.0,201.0,201.0,114.0,1.268389593904904e-05,4.2995638779963485e-05,0.4012821243725626,4.2995638779963485e-05,0.4012821243725626,0.0,,0.0,,,
11874338,K03464.01,FALSE POSITIVE,643.5,3.549,15.9750417,83.0,0.0005774091186135,1.5537910447761196,2.193298654873388e-05,7.017028110074445,1.3001379016941428e-05,0.000308849206916,17.0,17.0,1800,pdcsap_flux,64748.0,0.0,29.42443597130477,21.0,0.0092566268543762,1.0,0.0538240563415086,,0.0,0.0,2334.0,201.0,201.0,12.0,2.2334210308191424e-05,0.000308849206916,0.349306504978567,0.000308849206916,0.349306504978567,0.000308849206916,0.349306504978567,0.0,,,
11874577,K02779.01,CONFIRMED,431.0,7.434,34.4585495,39.0,0.000391224894252,4.586149253731349,2.8531945853949026e-05,3.0505628347052687,0.0001127999447326,0.0,17.0,17.0,1800,pdcsap_flux,64725.0,0.0,29.424436474218965,45.0,0.0089890609005466,1.0,0.0527307840865198,,0.0,0.0,2235.0,201.0,201.0,11.0,2.835877621159679e-05,9.89608478191295e-05,0.4809491665382391,9.89608478191295e-05,0.4809491665382391,0.0,,0.0,,,
11875511,K03471.01,FALSE POSITIVE,7062.8,8.9387,67.451045,20.0,0.0064752566639028,1.0673074626865595,0.0002837254030889,44.81952010911071,6.551785909858499e-05,0.006072463752855,17.0,17.0,1800,pdcsap_flux,64777.0,0.0,29.42443579318933,55.0,0.005521720728468,1.0,0.0339626719360266,,0.0,0.0,1492.0,200.0,150.0,5.0,4.527444675650196e-05,0.006072463752855,0.2303574081424357,0.006072463752855,0.2303574081424357,0.006072463752855,0.2303574081424357,0.0,,,
11912932,K03085.01,FALSE POSITIVE,98.2,3.713,3.74785358,357.0,0.0001007124242163,1.1822487562189106,-4.600074944405286e-06,2.8612867040171674,2.0206200094574637e-05,0.0,17.0,17.0,1800,pdcsap_flux,64731.0,0.0,29.42442624829709,23.0,0.041279182879213,1.0,0.2471613291931223,,0.0,0.0,10707.0,201.0,201.0,53.0,9.173628522568664e-06,0.0,,0.0,,0.0,,0.0,,,
11913013,K01462.01,FALSE POSITIVE,5367.0,5.241,3.74781242,238.0,0.0047741393333256,2.920358208955236,-0.0001430966122912,8.00605015902478,0.0002914933888568,0.0008747159498462,11.0,11.0,1800,pdcsap_flux,43339.0,0.0,29.42464786581695,33.0,0.0582673238486146,1.0,0.3493850804125614,,0.0,0.0,10088.0,201.0,201.0,50.0,0.0001407138799645,0.0008747159498462,-0.4974269445351387,0.0008747159498462,-0.4974269445351387,0.0008747159498462,-0.4974269445351387,0.0,,,
11918482,K07493.01,FALSE POSITIVE,11348.0,1.7347,0.94754848,35.0,0.0004073732196258,0.1726069651741291,-0.0006234137755067,0.3398197290623587,0.0006080343932869,0.0,2.0,2.0,1800,pdcsap_flux,2092.0,0.0,29.42534272558987,11.0,0.076280177945794,1.0,0.4536328871892925,,0.0,0.0,632.0,201.0,201.0,3.0,0.0004276357348617,0.0,,0.0,,0.0,,0.0,,,
11918793,K08069.01,FALSE POSITIVE,3090.0,2.9,38.35312,4.0,0.0018905517675706,0.0577114427860696,-0.0005154769678031,1.9772908688473307,0.000642931904326,0.0,3.0,3.0,1800,pdcsap_flux,9828.0,0.0,29.42413824610412,17.0,0.0031505476825179,1.0,0.0179080179080179,,0.0,0.0,95.0,196.0,34.0,0.0,0.0003169222954964,0.0009854501968685,0.267159092494018,0.0010946713115405,0.3758529875408912,0.0,,0.0,,,
11922290,K08070.01,FALSE POSITIVE,281.8,2.784,114.661733,10.0,0.000257454195907,0.1108059701492548,0.0001042539869793,1.3350583747598634,7.658571207858067e-05,0.0004327609499324,17.0,17.0,1800,pdcsap_flux,64792.0,0.0,29.42443311098032,17.0,0.0010116714353166,1.0,0.0057260155574762,,0.0,0.0,205.0,201.0,125.0,1.0,5.7837803040831e-05,0.0004327609499324,-0.116575198256121,0.0004327609499324,-0.116575198256121,0.0004327609499324,-0.116575198256121,0.0,,,
11922678,K02425.01,FALSE POSITIVE,83.1,3.06,3.51295674,765.0,7.623184198524147e-05,1.826865671641782,4.223622372512281e-06,3.4390077977132383,1.4338918063017124e-05,3.689353686353592e-05,18.0,18.0,1800,pdcsap_flux,65190.0,0.0,29.424445359036326,19.0,0.036294212948378,1.0,0.217057830955668,,0.0,0.0,9517.0,201.0,201.0,48.0,7.139894147324987e-06,3.689353686353592e-05,0.4997828851354342,3.689353686353592e-05,0.4997828851354342,3.689353686353592e-05,0.4997828851354342,0.0,,,
11922782,K07495.01,FALSE POSITIVE,188219.0,4.7781,1.756466865,766.0,0.1576237215500652,2.6624238805970104,-0.005133411844587,373.0024715913683,0.0972199051376445,0.0,20.0,18.0,60|1800,pdcsap_flux,65266.0,0.0,29.42444452084601,29.0,0.1133454345009804,1.0,0.6803542426378206,,0.0,0.0,29552.0,201.0,201.0,147.0,0.0005962728827234,0.0,,0.0,,0.0,,0.0,,,
11923284,K02026.01,CONFIRMED,211.0,2.1489,2.757977384,487.0,0.000191788797484,1.7105671641791111,-8.66336707638915e-06,6.710555673484573,1.27978781127025e-05,0.0,18.0,18.0,1800,pdcsap_flux,65261.0,0.0,29.424445102340545,13.0,0.032464914512874,1.0,0.1956145324159911,,0.0,0.0,8525.0,201.0,201.0,43.0,6.600509950251498e-06,2.558943989250384e-05,-0.4976178464278762,2.558943989250384e-05,-0.4976178464278762,0.0,,0.0,,,
11923819,K07496.01,FALSE POSITIVE,222167.0,9.01353,33.159475806,39.0,0.1945518496110758,5.022464477611921,-0.0038823923985144,2104.0346423582787,0.0042214662338045,0.0482395349478025,19.0,18.0,60|1800,pdcsap_flux,65266.0,0.0,29.424445694312453,55.0,0.0113259857362414,1.0,0.0659761591027487,,0.0,0.0,2841.0,201.0,201.0,14.0,3.315437451809451e-05,0.0482395349478025,0.3338894254547389,0.0482395349478025,0.3338894254547389,0.0482395349478025,0.3338894254547389,0.0,,,
11955499,K01512.01,FALSE POSITIVE,783.4,2.789,9.04189129,119.0,0.0007354259800707,0.3885174129353261,2.1886097410384053e-05,5.980170520696625,4.190442716345277e-05,0.0001733213881499,14.0,14.0,1800,pdcsap_flux,51457.0,0.0,29.424331029877067,17.0,0.0128522152729103,1.0,0.0753638960685621,,0.0,0.0,2613.0,200.0,174.0,12.0,2.8388601838026934e-05,0.0001733213881499,0.4945129306071,0.0001733213881499,0.4945129306071,0.0001733213881499,0.4945129306071,0.0,,,
11959569,K07497.01,FALSE POSITIVE,349630.0,19.092,46.14869106,0.0,,,,,,,,,,,,,,,,,,,,,,,,,,,,,,,,,,koi_num_transits is 0,precheck
11966668,K08071.01,FALSE POSITIVE,721.0,8.603,313.19875,4.0,0.0007206923835585,1.3696318407960169,-0.0001234361573253,1.457465631851188,0.0001296688071689,0.0,17.0,17.0,1800,pdcsap_flux,64726.0,0.0,29.42442893050611,53.0,0.0011445075477898,1.0,0.0072922782189537,,0.0,0.0,277.0,201.0,187.0,1.0,0.0001270284883547,0.0004010636868525,0.0280541354448458,0.0004492687993711,-0.0317463839271657,0.0,,0.0,,,
12004689,K07504.01,FALSE POSITIVE,163.3,2.706,2.5212708,406.0,0.0001544423464591,0.4308059701492508,-3.8185755182995607e-05,1.1636529470012889,8.75279151202335e-06,0.0,13.0,13.0,1800,pdcsap_flux,49836.0,0.0,29.42425391636789,17.0,0.0447195120809712,1.0,0.269122722529898,,0.0,0.0,8863.0,201.0,201.0,44.0,3.543991629772671e-05,0.0,,0.0,,0.0,,0.0,,,
12012872,K08233.01,FALSE POSITIVE,115.4,5.12,14.395425,93.0,9.566400461791248e-05,0.713233830845777,-6.770731859284673e-06,1.199416263987464,2.3980298775150288e-05,0.0,17.0,17.0,1800,pdcsap_flux,64018.0,0.0,29.424430271610618,31.0,0.0148195231007999,1.0,0.0894279733824861,,0.0,0.0,3700.0,201.0,201.0,18.0,5.133301545424331e-05,0.0,,0.0,,0.0,,0.0,,,
12068975,K00623.01,CONFIRMED,119.0,4.4859,10.34973276,128.0,0.000115910846824,3.6601373134328488,1.0513879986073782e-05,7.86446489691495,5.606314197881268e-06,0.0,49.0,17.0,60|1800,pdcsap_flux,64756.0,0.0,29.42443277570419,27.0,0.0180596450492312,4.0,0.240425597628019,,3.0,0.1484958922725307,4556.0,201.0,201.0,23.0,4.9555244069217405e-06,1.9704943833520616e-05,-0.0868722615509106,1.9704943833520616e-05,-0.0868722615509106,0.0,,0.1484958922725307,,,
12068975,K00623.02,CONFIRMED,115.5,5.5082,15.67750191,72.0,0.000107503003962,3.178861691542291,-8.688784268073846e-06,5.176152729213618,4.791498960377005e-06,1.929092818486744e-05,49.0,17.0,60|1800,pdcsap_flux,64756.0,0.0,29.42443277570419,33.0,0.0146393433501634,4.0,0.2297856569275433,,3.0,0.1588578664525295,3758.0,201.0,201.0,19.0,5.103727239286115e-06,1.929092818486744e-05,-0.1157010237587202,1.929092818486744e-05,-0.1157010237587202,1.929092818486744e-05,-0.1157010237587202,0.1588578664525295,,,
12068975,K00623.03,CONFIRMED,84.8,3.8944,5.59931543,231.0,7.774647811864543e-05,2.635016915422874,-9.407282363094184e-07,6.08274465782535,1.4407056721066349e-05,0.0,49.0,17.0,60|1800,pdcsap_flux,64756.0,0.0,29.42443277570419,23.0,0.0289797330933125,4.0,0.2658749768361232,,3.0,0.1223979245166471,7624.0,201.0,201.0,38.0,4.108990912514443e-06,0.0,,0.0,,0.0,,0.1223979245166471,,,
12068975,K00623.04,CONFIRMED,62.1,6.553,25.2100146,43.0,6.233191582416531e-05,2.216935323383079,-1.2523534772101996e-05,2.410871850740496,1.4198899640494034e-05,2.8479148672211352e-05,49.0,17.0,60|1800,pdcsap_flux,64756.0,0.0,29.42443277570419,41.0,0.0108306826076438,4.0,0.2233306566186917,,3.0,0.1710266230156279,2803.0,201.0,201.0,14.0,7.081937041141839e-06,2.8479148672211352e-05,0.1065274199768779,2.8479148672211352e-05,0.1065274199768779,2.8479148672211352e-05,0.1065274199768779,0.1710266230156279,,,
12070811,K00785.01,CONFIRMED,916.6,3.8896,12.3935651,107.0,0.0008419582360648,2.9413890547263564,0.0001670788727778,5.069917096326997,3.4036545052074096e-05,0.0,17.0,17.0,1800,pdcsap_flux,64749.0,0.0,29.424434630200267,23.0,0.0130766785310763,1.0,0.0795379079213578,,0.0,0.0,3364.0,201.0,201.0,17.0,4.119527744426092e-05,0.0,,0.0,,0.0,,0.0,,,
12107021,K00360.01,FALSE POSITIVE,175.6,3.95,5.93719982,114.0,0.0001860147024996,2.59402985074628,3.3674289754981324e-05,6.347261592970754,2.328350338132168e-05,2.8790266968448108e-05,9.0,9.0,1800,pdcsap_flux,33273.0,0.0,29.42500047152862,25.0,0.0277206997108164,1.0,0.166651639467436,,0.0,0.0,3650.0,201.0,201.0,18.0,7.488937129187678e-06,2.8790266968448108e-05,0.4967850393971266,2.8790266968448108e-05,0.4967850393971266,2.8790266968448108e-05,0.4967850393971266,0.0,,,
12110786,K02665.01,FALSE POSITIVE,54.7,1.35,1.112207126,1202.0,5.054545825589063e-05,0.2686567164179099,-6.077692157435699e-06,1.836419837488786,2.195616978895032e-06,0.0,17.0,17.0,1800,pdcsap_flux,64783.0,0.0,29.424425158649683,9.0,0.0505751120317853,1.0,0.3032122624762669,,0.0,0.0,13097.0,201.0,201.0,62.0,6.022263811339923e-06,0.0,,0.0,,0.0,,0.0,,,
12115188,K02396.01,FALSE POSITIVE,287.9,1.2496,0.495434094,1352.0,0.0002750354277476,1.0195741293532383,-9.825952302144891e-06,9.420167981546296,2.9218662765950757e-05,0.0,17.0,17.0,1800,pdcsap_flux,64777.0,0.0,29.4244294334203,7.0,0.1050930230624513,1.0,0.6306096299612517,,0.0,0.0,27228.0,201.0,201.0,136.0,9.763294019558975e-06,0.0,,0.0,,0.0,,0.0,,,
12120484,K02407.01,CONFIRMED,203.1,7.042,17.2922631,81.0,0.0001817945746688,3.2232039800995227,-7.5401510034600605e-06,3.634482283510993,3.44979913002863e-06,0.0,17.0,17.0,1800,pdcsap_flux,64751.0,0.0,29.42443563078996,43.0,0.0169680894264595,1.0,0.1034424178777161,,0.0,0.0,4475.0,201.0,201.0,23.0,1.3016490575134954e-05,0.0,,0.0,,0.0,,0.0,,,
12156347,K02588.01,CONFIRMED,396.6,2.5213,5.77957133,233.0,0.0004436085183888,0.451576119402989,7.371616735152298e-05,3.4360869132992677,4.360806003267381e-05,0.0,17.0,17.0,1800,pdcsap_flux,64795.0,0.0,29.424423230811957,15.0,0.0181768094324508,1.0,0.1094683231730843,,0.0,0.0,4736.0,201.0,201.0,24.0,3.4623241546370176e-05,0.0001147531070574,0.3020658945833463,0.0001461226135853,-0.4979892016596942,0.0,,0.0,,,
12254378,K02387.01,CONFIRMED,315.5,1.6762,2.032319072,654.0,0.0002866240459867,0.4336437810945266,6.816810732768186e-05,4.00132575068003,1.4858653855975844e-05,0.0,17.0,17.0,1800,pdcsap_flux,64755.0,0.0,29.424422727897763,11.0,0.0343655027544152,1.0,0.2061771291792139,,0.0,0.0,8850.0,201.0,201.0,44.0,2.1677941343630235e-05,0.0,,0.0,,0.0,,0.0,,,
12306058,K02541.01,CONFIRMED,72.6,7.274,7.41683033,179.0,6.634746966138749e-05,2.3160995024875595,-4.872241462283711e-06,3.2252290960832584,7.259606392140405e-06,0.0,18.0,18.0,1800,pdcsap_flux,65208.0,0.0,29.424434630200267,45.0,0.040864266788928,2.0,0.2885382161697951,,1.0,0.0595325726904674,10457.0,201.0,201.0,52.0,6.341556893167855e-06,2.406937884613658e-05,-0.494871323252842,2.406937884613658e-05,-0.494871323252842,0.0,,0.0595325726904674,,,
12306058,K02541.02,CONFIRMED,89.5,10.229,20.4853893,56.0,7.984034115326999e-05,2.64630845771143,-2.171822716467986e-05,2.3878171284483805,5.194115620288376e-05,0.0,18.0,18.0,1800,pdcsap_flux,65208.0,0.0,29.424434630200267,63.0,0.0208054788264791,2.0,0.2275794381057539,,1.0,0.120138633296528,5196.0,201.0,201.0,26.0,9.517655252046484e-06,0.0,,0.0,,0.0,,0.120138633296528,,,
12365184,K01474.01,CONFIRMED,4491.2,3.7177,69.72646639,20.0,0.0041112162916397,1.1097611940298524,-0.0003444196138394,37.086677166584174,5.108933311137598e-05,0.0,43.0,18.0,60|1800,pdcsap_flux,65253.0,0.0,29.424442666349933,23.0,0.0022215978334574,1.0,0.0133327203346972,,0.0,0.0,619.0,200.0,198.0,3.0,2.0811125107151484e-05,6.535222202430635e-05,0.0057328142764463,6.535222202430635e-05,0.0057328142764463,0.0,,0.0,,,
12367017,K07529.01,FALSE POSITIVE,2486.5,2.2613,1.222127938,1091.0,0.0022044633332353,1.350029850746272,-9.131170648879472e-05,54.2818923034356,2.976701224199907e-05,0.0007315893443229,17.0,17.0,1800,pdcsap_flux,64713.0,0.0,29.424431020743214,13.0,0.0770957200172714,1.0,0.4627818212723873,,0.0,0.0,19928.0,201.0,201.0,99.0,1.2339662472430511e-05,0.0007315893443229,-0.4988630166820945,0.0007315893443229,-0.4988630166820945,0.0007315893443229,-0.4988630166820945,0.0,,,
12403968,K07531.01,FALSE POSITIVE,216.0,0.606,0.589753355,1131.0,0.0001705836515032,0.2050149253731326,-7.093467412955246e-05,1.750986717454916,4.810494360740769e-05,0.0,17.0,17.0,1800,pdcsap_flux,64749.0,0.0,29.424422722659077,5.0,0.0428145084481969,1.0,0.2567143894114195,,0.0,0.0,11080.0,201.0,201.0,55.0,2.4767985176360872e-05,0.0,,0.0,,0.0,,0.0,,,
12405950,K03778.01,FALSE POSITIVE,1229.7,1.5372,3.539631353,267.0,0.001108257307951,0.9483223880597051,7.402554134017247e-05,39.14706081416029,1.797672133341255e-05,0.0001073623548493,12.0,12.0,1800,pdcsap_flux,46110.0,0.0,29.42424803855829,9.0,0.0180951047192286,1.0,0.1078507915853394,,0.0,0.0,3319.0,201.0,201.0,16.0,7.407158881394237e-06,2.772755783042591e-05,-0.4996346549607455,0.0001073623548493,0.4477911813534089,0.0001073623548493,0.4477911813534089,0.0,,,
12418891,K04321.01,FALSE POSITIVE,186.6,1.773,0.760941405,1757.0,0.0001975559273125,0.5645373134328366,-2.1621924734871456e-05,2.6770420760543843,1.0241168484803607e-05,0.0,17.0,17.0,1800,pdcsap_flux,64731.0,0.0,29.424434457323517,11.0,0.0970836906949491,1.0,0.582642010783087,,0.0,0.0,25176.0,201.0,201.0,125.0,1.415109945170072e-05,0.0,,0.0,,0.0,,0.0,,,
12419303,K08079.01,FALSE POSITIVE,117.5,0.879,0.608074963,2198.0,0.0001172128347225,0.0699701492537318,1.182072705518955e-05,1.9884952864500527,3.425320501748708e-05,0.0,17.0,17.0,1800,pdcsap_flux,64744.0,0.0,29.424433456733823,5.0,0.0602310606891407,1.0,0.3609909798591375,,0.0,0.0,15580.0,201.0,201.0,78.0,1.5507000052505403e-05,4.916010557620698e-05,0.3507686664542172,5.131199746666315e-05,-0.4986536818229313,0.0,,0.0,,,
12453581,K02424.01,CONFIRMED,631.7,2.866,11.94019101,111.0,0.0006164362444268,0.4562786069651701,6.657718936464718e-05,2.455172630782241,7.450328044000809e-05,0.0,17.0,17.0,1800,pdcsap_flux,64745.0,0.0,29.424415598041374,17.0,0.0100012358735847,1.0,0.0603135377249208,,0.0,0.0,2574.0,201.0,201.0,13.0,6.272748164872664e-05,0.0,,0.0,,0.0,,0.0,,,
12456601,K02745.01,CONFIRMED,572.1,3.959,15.64588656,85.0,0.0005774540100985,1.4969353233830849,6.613986423775753e-05,5.102007498076178,5.478691028626415e-07,0.0,17.0,17.0,1800,pdcsap_flux,64734.0,0.0,29.4244225602597,25.0,0.0105432397646971,1.0,0.0647109710507615,,0.0,0.0,2742.0,201.0,201.0,13.0,3.3872583719116286e-05,0.000112220957157,0.131295345164125,0.000112220957157,0.131295345164125,0.0,,0.0,,,
12459725,K00789.01,FALSE POSITIVE,459.9,2.505,14.1798187,,0.000515429211349,0.3489552238805979,5.110442850719821e-05,2.464182999584042,5.043943904770032e-05,0.0,17.0,17.0,1800,pdcsap_flux,64741.0,0.0,29.424423723248765,15.0,0.007360813435506,1.0,0.0438207627314993,,0.0,0.0,1899.0,201.0,201.0,10.0,5.487002989294493e-05,0.0,,0.0,,0.0,,0.0,,,
12470041,K06251.01,FALSE POSITIVE,29862.0,2.4462,14.66769462,90.0,0.0268699670195207,1.363056716417916,-0.000342844900986,28.16415750933205,0.0005793409007963,0.0007543920865471,18.0,18.0,1800,pdcsap_flux,65260.0,0.0,29.42444301210344,15.0,0.006948944782435,1.0,0.0408213300643579,,0.0,0.0,1803.0,201.0,201.0,9.0,0.0001116734302223,0.0004268180166259,0.4978641912788485,0.0007543920865471,-0.0153039710874412,0.0007543920865471,-0.0153039710874412,0.0,,,
12504353,K07537.01,FALSE POSITIVE,548.3,17.88,498.68845,3.0,0.0005016157172321,2.1349253731343216,8.037893721968281e-05,1.2327084803270674,0.0001680840813943,0.0,17.0,17.0,1800,pdcsap_flux,64751.0,0.0,29.42441781924572,109.0,0.001493918698137,1.0,0.0078608824574137,,0.0,0.0,432.0,201.0,201.0,2.0,9.781237320023252e-05,0.0002981368590868,0.0148568503506286,0.0008351561682617,0.3539763948277314,0.0,,0.0,,,
12505076,K02154.01,CONFIRMED,709.3,6.152,11.92979348,107.0,0.0006592704954339,2.203701492537302,-4.743461826661744e-06,4.225829466564258,2.913301007734237e-05,0.0,16.0,16.0,1800,pdcsap_flux,63129.0,0.0,29.42438471072819,37.0,0.0214868206866338,1.0,0.1299561215922951,,0.0,0.0,5335.0,201.0,201.0,26.0,4.265651784101787e-05,0.0,,0.0,,0.0,,0.0,,,
12643589,K00376.01,FALSE POSITIVE,4467.8,3.4015,44.14599042,31.0,0.003089149131057,1.7599800995024848,-0.0003704101536879,20.430733343200064,0.0002695682003113,0.0,17.0,17.0,1800,pdcsap_flux,64780.0,0.0,29.42442004568875,21.0,0.0032104652159408,2.0,0.1122259956776783,,1.0,0.0960018524235875,829.0,201.0,201.0,4.0,2.890602987439268e-05,9.508892388276902e-05,0.4892710500100841,0.0001613894618289,-0.4321324669649205,0.0,,0.0960018524235875,,,
12643589,K00376.02,FALSE POSITIVE,515.2,1.0814,1.411627439,941.0,0.0004175816915568,0.9253771144278566,2.027727314646288e-05,10.086528911647855,1.324051651974134e-05,0.0001677713860314,17.0,17.0,1800,pdcsap_flux,64780.0,0.0,29.42442004568875,7.0,0.0319194229925516,2.0,0.1992899042914479,,1.0,0.009617165791911,8285.0,201.0,201.0,40.0,9.518755782733334e-06,0.0001677713860314,0.4992509075201376,0.0001677713860314,0.4992509075201376,0.0001677713860314,0.4992509075201376,0.009617165791911,,,
12644769,K01611.01,FALSE POSITIVE,134484.0,6.20583,41.077590334,33.0,0.1274866950547709,3.704973134328339,-0.002433679702771,2799.9871230766084,0.0026821561566569,0.0087899488328708,41.0,18.0,60|1800,pdcsap_flux,65262.0,0.0,29.42443076404743,37.0,0.0062948251807744,1.0,0.03841439122307,,0.0,0.0,1667.0,201.0,201.0,9.0,1.813040144631719e-05,0.0006122437260257,0.1869287757272809,0.0087899488328708,0.4882935312568514,0.0087899488328708,0.4882935312568514,0.0,,,
10004772,K05752.01,FALSE POSITIVE,41.0,1.421,1.391716834,960.0,3.552119158400924e-05,0.3393432835820871,-8.323256527775769e-06,1.3841710900752304,0.0001381168453755,0.0,17.0,17.0,1800,pdcsap_flux,64791.0,0.0,29.424418280250396,9.0,0.0425433765596984,1.0,0.255374974919356,,0.0,0.0,11021.0,201.0,201.0,55.0,0.0001244377134664,0.0,,0.0,,0.0,,0.0,,,
10005020,K00724.01,FALSE POSITIVE,452.8,3.9125,6.97106919,193.0,0.0004290108210189,3.4258706467661835,2.355616104177116e-05,7.135425398327878,1.4868313102933683e-06,0.0,17.0,17.0,1800,pdcsap_flux,64717.0,0.0,29.42441954277456,23.0,0.0233853414576901,1.0,0.1399014169383624,,0.0,0.0,6061.0,201.0,201.0,30.0,1.2918603862194544e-05,0.0,,0.0,,0.0,,0.0,,,
10007492,K05754.01,FALSE POSITIVE,1272.7,2.9095,2.645596805,505.0,0.0011060864445404,1.6791144278606884,-8.16393894460532e-05,47.22174928759471,9.26379254517773e-06,6.366852909545084e-05,19.0,18.0,60|1800,pdcsap_flux,65252.0,0.0,29.424436977133155,17.0,0.0458229940547069,1.0,0.2752252804511739,,0.0,0.0,11885.0,201.0,201.0,59.0,6.317423285499768e-06,6.366852909545084e-05,-0.4958590564540704,6.366852909545084e-05,-0.4958590564540704,6.366852909545084e-05,-0.4958590564540704,0.0,,,
11761199,K02669.01,FALSE POSITIVE,110990.0,10.7643,213.6103207,7.0,,,,,,0.0027880339726199,17.0,17.0,1800,pdcsap_flux,64568.0,0.0,29.424428762868047,65.0,0.0020996761698134,1.0,0.0118789493247429,,0.0,0.0,456.0,201.0,166.0,2.0,9.58204825910998e-05,0.0027880339726199,-0.4561651726552887,0.0027880339726199,-0.4561651726552887,0.0027880339726199,-0.4561651726552887,0.0,,,
11802615,K00296.01,CONFIRMED,449.2,5.4033,28.86236571,36.0,0.0004330520816638,2.25809552238804,-4.059558043401079e-05,11.593992875991272,7.868970406754716e-05,0.0,21.0,15.0,60|1800,pdcsap_flux,51930.0,0.0,29.424290450988337,33.0,0.0078003827635652,1.0,0.0461775466974773,,0.0,0.0,1593.0,200.0,183.0,8.0,1.071401746481957e-05,0.0,,0.0,,0.0,,0.0,,,
11812062,K00776.01,CONFIRMED,5226.5,2.683,3.728732147,357.0,0.0050946887447327,2.189114427860705,-4.486167110573369e-05,53.40505948895312,9.274932086911214e-06,0.0,17.0,17.0,1800,pdcsap_flux,64767.0,0.0,29.42442591302097,17.0,0.0299811470117557,1.0,0.1796130745595751,,0.0,0.0,7707.0,201.0,201.0,38.0,2.1905975636433792e-05,0.0,,0.0,,0.0,,0.0,,,
11350389,K07438.01,FALSE POSITIVE,23842.0,1.871,1.51264208,886.0,0.0212540070489808,1.117014925373141,-0.0012783489504943,137.2137851112207,0.0001939575852921,0.0034829721189568,17.0,17.0,1800,pdcsap_flux,64790.0,0.0,29.42442824947648,11.0,0.0515378584029166,1.0,0.3089519987652415,,0.0,0.0,13414.0,201.0,201.0,67.0,2.658802716652908e-05,0.0034829721189568,0.496564781720486,0.0034829721189568,0.496564781720486,0.0034829721189568,0.496564781720486,0.0,,,
11361646,K00330.01,CONFIRMED,293.1,5.3503,7.97420583,171.0,0.0002731724349788,4.791313432835816,-2.469960260909065e-05,8.029984893706509,1.3110816012962268e-05,0.0,21.0,17.0,60|1800,pdcsap_flux,64759.0,0.0,29.42443613894284,33.0,0.0279562844776313,2.0,0.3622508068376596,,1.0,0.2304390123380534,7316.0,201.0,201.0,36.0,8.823889105215331e-06,0.0,,0.0,,0.0,,0.2304390123380534,,,
11361646,K00330.02,CONFIRMED,59.0,3.486,1.88899036,661.0,5.241154750090793e-05,1.5262089552238742,3.979704316869892e-06,2.6026458799836005,7.1417116664918e-10,0.0,21.0,17.0,60|1800,pdcsap_flux,64759.0,0.0,29.42443613894284,21.0,0.0768929281354299,2.0,0.5065396315570037,,1.0,0.0847758612702481,19905.0,201.0,201.0,99.0,5.412410782408105e-06,8.020614876436127e-05,-0.4907774409557269,8.020614876436127e-05,-0.4907774409557269,0.0,,0.0847758612702481,,,
11400356,K08222.01,FALSE POSITIVE,631.0,10.53,677.56282,3.0,0.0006152725566285,2.9337313432835685,7.811380084787878e-05,1.216244720437413,0.0002385782182093,0.0,16.0,16.0,1800,pdcsap_flux,63108.0,0.0,29.424388529732823,65.0,0.0006475414338702,1.0,0.00507067249794,,0.0,0.0,255.0,201.0,199.0,1.0,0.0001723143389539,0.0006902801163545,0.0666954038241369,0.0009241950283767,-0.387231141318912,0.0,,0.0,,,
11403339,K02143.01,CONFIRMED,142.0,2.7219,4.79029482,276.0,0.0001506696879939,0.7583402985074641,8.484037245515275e-06,3.405943069326912,2.6604702518806533e-06,0.0,17.0,17.0,1800,pdcsap_flux,64784.0,0.0,29.424428584752604,17.0,0.0236754739032951,1.0,0.1419023215608792,,0.0,0.0,6041.0,201.0,201.0,29.0,9.846331448778578e-06,0.0,,0.0,,0.0,,0.0,,,
11449844,K00125.01,CONFIRMED,23530.0,5.04169,38.47876629,35.0,0.022743263069911,4.0132855721392975,-0.0003344084268532,275.9299003834812,0.0002415743139911,0.0002167562726702,33.0,17.0,60|1800,pdcsap_flux,64797.0,0.0,29.42442062718328,31.0,0.0054593854460781,1.0,0.0335200703736284,,0.0,0.0,1399.0,201.0,201.0,6.0,3.255138871674128e-05,0.0002167562726702,-0.0659766999376618,0.0002167562726702,-0.0659766999376618,0.0002167562726702,-0.0659766999376618,0.0,,,
11456382,K02771.01,FALSE POSITIVE,134.9,2.326,0.814280672,1643.0,0.0001353406231781,1.666388059701501,-1.0594917736361786e-05,7.533201667503513,7.012580023779691e-06,0.0,18.0,18.0,1800,pdcsap_flux,65231.0,0.0,29.4244386482751,15.0,0.1190212048489672,1.0,0.7143842651500054,,0.0,0.0,31006.0,201.0,201.0,154.0,5.639410444118464e-06,1.9116267784502483e-05,0.4968240266031645,1.9116267784502483e-05,0.4968240266031645,0.0,,0.0,,,
11457191,K07447.01,FALSE POSITIVE,37721.0,4.1603,1.149198426,1165.0,0.033190524231936,2.3181771144278738,-0.0010383249262189,16.989151292613982,0.0116782545027793,0.0,17.0,17.0,1800,pdcsap_flux,64790.0,0.0,29.424428092315797,25.0,0.1508406463248439,1.0,0.4518598549158821,primary_only,0.0,0.0,39070.0,201.0,201.0,194.0,0.0001361509019114,0.0,,0.0,,0.0,,0.0,,,
11465950,K02620.01,CONFIRMED,575.0,3.546,16.0573291,84.0,0.0005546957151619,1.6230447761194051,-4.152100631782396e-05,2.853074996361129,0.0003245665595588,0.0,17.0,17.0,1800,pdcsap_flux,64732.0,0.0,29.4244363065809,21.0,0.0092014057306703,1.0,0.0563554347154421,,0.0,0.0,2383.0,201.0,201.0,12.0,4.837767055800124e-05,0.0001740766691457,0.4558004475124406,0.0001861986108346,0.4926060704351226,0.0,,0.0,,,
11493732,K00772.01,FALSE POSITIVE,5123.3,7.633,61.2563628,13.0,0.0044126433299281,4.405114427860681,-0.0004496539021034,15.961558936201602,0.000202739981557,0.0,11.0,11.0,1800,pdcsap_flux,41717.0,0.0,29.424022570601664,47.0,0.0051919776514492,1.0,0.0303473404127813,,0.0,0.0,800.0,201.0,198.0,4.0,6.770871447600814e-05,0.0002086866734878,0.2405152726653216,0.0002462076834213,0.3222889206756452,0.0,,0.0,,,
11501774,K07451.01,FALSE POSITIVE,165.9,5.965,0.691823991,1940.0,0.0001402497291564,0.1187064676616911,-2.276897430419922e-05,0.7700517986649338,2.181529998779297e-05,,17.0,17.0,1800,pdcsap_flux,64795.0,0.0,29.42442062718328,,0.359255634236406,1.0,1.0,none,0.0,0.0,64795.0,140.0,140.0,464.0,,,,,,,,0.0,blanking covers 1.44 of the orbit,,
11513441,K05908.01,FALSE POSITIVE,539.2,4.954,85.5692223,16.0,0.0005531549122995,1.9717412935323249,-3.116121657043003e-06,4.422320827629706,6.033625007884069e-05,0.0001471673134081,17.0,17.0,1800,pdcsap_flux,64713.0,0.0,29.424430774524808,31.0,0.0024122769977151,1.0,0.0141857122989198,,0.0,0.0,617.0,201.0,201.0,3.0,3.953789532095207e-05,0.0001471673134081,0.197148718474051,0.0001537540844456,0.4760682463348529,0.0001471673134081,0.197148718474051,0.0,,,
11569475,K04029.01,FALSE POSITIVE,422.7,7.284,1.31723412,1023.0,0.000354843098803,4.058746268656717,-8.19111289052099e-06,8.044254553878691,1.879545286043172e-05,,18.0,18.0,1800,pdcsap_flux,65249.0,0.0,29.42444695159793,45.0,0.2304070289342338,1.0,0.6909990957715827,primary_only,0.0,0.0,60146.0,201.0,201.0,299.0,,,,,,,,0.0,blanking covers 0.92 of the orbit,,
11600889,K01442.01,CONFIRMED,131.8,1.6274,0.669310092,1592.0,0.0001260539167616,1.3602149253731248,-2.886265562551671e-06,6.476105055019602,6.98890873840341e-06,0.0,33.0,15.0,60|1800,pdcsap_flux,51969.0,0.0,29.424308817833666,9.0,0.1013107887417501,1.0,0.6081317708633993,,0.0,0.0,21039.0,201.0,201.0,104.0,3.389903361450897e-06,0.0,,0.0,,0.0,,0.0,,,
11601584,K01831.01,CONFIRMED,1025.4,6.343,51.8098276,17.0,0.0010168132007519,4.670467661691561,-7.158489893743791e-06,7.682410769154216,7.569998481204987e-05,0.0,17.0,14.0,60|1800,pdcsap_flux,51465.0,0.0,29.42430429160595,39.0,0.0051011879195418,4.0,0.1223549985426989,,3.0,0.0959875643641309,898.0,201.0,201.0,4.0,2.7928498112213383e-05,0.0001020745631588,-0.499521283259333,0.0001049683318707,-0.1256921003830831,0.0,,0.0959875643641309,,,
11601584,K01831.02,CONFIRMED,198.5,2.5126,4.38536428,240.0,0.0001845506887937,0.950037810945278,2.600568454280694e-05,3.658245537069195,3.754579183634643e-05,0.0,17.0,14.0,60|1800,pdcsap_flux,51465.0,0.0,29.42430429160595,15.0,0.0238729692637225,4.0,0.1773632565821432,,3.0,0.0402603711260079,4903.0,201.0,201.0,25.0,1.0703496212109909e-05,0.0,,0.0,,0.0,,0.0402603711260079,,,
11601584,K01831.03,CONFIRMED,183.2,5.1691,34.205785079,27.0,0.0001714948902329,0.2057353233830845,-2.4107962612540668e-05,2.149008582641713,1.8056349512685088e-05,0.0,17.0,14.0,60|1800,pdcsap_flux,51465.0,0.0,29.42430429160595,31.0,0.0062965713597637,4.0,0.1268046245020888,,3.0,0.093578159914505,1130.0,197.0,91.0,0.0,2.4087596026245216e-05,7.24546498235279e-05,-0.0376228666192889,7.24546498235279e-05,-0.0376228666192889,0.0,,0.093578159914505,,,
11601584,K01831.04,CONFIRMED,356.1,1.2325,13.97945055,71.0,0.0003578217729546,0.2207462686567169,4.4575392339929465e-05,3.297331943884793,4.895747832689423e-07,0.0,17.0,14.0,60|1800,pdcsap_flux,51465.0,0.0,29.42430429160595,7.0,0.0036735468595843,4.0,0.1184688623336247,,3.0,0.0980472165549402,769.0,201.0,201.0,4.0,2.8014403904707816e-05,0.0,,0.0,,0.0,,0.0980472165549402,,,
11603298,K05920.01,FALSE POSITIVE,329.9,10.714,471.39698,,0.0003257926380952,1.066069651741301,1.7997817821746587e-05,2.408333998976299,0.0003813341070328,0.0001805290960223,14.0,14.0,1800,pdcsap_flux,51466.0,0.0,29.424338741227984,65.0,0.0009470079054529,1.0,0.0076361092760268,,0.0,0.0,259.0,201.0,173.0,1.0,4.6653697757164725e-05,0.0001805290960223,0.0095049382051525,0.0003000067807854,0.0886984742986586,0.0001805290960223,0.0095049382051525,0.0,,,
11612241,K08059.01,FALSE POSITIVE,99.3,13.395,4.5647147,302.0,0.0001265741795365,0.7997014925373126,-1.5212922485297042e-05,0.6276946336227189,4.255538347130994e-05,0.0,17.0,17.0,1800,pdcsap_flux,64792.0,0.0,29.42442742176354,81.0,0.1222694158738989,1.0,0.7317724410421039,,0.0,0.0,31759.0,201.0,201.0,161.0,5.6994761045351545e-05,0.0,,0.0,,0.0,,0.0,,,
11618601,K03022.01,CONFIRMED,185.0,1.821,2.76263737,482.0,0.0001515874172575,0.6160597014925377,-5.349573598667501e-05,1.988398283499668,7.70380519748981e-05,0.0,17.0,17.0,1800,pdcsap_flux,64741.0,0.0,29.424434457323517,11.0,0.0274646976197241,2.0,0.2172657203317835,,1.0,0.0624951730742497,7062.0,201.0,201.0,35.0,2.159711621198783e-05,0.0,,0.0,,0.0,,0.0624951730742497,,,
11618601,K03022.02,CONFIRMED,171.5,2.514,5.05368985,255.0,0.0001652800163054,0.4002388059701478,1.363448914770693e-06,1.7656127210895325,8.25663514103514e-06,0.0,17.0,17.0,1800,pdcsap_flux,64741.0,0.0,29.424434457323517,15.0,0.0207274294840234,2.0,0.1964597395777019,,1.0,0.0818337684002409,5388.0,201.0,201.0,27.0,2.598972037985756e-05,0.0,,0.0,,0.0,,0.0818337684002409,,,
11651712,K03363.01,CONFIRMED,328.9,2.4212,14.53260546,74.0,0.000310140370043,1.0118447761193954,-1.399287969516827e-05,4.273737376537295,9.96124258501041e-06,0.0,14.0,14.0,1800,pdcsap_flux,51453.0,0.0,29.424284840351906,15.0,0.0069418614309049,1.0,0.0410471692612675,,0.0,0.0,1430.0,201.0,201.0,7.0,1.742903559951574e-05,0.0,,0.0,,0.0,,0.0,,,
11669125,K01535.01,CONFIRMED,357.7,6.632,70.6981724,18.0,0.0003260047406065,5.675144278607003,-1.572327803511797e-05,5.335657747733363,1.834893884056221e-05,0.0,19.0,18.0,60|1800,pdcsap_flux,65205.0,0.0,29.424446191987958,41.0,0.0039086347489985,1.0,0.023418449505406,,0.0,0.0,982.0,201.0,201.0,5.0,1.4536607838850756e-05,4.361635559413379e-05,0.043831875507222,4.7409854700308784e-05,0.220697597899402,0.0,,0.0,,,
11671429,K03567.01,FALSE POSITIVE,242411.0,31.8273,112.46358893,13.0,0.2194432706427104,17.73461492537313,-0.0080319442715262,547.8956767081595,0.0056298092409183,0.0482555323000323,19.0,18.0,60|1800,pdcsap_flux,65264.0,0.0,29.424446197226644,195.0,0.0117917053209587,1.0,0.0734095366511399,,0.0,0.0,3129.0,201.0,201.0,15.0,9.06653939478652e-05,0.0482555323000323,-0.265622660932836,0.0482555323000323,-0.265622660932836,0.0482555323000323,-0.265622660932836,0.0,,,
11757451,K04745.01,CONFIRMED,901.4,9.298,177.668663,8.0,0.0006807270602616,2.7755223880597244,5.589408071715596e-06,1.7819012253819255,5.331116542106607e-05,0.0,17.0,17.0,1800,pdcsap_flux,64752.0,0.0,29.42442004568875,57.0,0.0021805571119014,1.0,0.0128799110452186,,0.0,0.0,577.0,201.0,178.0,3.0,0.0001129063490833,0.0003694614527345,0.0939369501036198,0.0005043273148671,0.479895558910196,0.0,,0.0,,,
11854061,K08230.01,FALSE POSITIVE,5058.0,20.18,504.88419,3.0,-0.0029624754539864,3.6143283582089527,0.0235859261222032,-0.1958410356035685,0.0649959976328351,0.0457441395832879,14.0,14.0,1800,pdcsap_flux,51497.0,0.0,29.42429188115057,123.0,0.0016653984220288,1.0,0.0094762801716604,,0.0,0.0,491.0,201.0,201.0,3.0,0.0129566397948171,0.0457441395832879,-0.1319074215269001,0.0457873056484391,-0.1954007363667523,0.0457441395832879,-0.1319074215269001,0.0,,,
2437505,K02671.02,FALSE POSITIVE,3859.0,4.064,17.5509742,,0.011250627887455233,0.3235024875621879,-0.002072247039593411,1.1829829459729153,0.0017542369924624657,0.0,10,10,1800,pdcsap_flux,37445,0,29.424584493390284,25,0.009648087416898678,1,0.08834290292428895,,1,0.0327947656562959,1408,201,201,6.0,0.003078137496586784,0.009685869457349172,0.12112507018499145,0.009685869457349172,0.12112507018499145,0.0,,0.0327947656562959,,,
2716801,K03053.01,CONFIRMED,685.6,5.723,42.5217006,31.0,0.0006095101229411926,1.0250149253731298,-9.588672215943284e-05,2.1162917925233016,3.818765398422297e-05,0.0,16,16,1800,pdcsap_flux,63136,0,29.424377455143258,35,0.005607920896120822,1,0.08277369488089205,,1,0.05036746071971617,1420,201,201,7.0,7.96243774279103e-05,0.0,,0.0,,0.0,,0.05036746071971617,,,
3245969,K01101.01,CONFIRMED,448.6,2.303,11.39102358,94.0,0.0009192902500276823,0.8249552238805968,-1.8462589853274203e-05,3.2684531116513686,0.00014098135489393204,0.0,14,14,1800,pdcsap_flux,51789,0,29.424418364069425,15,0.008424030786997399,1,0.05690397574774566,,1,0.03019946320647242,1743,201,201,9.0,6.280960949391541e-05,0.0,,0.0,,0.0,,0.03019946320647242,,,
3559935,K00492.01,CONFIRMED,942.0,6.6436,29.9111886,36.0,0.0008825839856193562,6.08170348258709,4.448436976778325e-06,7.498436280708988,2.4371532657996298e-05,0.0,14,14,1800,pdcsap_flux,51806,0,29.424395570531487,41,0.009254619412438417,1,0.056190402656063,,1,0.0013704976257576343,1887,201,201,9.0,3.461979693949404e-05,0.00010401250045011246,0.1513001021203081,0.00010401250045011246,0.1513001021203081,0.0,,0.0013704976257576343,,,
3734418,K02261.01,CONFIRMED,206.0,2.2029,3.97599629,335.0,0.00018546942173103265,0.7452597014925383,1.219600607327287e-05,3.9885262467723686,1.2733992363123114e-05,0.0,20,17,60|1800,pdcsap_flux,64798,0,29.424415006069466,13,0.023085408864906162,1,0.17940368529892897,,1,0.044553844254452295,5970,201,201,30.0,1.1635142680686483e-05,0.0,,0.0,,0.0,,0.044553844254452295,,,
4164922,K03864.01,CONFIRMED,159.1,1.434,1.210693626,881.0,0.00015777368923930446,0.7419701492537287,-1.5345684370116075e-05,6.7700457160739616,1.5270300026570816e-05,0.0,15,15,1800,pdcsap_flux,52282,0,29.424454065738246,9,0.04935187459225956,1,0.31316705558318353,,1,0.02480777322979228,10288,201,201,52.0,6.538064356308415e-06,0.0,,0.0,,0.0,,0.02480777322979228,,,
4478168,K00626.01,CONFIRMED,378.7,4.0249,14.58649856,74.0,0.0003638544107696928,3.3640955223880686,3.8642326045668085e-06,10.894312327064716,6.3087258415084335e-06,0.0,16,15,60|1800,pdcsap_flux,52236,0,29.42441802355461,25,0.011497218882025286,1,0.11869208974653496,,1,0.05475151236694999,2425,201,201,12.0,1.146710898012544e-05,3.506741552294912e-05,0.4930849767181524,3.506741552294912e-05,0.4930849767181524,0.0,,0.05475151236694999,,,
4735826,K03184.01,CONFIRMED,22.2,4.0329,7.545922037,180.0,1.8622516079536133e-05,0.4012835820895506,6.681783780271289e-06,1.6526904009645391,5.894825555685657e-06,0.0,18,18,1800,pdcsap_flux,65235,0,29.42443520645611,25,0.022268650428146474,2,0.28874070667586416,,2,0.16859048057024603,5812,201,201,29.0,5.222081135731571e-06,0.0,,0.0,,0.0,,0.16859048057024603,,,
4735826,K03184.02,CONFIRMED,17.1,5.86,11.3220104,,1.467196474536081e-05,0.9329353233830897,1.1877687562389383e-06,0.9951134254423684,3.80541735167661e-06,0.0,18,18,1800,pdcsap_flux,65235,0,29.42443520645611,35,0.021565663520912035,2,0.2844332030351805,,2,0.1712424312102399,5595,201,201,28.0,5.39739143841893e-06,1.7780672519229768e-05,0.11732364732924422,1.7780672519229768e-05,0.11732364732924422,0.0,,0.1712424312102399,,,
4736569,K01996.01,CONFIRMED,911.6,3.1683,10.13200555,116.0,0.0008208416838447752,2.7742328358209143,1.6692415904961955e-05,5.497642697120649,0.00012614453223813715,0.0,14,14,1800,pdcsap_flux,54965,0,29.42453880677931,19,0.013029256581881758,1,0.11674702083143819,,1,0.04073501319021195,2929,201,201,15.0,3.6212323625252015e-05,0.0,,0.0,,0.0,,0.04073501319021195,,,
4758350,K06447.01,FALSE POSITIVE,145.6,11.243,1.120997701,965.0,0.00013011693954467773,5.817273631840797,2.4437904357910156e-06,4.689214420182826,9.179115295410156e-06,,15,15,1800,pdcsap_flux,52264,0,29.42441669292748,,0.4178941071114055,1,1.0,none,1,0.011748048369814787,52264,121,121,434.0,,,,,,,,0.011748048369814787,blanking covers 1.67 of the orbit,,
5385410,K04323.02,FALSE POSITIVE,29.5,1.4446,12.4250319,111.0,1.3236005020011987e-05,0.11499303482587087,9.199835484641206e-06,0.205101691768977,6.059748484810168e-05,0.0,17,17,1800,pdcsap_flux,64740,0,29.424449214711785,9,0.004844387294222293,1,0.053320976212542476,,1,0.02479147358665431,1245,201,201,6.0,1.6204008193495923e-05,4.953464411572295e-05,0.30237045478871094,4.953464411572295e-05,0.30237045478871094,0.0,,0.02479147358665431,,,
5602588,K02369.01,CONFIRMED,545.7,4.635,11.01819178,92.0,0.0005040560319025111,2.1214925373134355,-7.663810496827406e-05,3.3749048264214516,3.8267756007903664e-05,0.0,12,12,1800,pdcsap_flux,48510,0,29.42389633390121,29,0.01752783068729631,1,0.22529375386518244,,2,0.1331684188827046,3456,201,201,17.0,3.869124720312977e-05,0.00012512324035462985,-0.4758532144929373,0.00012512324035462985,-0.4758532144929373,0.0,,0.1331684188827046,,,
5642620,K02882.02,FALSE POSITIVE,264.7,1.1319,0.493393859,874.0,0.00020207800149341093,0.698286567164176,-2.3383287812484e-05,3.119513526443541,1.6458792105211728e-05,0.0,11,11,1800,pdcsap_flux,41902,0,29.42498934455216,7,0.09558793474971078,1,0.5774664693809365,,1,0.009235835998281705,15998,201,201,79.0,1.8069022718316797e-05,0.0,,0.0,,0.0,,0.009235835998281705,,,
5897826,K00126.01,FALSE POSITIVE,13494.4,11.4813,33.80364366,42.0,0.010361691330327827,10.73872835820896,-0.00016365919363581227,185.07901048049808,0.0018913212124926915,0.0,57,18,60|1800,pdcsap_flux,65266,0,29.424462447641417,71,0.014151950742696949,1,0.09380075383813931,,1,0.007415806085864003,3798,201,201,19.0,1.0256222080667498e-05,0.0,,0.0,,0.0,,0.007415806085864003,,,
6029239,K00304.01,CONFIRMED,597.8,2.1861,8.512037736,158.0,0.0005635584944191363,1.8706925373134418,-2.0616480731372455e-05,18.153477387098622,5.053869242543918e-06,0.0,50,18,60|1800,pdcsap_flux,65256,0,29.4244294334203,13,0.010701021638421928,1,0.10138531322790241,,1,0.039919700870418046,2798,201,201,14.0,9.842205769590562e-06,0.0,,0.0,,0.0,,0.039919700870418046,,,
6058816,K03500.01,CONFIRMED,233.1,13.309,73.7502765,19.0,0.00024060948822357542,8.740238805970094,2.0223251385731444e-06,6.071070232700566,2.1486457031150152e-05,0.0,18,18,1800,pdcsap_flux,65214,0,29.424461777089164,81,0.007519180848992025,1,0.17132824240193822,,1,0.1308308032017665,1990,201,201,10.0,1.3944761901701118e-05,4.549148216059784e-05,0.28670463490944254,4.549148216059784e-05,0.28670463490944254,0.0,,0.1308308032017665,,,
6209677,K01750.01,CONFIRMED,217.8,3.689,7.76845639,173.0,0.00020425296015380567,2.7896915422885633,-4.514067917238407e-06,3.745276484653075,1.8384942842453178e-05,0.0,17,17,1800,pdcsap_flux,64732,0,29.424436799017712,23,0.019786213066883593,1,0.18785144905147377,,1,0.07704072174504109,5142,201,201,26.0,1.3276084144211042e-05,0.0,,0.0,,0.0,,0.07704072174504109,,,
6665064,K06751.02,FALSE POSITIVE,774.1,1.4959,0.698359996,292.0,0.0006232044094023337,0.6846905472636845,4.737974925728139e-07,4.098530096659122,8.292572005308418e-05,0.00019676052937911415,3,3,1800,pdcsap_flux,9825,0,29.42364564165473,9,0.08925076897827731,1,0.5500254452926209,,1,0.030432569974554707,3521,201,201,18.0,2.7639513295482396e-05,0.00019676052937911415,-0.4979571381144816,0.00019676052937911415,-0.4979571381144816,0.00019676052937911415,-0.4979571381144816,0.030432569974554707,,,
6964929,K02756.01,CONFIRMED,104.7,1.7542,0.665025941,2015.0,9.404706820770325e-05,0.41891343283582216,1.34595943535043e-06,3.1253494869697147,8.180430194792976e-06,0.0,17,17,1800,pdcsap_flux,64288,0,29.424435971304774,11,0.10990799329836468,1,0.6866133648581384,,1,0.08037269785963166,28282,201,201,140.0,7.184121732779691e-06,0.0,,0.0,,0.0,,0.08037269785963166,,,
7289317,K02450.01,CONFIRMED,326.0,4.031,16.83203175,82.0,0.00029974149638323233,1.845034825870652,1.1886736685062793e-05,2.893637081423377,3.32636459117186e-05,0.0,17,17,1800,pdcsap_flux,64748,0,29.424436641857028,25,0.009978494327242066,1,0.10679866559584852,,1,0.049777599308086735,2644,201,201,13.0,2.4055314515475376e-05,0.0,,0.0,,0.0,,0.049777599308086735,,,
8105398,K05475.01,CONFIRMED,348.6,12.455,224.150923,6.0,0.0003673338184659869,8.67512437810948,8.62008333287756e-05,5.069620001645114,4.2729388445184036e-05,9.318165816163404e-05,18,18,1800,pdcsap_flux,65244,0,29.424451561644673,77,0.0023152183644291006,1,0.053108331800625345,,1,0.03879283918827785,604,201,201,3.0,1.967158577920578e-05,8.234075048152434e-05,-0.10812482976318276,0.00010897915360696953,-0.37292793019475967,9.318165816163404e-05,-0.10638841598986094,0.03879283918827785,,,
8168187,K02209.01,CONFIRMED,186.7,8.262,18.3027235,76.0,0.00017660941011898856,3.1239402985074465,-1.3637185046322386e-05,3.888025344841048,4.003297597754418e-06,0.0,17,17,1800,pdcsap_flux,64737,0,29.424436463741586,51,0.018808676206030214,1,0.14359639773236327,,1,0.02995195946676553,5027,201,201,25.0,1.2456133112250488e-05,0.0,,0.0,,0.0,,0.02995195946676553,,,
8620565,K01250.01,FALSE POSITIVE,16185.0,1.7945,0.782045734,1711.0,0.014145538086617004,1.1070547263681598,-0.0007304609591030076,36.42924582507928,8.850299972229525e-05,0.005401476566815666,17,17,1800,pdcsap_flux,64792,0,29.424422717420384,11,0.09560928483158675,1,0.6342758365230275,,1,0.1409278923323867,24777,201,201,129.0,0.0005795849920995821,0.005401476566815666,-0.49804874837898155,0.005401476566815666,-0.49804874837898155,0.005401476566815666,-0.49804874837898155,0.1409278923323867,,,
8934103,K04009.01,CONFIRMED,634.5,10.767,175.13892,8.0,0.0005906806370962192,4.713910447761172,1.4273882169901775e-05,2.799364055729291,4.5941453638675966e-05,0.0,17,17,1800,pdcsap_flux,64708,0,29.424407305195928,65,0.0025615380065150566,1,0.024154664029177226,,1,0.010261482351486679,691,201,201,4.0,5.713308611744106e-05,0.00018516455545147803,-0.49838506015014405,0.0001923371207431801,-0.37286969783090596,0.0,,0.010261482351486679,,,
9008103,K03283.01,FALSE POSITIVE,,10.78,195.7093855,,0.0005208123732040049,0.8581094527363151,-0.00018453340625357306,1.21009607784582,0.0003818669412966047,0.0003448476206304729,17,17,1800,pdcsap_flux,64765,0,29.424412664375268,65,0.0022950696284653486,1,0.03866285802516792,,2,0.024164286265729945,689,201,201,4.0,0.00010015641043595902,0.0003448476206304729,-0.44490282175304424,0.00036240011471067035,-0.1496994907916901,0.0003448476206304729,-0.44490282175304424,0.024164286265729945,,,
9100953,K04500.01,CONFIRMED,304.1,3.048,8.70179611,128.0,0.00023390709532766785,0.36394029850746357,-2.8246979890456103e-05,1.5527341103852461,0.00016264702139845433,0.0,14,14,1800,pdcsap_flux,54931,0,29.424499584711157,19,0.014594688084458003,2,0.11350603484371302,,2,0.03080227922302525,3128,201,201,16.0,3.7085874135605976e-05,0.00011438067282010245,0.3519856505122085,0.0001322271212613746,0.48333784327233065,0.0,,0.03080227922302525,,,
9100953,K04500.02,CONFIRMED,617.8,4.164,44.9851885,26.0,0.0005438293506122571,0.3314626865671646,-6.859485922194875e-05,1.6737203746820297,5.4224618452836104e-05,0.0,14,14,1800,pdcsap_flux,54931,0,29.424499584711157,25,0.0038568250080801593,2,0.08166609018586954,,2,0.06053048369772988,897,200,200,5.0,7.809222291426032e-05,0.00026480717072907556,0.4994003479795866,0.0002654033861960725,-0.49566050410511464,0.0,,0.06053048369772988,,,
9349757,K03348.01,CONFIRMED,406.8,4.388,36.4337867,37.0,0.0003329302077653695,1.4844975124378088,2.644632968240579e-05,2.257821855739484,4.961051261309635e-05,0.0,17,17,1800,pdcsap_flux,64781,0,29.42443672567606,27,0.005018235816079291,1,0.058242385884750156,,1,0.029036291505225298,1300,201,201,6.0,4.599647029611785e-05,0.00013923772034618587,0.16554364804166571,0.00013923772034618587,0.16554364804166571,0.0,,0.029036291505225298,,,
9411166,K01922.01,CONFIRMED,392.8,2.0944,1.954525966,687.0,0.0003580403147989131,1.6255044776119454,-8.325395282837711e-06,5.497363460815881,3.616872170986163e-06,0.0,17,17,1800,pdcsap_flux,64725,0,29.424437390989624,13,0.04464850720057748,2,0.2942139822325222,,2,0.03496330629586713,11594,201,201,58.0,1.3999974616740629e-05,0.0,,0.0,,0.0,,0.03496330629586713,,,
9411166,K01922.03,CONFIRMED,1366.9,9.39,105.6552651,12.0,0.0013395663704842686,7.10089552238803,-0.00010725566352332017,6.620546797146774,6.896960538327335e-05,0.0,17,17,1800,pdcsap_flux,64725,0,29.424437390989624,57,0.0037030809551203336,2,0.1758671301660873,,2,0.1589803012746234,908,201,201,4.0,5.574963906371186e-05,0.00044542869931829543,0.42994171450166024,0.0005432098028932408,-0.42732152660870176,0.0,,0.1589803012746234,,,
9886361,K02732.01,CONFIRMED,85.4,5.922,7.03146295,193.0,8.660911763735957e-05,3.8890746268656624,-8.336279876508534e-06,5.267145132766182,2.2406000715902152e-06,0.0,17,17,1800,pdcsap_flux,64724,0,29.4244235556107,37,0.035092270521030054,3,0.3071658117545269,,3,0.12568753476299363,9007,201,201,45.0,3.881721923797721e-06,0.0,,0.0,,0.0,,0.12568753476299363,,,
9886361,K02732.02,CONFIRMED,95.5,7.617,13.61165024,95.0,8.532545881345666e-05,6.972776119402985,-1.0320414532194455e-05,4.8813632636152775,3.0641445237789e-06,0.0,17,17,1800,pdcsap_flux,64724,0,29.4244235556107,47,0.023316423387617108,3,0.27283542426302454,,3,0.15580001236017552,6124,201,201,31.0,6.870836022884829e-06,0.0,,0.0,,0.0,,0.15580001236017552,,,
9886361,K02732.03,CONFIRMED,147.8,5.517,54.2811949,23.0,0.0001427373368623197,4.172059701492564,-5.8278970631597815e-06,3.372661122158571,2.326662380036648e-05,0.0,17,17,1800,pdcsap_flux,64724,0,29.4244235556107,33,0.004234892036247345,3,0.2265929176194302,,3,0.20545701748964834,1091,201,201,6.0,1.346100559642358e-05,4.257074665259264e-05,-0.0283214141236281,4.802893900535121e-05,-0.025145245096442698,0.0,,0.20545701748964834,,,
9936080,K04431.02,FALSE POSITIVE,172.3,5.972,355.79978,,0.00014059400345411976,0.1188457711442803,2.2352951019932732e-05,1.8960718722076508,3.911355412633544e-05,0.00012186138857317452,18,18,1800,pdcsap_flux,65209,0,29.424418872222304,37,0.0006993633704139259,1,0.029689153337729455,,1,0.02637672713889187,143,199,106,1.0,2.4907266744367426e-05,0.00012186138857317452,-0.16358908713791098,0.00013819905693501777,-0.4525135795401572,0.00012186138857317452,-0.16358908713791098,0.02637672713889187,,,
10028792,K01574.01,CONFIRMED,4850.0,12.0355,114.73658,11.0,0.004710582723364221,10.059522388059662,-0.00011172564151007425,36.473043882047264,4.163969030823722e-05,0.0,14,14,1800,pdcsap_flux,51693,0,29.424784820876084,73,0.004370699969152529,2,0.18758826146673632,,3,0.1649352910452092,987,201,201,5.0,3.716279994325059e-05,0.00011613941742616429,0.3648641938243175,0.00013192939674278037,-0.45464205039177874,0.0,,0.1649352910452092,,,
10028792,K01574.02,CONFIRMED,1061.2,16.942,191.239133,4.0,0.0009795463082955536,8.766009950248787,1.652668947238478e-05,5.704634510944348,8.431375560724597e-05,0.0,14,14,1800,pdcsap_flux,51693,0,29.424784820876084,103,0.0036912772798790433,2,0.19083821794053354,,3,0.17137716905577158,532,200,200,3.0,4.275512063424621e-05,0.00012876511863568751,0.4980337138356264,0.00012876511863568751,0.4980337138356264,0.0,,0.17137716905577158,,,
10397751,K02859.01,CONFIRMED,83.5,2.101,3.4462125,386.0,6.561708010710543e-05,0.33448756218905396,3.5192922293036943e-06,1.6298600228611146,8.859518681569867e-06,0.0,18,17,60|1800,pdcsap_flux,64772,0,29.424418872222304,13,0.025402283424677576,2,0.4134039399740629,,4,0.30862100907799667,6535,201,201,33.0,1.013745693551975e-05,0.0,,0.0,,0.0,,0.30862100907799667,,,
10397751,K02859.02,CONFIRMED,59.5,1.934,2.005414293,625.0,4.83573468049725e-05,0.30790049751243864,2.7425442224227048e-05,1.3455913402350324,2.1671173411785816e-05,0.0,18,17,60|1800,pdcsap_flux,64772,0,29.424418872222304,11,0.040182885708261645,2,0.44899030445254123,,4,0.27312727721855123,10424,201,201,52.0,9.001643950940718e-06,0.0,,0.0,,0.0,,0.27312727721855123,,,
10535708,K05801.02,FALSE POSITIVE,58.7,3.303,0.93373761,1442.0,4.25146836142698e-05,0.7887761194029892,-1.5530251690432095e-05,1.2802132909290624,1.156086715770055e-05,0.0,17,17,1800,pdcsap_flux,64771,0,29.42443126696162,21,0.1473915139821775,1,0.44275987710549475,primary_only,1,0.016226397616217133,38228,201,201,191.0,9.79396768134213e-06,0.0,,0.0,,0.0,,0.016226397616217133,,,
10662202,K00750.01,CONFIRMED,857.2,3.4555,21.67699193,62.0,0.0007746739853482509,2.3380497512437697,-0.00012796144150595268,5.8818948969035665,0.00012488188315384896,0.0,17,17,1800,pdcsap_flux,64788,0,29.424425734905526,21,0.006642027045616318,2,0.10688707785392357,,3,0.07076927826140643,1735,201,201,9.0,4.199978898450556e-05,0.00013009337903535645,-0.14381907426697585,0.00013009337903535645,-0.14381907426697585,0.0,,0.07076927826140643,,,
10662202,K00750.04,FALSE POSITIVE,282.9,2.481,36.5521313,,0.00017235535865822715,0.19749253731343352,0.00012105432510822745,0.8272425928647601,2.402818907787374e-05,0.0,17,17,1800,pdcsap_flux,64788,0,29.424425734905526,15,0.002828152458513411,2,0.09668457121689202,,3,0.08128048404025437,723,201,201,3.0,6.273791294942425e-05,0.0001965943721624619,0.38134418251492885,0.00021346663404220312,-0.47346489807077496,0.0,,0.08128048404025437,,,
10717241,K00430.01,CONFIRMED,1709.0,2.7075,12.37646897,83.0,0.0016042090328811653,2.26298507462685,2.6391497874866943e-06,11.344017593900274,0.0001409887995752479,0.0,16,14,60|1800,pdcsap_flux,51496,0,29.42424218170345,17,0.009115079613858556,1,0.08656983066645953,,1,0.03400264098182383,1810,201,201,9.0,2.9696648510624767e-05,9.533772973757682e-05,0.4354443995353084,9.560126741203767e-05,-0.4920149511747954,0.0,,0.03400264098182383,,,
10718726,K00600.01,CONFIRMED,383.7,3.1569,3.595769013,303.0,0.00036323235086510586,2.8270746268656612,1.1076212286464937e-05,7.35173466877501,5.787325659589726e-06,0.0,14,14,1800,pdcsap_flux,51469,0,29.42426573485136,19,0.03658118736894516,1,0.22510637471099107,,1,0.00499329693601974,7649,201,201,38.0,1.641701001936021e-05,5.8361064300238574e-05,-0.4985799405681526,5.8361064300238574e-05,-0.4985799405681526,0.0,,0.00499329693601974,,,
11358389,K02163.01,CONFIRMED,292.6,3.159,10.66489514,125.0,0.0002632897044992921,1.5716417910447869,-9.606062064682064e-07,3.561480384382112,2.7150138478426733e-05,0.0,20,17,60|1800,pdcsap_flux,64734,0,29.424434630200267,19,0.01234189349938606,2,0.11060648191058794,,2,0.03749188988784873,3186,201,201,16.0,1.8430859548253806e-05,0.0,,0.0,,0.0,,0.03749188988784873,,,
11358389,K02163.02,CONFIRMED,247.1,3.997,17.7838298,76.0,0.00023759168058379299,0.7158805970149231,-2.6795110097843633e-05,2.509242529785064,3.063000252223613e-05,0.0,20,17,60|1800,pdcsap_flux,64734,0,29.424434630200267,25,0.009364780732813056,2,0.10172397812586895,,2,0.04651342416658943,2400,201,201,12.0,2.1483480131116317e-05,0.0,,0.0,,0.0,,0.04651342416658943,,,
11566064,K00353.02,CONFIRMED,269.7,4.99,30.6528935,46.0,0.00025867454402084267,3.277014925373127,2.073621731979447e-05,3.9001580655440073,4.703997506372293e-05,0.0,18,17,60|1800,pdcsap_flux,64777,0,29.424432529485784,31,0.0067829376912384035,1,0.10182626549546907,,2,0.06341757105145344,1801,201,201,9.0,1.4103366652048987e-05,0.0,,0.0,,0.0,,0.06341757105145344,,,
11623629,K00365.01,CONFIRMED,628.8,6.6923,81.737872,16.0,0.0005996559145103886,5.859924378109449,-3.201636700644883e-05,7.417763670634218,6.267096895506974e-05,6.947555136083139e-05,38,18,60|1800,pdcsap_flux,65263,0,29.42444795218762,41,0.0034114643128136902,1,0.023213765839756064,,1,0.003784686575854619,884,201,201,5.0,1.2823931199153325e-05,6.758169833376293e-05,-0.04455983534810395,6.947555136083139e-05,-0.07526301416342789,6.947555136083139e-05,-0.07526301416342789,0.003784686575854619,,,
11656918,K01945.01,CONFIRMED,886.3,4.2938,62.1385979,23.0,0.0008053358770722108,0.17089751243781093,3.390470218966879e-05,6.684031828342471,1.1820627036973619e-05,0.0,17,17,1800,pdcsap_flux,64743,0,29.424421889707446,27,0.0028791820121408522,1,0.02665925273774771,,1,0.00923651977819996,758,201,78,0.0,3.937547022832893e-05,0.000128206004664011,-0.475884899986576,0.000128206004664011,-0.475884899986576,0.0,,0.00923651977819996,,,
11709124,K00435.01,CONFIRMED,1564.3,5.5484,20.5498184,67.0,0.0015265057646522973,4.747884577114428,1.8462627796478337e-05,20.76687713993308,2.5552805709594395e-05,0.0,31,17,60|1800,pdcsap_flux,64779,0,29.424424231401645,33,0.011249896657643131,5,0.224517204649655,,5,0.1682644066750027,3024,201,201,15.0,2.376140995132847e-05,0.0,,0.0,,0.0,,0.1682644066750027,,,
11709124,K00435.03,CONFIRMED,577.4,3.3613,33.0405509,33.0,0.0005134397301839178,1.4716139303482594,-1.1231428782454422e-05,3.0769248015321815,1.983982282882657e-05,0.0,31,17,60|1800,pdcsap_flux,64779,0,29.424424231401645,21,0.004238856885000264,5,0.20699609441331296,,5,0.18768428039951218,1067,201,201,4.0,3.908363550815301e-05,0.0,,0.0,,0.0,,0.18768428039951218,,,
11709124,K00435.04,CONFIRMED,234.9,2.9403,3.93276627,324.0,0.0002086652733790384,1.1702686567164198,-9.69510993331646e-06,3.665393683148353,5.938940150185257e-05,0.0,31,17,60|1800,pdcsap_flux,64779,0,29.424424231401645,17,0.031151736866376248,5,0.2833016872751972,,5,0.1152997113262014,8046,201,201,40.0,1.25431326987794e-05,0.0,,0.0,,0.0,,0.1152997113262014,,,
11709124,K00435.05,CONFIRMED,859.3,7.509,62.3026877,21.0,0.0007738235454332054,6.724477611940323,-3.644586593964938e-06,5.217169791633146,3.6128895792852944e-06,0.0,31,17,60|1800,pdcsap_flux,64779,0,29.424424231401645,45,0.005021853976935252,5,0.21042313095293227,,5,0.18462773429660848,1314,201,201,7.0,3.558214105264565e-05,0.00012765912705348104,0.1647800446007057,0.00012765912705348104,0.1647800446007057,0.0,,0.18462773429660848,,,
11709124,K00435.06,CONFIRMED,186.7,4.326,9.91937693,127.0,0.00014753074165718694,0.7748059701492469,-1.0520894733301311e-05,2.1188253247433724,1.4340319740457907e-05,0.0,31,17,60|1800,pdcsap_flux,64779,0,29.424424231401645,27,0.018171504245882104,5,0.24375183315580667,,5,0.15044999150959415,4699,201,201,24.0,1.754002572359099e-05,0.0,,0.0,,0.0,,0.15044999150959415,,,
12600735,K00548.01,CONFIRMED,659.8,4.0852,21.30020491,65.0,0.0006276160503069228,3.6583880597014775,-1.834860185612186e-05,7.645242444896792,8.680732378918421e-06,0.0,17,17,1800,pdcsap_flux,64736,0,29.42442254978232,25,0.007991315923292058,1,0.10148912506178942,,1,0.05567226890756303,2132,201,201,11.0,1.9541148754967594e-05,0.0,,0.0,,0.0,,0.05567226890756303,,,
1293046,K07622.01,FALSE POSITIVE,627.1,2.065,36.2671673,39.0,0.000556320363806373,0.32875621890547535,-2.4692168090978406e-05,1.381642789915292,7.490813937571783e-05,0.0,17,17,1800,pdcsap_flux,64742,0,29.42442993633449,13,0.0023724396767725135,1,0.015152451268110345,,0,0.0,642,201,201,3.0,0.00010038708094509068,0.000597983129816293,-0.4997201155303206,0.000597983129816293,-0.4997201155303206,0.0,,0.0,,,
1432214,K00998.01,FALSE POSITIVE,87750.0,5.31,161.78832712,9.0,,,,,,0.0,17,16,60|1800,pdcsap_flux,63044,0,29.42437410238199,33,0.0013675275833459645,1,0.007930968847154368,,0,0.0,305,201,151,2.0,0.0001441732700280777,0.0004920838956722351,0.09507214298773173,0.0005038966461892169,-0.3886907396209151,0.0,,0.0,,,
1433980,K03924.01,FALSE POSITIVE,155156.0,8.9488,1.592634161,389.0,0.13207126907433364,4.630224875621867,-0.00465722413331493,13.769149832174932,0.00031788832815737855,,8,8,1800,pdcsap_flux,30160,0,29.424280235543847,55,0.2341194706212676,1,0.7001989389920424,primary_only,0,0.0,28231,201,201,140.0,,,,,,,,0.0,blanking covers 0.94 of the orbit,,
1572948,K04924.01,FALSE POSITIVE,374.7,2.814,3.0031801,58.0,0.0003078170457097018,0.22399999999999998,-4.370769475303682e-05,2.0579783747994895,9.804968253723789e-05,0.0,2,2,1800,pdcsap_flux,8627,0,29.42337875138037,17,0.03904194756751352,1,0.2355395850237626,,0,0.0,1323,201,201,6.0,3.72940365619707e-05,0.0,,0.0,,0.0,,0.0,,,
1575690,K03658.01,FALSE POSITIVE,32296.0,1.9767,2.252417903,1007.0,0.028815466628002384,1.180119402985076,-0.00037608912455355803,185.06712559454232,4.191808168130251e-05,0.013406460107549867,14,14,1800,pdcsap_flux,54965,0,29.42454912699759,13,0.036566260590586326,1,0.21917583917038116,,0,0.0,8087,201,201,40.0,4.539609924662402e-05,0.013406460107549867,0.4987767803396014,0.013406460107549867,0.4987767803396014,0.013406460107549867,0.4987767803396014,0.0,,,
1870398,K04927.01,FALSE POSITIVE,283.2,61.73,43.142257,34.0,0.0003487663204604363,38.082189054726356,7.823176023580292e-05,4.804303294521469,2.5838397369581934e-05,0.0,17,17,1800,pdcsap_flux,64734,0,29.42443178035319,377,0.059618654938088496,1,0.36432168566750084,,0,0.0,15466,201,201,78.0,1.9016336438592428e-05,0.0,,0.0,,0.0,,0.0,,,
1873513,K04928.01,CONFIRMED,13552.6,1.7215,3.290304098,85.0,0.012942514249831283,1.3703482587064642,0.00011852601560191633,37.98170743885437,0.00031687800212232275,0.0,4,4,1800,pdcsap_flux,13453,0,29.42411904106848,11,0.021800163307174856,1,0.13179216531628632,,0,0.0,1175,201,201,6.0,8.476847124364145e-05,0.000268281443212115,0.41838440923676035,0.0003739163512250787,-0.49986497836133437,0.0,,0.0,,,
2010152,K08084.01,FALSE POSITIVE,206.6,17.54,317.74527,4.0,-2.6498917311323922e-05,1.7452736318407949,4.4521442436940006e-05,-0.20806334879172864,0.0005141650820909005,0.0004012356319200716,18,18,1800,pdcsap_flux,65258,0,29.42444217391312,107,0.0023000604645769655,1,0.013500260504459223,,0,0.0,651,201,201,3.0,4.16000455035987e-05,0.0003804274636327598,0.0750367134855655,0.0004012356319200716,-0.2317338509774024,0.0004012356319200716,-0.2317338509774024,0.0,,,
2010191,K03999.01,FALSE POSITIVE,152.2,4.509,3.43525124,388.0,0.00027892669855433816,1.1665074626865608,-7.576632303885056e-06,3.278251130512388,4.863994359727286e-05,0.0,17,17,1800,pdcsap_flux,64742,0,29.424428762868047,27,0.054690323028600385,1,0.3278860708658985,,0,0.0,14206,201,201,71.0,2.84381293246169e-05,0.00011473230600789197,0.49127054897949723,0.00019327159028381669,-0.4931552655353116,0.0,,0.0,,,
2015013,K04930.01,FALSE POSITIVE,139.6,2.204,27.8923345,97.0,0.00014249718019188062,0.3947462686567178,6.469202440040345e-05,1.6783966676465307,2.2072326552158295e-05,7.42287809875064e-05,18,18,1800,pdcsap_flux,65217,0,29.424447705969214,13,0.003292421913745991,1,0.01959611757670546,,0,0.0,827,201,199,4.0,1.9240876201081568e-05,7.42287809875064e-05,0.49964847974163035,7.42287809875064e-05,0.49964847974163035,7.42287809875064e-05,0.49964847974163035,0.0,,,
2019076,K03585.01,FALSE POSITIVE,94342.0,3.44204,3.564614021,342.0,0.06548008270789407,2.054949253731354,-0.0013991725131748955,484.2397207684566,0.03649066656028177,0.0,15,15,1800,pdcsap_flux,59063,0,29.42436296492815,21,0.04023390260163411,1,0.24272387112066776,,0,0.0,9510,201,201,47.0,3.9491997111056644e-05,0.00012247773364015835,-0.4647821719851724,0.00012247773364015835,-0.4647821719851724,0.0,,0.0,,,
2142501,K03233.01,FALSE POSITIVE,,9.03,113.0707574,,2.3614483549705412e-05,0.8985074626865597,-1.917109943727624e-05,0.3462119028012485,3.681758720586181e-05,0.0,18,18,1800,pdcsap_flux,65232,0,29.42443176987581,55,0.0033275623923608734,1,0.017537404954623498,,0,0.0,803,201,201,4.0,1.3494968053146182e-05,4.2282561731443735e-05,0.008701787864784096,5.1003565203155965e-05,-0.23171459498328772,0.0,,0.0,,,
2157247,K00997.01,FALSE POSITIVE,5559.7,17.573,5.68628739,,0.004240627502889449,22.731243781094406,-0.00011124991783262317,1.8155527051471667,9.646209743574552e-05,0.0018077045707696193,17,17,1800,pdcsap_flux,64793,0,29.42442700266838,107,0.12876738073791472,1,0.3852576667232571,primary_only,0,0.0,33264,201,201,166.0,0.00027991662684536544,0.0018077045707696193,-0.497937779221704,0.0018077045707696193,-0.497937779221704,0.0018077045707696193,-0.497937779221704,0.0,,,
2161623,K06094.01,FALSE POSITIVE,864260.0,7.7999,2.283466438,0.0,,,,,,,,,,,,,,,,,,,,,,,,,,,,,,,,,,koi_num_transits is 0,precheck
2167890,K03670.01,FALSE POSITIVE,12668.0,2.6395,2.64830047,111.0,0.011527693313890142,1.6808756218905496,-0.00011827317643564594,81.18763093641712,0.0001464786051155187,0.0006353561000429497,4,4,1800,pdcsap_flux,14299,0,29.424519455060363,17,0.04152820569739455,1,0.25113644310790967,,0,0.0,2389,201,201,12.0,2.1747091141851648e-05,0.0006353561000429497,0.499165906847608,0.0006353561000429497,0.499165906847608,0.0006353561000429497,0.499165906847608,0.0,,,
2305311,K04434.01,FALSE POSITIVE,155.5,5.056,1.404674486,741.0,0.00012215465862563946,1.6098706467661823,2.455249736299514e-05,3.3586473638367234,2.0212509768136044e-06,0.0,13,13,1800,pdcsap_flux,50171,0,29.4239114318043,31,0.1499754347119726,1,0.4520539754041179,primary_only,0,0.0,30179,201,201,150.0,2.3737941837741427e-05,0.0,,0.0,,0.0,,0.0,,,
2305819,K03201.01,FALSE POSITIVE,41.2,9.94,135.57186,,3.289260688432716e-05,1.1868656716417831,6.48088645049949e-06,0.8484279983035017,1.315314609806606e-05,0.0,18,18,1800,pdcsap_flux,65208,0,29.424448533682153,61,0.00305496042221938,1,0.018080603606919397,,0,0.0,800,201,201,4.0,1.1757246454915559e-05,3.937855214208863e-05,0.10375506172065514,4.536708903501996e-05,-0.3789286849899964,0.0,,0.0,,,
2437060,K03712.01,FALSE POSITIVE,129093.0,7.2897,3.187087241,164.0,0.10882898791439777,4.0619223880597115,0.006381435062852936,6.793016959964072,0.00014621261578595668,0.0,6,6,1800,pdcsap_flux,24806,0,29.424931834219024,45,0.09530253709173567,1,0.571514956059018,,0,0.0,9539,201,201,48.0,0.015122338494935663,0.0,,0.0,,0.0,,0.0,,,
2438513,K01944.01,CONFIRMED,499.3,2.5014,12.18420006,113.0,0.00042640547154126907,1.941385074626882,7.49140080524846e-07,4.9641070536263525,2.4171522554183866e-05,0.0,32,17,60|1800,pdcsap_flux,64794,0,29.424424907192588,15,0.008554111019743056,2,0.13942649010710867,,1,0.0927555020526592,2285,201,201,11.0,2.239130853045499e-05,6.947592528894209e-05,0.3992592939604766,7.286656718819007e-05,-0.07335533988032633,0.0,,0.0927555020526592,,,
2438513,K01944.02,FALSE POSITIVE,194.8,6.287,8.3606759,157.0,0.0002506434416140735,3.2529751243781004,3.6650623093104073e-06,4.152007729023746,7.119940810984549e-05,0.0,32,17,60|1800,pdcsap_flux,64794,0,29.424424907192588,39,0.031332195682089926,2,0.20651603543537983,,1,0.026545667808747724,8051,201,201,41.0,2.7790686084586445e-05,0.0,,0.0,,0.0,,0.026545667808747724,,,
2438517,K06272.01,FALSE POSITIVE,185.6,3.152,3.31587688,341.0,0.00016857221510790943,0.3763582089552244,1.356129997476252e-05,1.9915804311131862,9.642789854535927e-05,0.0,14,14,1800,pdcsap_flux,54922,0,29.42454962991178,19,0.03960742153168646,1,0.23637158151560395,,0,0.0,8634,201,201,43.0,2.323330736115019e-05,0.0,,0.0,,0.0,,0.0,,,
2441495,K00166.01,CONFIRMED,715.7,2.2614,12.49340725,107.0,0.0006855817585486035,1.890125373134318,9.114586671188363e-06,13.17461969005611,4.132293712388879e-05,0.0,31,18,60|1800,pdcsap_flux,65220,0,29.424445694312453,13,0.007541977789925962,1,0.045599509352959214,,0,0.0,1980,201,201,10.0,1.3704000760120616e-05,5.1689151997380556e-05,0.16845260629852926,5.1689151997380556e-05,0.16845260629852926,0.0,,0.0,,,
2442084,K06273.01,FALSE POSITIVE,219219.0,7.41807,49.788613011,27.0,0.19072124688090952,4.133451940298487,-0.0060059933756753114,598.3464554013194,0.0041478968007298,0.03332119972138192,17,17,1800,pdcsap_flux,64795,0,29.424428254715167,45,0.006207970684616426,1,0.035728065437147925,,0,0.0,1587,201,201,8.0,7.304228333208202e-05,0.03332119972138192,0.18057682124002752,0.03332119972138192,0.18057682124002752,0.03332119972138192,0.18057682124002752,0.0,,,
2442448,K02812.01,CONFIRMED,498.7,10.22,76.6139446,18.0,0.0004812067565423961,7.525174129353279,2.11282736084506e-05,4.6552899536393655,6.399235424259242e-05,0.0,17,17,1800,pdcsap_flux,64721,0,29.42443236708641,63,0.005558170063643132,1,0.0319988875326401,,0,0.0,1428,201,201,7.0,2.8325446926784556e-05,0.0,,0.0,,0.0,,0.0,,,
2444412,K00103.01,CONFIRMED,864.5,3.325,14.91095177,93.0,0.0008065877558489642,2.712935323383089,-3.803019901715832e-05,18.585353934880693,1.573038321400766e-05,0.0,62,18,60|1800,pdcsap_flux,65260,0,29.4244450237602,21,0.009291269182789844,1,0.05654305853509041,,0,0.0,2457,201,201,12.0,1.1907328000076433e-05,0.0,,0.0,,0.0,,0.0,,,
2558363,K01021.01,FALSE POSITIVE,639.7,2.0543,0.54624855,2385.0,0.0005048355980411534,1.267329353233828,4.2676934553953494e-05,7.725238062924409,0.00010292590391436374,0.0,16,16,1800,pdcsap_flux,63119,0,29.424362378194928,13,0.1566975936747719,1,0.4698743642960123,primary_only,0,0.0,39533,201,201,196.0,1.5201855072371706e-05,0.0,,0.0,,0.0,,0.0,,,
2569494,K03704.01,FALSE POSITIVE,195071.0,5.9083,1.523298835,281.0,0.18877803920237868,3.2921870646766234,0.013819720667378244,8.761294829116498,0.0008962620196893978,0.01786762184048496,6,5,60|1800,pdcsap_flux,20654,0,29.424431947991252,37,0.1616092397698621,1,0.48416771569671735,primary_only,0,0.0,13345,201,201,67.0,0.0045747514726343546,0.01786762184048496,-0.49484198521118644,0.01786762184048496,-0.49484198521118644,0.01786762184048496,-0.49484198521118644,0.0,,,
2573108,K03217.01,FALSE POSITIVE,23.6,5.73,5.09506,274.0,2.0837873334067503e-05,1.1402985074626868,-7.683419219528531e-06,1.1900029311529217,1.3691362446888178e-05,0.0,26,18,60|1800,pdcsap_flux,65239,0,29.424443928874098,35,0.04685911451484379,1,0.28154937997210255,,0,0.0,12254,201,201,66.0,6.785615959118795e-06,0.0,,0.0,,0.0,,0.0,,,
2694632,K04600.01,FALSE POSITIVE,33.0,4.227,0.92225589,1466.0,2.786572076307614e-05,0.7570746268656743,-1.6887065842352555e-06,0.7996162451250725,6.528626975144114e-06,0.0,18,18,1800,pdcsap_flux,65263,0,29.4244294334203,25,0.1909719438061816,1,0.5728360633130564,primary_only,0,0.0,49881,201,201,248.0,3.2460727292263236e-06,0.0,,0.0,,0.0,,0.0,,,
2708278,K04102.01,FALSE POSITIVE,105.8,4.415,1.89124187,710.0,0.00010755238212689644,1.8450746268656744,4.619042652143079e-06,3.1496063506235052,1.2839680971099554e-05,0.0,17,17,1800,pdcsap_flux,64791,0,29.424425656325184,27,0.09726853886400756,1,0.5839545615903443,,0,0.0,25121,201,201,125.0,7.501895322395934e-06,0.0,,0.0,,0.0,,0.0,,,
2708286,K04071.01,FALSE POSITIVE,155.6,5.687,1.89131005,710.0,0.00013657118525434164,1.6976119402985201,-1.21934354208042e-05,2.928264531184357,7.518228440916985e-06,0.0,17,17,1800,pdcsap_flux,64728,0,29.4244294334203,35,0.1252879364403173,1,0.3744592757384749,primary_only,0,0.0,32350,201,201,161.0,1.2888686361369504e-05,0.0,,0.0,,0.0,,0.0,,,
2708420,K04003.01,FALSE POSITIVE,82.0,5.294,1.89129881,710.0,8.758226387151069e-05,3.16059701492536,-2.1678727916363272e-05,5.53427861676906,1.0173589872874977e-05,0.0,17,17,1800,pdcsap_flux,64733,0,29.424428249476478,33,0.11663060969902123,1,0.6996894937667032,,0,0.0,30113,201,201,150.0,3.7038388797933752e-06,1.7963691584133024e-05,-0.4940512338096547,1.7963691584133024e-05,-0.4940512338096547,0.0,,0.0,,,
2708885,K02907.01,FALSE POSITIVE,256.2,1.7247,1.146934644,1140.0,0.0002666421288965992,1.269928358208961,7.601079968888591e-06,2.9787723396651815,6.193311831947934e-05,0.0,16,16,1800,pdcsap_flux,63119,0,29.4243712577736,11,0.06265614207046309,1,0.37584562493068646,,0,0.0,15797,201,201,79.0,1.9495725223602423e-05,0.0,,0.0,,0.0,,0.0,,,
2710623,K04532.01,FALSE POSITIVE,33.4,2.429,1.02087831,1312.0,2.2582726107112094e-05,0.33836815920397956,1.944493561278904e-06,0.9230171067783443,1.2758008233526574e-05,0.0,17,17,1800,pdcsap_flux,64726,0,29.424428584752604,15,0.09913848922241607,1,0.5953558075580138,,0,0.0,25661,201,201,128.0,6.63208769063357e-06,0.0,,0.0,,0.0,,0.0,,,
2711597,K04746.01,FALSE POSITIVE,105.7,0.919,0.98041685,1363.0,8.591983091099653e-05,0.07315422885572151,2.2341570601769334e-05,1.5260206331838162,5.286393937820044e-05,7.462582305473031e-05,17,17,1800,pdcsap_flux,64794,0,29.424428092315793,5,0.03905651628352437,1,0.2343272525233818,,0,0.0,10134,201,201,51.0,1.0167680117110422e-05,7.462582305473031e-05,0.49854971527539976,7.462582305473031e-05,0.49854971527539976,7.462582305473031e-05,0.49854971527539976,0.0,,,
2713018,K03235.01,FALSE POSITIVE,63.9,4.487,66.713573,,9.321806795203891e-05,0.1785870646766159,3.1567270510679535e-05,1.4756732407262143,3.2975527795020554e-06,0.0,18,18,1800,pdcsap_flux,65239,0,29.42444551619701,27,0.0028024032430901784,1,0.016646484464813992,,0,0.0,782,201,196,4.0,1.435003843706455e-05,4.3655237208617415e-05,-0.491240131516591,6.05825646283753e-05,-0.4891383290842734,0.0,,0.0,,,
2715135,K01024.01,CONFIRMED,820.1,1.8923,5.747711909,231.0,0.0007472098397569571,1.6192815920397918,-2.0987131586269747e-05,8.011497180752853,3.685747880888268e-05,0.0,17,17,1800,pdcsap_flux,64792,0,29.42442893050611,11,0.013717777540289265,1,0.0808124459809853,,0,0.0,3500,201,201,17.0,2.4146291868571855e-05,0.0,,0.0,,0.0,,0.0,,,
2715695,K03077.01,CONFIRMED,405.5,1.704,4.09578199,298.0,0.00039938654462767786,0.1695522388059696,6.68149008886676e-05,1.8126539378420137,5.576279831065456e-05,0.0,15,15,1800,pdcsap_flux,59007,0,29.42451592942234,11,0.01733490702711938,1,0.1478129713423831,,1,0.04833324859762401,4094,201,201,20.0,4.873990776000938e-05,0.0,,0.0,,0.0,,0.04833324859762401,,,
2837111,K01110.01,CONFIRMED,270.7,4.49,8.7348852,155.0,0.000254042180648395,2.2338308457711338,-5.590769870167378e-06,3.595383489646374,4.027685470586739e-06,0.0,17,17,1800,pdcsap_flux,64720,0,29.42441870458424,27,0.02141794986994601,1,0.23442521631644006,,1,0.12007107540173054,5606,201,201,22.0,1.7879454647746272e-05,0.0,,0.0,,0.0,,0.12007107540173054,,,
2853780,K02081.02,FALSE POSITIVE,253.4,10.2,589.17968,,0.00015385285046565222,1.0149253731343322,6.826755442945753e-06,0.7590232657687609,2.482660386837754e-05,0.0002685045628849636,17,17,1800,pdcsap_flux,64747,0,29.424431193619967,63,0.0007213419172908339,1,0.20722195622963227,,1,0.20334532874109998,247,201,164,1.0,6.505837583032395e-05,0.0002685045628849636,-0.2969204196496735,0.00036674551563475877,0.4191016010010705,0.0002685045628849636,-0.2969204196496735,0.20334532874109998,,,
2854914,K01113.01,CONFIRMED,414.5,4.6142,25.93406406,51.0,0.00037501341575429947,4.04029452736318,3.788458629327973e-05,5.369201778874222,1.8863776023447798e-05,0.0,19,17,60|1800,pdcsap_flux,64744,0,29.424431947991252,29,0.00741335152440945,2,0.05541826269615717,,1,0.011012603484492772,1917,201,201,10.0,1.548223462512963e-05,5.7452245709521677e-05,0.05508350904104707,5.7452245709521677e-05,0.05508350904104707,0.0,,0.011012603484492772,,,
2854914,K01113.02,CONFIRMED,503.0,6.536,83.4463485,17.0,0.00048106201510433877,4.032159203980072,-6.808124441093355e-06,5.0904346078193266,5.952097027683845e-05,0.0,19,17,60|1800,pdcsap_flux,64744,0,29.424431947991252,39,0.003263573999685958,2,0.04225874212282219,,1,0.022318670455949586,944,201,201,4.0,2.5590107849287214e-05,0.0,,0.0,,0.0,,0.022318670455949586,,,
2856960,K06295.01,FALSE POSITIVE,10579.0,37.2,204.280255,7.0,0.01873499559601699,23.689552238805867,-0.0007211890249139152,20.980426078444633,0.0025360358226111934,0.00042623697284327466,25,17,60|1800,pdcsap_flux,64790,0,29.424431612715125,227,0.007587615357147463,1,0.046210835005402066,,0,0.0,1963,201,201,10.0,0.00010374308699594849,0.000403372087874887,0.4930397710031473,0.00047539216236269777,-0.4819688023903115,0.00042623697284327466,-0.02671188096146411,0.0,,,
2860594,K06296.01,FALSE POSITIVE,47751.3,11.3096,5.499941793,250.0,0.04484129762546363,7.652266666666669,-0.0005784853930022038,11.831113598811937,0.00011406246716549884,0.0,18,18,1800,pdcsap_flux,65264,0,29.424451058730483,69,0.08567969463478527,1,0.516318337827899,,0,0.0,22653,201,201,113.0,0.0048325796617090045,0.0,,0.0,,0.0,,0.0,,,
2860788,K06297.01,FALSE POSITIVE,101310.0,6.606,2.629870555,515.0,0.09159068869948384,3.680955223880618,-0.0029520931755774305,379.46546339785374,0.006987423607241139,0.0,17,17,1800,pdcsap_flux,64795,0,29.42443421110511,41,0.10466294604374549,1,0.628119453661548,,0,0.0,27259,201,201,136.0,0.0004296825690576338,0.0,,0.0,,0.0,,0.0,,,
2998124,K06302.01,FALSE POSITIVE,85951.6,7.71925,28.597880332,47.0,0.08622952599433376,5.222975124378127,0.00012895380225497188,1177.1216375185782,0.00012143327238856028,0.0017259507313571731,18,18,1800,pdcsap_flux,65264,0,29.424451561644673,47,0.011246827140078918,1,0.06760235351801912,,0,0.0,2930,201,201,14.0,2.170813560421445e-05,0.0017259507313571731,0.4728784812657832,0.0017259507313571731,0.4728784812657832,0.0017259507313571731,0.4728784812657832,0.0,,,
3003992,K01119.01,FALSE POSITIVE,58.0,2.3145,7.24476126,144.0,5.2214705006714546e-05,1.9805671641791114,-4.503165031310985e-06,4.30577123358949,7.211913985782914e-06,0.0,15,15,1800,pdcsap_flux,52250,0,29.42444400745444,15,0.013311342712209677,2,0.0990622009569378,,1,0.0209377990430622,2700,201,201,13.0,3.3572194508820093e-06,1.0889774261224616e-05,0.4966874754275488,1.0889774261224616e-05,0.4966874754275488,0.0,,0.0209377990430622,,,
3003992,K01119.02,FALSE POSITIVE,48.3,2.288,13.55480534,76.0,5.0802460848653475e-05,0.8195820895522328,5.576595911271909e-06,3.0126562021426877,8.233827218595557e-06,0.0,15,15,1800,pdcsap_flux,52250,0,29.42444400745444,13,0.007033176127731343,2,0.07917703349282297,,1,0.0387177033492823,1456,201,201,6.0,4.361532566087356e-06,1.4076543573549039e-05,0.03892006332185925,1.655398127442531e-05,-0.23713209969159724,0.0,,0.0387177033492823,,,
3098184,K01091.01,FALSE POSITIVE,7019.0,19.292,15.2384539,38.0,0.017160795453347033,10.749771144278554,-0.00021702825242431167,230.85965048768898,0.03515844349753949,0.009276397114920676,14,14,1800,pdcsap_flux,54956,0,29.424558168975636,119,0.05275032090580616,1,0.3125409418443846,,0,0.0,11422,201,201,57.0,2.5056192755219662e-05,0.009276397114920676,-0.26921258079674387,0.009276397114920676,-0.26921258079674387,0.009276397114920676,-0.26921258079674387,0.0,,,
3102024,K06304.01,FALSE POSITIVE,248937.0,8.27762,13.782522208,95.0,0.2187669391981557,4.612405174129378,-0.0075243875729527065,790.7552275076221,0.012074270726780134,0.06938438595750052,19,18,60|1800,pdcsap_flux,65264,0,29.424431434599683,51,0.02502450771551359,1,0.1499908065702378,,0,0.0,6565,201,201,33.0,2.9379109384394494e-05,0.00027065311206864173,-0.496422083737238,0.06938438595750052,-0.29979934890768456,0.06938438595750052,-0.29979934890768456,0.0,,,
3114667,K03763.01,FALSE POSITIVE,412710.0,2.25012,0.888584158,0.0,,,,,,,,,,,,,,,,,,,,,,,,,,,,,,,,,,koi_num_transits is 0,precheck
3120308,K03380.01,FALSE POSITIVE,254.6,3.879,10.26558924,124.0,0.0002486729634446627,0.6947462686567167,-5.617073895902713e-06,3.0980299577362724,2.2911315726847903e-06,0.0,17,17,1800,pdcsap_flux,64758,0,29.424432105151936,23,0.015744347082408683,1,0.09205040303900676,,0,0.0,3805,201,201,19.0,2.463816935288312e-05,0.0001119195824196284,-0.4982498850654368,0.0001119195824196284,-0.4982498850654368,0.0,,0.0,,,
3122985,K01949.01,FALSE POSITIVE,24327.0,1.9694,0.993488979,1346.0,0.02287715134572743,1.1757611940298505,-0.0010064624489480867,31.72575350242173,0.0001492143419142833,0.0015715985948545619,17,17,1800,pdcsap_flux,64794,0,29.424432953819633,13,0.08259611839471984,1,0.4959564157175047,,0,0.0,21391,201,201,106.0,0.00033587899144339186,0.0015715985948545619,0.4975595466264037,0.0015715985948545619,0.4975595466264037,0.0015715985948545619,0.4975595466264037,0.0,,,
3230578,K00381.01,FALSE POSITIVE,1807.4,1.742,6.337614357,211.0,0.0016039230043363162,1.1093333333333386,-8.492426166772926e-05,34.90437951164078,1.4259098264468584e-05,0.00011982480947070329,24,18,60|1800,pdcsap_flux,65252,0,29.42444116808474,11,0.011452784793250136,1,0.06859559860234168,,0,0.0,2967,201,201,15.0,1.1864300328502253e-05,0.00011982480947070329,-0.4989384044250006,0.00011982480947070329,-0.4989384044250006,0.00011982480947070329,-0.4989384044250006,0.0,,,
3239671,K02066.01,CONFIRMED,1267.1,6.854,147.97391,9.0,0.0012406961633378844,1.909572139303477,-8.232135243502192e-05,5.188747338763358,0.00020700560462028061,0.00039824237595831313,17,17,1800,pdcsap_flux,64781,0,29.424432194209658,41,0.0019299573372990777,1,0.01153115882743397,,0,0.0,499,201,200,2.0,7.572970897260314e-05,0.00032413511944429096,0.4353533614122083,0.00039824237595831313,0.43848954208531904,0.00039824237595831313,0.43848954208531904,0.0,,,
3241662,K06313.01,FALSE POSITIVE,98.5,1.663,1.70332915,787.0,7.305364845222595e-05,0.26475621890547135,-4.124313146558478e-08,0.9470442914198954,2.327942173285802e-05,0.0,17,17,1800,pdcsap_flux,64736,0,29.424436641857028,11,0.04068013904809101,1,0.244176347009392,,0,0.0,10571,201,201,53.0,1.8086389355552512e-05,5.6651478748337425e-05,-0.4982481781264423,5.6651478748337425e-05,-0.4982481781264423,0.0,,0.0,,,
3248033,K00006.01,FALSE POSITIVE,120.8,2.1033,1.334101467,799.0,8.552567816844103e-05,1.4231283582089642,-3.106084001225362e-06,7.361110263171113,4.9102265582412485e-06,0.0,18,15,60|1800,pdcsap_flux,52273,0,29.424437804846093,13,0.06569028081280118,1,0.3941231610965508,,0,0.0,13690,201,201,68.0,3.184110709628207e-06,0.0,,0.0,,0.0,,0.0,,,
3329643,K06322.01,FALSE POSITIVE,158.2,10.994,1.015044104,1328.0,9.98377799987793e-05,5.250865671641803,6.079673767089844e-06,3.1426203675196023,1.1324882507324219e-06,,17,17,1800,pdcsap_flux,64567,0,29.424422392621636,,0.45129401917429723,1,1.0,none,0,0.0,64567,112,112,580.0,,,,,,,,0.0,blanking covers 1.81 of the orbit,,
3342592,K00402.01,FALSE POSITIVE,24419.2,7.6702,17.177328207,79.0,0.023972586081319025,6.105631840795996,-0.00016282128816991204,283.49442536695267,0.0001249363619698629,0.0004849943789246858,17,17,1800,pdcsap_flux,64794,0,29.424428259953856,47,0.01860543518848459,1,0.1111522671852332,,0,0.0,4922,201,201,24.0,1.871501538946181e-05,0.0004849943789246858,-0.4883705759487301,0.0004849943789246858,-0.4883705759487301,0.0004849943789246858,-0.4883705759487301,0.0,,,
3343866,K06328.01,FALSE POSITIVE,75.3,1.271,0.555973803,2404.0,7.267128476307061e-05,0.8852736318407993,-1.3853237837979648e-06,3.4063474858247313,2.2038125791490337e-05,0.0,17,17,1800,pdcsap_flux,64742,0,29.424432618543506,7,0.09525328899954182,1,0.5714991813660375,,0,0.0,24647,201,201,122.0,3.7977184029600815e-06,0.0,,0.0,,0.0,,0.0,,,
3344419,K01181.01,FALSE POSITIVE,2779.3,2.0141,0.651784374,1031.0,0.002670549948509904,1.1222845771144276,-3.231163182215724e-05,26.319844673002024,3.2634234932160666e-05,0.0011713476973624903,17,17,1800,pdcsap_flux,64789,0,29.42443043924868,13,0.1287555159052238,1,0.3858525366960441,primary_only,0,0.0,33321,201,201,166.0,0.00018654212270786656,0.0011713476973624903,-0.49602429643799595,0.0011713476973624903,-0.49602429643799595,0.0011713476973624903,-0.49602429643799595,0.0,,,
3345973,K07652.01,FALSE POSITIVE,238.5,4.966,15.3466028,88.0,0.0002787985716090624,2.9647761194030053,4.0431373081628585e-05,2.8442367549721124,8.813399523699417e-05,0.0,17,17,1800,pdcsap_flux,64774,0,29.424431612715125,31,0.013482897118225192,1,0.07864266526692809,,0,0.0,3466,201,201,20.0,2.8903131424402395e-05,0.00010699224466337309,-0.2758292545841805,0.00011084833213570455,-0.2623463574659553,0.0,,0.0,,,
3351888,K00801.01,CONFIRMED,7969.0,2.38963,1.625522174,657.0,0.007772212889604502,1.997302686567152,3.32205533961627e-05,132.40653298703845,6.654084475488098e-05,0.0,14,14,1800,pdcsap_flux,51807,0,29.424422890297137,15,0.06125288123363776,1,0.367846043970892,,0,0.0,12662,201,201,63.0,1.2732129487172027e-05,7.321099753898608e-05,-0.4969824482681054,7.321099753898608e-05,-0.4969824482681054,0.0,,0.0,,,
3352751,K06330.01,FALSE POSITIVE,114625.0,6.9796,3.495457889,310.0,0.10094271814098621,3.889130348258718,-0.0026474991020728478,13.658251560966864,3.427550342927077e-05,0.0,15,15,1800,pdcsap_flux,52286,0,29.424447705969214,43,0.08319844664181182,1,0.49594537734766475,,0,0.0,17530,201,201,87.0,0.006579731161836673,0.020203547777787434,-0.4911974279754951,0.020203547777787434,-0.4911974279754951,0.0,,0.0,,,
3353050,K00384.01,CONFIRMED,222.8,5.207,5.0800579,212.0,0.00021273708742408637,4.559363184079572,2.8856821988609838e-06,8.807401905206206,3.274598580571553e-05,0.0,21,15,60|1800,pdcsap_flux,52244,0,29.424448701320216,31,0.04270784656476717,1,0.2547278156343312,,0,0.0,8863,201,201,45.0,7.3485492835917205e-06,0.0,,0.0,,0.0,,0.0,,,
3439126,K07655.01,FALSE POSITIVE,259.5,6.079,2.9761504,454.0,0.0003032752543397077,0.2419502487562193,-0.0002462541767885851,0.5842334233238031,0.0001840034610602892,0.0,17,17,1800,pdcsap_flux,64794,0,29.42442507483065,37,0.08510714601878543,1,0.513905608544001,,0,0.0,22198,201,201,111.0,0.0001386238743564735,0.0,,0.0,,0.0,,0.0,,,
3440861,K01219.01,FALSE POSITIVE,,3.16,3.50376155,,2.3614790332637803e-05,0.2515422885572143,1.3633997365536388e-06,0.698153011471388,1.717464445327721e-05,0.0,17,17,1800,pdcsap_flux,64730,0,29.42442993633449,19,0.03757866075865428,1,0.22464081569596786,,0,0.0,9666,201,201,48.0,9.35768673978119e-06,0.0,,0.0,,0.0,,0.0,,,
3443582,K08087.01,FALSE POSITIVE,10578.7,10.716,1.085965104,728.0,0.00842660665512085,6.8241194029850485,9.632110595703125e-05,6.489460400231636,3.445148468017578e-05,,10,10,1800,pdcsap_flux,38261,0,29.424598066834733,,0.41115501626652634,1,1.0,none,0,0.0,38261,123,123,313.0,,,,,,,,0.0,blanking covers 1.64 of the orbit,,
3444098,K04042.01,FALSE POSITIVE,495.6,1.326,0.72359699,238.0,0.0004982749230020289,0.13194029850746247,-0.00034132099510364444,0.9173706236307357,6.014874229898215e-05,0.0,2,2,1800,pdcsap_flux,8204,0,29.423349173739552,9,0.07635465703084254,1,0.4584349098000975,,0,0.0,2520,201,201,12.0,0.00012356512016792762,0.0004627893266349048,-0.49772422386730636,0.0004627893266349048,-0.49772422386730636,0.0,,0.0,,,
3444588,K01202.01,CONFIRMED,376.2,1.1899,0.928310036,1443.0,0.0003673560014775257,0.6630288557213949,-4.139784794832124e-05,3.6991109550505774,5.53677222698834e-05,0.0,26,17,60|1800,pdcsap_flux,64790,0,29.42442842759192,7,0.05340798304874372,1,0.320620466121315,,0,0.0,13842,201,201,69.0,2.5662700345993048e-05,0.0,,0.0,,0.0,,0.0,,,
3445812,K04802.01,FALSE POSITIVE,101.7,1.2399,0.605556082,2206.0,0.00012672556124670997,0.2960955223880575,-1.3593594827221445e-05,3.515767130374437,1.3021557398906758e-05,0.0,17,17,1800,pdcsap_flux,64740,0,29.424432618543506,7,0.0853141460149681,1,0.5122335495829472,,0,0.0,22100,201,201,108.0,1.7322038599425757e-05,0.0,,0.0,,0.0,,0.0,,,
3446451,K01735.01,FALSE POSITIVE,103.7,1.3699,0.64234875,1035.0,0.00010164308622129248,1.0086825870646752,6.4052062943575905e-06,8.816971942744656,3.1038160771101886e-05,0.0,18,18,1800,pdcsap_flux,65015,0,29.42444694635924,9,0.08886008833467281,1,0.5334461278166577,,0,0.0,23101,201,201,114.0,3.818496989854569e-06,0.0,,0.0,,0.0,,0.0,,,
3459199,K03725.01,FALSE POSITIVE,2213.2,3.2035,1.570518376,681.0,0.0019691255712801503,1.848786069651748,-6.0735347540363804e-05,30.947004321709947,0.000661247564530898,0.0,16,15,60|1800,pdcsap_flux,52283,0,29.424423817545176,19,0.08499051568350874,1,0.5088269609624544,,0,0.0,17771,201,201,89.0,2.6615867915133526e-05,0.00019295118038131776,-0.49073317783562154,0.00019295118038131776,-0.49073317783562154,0.0,,0.0,,,
3531558,K00118.01,CONFIRMED,269.6,5.9409,24.99324319,53.0,0.000266544868147478,5.083755223880564,7.445756346813326e-06,10.00753805714121,2.6940722658075344e-05,0.0,36,18,60|1800,pdcsap_flux,65192,0,29.424430774524808,37,0.00990417682564069,1,0.05901030801325316,,0,0.0,2570,201,201,13.0,6.829892815695381e-06,2.0616243158522174e-05,-0.14218521696958847,2.0616243158522174e-05,-0.14218521696958847,0.0,,0.0,,,
3547091,K01177.01,FALSE POSITIVE,17971.0,2.5903,3.305577989,399.0,0.01601571448268524,1.4948995024875513,-0.0005021422464369651,80.1678409457212,7.036039816588069e-05,0.0005006081502199056,28,16,60|1800,pdcsap_flux,63172,0,29.42437562160194,15,0.03265061874982937,1,0.1966219211042867,,0,0.0,8312,201,201,41.0,6.787987988753027e-05,0.0005006081502199056,-0.4979893270290417,0.0005006081502199056,-0.4979893270290417,0.0005006081502199056,-0.4979893270290417,0.0,,,
3547760,K04535.01,FALSE POSITIVE,141.9,3.079,9.8480917,136.0,0.00016976347473218745,0.3063681592039784,2.552235767727673e-05,1.8634168556498991,1.671312348960896e-06,0.0,17,17,1800,pdcsap_flux,64749,0,29.42443328909576,19,0.013027058497705364,1,0.1410678157191617,,1,0.06735239154272653,3391,201,201,17.0,2.2097514587762777e-05,7.513107061374313e-05,-0.42020652253519086,7.844559224057246e-05,-0.08801653084370352,0.0,,0.06735239154272653,,,
3557493,K01200.01,FALSE POSITIVE,564.6,2.95,0.393726813,,0.000380098819732666,1.4676616915422882,-2.5928020477294922e-05,3.4631461941886053,5.185604095458984e-06,,14,14,1800,pdcsap_flux,51794,0,29.42440595361404,,0.312187696159435,1,1.0,none,0,0.0,51794,161,161,322.0,,,,,,,,0.0,blanking covers 1.25 of the orbit,,
3558981,K00052.01,FALSE POSITIVE,42789.0,2.5814,2.98786272,362.0,0.04149620872642612,1.7466189054726489,-0.0009999839908644281,270.5691422016098,0.0005453331387651472,0.0017459726839894607,14,14,1800,pdcsap_flux,51817,0,29.424398247501813,15,0.03599841874038086,1,0.216975123994056,,0,0.0,7549,201,201,37.0,3.324055401270758e-05,0.0017459726839894607,-0.499720498918731,0.0017459726839894607,-0.499720498918731,0.0017459726839894607,-0.499720498918731,0.0,,,
3629330,K03418.01,CONFIRMED,767.8,13.31,85.272459,12.0,0.0006638342522452545,5.032636815920377,-1.2062289554637395e-05,3.251889749202992,1.5090288705166266e-05,0.0,15,15,1800,pdcsap_flux,56149,0,29.424214772880077,81,0.0065036629626610545,1,0.03752515628061052,,0,0.0,1287,201,201,7.0,5.188463805650231e-05,0.00016250225022917952,-0.18210708745538748,0.00016250225022917952,-0.18210708745538748,0.0,,0.0,,,
3634169,K06346.01,FALSE POSITIVE,23.6,28.81,2.9590637,455.0,1.7464160919189453e-05,13.759999999999938,-2.9206275939941406e-06,2.2715608336395676,2.9802322387695312e-06,,18,18,1800,pdcsap_flux,65178,0,29.42443612846546,,0.40567449314006543,1,1.0,none,0,0.0,65178,124,124,525.0,,,,,,,,0.0,blanking covers 1.62 of the orbit,,
3642335,K03010.01,CONFIRMED,714.3,4.397,60.8660974,23.0,0.0005859732303581389,1.3125373134328369,7.297140220063891e-05,2.051637543192187,9.319345632075038e-05,0.0,18,16,60|1800,pdcsap_flux,63159,0,29.42437176068779,27,0.0030100226753380335,1,0.018144682468056807,,0,0.0,817,201,201,4.0,8.14697864671758e-05,0.00026012361557381514,-0.09477366344474154,0.00026012361557381514,-0.09477366344474154,0.0,,0.0,,,
3645438,K04385.01,CONFIRMED,370.5,3.024,7.298142,155.0,0.0002915781467903722,0.9026865671641815,3.471723725989584e-05,1.6920609997665446,2.0807040041814773e-05,0.0,14,14,1800,pdcsap_flux,54929,0,29.424543589702807,19,0.017264668185409383,2,0.13457372244169746,,2,0.03224162100165669,3811,201,201,19.0,4.155110537805344e-05,0.0,,0.0,,0.0,,0.03224162100165669,,,
3645438,K04385.02,CONFIRMED,1336.4,11.007,386.370512,3.0,0.00125521711161114,1.9714029850746329,-0.0002731606516184204,2.5812894687733485,0.00028509305051427347,0.0006654777672586709,14,14,1800,pdcsap_flux,54929,0,29.424543589702807,67,0.0011870082880445078,2,0.08492781590780826,,2,0.07906570299841614,270,201,201,1.0,0.00016822672875491283,0.0006654777672586709,0.4997779888612875,0.0006998729914937662,0.2865616251213034,0.0006654777672586709,0.4997779888612875,0.07906570299841614,,,
3654719,K03081.01,FALSE POSITIVE,331.4,5.609,25.9200092,41.0,0.00024059785948959966,0.6697313432835835,0.00011474643428199816,1.3217075089481232,0.00010298529591878935,0.0,14,14,1800,pdcsap_flux,51783,0,29.424421879230067,35,0.00901652200545258,1,0.05331865670200645,,0,0.0,1860,201,199,9.0,4.935515315991787e-05,0.00019485229609550458,0.09396396634948116,0.00019485229609550458,0.09396396634948116,0.0,,0.0,,,
3655326,K06348.01,FALSE POSITIVE,106051.0,6.2852,15.066491533,73.0,0.09323220040364721,3.6272796019900317,-0.0025947228967456715,839.560704780643,0.0005637714381115932,0.03945240926861726,14,14,1800,pdcsap_flux,51817,0,29.424417782574892,39,0.0173818392131793,1,0.10540942161838779,,0,0.0,3565,201,201,17.0,2.5924534406854138e-05,0.03945240926861726,-0.4326311855433348,0.03945240926861726,-0.4326311855433348,0.03945240926861726,-0.4326311855433348,0.0,,,
3728701,K02536.01,CONFIRMED,382.3,6.019,51.1319346,28.0,0.00035160118603183577,2.8747462686567204,-1.5674946476362805e-05,2.992847575131233,6.872373649613461e-05,0.0,17,17,1800,pdcsap_flux,64700,0,29.42441131803207,37,0.004904795185798948,1,0.030587326120556414,,0,0.0,1333,201,201,7.0,3.373649952118144e-05,0.0,,0.0,,0.0,,0.0,,,
3732035,K03966.01,CONFIRMED,530.2,10.611,138.944022,11.0,0.00048388565716672716,2.5339701492537468,-2.1488559025506504e-06,4.164475098778453,9.937882958777067e-07,0.0,17,17,1800,pdcsap_flux,64740,0,29.4244156870991,65,0.00318203686373783,1,0.019493358047574915,,0,0.0,863,201,201,4.0,3.0161533235431523e-05,9.452807860010903e-05,0.08430372254554157,0.00014067241999549118,-0.4996449575207091,0.0,,0.0,,,
3734501,K08244.01,FALSE POSITIVE,228.4,7.003,31.1911468,27.0,0.0001815245463806514,0.9755422885572187,3.4321034175333054e-05,1.5913479974162876,0.00013340254857263645,0.0,10,10,1800,pdcsap_flux,38704,0,29.423881917027757,43,0.009354951536012991,1,0.05735841256717652,,0,0.0,1524,201,198,7.0,4.157371746619343e-05,0.00014083589196001167,-0.11524111913224552,0.00014083589196001167,-0.11524111913224552,0.0,,0.0,,,
3745690,K00442.01,CONFIRMED,461.0,4.4673,13.54057461,99.0,0.0004386838804590898,4.089468656716431,-8.554889661116505e-06,6.596017914339619,1.1970541622829955e-05,0.0,17,17,1800,pdcsap_flux,64752,0,29.424428584752604,27,0.013746647048680897,3,0.2578298739807265,,2,0.19190140845070422,3543,201,201,17.0,1.4627300148362332e-05,0.0,,0.0,,0.0,,0.19190140845070422,,,
3745690,K00442.02,CONFIRMED,182.4,2.2139,1.732346403,740.0,0.0001686506873904703,1.9385393034825855,3.1748758265726096e-06,5.627469339327346,3.784751954749588e-05,0.0,17,17,1800,pdcsap_flux,64752,0,29.424428584752604,13,0.053249069108572133,3,0.3725599209290833,,2,0.07896281195947616,13731,201,201,69.0,7.196931696426989e-06,2.967346784754632e-05,-0.4949135957769416,2.967346784754632e-05,-0.4949135957769416,0.0,,0.07896281195947616,,,
3745690,K00442.03,CONFIRMED,190.7,2.245,7.0257409,157.0,0.00016247938666591466,0.6701492537313403,-2.087766552971715e-05,2.3382352449015813,2.5094242964707192e-05,0.0,17,17,1800,pdcsap_flux,64752,0,29.424428584752604,13,0.013314135547849007,3,0.2574746725969854,,2,0.1936465282925624,3419,201,201,17.0,1.3686342404044048e-05,4.311788819633122e-05,-0.4916123598601591,4.311788819633122e-05,-0.4916123598601591,0.0,,0.1936465282925624,,,
3747262,K03005.01,FALSE POSITIVE,36.9,1.459,1.312459403,1020.0,3.971358198573416e-05,0.26131343283582087,6.396733881475214e-06,3.1766370226854717,9.690325250000242e-06,0.0,17,17,1800,pdcsap_flux,64766,0,29.424428752390668,9,0.04631889300934565,1,0.2780934440910354,,0,0.0,12036,201,201,60.0,3.136993169439783e-06,9.832455904024151e-06,0.4553764537641905,9.832455904024151e-06,0.4553764537641905,0.0,,0.0,,,
3756264,K03108.01,CONFIRMED,429.3,1.3287,7.36272124,147.0,0.00040930762193480685,0.26441791044776075,6.203995006581753e-05,2.921038309471565,5.746659288763389e-06,0.0,14,14,1800,pdcsap_flux,51765,0,29.424421884468757,9,0.007519298666263236,1,0.04541678740461702,,0,0.0,1573,201,201,8.0,3.723692558686389e-05,0.0,,0.0,,0.0,,0.0,,,
3757588,K06356.01,FALSE POSITIVE,6782.2,11.0494,24.09002065,43.0,0.006228150445241165,6.8165452736318635,-0.00017947309818167057,41.865162953030186,5.425494764854655e-05,0.0009538890245731624,14,14,1800,pdcsap_flux,51817,0,29.4244122505188,67,0.019111302283863617,1,0.11121832603199722,,0,0.0,3711,201,201,18.0,0.00010992219515557899,0.0004383667687472004,-0.47610149023567855,0.0009538890245731624,-0.43071214731150237,0.0009538890245731624,-0.43071214731150237,0.0,,,
3830820,K06360.01,FALSE POSITIVE,52760.0,3.76683,15.582794732,80.0,0.042956603276982475,2.323815522388068,-0.00034659509290380086,280.0362756736385,0.0005963223578073773,0.003966449707041408,17,17,1800,pdcsap_flux,64787,0,29.42440797574818,23,0.010072086085924834,1,0.05879265902109991,,0,0.0,2475,201,201,12.0,4.390540716262038e-05,0.003966449707041408,-0.4357863912557135,0.003966449707041408,-0.4357863912557135,0.003966449707041408,-0.4357863912557135,0.0,,,
3836439,K06364.01,FALSE POSITIVE,70614.6,2.80168,1.540395674,866.0,0.0606737538823815,1.561135124378112,-0.002170418883326364,23.418876426678654,3.398434405121886e-05,0.0026600858165831687,19,18,60|1800,pdcsap_flux,65268,0,29.4244294334203,17,0.0757835591446011,1,0.4532083103511675,,0,0.0,19742,201,201,98.0,0.0003595843671082429,0.0026600858165831687,-0.49793227468581397,0.0026600858165831687,-0.49793227468581397,0.0026600858165831687,-0.49793227468581397,0.0,,,
3838486,K00808.01,FALSE POSITIVE,589.2,5.414,2.99025443,454.0,0.0006326375416340069,4.094169154228871,-5.303824661195833e-05,7.771161429769149,0.00019075059257045446,0.0,17,17,1800,pdcsap_flux,64732,0,29.42441719584167,33,0.07543951145766996,1,0.4528054130878082,,0,0.0,19579,201,201,93.0,1.6980614522926506e-05,0.0,,0.0,,0.0,,0.0,,,
3847138,K00444.01,CONFIRMED,492.2,4.2064,11.72291212,113.0,0.00046802464570117053,3.8506348258706495,1.679752904326648e-06,10.190934736204138,1.9337015932929802e-07,0.0,17,17,1800,pdcsap_flux,64759,0,29.42442842235323,25,0.01495077885704279,1,0.08939298012631448,,0,0.0,3768,201,201,19.0,1.1272123410652567e-05,3.846919944150429e-05,-0.34860827188955645,3.846919944150429e-05,-0.34860827188955645,0.0,,0.0,,,
3858824,K00996.01,FALSE POSITIVE,2017.9,14.755,25.9518536,41.0,0.0018044970706626584,7.928059701492548,-0.00014680570409764115,17.944445803582802,6.909489468320817e-05,0.0006620493837025121,14,14,1800,pdcsap_flux,51786,0,29.424422727897763,91,0.023689701558221903,1,0.13822268566794113,,0,0.0,4707,201,201,24.0,3.064082045718108e-05,0.0006620493837025121,-0.23052433781266468,0.0006620493837025121,-0.23052433781266468,0.0006620493837025121,-0.23052433781266468,0.0,,,
3858917,K03294.01,FALSE POSITIVE,2896.9,20.813,25.9522401,41.0,0.002700764104664799,12.01148258706477,-9.323691995399841e-05,19.531499443914594,3.422727061153097e-05,0.0008879698372843414,14,14,1800,pdcsap_flux,51802,0,29.424421711592004,127,0.03341554833000074,1,0.20530095363113393,,0,0.0,7196,201,201,36.0,3.4142148947874115e-05,0.0008879698372843414,0.2309796290676221,0.0008879698372843414,0.2309796290676221,0.0008879698372843414,0.2309796290676221,0.0,,,
3858926,K05019.01,FALSE POSITIVE,80.8,12.945,25.95247,,9.954160720082594e-05,4.894626865671622,1.5075979277634488e-05,2.2813493174882136,2.5140691066405374e-05,6.575762869731605e-05,14,14,1800,pdcsap_flux,51789,0,29.424422224983573,79,0.020783185569620156,1,0.12790360887447141,,0,0.0,4491,201,201,22.0,1.811223619233344e-05,6.575762869731605e-05,-0.49645894026602416,6.575762869731605e-05,-0.49645894026602416,6.575762869731605e-05,-0.49645894026602416,0.0,,,
3862246,K00230.01,FALSE POSITIVE,4787.3,2.3421,4.702495974,230.0,0.0041292680084935585,1.3982686567164127,-0.00027003003846104434,39.4307989654387,0.00019302147447930462,0.00040449939495301734,14,14,1800,pdcsap_flux,51812,0,29.424404790624976,15,0.02075227720333185,1,0.12450783602254303,,0,0.0,4360,201,201,22.0,2.2754434745071593e-05,0.00040449939495301734,0.4857362219608131,0.00040449939495301734,0.4857362219608131,0.00040449939495301734,0.4857362219608131,0.0,,,
3867615,K02289.01,CONFIRMED,325.0,4.81,62.7843981,13.0,0.00030913794174092235,1.9144278606965095,-6.047612570891925e-05,3.345221667905639,1.1499531631375959e-06,0.0,15,15,1800,pdcsap_flux,52240,0,29.424414000241086,29,0.0031921412441901975,2,0.05072741194486983,,1,0.032542113323124046,558,201,201,3.0,2.3432975481442352e-05,7.559807949963915e-05,0.17555376645008,7.559807949963915e-05,0.17555376645008,0.0,,0.032542113323124046,,,
3867615,K02289.02,CONFIRMED,157.8,5.207,20.0983676,51.0,0.0001399317655598198,0.9325970149253671,3.3607214619757464e-05,2.989107238400635,5.8162742077372265e-05,0.0,15,15,1800,pdcsap_flux,52240,0,29.424414000241086,31,0.010794823622060398,2,0.07046324655436448,,1,0.007944104134762634,2251,201,201,11.0,1.2437842819105249e-05,3.843821597970809e-05,0.48907690508675317,3.943658570104702e-05,-0.19099698310306093,0.0,,0.007944104134762634,,,
3869825,K01178.01,FALSE POSITIVE,15304.4,9.0419,4.800653901,222.0,0.014099383937937637,6.117902487562169,4.6432138154695046e-05,14.405739355565943,0.000203358121128705,0.007247394812366803,14,14,1800,pdcsap_flux,51817,0,29.424370922497474,55,0.07847802426558086,1,0.4701352837871741,,0,0.0,16005,201,201,79.0,0.001037191837061405,0.007247394812366803,0.4710010379514975,0.007247394812366803,0.4710010379514975,0.007247394812366803,0.4710010379514975,0.0,,,
3939150,K01215.01,CONFIRMED,241.3,8.045,17.32419108,78.0,0.0002303027433648852,7.364577114427832,-1.1247554526527814e-05,6.932480964191334,2.168299041371835e-05,0.0,29,18,60|1800,pdcsap_flux,65191,0,29.424430690705776,49,0.019349147777544217,2,0.14133852832446198,,1,0.026629442714485127,5120,201,201,26.0,8.671625307959996e-06,0.0,,0.0,,0.0,,0.026629442714485127,,,
3939150,K01215.02,CONFIRMED,278.1,7.118,33.0063185,38.0,0.0002514307051977305,5.382766169154242,4.723093883551854e-06,4.648271421252008,2.7609213136159383e-05,0.0,29,18,60|1800,pdcsap_flux,65191,0,29.424430690705776,43,0.008985653257067534,2,0.10972373487137795,,1,0.058965194582074214,2319,201,201,12.0,1.2279233888286577e-05,0.0,,0.0,,0.0,,0.058965194582074214,,,
3952651,K01912.01,FALSE POSITIVE,662.3,4.402,32.9045733,41.0,0.000663201917810663,2.01484577114429,-5.618385341354948e-05,4.865922629117263,0.00017775134470998655,0.0,16,16,1800,pdcsap_flux,63126,0,29.42437662743032,27,0.005574199823058233,1,0.03461331305642683,,0,0.0,1461,201,201,8.0,3.7246946052503205e-05,0.0001125900823699677,0.05114980396992952,0.00011702199840801786,-0.3153538343961529,0.0,,0.0,,,
3953106,K05025.01,FALSE POSITIVE,127965.0,8.3582,6.58729511,12.0,0.09498618926892732,4.823637810945266,-0.0021705692243529917,600.417130622977,0.045878366854065655,0.00014550723621598038,1,1,1800,pdcsap_flux,4269,0,29.424380645505153,51,0.05286818451547001,1,0.3087374092293277,,0,0.0,845,201,201,4.0,3.1530701476049303e-05,0.00014550723621598038,0.4912962752422597,0.00014550723621598038,0.4912962752422597,0.00014550723621598038,0.4912962752422597,0.0,,,
3953173,K04493.01,FALSE POSITIVE,100.5,2.727,2.41795911,550.0,0.00011490399922187144,0.596955223880594,1.3706402602453593e-05,2.1682694513987584,4.70487640608086e-05,0.0,17,17,1800,pdcsap_flux,64711,0,29.42443236184772,17,0.04699210980453677,1,0.28222404228029235,,0,0.0,12082,201,201,60.0,1.5138331469282372e-05,0.0,,0.0,,0.0,,0.0,,,
3953212,K05026.01,FALSE POSITIVE,418.7,17.722,459.23193,,0.00022665732991855592,5.642825870646785,0.00015529525364310626,1.4151463375470519,0.00020098062766105151,0.00028482323276424193,17,17,1800,pdcsap_flux,64359,0,29.424449130892754,109,0.0016079384259423484,1,0.011699995338647275,,0,0.0,572,201,201,3.0,7.033993807947404e-05,0.0002625296611128425,-0.3735642063592638,0.00033764223795929027,-0.35346497603498467,0.00028482323276424193,-0.3671324526554945,0.0,,,
3954211,K08090.01,FALSE POSITIVE,4691.5,2.162,0.594274521,2196.0,0.009252552106388645,1.2046965174129338,0.0002345048885331602,14.52881044406764,0.00025442265430641875,0.0007426679528854674,16,16,1800,pdcsap_flux,63171,0,29.42437519726809,13,0.15158538714018557,1,0.45413243418657295,primary_only,0,0.0,38292,201,201,190.0,7.237848750831412e-05,0.0007426679528854674,0.49658700608874135,0.0007426679528854674,0.49658700608874135,0.0007426679528854674,0.49658700608874135,0.0,,,
3955817,K04117.01,CONFIRMED,187.6,2.582,4.24263096,319.0,0.0001556792631408621,0.6165970149253752,-9.332347633561611e-07,2.1698716467693897,7.282372083705635e-05,0.0,17,17,1800,pdcsap_flux,64735,0,29.424432613304816,15,0.025357692985235117,1,0.15262222908781958,,0,0.0,6617,201,201,33.0,2.1010824340368183e-05,0.0,,0.0,,0.0,,0.0,,,
3964545,K03542.01,FALSE POSITIVE,198402.0,3.31903,3.012476415,316.0,0.17479827088240452,1.8494097512437693,-0.0049307460907777045,916.2762429034744,0.0003861124888737688,0.019433311110907847,12,12,1800,pdcsap_flux,46123,0,29.42428416456096,21,0.04590672178479667,1,0.27515556230080435,,0,0.0,8548,201,201,43.0,3.248476160710396e-05,0.019433311110907847,-0.49975492148499406,0.019433311110907847,-0.49975492148499406,0.019433311110907847,-0.49975492148499406,0.0,,,
3964562,K00015.01,FALSE POSITIVE,1138.5,3.1424,3.012476582,354.0,0.0011092111406745264,1.8760597014925295,-3.8759729826587375e-05,72.96713263058524,3.3300562163329772e-06,0.00014028180999337003,18,15,60|1800,pdcsap_flux,52276,0,29.424439491704106,19,0.043463685034326786,1,0.2600619787282883,,0,0.0,9143,201,201,46.0,3.3121025060031336e-06,0.00014028180999337003,-0.49910952892660276,0.00014028180999337003,-0.49910952892660276,0.00014028180999337003,-0.49910952892660276,0.0,,,
3971315,K05992.01,FALSE POSITIVE,5283.2,4.1774,9.892240848,110.0,0.004548180253321266,2.327705472636816,-9.669750632212981e-05,102.16961373120571,6.980007563928137e-05,0.0010493724418380035,14,14,1800,pdcsap_flux,51809,0,29.424380315467715,25,0.017595440305977202,1,0.10602404987550426,,0,0.0,3638,201,201,18.0,1.115529635687078e-05,0.0010493724418380035,0.4995745616016467,0.0010493724418380035,0.4995745616016467,0.0010493724418380035,0.4995745616016467,0.0,,,
4037163,K03793.01,FALSE POSITIVE,147609.0,1.9827,0.635441862,978.0,0.12712728474307677,1.0653313432835771,0.0013666440318751416,15.469982547016928,0.0004080413780269687,0.11132081418092621,8,8,1800,pdcsap_flux,30160,0,29.424270344898105,13,0.13000795972110504,1,0.39118037135278516,primary_only,0,0.0,15707,201,201,78.0,0.012312596832048004,0.11132081418092621,0.4888286569603619,0.11132081418092621,0.4888286569603619,0.11132081418092621,0.4888286569603619,0.0,,,
4042088,K06378.01,FALSE POSITIVE,,1.67,3.22598684,415.0,3.12626713515618e-05,0.1994029850746255,1.2865945152928937e-05,1.0986246607132875,2.698829349112586e-06,0.0,18,18,1800,pdcsap_flux,65217,0,29.424430601648055,11,0.02156962715115519,1,0.1296441111980005,,0,0.0,5651,201,201,28.0,7.293405049840684e-06,2.2954488958171204e-05,-0.34630759458313326,3.288926961286798e-05,-0.24924427240293484,0.0,,0.0,,,
4058881,K03912.01,FALSE POSITIVE,286.9,5.272,7.77241144,350.0,0.00031664472138248634,1.783562189054722,2.5685785836060404e-05,3.44401509584335,8.766880987509662e-05,0.00015304150116013382,17,17,1800,pdcsap_flux,64758,0,29.42443094216287,33,0.028262356974075305,1,0.1705735198739924,,0,0.0,7411,201,201,37.0,2.1271975232550575e-05,0.00015304150116013382,-0.4983184352224686,0.00015304150116013382,-0.4983184352224686,0.00015304150116013382,-0.4983184352224686,0.0,,,
4069063,K06381.01,FALSE POSITIVE,5995.4,1.4145,0.504296702,2113.0,0.00522537907320908,0.8444776119403041,-0.00021534329147898656,25.709281727760043,3.250722794534422e-05,0.0031608146123853764,14,14,1800,pdcsap_flux,51814,0,29.42440261133015,9,0.11687068300518055,1,0.7013355463774269,,0,0.0,24183,201,201,122.0,0.00047454457175249103,0.0031608146123853764,-0.4995099306009712,0.0031608146123853764,-0.4995099306009712,0.0031608146123853764,-0.4995099306009712,0.0,,,
4069213,K06382.01,FALSE POSITIVE,38851.4,7.25775,5.194256813,209.0,0.03767430902103197,5.488447761194035,-0.00025989676854465404,160.1879132107381,3.6475507765754145e-05,0.000559619379713161,16,15,60|1800,pdcsap_flux,52286,0,29.424429098144174,45,0.058219348963098716,1,0.35032322227747387,,0,0.0,12154,201,201,60.0,4.5634715126054765e-05,0.000559619379713161,-0.4978388151612022,0.000559619379713161,-0.4978388151612022,0.000559619379713161,-0.4978388151612022,0.0,,,
4077901,K02239.01,FALSE POSITIVE,113.9,10.174,12.1097626,88.0,0.00010115364982832276,6.276497512437827,1.6321080609893457e-05,5.397596528175673,1.072516872169249e-05,2.8191727447834936e-05,14,14,1800,pdcsap_flux,51758,0,29.424367396859452,63,0.0350061913407507,1,0.21134897020750415,,0,0.0,7101,201,201,35.0,5.523211142984107e-06,2.8191727447834936e-05,0.49993518826754046,2.8191727447834936e-05,0.49993518826754046,2.8191727447834936e-05,0.49993518826754046,0.0,,,
4142847,K02210.01,CONFIRMED,402.2,1.6043,2.888904439,457.0,0.0003147766924966877,0.35119004975124307,3.2229438305941827e-06,2.697277980029453,0.00011222125905108182,0.0,17,17,1800,pdcsap_flux,64593,0,29.42441082559526,9,0.023138817757666002,2,0.14225999721332033,,1,0.004721873887263326,5936,201,201,30.0,2.58608489520169e-05,0.0,,0.0,,0.0,,0.004721873887263326,,,
4142847,K02210.02,CONFIRMED,1657.8,8.419,210.631486,6.0,0.0016135303101794118,1.1727960199005019,-0.0002633538164275029,3.693789191052881,0.00025976447638642597,0.0010047964576856971,17,17,1800,pdcsap_flux,64593,0,29.42441082559526,51,0.0016654284377344549,2,0.07841406963602868,,1,0.06890839564658709,407,201,196,2.0,0.00011006243125893215,0.0006324787278833011,-0.20103993337708873,0.0010047964576856971,-0.20707711146387606,0.0010047964576856971,-0.20707711146387606,0.06890839564658709,,,
4150496,K04046.01,FALSE POSITIVE,508.6,3.376,8.65312868,153.0,0.00039017807520747017,1.7467860696517412,-3.4880148998772675e-05,3.931242719673335,2.0179444631285293e-05,0.0001908860951922442,16,16,1800,pdcsap_flux,63121,0,29.424370089545846,21,0.01625616258218717,2,0.12376229780897008,,1,0.029467213764040493,4175,201,201,20.0,2.7022998922241558e-05,0.0001908860951922442,-0.2723939027842097,0.0001908860951922442,-0.2723939027842097,0.0001908860951922442,-0.2723939027842097,0.029467213764040493,,,
4150496,K04046.02,FALSE POSITIVE,346.3,22.445,94.22498,15.0,0.00041663561722282694,8.486666666666643,-6.577306702948427e-06,3.253485712103067,9.084407995751942e-05,0.0,16,16,1800,pdcsap_flux,63121,0,29.424370089545846,137,0.009925269640103223,2,0.10608196955054577,,1,0.049428874700971154,2517,201,201,13.0,3.4920332189984434e-05,0.00010633569740936544,0.18360607252312489,0.00015294029013857013,-0.49878529899357615,0.0,,0.049428874700971154,,,
4150701,K06110.01,FALSE POSITIVE,417.5,2.627,8.65315602,132.0,0.00034952924686082465,0.6273432835820927,-8.946465618731025e-05,1.829029319699093,0.00011723379600203643,0.0,14,14,1800,pdcsap_flux,54949,0,29.424541075131856,17,0.012649527303141509,1,0.07528799432200768,,0,0.0,2801,201,201,12.0,5.261862462477462e-05,0.0003173826495601606,-0.27071204265871557,0.0003173826495601606,-0.27071204265871557,0.0,,0.0,,,
4157325,K01860.01,CONFIRMED,581.1,3.3422,6.31943553,182.0,0.0005427498585190982,2.993014925373121,-7.932979764091463e-06,8.660876810975797,3.2581494630035124e-06,0.0,31,14,60|1800,pdcsap_flux,54957,0,29.424540074542165,21,0.02203651460201436,3,0.2788725731026075,,3,0.16800407591389632,4921,201,201,25.0,1.5870325711092112e-05,5.5870007925507004e-05,-0.41451649689252396,5.5870007925507004e-05,-0.41451649689252396,0.0,,0.16800407591389632,,,
4157325,K01860.02,CONFIRMED,538.1,4.1808,12.20951755,90.0,0.0005119694081381354,3.4943999999999895,-5.023435831352785e-05,6.199826864953624,5.895757215101938e-06,0.0,31,14,60|1800,pdcsap_flux,54957,0,29.424540074542165,25,0.014267558016655621,3,0.25745582910275305,,3,0.18956638826719072,3158,201,201,16.0,2.0556388253176382e-05,0.0,,0.0,,0.0,,0.18956638826719072,,,
4157325,K01860.03,CONFIRMED,216.7,2.6326,3.07644709,337.0,0.00019476491805403562,1.7812616915422943,8.061005994930426e-07,4.761687266520543,6.110450602170303e-06,0.0,31,14,60|1800,pdcsap_flux,54957,0,29.424540074542165,17,0.03565530739118503,3,0.3164110122459377,,3,0.12966501082664628,7943,201,201,39.0,1.176232610478416e-05,4.196132354683524e-05,-0.49717115747649615,4.196132354683524e-05,-0.49717115747649615,0.0,,0.12966501082664628,,,
4175105,K04836.01,FALSE POSITIVE,144.7,0.909,0.60818508,1756.0,0.00012433400834088726,0.25325373134328444,6.28115688838804e-06,3.6064672497257844,3.9838720558016405e-06,0.0,14,14,1800,pdcsap_flux,51782,0,29.424382159486413,5,0.06227545075587845,1,0.3740682090301649,,0,0.0,12890,201,201,64.0,1.329920370965607e-05,5.8007354658107246e-05,0.33294409206094366,6.17866490567609e-05,-0.33651700356474923,0.0,,0.0,,,
4175630,K02998.01,CONFIRMED,1113.4,5.782,28.227413,40.0,0.0010544253753099753,1.725970149253735,-0.00010450141118267808,3.5953969367059027,0.00010431835864366246,0.0,13,13,1800,pdcsap_flux,50189,0,29.42427880538162,35,0.00853484754931905,1,0.05293988722628464,,0,0.0,1837,201,201,9.0,7.146007060414025e-05,0.00023190633010949924,-0.1489904008827711,0.00023190633010949924,-0.1489904008827711,0.0,,0.0,,,
4246343,K05051.01,FALSE POSITIVE,,3.42,139.54219147,,0.0001192135901811886,0.2722388059701506,1.952967189988719e-05,0.6308015741314279,6.347184472177414e-05,0.0,17,17,1800,pdcsap_flux,64710,0,29.424416011897847,21,0.0010211965176900341,1,0.0057487250811312,,0,0.0,250,200,147,1.0,4.1059598440156094e-05,0.0001512518941561014,0.06127747830868299,0.00016128944590165784,0.49988138265656207,0.0,,0.0,,,
4247811,K04678.01,FALSE POSITIVE,60.5,3.67,2.05048377,651.0,4.897373485890366e-05,0.7303482587064645,-1.3180483180996738e-05,1.4401506342343544,1.9225111942300366e-05,0.0,17,17,1800,pdcsap_flux,64777,0,29.424414340755902,23,0.0745758971145949,1,0.4471340136159439,,0,0.0,19154,201,201,95.0,5.532666861543156e-06,0.0,,0.0,,0.0,,0.0,,,
4247991,K02311.03,CONFIRMED,243.8,3.695,104.3519624,9.0,0.000219332062511568,0.29412935323382783,-2.5068130966920954e-05,2.801678529900936,3.214586984479073e-05,0.00024513779091794863,19,13,60|1800,pdcsap_flux,47740,0,29.424663623794913,23,0.0014753755443829902,1,0.07903225806451612,,2,0.07056975282781734,272,201,171,1.0,2.4604853644004764e-05,0.00024513779091794863,-0.4500116741708117,0.00024513779091794863,-0.4500116741708117,0.00024513779091794863,-0.4500116741708117,0.07056975282781734,,,
4269252,K06398.01,FALSE POSITIVE,316.0,2.79,9.4022333,224.0,0.00027155194629502333,0.277611940298508,-6.087898201367903e-05,2.2776674158304426,0.00012833477848406272,0.0001963683743178013,15,15,1800,pdcsap_flux,52282,0,29.424453740939498,17,0.012364083754441618,1,0.07329482422248575,,0,0.0,2570,201,201,13.0,1.8771078979150755e-05,0.0001963683743178013,-0.4963106709311313,0.0001963683743178013,-0.4963106709311313,0.0001963683743178013,-0.4963106709311313,0.0,,,
4274816,K05053.01,FALSE POSITIVE,89.2,2.629,14.3641542,,6.626156974831598e-05,0.36622885572138997,-4.679095486848084e-06,0.7869449570883843,2.405788834258793e-06,0.0,14,14,1800,pdcsap_flux,51780,0,29.424403114244342,17,0.007626043632048079,1,0.04526844341444573,,0,0.0,1561,201,201,7.0,1.9834953563921065e-05,6.55777045640571e-05,0.40276171934457106,8.670272980237925e-05,-0.4589812110768599,0.0,,0.0,,,
4275117,K02776.01,FALSE POSITIVE,125.9,1.3175,1.00652785,1064.0,0.00010896974692264916,0.39328358208955416,1.341382837871663e-05,2.635906921518229,5.962216464117098e-05,0.0,14,14,1800,pdcsap_flux,51781,0,29.424400342977606,9,0.054539805662936536,1,0.3273594561711825,,0,0.0,11327,201,201,56.0,9.323942738603374e-06,3.293730972786513e-05,-0.15229620672937583,3.293730972786513e-05,-0.15229620672937583,0.0,,0.0,,,
4281895,K06400.01,FALSE POSITIVE,68184.5,3.72007,9.543584955,110.0,0.06030007158638773,2.146906069651744,-0.0014741870868963947,1278.9516164173851,4.1552666524058424e-05,0.031118545147437393,16,15,60|1800,pdcsap_flux,52286,0,29.424398755654693,23,0.016241581900044676,1,0.09637379030715679,,0,0.0,3329,201,201,15.0,1.7394773029020437e-05,0.031118545147437393,0.3100547093802681,0.031118545147437393,0.3100547093802681,0.031118545147437393,0.3100547093802681,0.0,,,
4282191,K03439.01,CONFIRMED,330.0,8.567,41.7084063,24.0,0.0002862803922014656,3.0687761194030054,1.4624863952428235e-05,2.76422730151028,2.3582180999959235e-05,0.0,14,14,1800,pdcsap_flux,51774,0,29.424373107030988,53,0.008558426585897465,1,0.05328929578552942,,0,0.0,1721,201,201,9.0,2.4758681562332894e-05,7.797936720044252e-05,0.23923560411353187,7.797936720044252e-05,0.23923560411353187,0.0,,0.0,,,
4349452,K00244.01,CONFIRMED,1180.1,2.7306,12.720370263,111.0,0.0011423148936040572,2.227952238805983,-2.264158712494968e-05,49.78313883600355,5.162015328963321e-06,0.0,57,18,60|1800,pdcsap_flux,65257,0,29.4244283385342,17,0.008944315114076487,2,0.12139693825949706,,1,0.0707663545673261,2469,201,201,12.0,3.916783276054225e-06,1.3701434485868802e-05,-0.11203183858807639,1.3701434485868802e-05,-0.11203183858807639,0.0,,0.0707663545673261,,,
4349452,K00244.02,CONFIRMED,401.6,3.5255,6.238535444,210.0,0.0003890895990543708,3.297482587064681,6.36447909130311e-06,25.3441268980599,1.4256916941457476e-05,0.0,57,18,60|1800,pdcsap_flux,65257,0,29.4244283385342,21,0.023546525406794392,2,0.16484055350383867,,1,0.028272828968539773,6153,201,201,31.0,2.0487192578989343e-06,0.0,,0.0,,0.0,,0.028272828968539773,,,
4355503,K07691.01,FALSE POSITIVE,174.4,0.915,0.570828503,2329.0,0.00015135360142382037,0.20029850746268718,4.882551028539961e-05,1.5693000488167879,6.491201279235082e-05,0.00021138220295613408,18,17,60|1800,pdcsap_flux,64781,0,29.42442054336425,5,0.06678888632861418,1,0.4013676849693583,,0,0.0,17303,201,201,86.0,3.519626669838234e-05,0.00021138220295613408,-0.499079113559843,0.00021138220295613408,-0.499079113559843,0.00021138220295613408,-0.499079113559843,0.0,,,
4365461,K05058.01,FALSE POSITIVE,110132.0,5.17207,1.714414962,792.0,0.09759458710281099,2.881949452736337,-0.0032121501932894647,239.79795431605228,9.969102060303214e-05,0.0,17,17,1800,pdcsap_flux,64796,0,29.42442893050611,31,0.12570055759153287,1,0.37855731835298473,primary_only,0,0.0,32665,201,201,162.0,2.9937306976237576e-05,0.0,,0.0,,0.0,,0.0,,,
4367544,K06407.01,FALSE POSITIVE,8245.0,5.3934,1.19563447,74.0,0.00798576025887987,3.5419343283581877,0.00023118148471978905,31.64850784797888,0.004884927225652369,0.0,1,1,1800,pdcsap_flux,4269,0,29.42442590778228,33,0.18795460120851148,1,0.5617240571562426,primary_only,0,0.0,3205,201,201,16.0,6.857655445715513e-05,0.0,,0.0,,0.0,,0.0,,,
4372765,K03698.01,FALSE POSITIVE,273309.0,6.4524,15.64064161,30.0,0.21015758551102348,4.108991044776134,-0.004535080099622779,123.21648679933799,0.01095009915829348,0.08988475165399601,6,6,1800,pdcsap_flux,21450,0,29.42406197078526,39,0.017189192534666102,1,0.10144522144522145,,0,0.0,1537,201,201,8.0,0.0004651528958600661,0.08988475165399601,-0.33023824533685053,0.08988475165399601,-0.33023824533685053,0.08988475165399601,-0.33023824533685053,0.0,,,
4384652,K07549.01,FALSE POSITIVE,907419.0,6.088,374.51648,0.0,,,,,,,,,,,,,,,,,,,,,,,,,,,,,,,,,,koi_num_transits is 0,precheck
4470888,K05065.01,FALSE POSITIVE,9918.0,1.007,523.36921,,-0.00011445342825888716,0.0,0.0004944238487787356,-0.2933376961298578,0.0003451257288864529,0.0,14,14,1800,pdcsap_flux,51765,0,29.424423901364207,7,8.016966327333878e-05,1,0.0005988602337486719,,0,0.0,25,196,25,0.0,0.00037000340776700017,0.0014108183459584644,0.0016573728755566604,0.0021734426953764485,0.42701756378768363,0.0,,0.0,,,
4472143,K07696.01,FALSE POSITIVE,252.6,5.759,472.071079,3.0,0.000303934424550234,0.229213930348259,-8.519200985690478e-05,1.7057183906763456,7.814990260224253e-05,0.0,14,14,1800,pdcsap_flux,51761,0,29.424416430993006,35,0.0005083097525093956,1,0.003322965166824443,,0,0.0,140,199,130,1.0,6.708713371715932e-05,0.00022750510762359344,0.004062838443258962,0.00030406766794832674,-0.1075111522325184,0.0,,0.0,,,
4480676,K01321.01,FALSE POSITIVE,6227.5,2.0221,0.711966971,1501.0,0.005533567241503223,1.2072238805970148,-0.00028956693340920214,82.32809359218132,0.0009555603651931754,0.0,14,14,1800,pdcsap_flux,51810,0,29.42437410238199,13,0.11833999342459199,1,0.7095541401273885,,0,0.0,24536,201,201,122.0,3.852585448213983e-05,0.0,,0.0,,0.0,,0.0,,,
4483235,K07550.01,FALSE POSITIVE,57.3,5.189,1.7609276,608.0,0.00011269484406295494,4.5436019900497495,2.0434942531788458e-05,2.374151951209544,1.0681246500610087e-05,0.0,14,14,1800,pdcsap_flux,51804,0,29.42436539568007,31,0.12278093280685323,1,0.7362944946336191,,0,0.0,25393,201,201,127.0,6.141670884647006e-05,0.0,,0.0,,0.0,,0.0,,,
4540632,K06422.01,FALSE POSITIVE,560314.0,3.073,31.005392846,0.0,,,,,,,,,,,,,,,,,,,,,,,,,,,,,,,,,,koi_num_transits is 0,precheck
4544628,K04753.01,FALSE POSITIVE,23.0,2.699,0.729724346,1845.0,2.3968725506029465e-05,0.751960199004978,5.336835134928108e-07,2.9155222918314796,2.184364435442454e-06,0.0,18,18,1800,pdcsap_flux,65243,0,29.424427757039666,17,0.15411070488435277,1,0.46317612617445547,primary_only,0,0.0,40260,201,201,200.0,1.891543255605199e-06,0.0,,0.0,,0.0,,0.0,,,
4547480,K06116.01,FALSE POSITIVE,2896.6,1.6116,4.426942241,302.0,0.002588139096212916,0.9942208955223931,-0.00038027341805790815,21.921050962447804,3.3455445622943e-05,0.0007653315408537864,17,17,1800,pdcsap_flux,64779,0,29.424414005479775,9,0.015168483423635434,1,0.09092452801062073,,0,0.0,3921,201,201,20.0,2.6939536864920176e-05,0.0007653315408537864,-0.4994387222105531,0.0007653315408537864,-0.4994387222105531,0.0007653315408537864,-0.4994387222105531,0.0,,,
4566999,K08247.01,FALSE POSITIVE,602.0,4.817,527.68601,3.0,0.000567857286991269,0.19172139303482583,0.00012125465796408719,1.8859786092253874,0.0001424519165647009,0.0,14,14,1800,pdcsap_flux,51760,0,29.424426248297095,29,0.0003803556083158872,1,0.0028207109737248843,,0,0.0,114,197,82,0.0,0.00014332551296677743,0.0004359231465888014,0.012681458239923924,0.0008150445307570919,-0.14231345214877106,0.0,,0.0,,,
4569590,K06426.01,FALSE POSITIVE,6907.1,29.254,41.3701638,24.0,0.006403768069979554,32.601472636815956,-0.0014988433498678289,1.9413885849329378,0.00034860698971184156,0.005052184909332125,14,14,1800,pdcsap_flux,51813,0,29.424410987994634,179,0.029463665470588894,1,0.17258217049775154,,0,0.0,5717,201,201,28.0,0.00013565280096502602,0.005052184909332125,0.4936704167220897,0.005052184909332125,0.4936704167220897,0.005052184909332125,0.4936704167220897,0.0,,,
4569942,K08248.01,FALSE POSITIVE,695.0,4.124,267.911652,4.0,0.0006068954757952882,0.24620895522388064,0.00020650598313454172,1.5316449017303708,0.000241100412030959,0.0,11,11,1800,pdcsap_flux,41940,0,29.4245917070657,25,0.0006413805896480131,1,0.0034811635670004767,,0,0.0,130,198,116,1.0,0.00014002096495725907,0.0005001736419344427,0.07125014711785077,0.0005427584376267447,0.4953630620225786,0.0,,0.0,,,
4571004,K04355.01,FALSE POSITIVE,237.4,8.62,36.616669,,5.635211250831773e-05,1.8869651741293527,-9.041881492422021e-07,0.4362406654684196,3.0551417717905593e-07,0.0,15,15,1800,pdcsap_flux,52257,0,29.424432110390626,53,0.009808829597980816,5,0.1857358822741451,,4,0.1364219147673996,2085,201,201,11.0,4.334362094501541e-05,0.0,,0.0,,0.0,,0.1364219147673996,,,
4571004,K04355.02,FALSE POSITIVE,73.5,13.66,21.131609,,1.3332056922110702e-05,1.0873631840796012,-4.43847910410744e-05,0.18118923821529878,0.0001377813768925762,0.0,15,15,1800,pdcsap_flux,52257,0,29.424432110390626,83,0.026934374314169198,5,0.23382513347494116,,4,0.08823698260520121,5569,201,201,28.0,3.0887914776153736e-05,0.00010037566584086832,0.4798050454484004,0.00010037566584086832,0.4798050454484004,0.0,,0.08823698260520121,,,
4571004,K04355.03,FALSE POSITIVE,143.4,11.53,81.675841,,0.00022227315998468722,4.589054726368147,8.807001526500713e-05,1.5779375786362537,2.3118281293199594e-05,0.0,15,15,1800,pdcsap_flux,52257,0,29.424432110390626,71,0.005881992285413585,5,0.17733509386302312,,4,0.14662150525288478,1214,201,201,6.0,6.596509813511026e-05,0.00020983934644147606,-0.05808996215517228,0.00020983934644147606,-0.05808996215517228,0.0,,0.14662150525288478,,,
4571004,K04355.04,FALSE POSITIVE,153.3,9.29,28.5463574,,0.00020192768737326006,1.8487562189054785,5.798564735304268e-05,1.494309680857878,8.845118371103577e-05,0.0,15,15,1800,pdcsap_flux,52257,0,29.424432110390626,57,0.013559815282538754,5,0.1944045773771935,,4,0.12679641005032818,2797,201,201,14.0,3.7926193453535115e-05,0.0,,0.0,,0.0,,0.12679641005032818,,,
4571004,K04355.05,FALSE POSITIVE,332.3,3.088,72.563291,,0.0002063851641538328,0.3072636815920403,2.1757786329179574e-05,1.0134980282594066,0.0002407070301008174,0.0001630294959210632,15,15,1800,pdcsap_flux,52257,0,29.424432110390626,19,0.0017731647075746146,5,0.16497311364984596,,4,0.15670627858468722,376,201,193,2.0,5.10897433234713e-05,0.0001630294959210632,-0.25662674654007206,0.00021321633531201645,-0.269260545081541,0.0001630294959210632,-0.25662674654007206,0.15670627858468722,,,
4575824,K06428.01,FALSE POSITIVE,295.1,16.13,631.632,3.0,0.00022227665386453932,2.8889552238805942,6.239593549395295e-05,1.1681251696008668,0.00013409645023187977,0.0003593325739632558,14,14,1800,pdcsap_flux,51781,0,29.424384668818675,99,0.0010640425648689954,1,0.007473783820320195,,0,0.0,389,201,201,2.0,6.719760238398087e-05,0.0003593325739632558,-0.40448922577699187,0.0015879447843937244,0.1292611258254143,0.0003593325739632558,-0.40448922577699187,0.0,,,
4578594,K06429.01,FALSE POSITIVE,103788.0,23.92,252.1638623,4.0,0.06438431806143041,2.8561194029850725,0.0044872973108868175,158.91243672493732,0.002802460667867268,0.022173442800934806,11,11,1800,pdcsap_flux,41859,0,29.42451592942234,147,0.003952456381243597,1,0.02085572995054827,,0,0.0,628,201,180,3.0,0.00010898417961920468,0.022173442800934806,-0.38932911249032875,0.0390143193896878,-0.38685882725205145,0.022173442800934806,-0.38932911249032875,0.0,,,
4579313,K03884.01,FALSE POSITIVE,489.0,2.5845,2.112405306,512.0,0.0004175373770082258,1.5944179104477545,-3.835779224437008e-05,8.23825294187825,2.401268027640846e-05,0.0007761246736799343,14,14,1800,pdcsap_flux,51776,0,29.424371095374227,15,0.05097861650608825,1,0.30589462299134734,,0,0.0,10487,201,201,52.0,1.717307279134741e-05,0.0007761246736799343,0.4977354897654101,0.0007761246736799343,0.4977354897654101,0.0007761246736799343,0.4977354897654101,0.0,,,
4579321,K03657.01,FALSE POSITIVE,262602.0,2.7714,2.112395777,285.0,0.3036948068977563,1.544262686567165,-0.019356962231981356,272.49887263511,0.001966686561479025,0.0599723916990722,8,8,1800,pdcsap_flux,29169,0,29.424524484202266,17,0.0546654188847112,1,0.32705954952175254,,0,0.0,6400,201,201,32.0,0.0002583720040985319,0.0599723916990722,-0.494335963516418,0.0599723916990722,-0.494335963516418,0.0599723916990722,-0.494335963516418,0.0,,,
4633434,K06431.01,FALSE POSITIVE,179042.0,4.58598,22.271198511,47.0,0.15729852907316555,2.5553719402984933,0.0006156991450649851,624.7177646594101,0.004203245425701496,0.004756196824316716,13,13,1800,pdcsap_flux,50173,0,29.42392860946711,29,0.008579803188661903,1,0.05082414844637554,,0,0.0,1704,201,201,9.0,6.535493162345847e-05,0.004756196824316716,0.48346159935868205,0.004756196824316716,0.48346159935868205,0.004756196824316716,0.48346159935868205,0.0,,,
4633570,K00446.01,CONFIRMED,839.8,2.7052,16.70920628,65.0,0.0007972696821616498,1.9380537313432804,-1.400536117746043e-05,6.777460176742031,2.034188673516457e-05,0.0,34,13,60|1800,pdcsap_flux,50156,0,29.423929369077086,17,0.00674578222195882,2,0.05714171784033815,,1,0.017026876146423158,1412,201,201,7.0,2.9692707036666952e-05,0.00010349012270283175,-0.24448909681150907,0.00010349012270283175,-0.24448909681150907,0.0,,0.017026876146423158,,,
4633570,K00446.02,CONFIRMED,807.8,4.1502,28.55158187,34.0,0.0007451020561853872,3.5514149253731393,0.00012248569877015836,4.96605591834763,8.407660010800733e-05,0.0,34,13,60|1800,pdcsap_flux,50156,0,29.423929369077086,25,0.006056582111189344,2,0.056782837546853815,,1,0.021153999521492942,1151,201,201,5.0,3.636745490508098e-05,0.0,,0.0,,0.0,,0.021153999521492942,,,
4649305,K00143.01,FALSE POSITIVE,2250.0,3.6895,22.65117451,58.0,0.0021361261329998493,2.5698009950248686,-3.896427710670114e-05,34.668461414552866,2.9217133231229653e-05,0.0,30,17,60|1800,pdcsap_flux,64768,0,29.424426080659032,23,0.006786807748039669,1,0.041548295454545456,,0,0.0,1765,201,201,9.0,1.3209068287248326e-05,4.398419585172064e-05,0.014955443822331344,7.33040336386992e-05,-0.4997878021928384,0.0,,0.0,,,
4659405,K00630.01,FALSE POSITIVE,339.1,3.12,4.532402495,233.0,0.0003296034248647661,1.3659701492537333,-6.049040287781082e-05,10.009263174170005,3.2474638120838506e-06,8.514787546709535e-05,14,14,1800,pdcsap_flux,51774,0,29.424425231991336,19,0.028682359994155814,1,0.1711476803028547,,0,0.0,5877,201,201,29.0,1.11747613400904e-05,8.514787546709535e-05,-0.4980537514187532,8.514787546709535e-05,-0.4980537514187532,8.514787546709535e-05,-0.4980537514187532,0.0,,,
4664046,K02930.01,FALSE POSITIVE,133.7,3.096,1.12976597,951.0,0.00015230094317175702,0.6161194029850761,1.2503613386116719e-05,2.5058356644778845,2.4147257142059786e-05,0.0,14,14,1800,pdcsap_flux,51804,0,29.42440243321471,19,0.11418294002960631,1,0.6856034283066945,,0,0.0,23666,201,201,118.0,1.758158910483798e-05,5.362949681420037e-05,0.48485030484606095,5.362949681420037e-05,0.48485030484606095,0.0,,0.0,,,
4680745,K07552.01,FALSE POSITIVE,168.0,11.04,1.463148937,919.0,0.0001595616340637207,10.985074626865705,-1.913309097290039e-05,2.3915387590978088,3.6835670471191406e-05,,19,18,60|1800,pdcsap_flux,65263,0,29.424465307965875,,0.31439041396781603,1,1.0,none,0,0.0,65263,160,160,408.0,,,,,,,,0.0,blanking covers 1.26 of the orbit,,
4736208,K06439.01,FALSE POSITIVE,341717.0,12.6047,63.68192888,0.0,,,,,,,,,,,,,,,,,,,,,,,,,,,,,,,,,,koi_num_transits is 0,precheck
4737267,K06117.01,FALSE POSITIVE,198399.0,10.4891,9.524076544,0.0,,,,,,,,,,,,,,,,,,,,,,,,,,,,,,,,,,koi_num_transits is 0,precheck
4769931,K04058.01,FALSE POSITIVE,181.9,3.876,1.87886973,715.0,0.00025376201902527207,0.2314029850746273,2.1735104227538216e-06,1.764565107304225,6.671716436357222e-05,0.0,17,17,1800,pdcsap_flux,64797,0,29.424448119825684,23,0.08595593266596509,1,0.5151627390156952,,0,0.0,22256,201,201,111.0,2.7836394427365873e-05,0.0,,0.0,,0.0,,0.0,,,
4772095,K08250.01,FALSE POSITIVE,408.5,3.631,99.299502,13.0,0.0004441777848586126,0.21677611940298291,0.000263881846604086,1.333188837187378,0.00017245311093105897,0.0,17,17,1800,pdcsap_flux,64731,0,29.424451724044047,23,0.0015235893798003805,1,0.009300026262532636,,0,0.0,388,199,146,2.0,0.0001046389479747291,0.0004074083462711764,0.13134244519965416,0.0004074083462711764,0.13134244519965416,0.0,,0.0,,,
4813563,K01959.01,CONFIRMED,861.3,3.6577,36.5157639,31.0,0.0007550310622029821,1.3102208955223853,0.00010424120577334772,4.002881797693259,0.00014999167852280948,0.00021788888517870753,13,13,1800,pdcsap_flux,50169,0,29.423930202028714,23,0.004173654071267195,1,0.025593493990312743,,0,0.0,897,201,201,4.0,6.869145411456419e-05,0.00021788888517870753,-0.3466107050203949,0.000224317683192643,0.3175219990700079,0.00021788888517870753,-0.3466107050203949,0.0,,,
4826110,K01524.01,FALSE POSITIVE,114.5,1.188,1.333395306,1009.0,0.00010461539653805474,0.14185074626865557,9.899095550713888e-06,1.952281064317955,3.7490199396694734e-05,0.0,17,17,1800,pdcsap_flux,64717,0,29.424423728487454,7,0.03712327452876154,1,0.22278535778852543,,0,0.0,9603,201,201,48.0,1.707048790688964e-05,0.0,,0.0,,0.0,,0.0,,,
4826439,K06121.01,FALSE POSITIVE,435364.0,7.06623,1.237147407,1091.0,0.3522823740061981,3.6561588059701497,-0.011530708525820166,81.79862460664825,0.001049180992813925,,17,17,1800,pdcsap_flux,64794,0,29.424421889707446,43,0.23798801042954457,1,0.7140475969997222,primary_only,0,0.0,61693,201,201,307.0,,,,,,,,0.0,blanking covers 0.95 of the orbit,,
4833421,K00232.01,CONFIRMED,2232.1,5.0066,12.466004437,109.0,0.002179542123010969,4.383888557213949,4.695083531514044e-05,35.66764501388871,4.501725546557367e-06,0.0,52,17,60|1800,pdcsap_flux,64739,0,29.42442842759192,31,0.016734177690019805,5,0.22913545158250823,,4,0.14450331330419067,4292,201,201,22.0,1.555544384139785e-05,0.0,,0.0,,0.0,,0.14450331330419067,,,
4833421,K00232.02,CONFIRMED,364.8,3.8314,5.766165573,227.0,0.0003424168961464469,3.431104477611936,1.84382872083777e-05,5.816394261242849,2.4056139164230217e-05,0.0,52,17,60|1800,pdcsap_flux,64739,0,29.42442842759192,23,0.02768593177660156,5,0.26046123665796506,,4,0.11183367058496424,7268,201,201,37.0,1.0949479610738577e-05,3.792831314486378e-05,0.32713515194233134,3.792831314486378e-05,0.32713515194233134,0.0,,0.11183367058496424,,,
4833421,K00232.03,CONFIRMED,336.8,4.4968,21.58752788,54.0,0.00023549417092938452,2.2372139303482803,1.4844156836946176e-05,2.309152434539515,1.3803616799923368e-05,0.0,52,17,60|1800,pdcsap_flux,64739,0,29.42442842759192,27,0.008679394310835127,5,0.2104141244072352,,4,0.1648619842753209,2281,201,201,9.0,1.9566550685297644e-05,0.0,,0.0,,0.0,,0.1648619842753209,,,
4833421,K00232.04,CONFIRMED,403.7,6.7751,37.9962369,33.0,0.00044319144180460235,5.123458706467687,6.0450930080002685e-05,5.242056072604101,2.5955803200417016e-05,8.692070225690962e-05,52,17,60|1800,pdcsap_flux,64739,0,29.42442842759192,41,0.007429573462137598,5,0.2056102194967485,,4,0.16790497227328194,1956,201,201,10.0,2.0909815015070653e-05,8.369331171653727e-05,0.17243696417224327,9.174438772363569e-05,0.15664912056520128,8.692070225690962e-05,0.17986653763438068,0.16790497227328194,,,
4833421,K00232.05,CONFIRMED,348.8,8.114,56.2590881,22.0,0.0002982599884502335,1.7761990049751284,-7.4428277045957e-06,2.722519505132588,2.1608512611015485e-05,0.00010875937366305877,52,17,60|1800,pdcsap_flux,64739,0,29.42442842759192,49,0.006009399454402698,5,0.20236642518420117,,4,0.17156582585458532,1586,201,201,8.0,2.2513331400002576e-05,0.00010875937366305877,0.4480189642712172,0.00010875937366305877,0.4480189642712172,0.00010875937366305877,0.4480189642712172,0.17156582585458532,,,
4845862,K04606.01,FALSE POSITIVE,108.2,2.988,2.44926655,438.0,0.00013025606507111043,0.2973134328358189,8.535897048078667e-07,1.2022148447782188,6.624643474562042e-06,0.0,14,14,1800,pdcsap_flux,51813,0,29.424394397065043,19,0.05083154383503094,1,0.30453747129098874,,0,0.0,10544,201,201,53.0,2.897649185799871e-05,0.0,,0.0,,0.0,,0.0,,,
4847534,K00499.01,CONFIRMED,411.7,2.4656,9.66857386,110.0,0.0003607625787229729,2.060799999999997,3.799383622049568e-05,6.070154172742659,2.8642636632492113e-06,0.0,14,14,1800,pdcsap_flux,51762,0,29.424389703199267,15,0.010625489841718324,1,0.06460337699470654,,0,0.0,2201,201,201,11.0,1.76247560802832e-05,0.0,,0.0,,0.0,,0.0,,,
4851356,K06462.01,FALSE POSITIVE,42.8,5.44,1.23513471,873.0,5.0171004266075236e-05,0.7578109452736372,1.5266706950844977e-06,2.386051407208011,3.4146609371177306e-06,0.0,14,14,1800,pdcsap_flux,51803,0,29.424368994659744,33,0.18351574515031374,1,0.5512229021485242,primary_only,0,0.0,38027,201,201,189.0,2.9658740495024816e-06,0.0,,0.0,,0.0,,0.0,,,
4863956,K04344.01,FALSE POSITIVE,65.8,7.204,4.31978105,628.0,6.693247708522421e-05,1.1469054726368166,-3.2492270671813372e-06,3.4477107681862265,1.643317374400155e-06,0.0,17,17,1800,pdcsap_flux,64769,0,29.424451221129857,45,0.0694865464689852,1,0.4197841560005558,,0,0.0,18072,201,201,90.0,1.3605841323865375e-05,4.1898308211330004e-05,0.48152192519565823,4.1898308211330004e-05,0.48152192519565823,0.0,,0.0,,,
4909707,K03175.01,FALSE POSITIVE,62160.0,23.88,2.302365255,463.0,0.0380401611328125,8.078805970149233,-0.0005699992179870605,1.9476838509055483,7.575750350952148e-05,,18,18,1800,pdcsap_flux,65261,0,29.42442984727677,,0.4321642701301101,1,1.0,none,0,0.0,65261,117,117,562.0,,,,,,,,0.0,blanking covers 1.73 of the orbit,,
4912589,K06469.01,FALSE POSITIVE,118440.0,3.01179,34.188302705,41.0,0.0704917700853881,0.29968059701492444,0.0001076276941516241,1053.6445726773031,0.0009496663240211589,0.0,18,18,1800,pdcsap_flux,65142,0,29.424435971304774,19,0.003670590233239249,1,0.019541923797242945,,0,0.0,876,201,178,5.0,1.7381713297982703e-05,5.993638739487661e-05,-0.11320777893113378,7.413795102917398e-05,-0.10586659846465524,0.0,,0.0,,,
4914566,K02635.01,CONFIRMED,63.5,7.532,22.2420032,61.0,5.665204329929896e-05,2.5481393034826003,-3.180063919638876e-06,2.534994072429666,1.3228416656296815e-05,0.0,18,18,1800,pdcsap_flux,65228,0,29.42443814012222,47,0.014109940121460524,1,0.08543876862697002,,0,0.0,3719,201,201,17.0,6.2328342619702326e-06,0.0,,0.0,,0.0,,0.0,,,
4932689,K03453.01,FALSE POSITIVE,328.7,6.309,18.1118457,47.0,0.0003292578017911607,1.129970149253726,-8.302908798119013e-05,2.367916386683016,3.864827779953561e-05,0.0,11,11,1800,pdcsap_flux,41933,0,29.424573769792914,39,0.014513981863262011,1,0.08809291011852241,,0,0.0,2442,201,201,12.0,3.744876328283826e-05,0.0,,0.0,,0.0,,0.0,,,
4935914,K03743.01,FALSE POSITIVE,60135.0,2.7904,3.486318703,71.0,0.051467339786650856,1.5548497512437787,0.0015007863976305158,46.25609179811882,0.002508709817342969,0.004587763817002877,3,3,1800,pdcsap_flux,11941,0,29.424504278576933,17,0.03334940852269715,1,0.20190938782346537,,0,0.0,1599,201,201,8.0,0.0002745474888239426,0.004587763817002877,0.4962541622025155,0.004587763817002877,0.4962541622025155,0.004587763817002877,0.4962541622025155,0.0,,,
4949214,K06481.01,FALSE POSITIVE,13859.0,4.367,0.922030594,1460.0,0.011937441300442497,2.5202587064676747,-0.0003058036119980567,41.760586593827455,0.000112568425242765,0.0,17,17,1800,pdcsap_flux,64795,0,29.424449214711785,27,0.1973452231600607,1,0.592345088355583,primary_only,0,0.0,51152,201,201,255.0,0.0007740992901804749,0.0,,0.0,,0.0,,0.0,,,
5003117,K00405.01,FALSE POSITIVE,27590.8,6.8615,37.60936976,37.0,0.02541697333466142,4.506059701492548,0.0054120167036169065,408.30458605633794,0.00024076305463360814,0.0003425808819871312,20,17,60|1800,pdcsap_flux,64790,0,29.424423733726144,41,0.007601718272806637,1,0.0451921592838401,,0,0.0,2061,201,201,10.0,1.6782648727545244e-05,0.0003425808819871312,0.4416739686244391,0.0003425808819871312,0.4416739686244391,0.0003425808819871312,0.4416739686244391,0.0,,,
5005618,K03186.01,FALSE POSITIVE,186528.0,7.94066,681.9363102,,,,,,,0.0004882940306156769,19,18,60|1800,pdcsap_flux,63993,0,29.424443263560534,49,0.0004851784959746426,1,0.0008125888769084118,,0,0.0,52,199,52,0.0,2.3563740186199487e-05,0.00039205928338770235,0.08681132620898051,0.0005349277702277888,-0.49970882811238,0.0004882940306156769,0.05230300568278316,0.0,,,
5007345,K02406.01,CONFIRMED,222.8,2.1787,7.01074295,187.0,0.00020311239517911694,0.7804298507462715,7.427644248991783e-06,3.2545847059718223,4.2400698157196715e-05,0.0,17,17,1800,pdcsap_flux,64716,0,29.424429265782237,13,0.012948580102579096,1,0.07688979541380803,,0,0.0,3238,201,201,16.0,1.5495636127658805e-05,4.870456753380825e-05,-0.16169582773470406,4.870456753380825e-05,-0.16169582773470406,0.0,,0.0,,,
5009688,K07713.01,FALSE POSITIVE,92.3,1.125,1.381257093,969.0,8.205801844196614e-05,0.20149253731343242,4.97858001768936e-06,1.6814608524277834,7.643377191990375e-05,0.0,17,17,1800,pdcsap_flux,64716,0,29.424429265782237,7,0.03393647731298926,1,0.20385994189999382,,0,0.0,8828,201,201,44.0,1.1724327447738092e-05,3.887336607155678e-05,-0.4787771463607564,3.917794824925824e-05,-0.4533247883760145,0.0,,0.0,,,
5015459,K03923.01,FALSE POSITIVE,4863.0,2.1881,158.3226379,6.0,0.004611079366444226,0.04354427860696486,0.0002540455704150846,10.79512367096426,0.0005362781397950656,0.0,14,14,1800,pdcsap_flux,51787,0,29.424424399039708,13,0.0005758546885185099,1,0.0031281981964585708,,0,0.0,108,201,104,1.0,0.00015723235298543517,0.0004984021689777851,0.049624648492387194,0.0026128766382271795,0.47950017347133594,0.0,,0.0,,,
5019567,K06488.01,FALSE POSITIVE,64.5,9.587,1.17430183,914.0,3.063678741455078e-05,4.006507462686566,-1.0728836059570312e-05,1.0034392195975974,8.64267349243164e-06,,15,15,1800,pdcsap_flux,52276,0,29.424428092315793,,0.34016666169491816,1,1.0,none,0,0.0,52276,148,148,354.5,,,,,,,,0.0,blanking covers 1.36 of the orbit,,
5021174,K03679.01,FALSE POSITIVE,360177.0,3.22222,4.04506346,0.0,,,,,,,,,,,,,,,,,,,,,,,,,,,,,,,,,,koi_num_transits is 0,precheck
5021899,K00821.01,CONFIRMED,1175.4,4.3791,21.81295996,45.0,0.00119384761357888,2.004364179104492,-7.857453879100973e-06,6.688197704577858,0.00024301335406595737,0.0,12,12,1800,pdcsap_flux,46056,0,29.424281744286418,27,0.008364866590072812,1,0.051915059927045336,,0,0.0,1566,201,201,8.0,4.3816257584606655e-05,0.0002392661608459079,-0.49933302792240886,0.0002392661608459079,-0.49933302792240886,0.0,,0.0,,,
5022828,K02138.01,CONFIRMED,95.2,7.3,23.5541012,43.0,8.13790891677213e-05,6.101492537313414,6.6885879070888166e-06,3.9728967797215544,1.2952034191826556e-06,0.0,15,15,1800,pdcsap_flux,52251,0,29.424415598041378,45,0.012913533150085414,1,0.07647700522478039,,0,0.0,2574,201,201,13.0,6.137054117113826e-06,2.0659167118575184e-05,0.4927468638409382,2.0659167118575184e-05,0.4927468638409382,0.0,,0.0,,,
5023956,K00233.01,FALSE POSITIVE,3218.5,4.2285,1.824649,589.0,0.005002989614459441,2.3561791044776186,3.5685427183573815e-05,148.71513857725964,0.00031226867945532977,0.0,15,14,60|1800,pdcsap_flux,51810,0,29.424378806725144,25,0.09655966709213663,1,0.58056359776105,,0,0.0,20034,201,201,100.0,7.197610124413112e-06,0.0,,0.0,,0.0,,0.0,,,
5024252,K04682.01,FALSE POSITIVE,115.5,3.447,2.15052332,494.0,6.0575973080179146e-05,0.960358208955228,-1.3506095709603372e-06,0.8156664213382825,6.702791479740178e-06,0.0,14,14,1800,pdcsap_flux,51694,0,29.424386518076062,21,0.06678606954143608,1,0.40078152203350487,,0,0.0,13801,201,201,68.0,1.5727690679114515e-05,6.190034457320692e-05,-0.2244838438405349,6.190034457320692e-05,-0.2244838438405349,0.0,,0.0,,,
5024372,K06495.01,FALSE POSITIVE,34.1,3.336,0.561524348,1899.0,1.930664243376956e-05,0.7302686567164177,3.7590248603835974e-06,1.0506415088602092,7.874107037286748e-06,,15,14,60|1800,pdcsap_flux,51776,0,29.424379299161956,21,0.24754046818286854,1,0.7422164709517923,primary_only,0,0.0,51262,201,201,256.0,,,,,,,,0.0,blanking covers 0.99 of the orbit,,
5024476,K05116.01,FALSE POSITIVE,643.0,1.938,222.068928,,7.435432707048051e-05,0.0,0.0001186483553552442,0.21119433254896092,0.001296151844099258,0.0002921184173924063,15,15,1800,pdcsap_flux,52269,0,29.42440838960465,11,0.0003636258378299552,1,0.0018366527004534236,,0,0.0,51,200,51,0.0,6.256691803691623e-05,0.0002921184173924063,0.15662077492848256,0.0003594634270998043,0.053396490214498604,0.0002921184173924063,0.15662077492848256,0.0,,,
5025217,K06496.01,FALSE POSITIVE,62.9,5.315,1.78752921,604.0,5.00629366496641e-05,3.4904477611940496,3.5776595747050166e-06,1.4210233405553132,6.228021359633296e-06,0.0,15,15,1800,pdcsap_flux,52279,0,29.424405125901103,33,0.12389074936198292,1,0.7436064194035846,,0,0.0,25810,201,201,128.0,2.780613669950682e-05,0.0,,0.0,,0.0,,0.0,,,
5025294,K06498.01,FALSE POSITIVE,4184.6,3.2605,5.462689263,200.0,0.0037424131338328337,1.9465671641791005,-0.0001090215128731753,110.87682376959917,8.236885802559435e-05,0.0007242203745754239,14,14,1800,pdcsap_flux,51813,0,29.424373609945178,19,0.02486946632436828,1,0.15046416922393993,,0,0.0,5280,201,201,26.0,9.28704010355763e-06,0.0007242203745754239,0.37671623985115693,0.0007242203745754239,0.37671623985115693,0.0007242203745754239,0.37671623985115693,0.0,,,
5035972,K00406.01,FALSE POSITIVE,8494.0,5.5692,49.26678528,28.0,0.007521646854805608,3.4357253731343342,-0.0002047709188934821,59.62522950404869,6.262765493902922e-05,0.0006314241436325974,17,17,1800,pdcsap_flux,64761,0,29.424450220540166,35,0.00471006985093873,1,0.02848936860147311,,0,0.0,1251,201,201,5.0,2.856316398227766e-05,0.0006314241436325974,-0.16852375240941136,0.0006314241436325974,-0.16852375240941136,0.0006314241436325974,-0.16852375240941136,0.0,,,
5036537,K03718.01,FALSE POSITIVE,6367.1,2.6715,1.06100873,1074.0,0.007918126393478886,1.5417611940298535,6.82843413203349e-05,101.61775516724902,0.001243474383262111,0.0,14,14,1800,pdcsap_flux,54963,0,29.424521131440997,17,0.10491195487147405,1,0.6294052362498408,,0,0.0,23084,201,201,114.0,1.9983463057665496e-05,8.967889454170042e-05,-0.4901828336376498,8.967889454170042e-05,-0.4901828336376498,0.0,,0.0,,,
5038469,K06505.01,FALSE POSITIVE,,4.58,1.36840167,983.0,8.613546572433517e-05,0.45572139303482473,-5.0535503747117794e-05,0.8039384414046432,4.057017750724867e-05,0.0,18,18,1800,pdcsap_flux,65264,0,29.424464626936242,29,0.1394571035077247,1,0.4188526599656779,primary_only,0,0.0,36426,201,201,181.0,2.5366863033203344e-05,0.0,,0.0,,0.0,,0.0,,,
5039053,K05121.01,FALSE POSITIVE,166.2,32.21,401.38712,3.0,0.00015973775041455696,24.99880597014926,8.704009603177632e-06,2.3730625756781376,8.32497440452773e-05,0.0,18,18,1800,pdcsap_flux,65212,0,29.424466135678813,197,0.003343613350954892,1,0.02080905354842667,,0,0.0,775,201,201,4.0,1.7346582626368344e-05,7.336107665623093e-05,0.07719149803319736,7.7515923118332e-05,0.43579402992309985,0.0,,0.0,,,
5039441,K06125.01,FALSE POSITIVE,263861.0,3.34471,2.151384476,0.0,,,,,,,,,,,,,,,,,,,,,,,,,,,,,,,,,,koi_num_transits is 0,precheck
5077629,K00822.01,FALSE POSITIVE,15148.1,3.3148,7.91936937,132.0,0.014597364569080784,2.3747820895522365,-0.0008441031540701305,67.99258990238557,0.0003001206570997228,0.0004711432238724278,13,13,1800,pdcsap_flux,50170,0,29.42393338191323,21,0.01744036175277763,1,0.10420570061789915,,0,0.0,3516,201,201,17.0,5.983950467183485e-05,0.0004711432238724278,0.49952249914633473,0.0004711432238724278,0.49952249914633473,0.0004711432238724278,0.49952249914633473,0.0,,,
5091614,K06515.01,FALSE POSITIVE,73960.9,5.17846,21.142458554,67.0,0.06611644505628644,3.0916179104477415,-0.0013311838296037326,995.7088424214274,0.0001886582582023566,0.01313938438867257,17,17,1800,pdcsap_flux,64793,0,29.424422895535827,31,0.010205490819129203,1,0.06151899124905468,,0,0.0,2805,201,201,14.0,1.8977760048135382e-05,0.01313938438867257,-0.4081327457797458,0.01313938438867257,-0.4081327457797458,0.01313938438867257,-0.4081327457797458,0.0,,,
5092266,K03045.01,CONFIRMED,636.1,4.199,44.8702042,26.0,0.0006172556695611675,1.9219303482587042,0.00012441385426975593,2.8878739377685494,0.00013307854762578675,0.0,14,14,1800,pdcsap_flux,54915,0,29.424537465674803,25,0.003899209652657059,1,0.024128198124374032,,0,0.0,879,201,201,4.0,6.01146785593102e-05,0.00019368699265809308,0.22476701402508914,0.0002637770097555503,0.49576208488475443,0.0,,0.0,,,
5094751,K00123.01,CONFIRMED,298.5,3.784,6.481633073,214.0,0.0002903344276411479,3.313353233830849,-7.856360273450491e-06,23.718442042008515,4.575847293963875e-06,0.0,57,18,60|1800,pdcsap_flux,65238,0,29.42444066517055,23,0.02432514535934556,2,0.1803703363070603,,1,0.03954750298905546,6530,201,201,32.0,4.006468944656638e-06,1.3325979559941636e-05,0.31188036493084953,1.3325979559941636e-05,0.31188036493084953,0.0,,0.03954750298905546,,,
5094751,K00123.02,CONFIRMED,366.0,6.5093,21.22261195,64.0,0.0003480292202361346,5.9587621890547116,-5.802986848602032e-06,18.785302218790264,3.14762802289259e-06,0.0,57,18,60|1800,pdcsap_flux,65238,0,29.42444066517055,39,0.012779804576944795,2,0.14690824366166957,,1,0.07517091265826666,3432,201,201,17.0,5.600614663261471e-06,0.0,,0.0,,0.0,,0.07517091265826666,,,
5097278,K06519.01,FALSE POSITIVE,329.0,4.33,0.73240662,1301.0,4.641258031501394e-05,1.3787064676616876,-1.920247824926946e-05,0.9810174118167353,4.0267477969813115e-06,,18,18,1800,pdcsap_flux,65263,0,29.424441838636994,27,0.246334019573262,1,0.7390558202963394,primary_only,0,0.0,64303,201,201,319.0,,,,,,,,0.0,blanking covers 0.99 of the orbit,,
5097470,K02767.01,FALSE POSITIVE,92.6,3.419,1.28805834,1045.0,9.182727053536066e-05,1.360796019900496,-1.233269363842826e-05,4.78643807540994,1.1965965339255646e-05,0.0,17,17,1800,pdcsap_flux,64709,0,29.42442934960127,21,0.11059928646813724,1,0.6633080406125886,,0,0.0,28701,201,201,143.0,1.2455232650608571e-05,0.0,,0.0,,0.0,,0.0,,,
5121173,K06126.01,FALSE POSITIVE,603.3,51.666,17.4352218,80.0,0.0005162211583149556,29.817194029850853,-7.933404358761997e-05,5.188062667982917,8.552330321109913e-05,0.0,18,18,1800,pdcsap_flux,65246,0,29.42446413449943,317,0.12347132859531501,1,0.7404745118474696,,0,0.0,32266,201,201,160.0,6.41897547912293e-05,0.0,,0.0,,0.0,,0.0,,,
5130369,K00140.01,FALSE POSITIVE,944.3,10.168,19.97867,69.0,0.0011487948674742121,7.082189054726395,-5.164399269197428e-05,29.930557018944015,0.00018140244939623962,0.0,20,17,60|1800,pdcsap_flux,64759,0,29.424450550577603,63,0.0212059494784521,1,0.12617551228400686,,0,0.0,5664,201,201,28.0,1.3970843983643632e-05,0.0,,0.0,,0.0,,0.0,,,
5181804,K03638.01,FALSE POSITIVE,50424.0,2.5276,4.350460215,143.0,0.04499966684887691,1.5090149253731244,-0.0011252151554056455,207.5711506743049,0.0008568667234996052,0.0018223232471594741,8,8,1800,pdcsap_flux,30159,0,29.424288276932202,15,0.02420816682877461,1,0.14440133956696177,,0,0.0,2910,201,201,14.0,5.47774714148475e-05,0.0018223232471594741,-0.47578214887813325,0.0018223232471594741,-0.47578214887813325,0.0018223232471594741,-0.47578214887813325,0.0,,,
5193386,K06537.01,FALSE POSITIVE,80571.0,21.7174,21.37831102,53.0,0.07736319121663948,14.694360199005033,-0.0017249972457872298,303.1442689054619,0.002325854415643036,0.0011101046338832798,16,14,60|1800,pdcsap_flux,51813,0,29.424408981576562,133,0.04232755645757588,1,0.257155540115415,,0,0.0,8739,201,201,43.0,0.00010296462397380303,0.0011101046338832798,0.48740034628142476,0.0011101046338832798,0.48740034628142476,0.0011101046338832798,0.48740034628142476,0.0,,,
5193400,K01580.01,FALSE POSITIVE,556.1,19.359,21.3781146,52.0,0.0005775340489625469,15.795402985074618,4.651842688863095e-05,6.650079169674044,2.3848869139531104e-06,0.0001463423441873113,14,14,1800,pdcsap_flux,51760,0,29.42441283725202,119,0.03773134418504801,1,0.22952086553323028,,0,0.0,7985,201,201,40.0,2.3718541203650067e-05,0.0001463423441873113,0.49050019387522353,0.0001463423441873113,0.49050019387522353,0.0001463423441873113,0.49050019387522353,0.0,,,
5202905,K01932.01,CONFIRMED,322.7,6.617,22.8245144,48.0,0.0002430741694476879,2.501950248756214,1.3459694562456548e-05,2.1918712711656694,3.0240158514271975e-05,0.0,15,15,1800,pdcsap_flux,52282,0,29.424391547217965,41,0.012079482984896858,2,0.1197544087831376,,1,0.05200642668604873,2493,201,201,12.0,2.0022162503422457e-05,0.0,,0.0,,0.0,,0.05200642668604873,,,
5202905,K01932.02,CONFIRMED,177.9,6.091,14.8444836,74.0,8.379662899837825e-05,0.363641791044774,8.612630221094264e-05,0.2105981951257561,0.00010098019800930391,0.0,15,15,1800,pdcsap_flux,52282,0,29.424391547217965,37,0.01709669891559358,2,0.13566810757048314,,1,0.035633678895222065,3641,201,201,18.0,5.113704662017833e-05,0.0,,0.0,,0.0,,0.035633678895222065,,,
5211470,K06541.01,FALSE POSITIVE,8150.9,4.4649,2.404293523,547.0,0.007233709789544851,2.6656119402984975,-0.00012276799678234696,106.51828871859873,0.003086849365842692,0.0,17,17,1800,pdcsap_flux,63640,0,29.424408635823056,27,0.07737719967230473,2,0.6051854179761157,,1,0.2616436203645506,19704,201,201,98.0,3.11857374272423e-05,0.0,,0.0,,0.0,,0.2616436203645506,,,
5211470,K06541.02,FALSE POSITIVE,575.9,1.9618,0.938074536,1096.0,0.0004412533165651933,0.8979383084577144,-2.74253438745653e-05,3.803923098651552,1.2654433174663637e-05,0.0003221566553386346,17,17,1800,pdcsap_flux,63640,0,29.424408635823056,13,0.08713770977647203,2,0.634286612193589,,1,0.23247957259585167,22185,201,201,111.0,2.714574341396826e-05,0.0003221566553386346,0.49050831261002076,0.0003221566553386346,0.49050831261002076,0.0003221566553386346,0.49050831261002076,0.23247957259585167,,,
5212220,K02495.01,FALSE POSITIVE,126.4,1.6192,1.08749101,1233.0,0.00011716120059213075,1.0633552238805923,-1.2100289626504335e-05,8.068255607005511,1.6593496517725015e-05,1.970485067037675e-05,18,18,1800,pdcsap_flux,65216,0,29.424465643242,9,0.062038827030548666,1,0.3731906280667321,,0,0.0,16196,201,201,80.0,5.475450061309583e-06,1.970485067037675e-05,0.49769815168087117,1.970485067037675e-05,0.49769815168087117,1.970485067037675e-05,0.49769815168087117,0.0,,,
5213902,K01941.01,FALSE POSITIVE,189.5,1.3777,1.194812329,1119.0,0.00017567460988665573,1.1240935323383099,1.0647320573875518e-05,5.313186287516602,3.6340156467584706e-05,0.0,17,17,1800,pdcsap_flux,64745,0,29.42445130494889,9,0.04804450479240633,1,0.28919607691713645,,0,0.0,12456,201,201,62.0,8.670040565096726e-06,0.0,,0.0,,0.0,,0.0,,,
5215251,K03903.01,FALSE POSITIVE,1680.1,9.835,2.553924603,451.0,0.0014761457732018757,5.480199004975148,-4.6455277541102014e-05,26.101629873313218,5.2814774767262485e-05,0.0,14,14,1800,pdcsap_flux,54943,0,29.424520125612617,61,0.16045566348564078,1,0.4828822597965164,primary_only,0,0.0,35305,201,201,173.0,6.981334869915567e-06,3.192445128719079e-05,-0.3997062138384836,3.192445128719079e-05,-0.3997062138384836,0.0,,0.0,,,
5215700,K03740.01,FALSE POSITIVE,174860.0,4.17901,0.656201038,1731.0,0.15518319606781006,2.328602587064686,0.006066858768463135,21.632277475537876,0.007490426301956177,,14,14,1800,pdcsap_flux,54970,0,29.424519455060363,,0.26535376596991406,1,1.0,none,0,0.0,54970,190,190,289.0,,,,,,,,0.0,blanking covers 1.06 of the orbit,,
5263802,K05145.01,FALSE POSITIVE,28325.4,4.43333,3.350209754,401.0,0.0242795871705469,2.558538706467675,-0.005387802638213257,956.285224855556,0.0010413679089493755,0.0,22,18,60|1800,pdcsap_flux,65263,0,29.42443379200995,27,0.05513746806831525,1,0.32972741063083216,,0,0.0,14380,201,201,72.0,6.565164748348273e-06,0.0,,0.0,,0.0,,0.0,,,
5264304,K03563.01,FALSE POSITIVE,192896.0,8.2904,120.58167178,10.0,,,,,,0.0,14,14,1800,pdcsap_flux,54729,0,29.424537470913492,51,0.00286472503021498,1,0.015256993550037456,,0,0.0,542,201,153,3.0,8.276836472919164e-05,0.0002593956197258773,0.20437572559224124,0.016348418407786558,-0.27260099193854515,0.0,,0.0,,,
5269467,K01672.01,CONFIRMED,894.8,3.72,33.8677783,41.0,0.0008180931197804275,0.740298507462684,-6.756535014518228e-05,3.4464533679613942,3.860137775169026e-05,0.0,17,17,1800,pdcsap_flux,64765,0,29.4244253996294,23,0.004576621431350281,1,0.027993515015826448,,0,0.0,1239,200,172,4.0,5.8854064684849744e-05,0.00019136768083505284,-0.49478691126649116,0.00019136768083505284,-0.49478691126649116,0.0,,0.0,,,
5281714,K05148.01,FALSE POSITIVE,374.8,1.398,40.301684,,0.00030784181313292525,0.11128358208955196,4.340201595964821e-05,0.9897070488038532,0.00027854044559405544,0.0,14,14,1800,pdcsap_flux,51782,0,29.42440931685269,9,0.001445349033057775,1,0.008593719825421961,,0,0.0,294,201,178,1.0,7.945448027246876e-05,0.0003239780053632124,0.3500500289956132,0.0003239780053632124,0.3500500289956132,0.0,,0.0,,,
5294739,K06556.01,FALSE POSITIVE,617987.0,17.4877,3.735993484,0.0,,,,,,,,,,,,,,,,,,,,,,,,,,,,,,,,,,koi_num_transits is 0,precheck
5301093,K07724.01,FALSE POSITIVE,691.0,12.35,488.67353,3.0,0.0007927259412959797,1.7203980099502447,0.00011431433605990637,1.450536778619527,0.00020778759579043182,0.001042002356228311,14,14,1800,pdcsap_flux,54910,0,29.42452230490744,75,0.0010530206809714724,1,0.006465124749590239,,0,0.0,292,200,196,1.0,0.0001594317473096747,0.001042002356228311,0.1744910670700787,0.001042002356228311,0.1744910670700787,0.001042002356228311,0.1744910670700787,0.0,,,
5303346,K03275.01,FALSE POSITIVE,4989.2,6.9676,37.32483952,38.0,0.004580025866968485,3.882443781094551,-0.0002880980674220268,38.202772490819164,0.0003128937470171511,0.0011287465768855531,17,17,1800,pdcsap_flux,64765,0,29.42445038817823,43,0.007778108905494544,1,0.04910059445688258,,0,0.0,2078,201,201,10.0,3.103576315652585e-05,0.0011287465768855531,0.4926818435485954,0.0011287465768855531,0.4926818435485954,0.0011287465768855531,0.4926818435485954,0.0,,,
5303551,K00553.01,FALSE POSITIVE,286.6,3.2576,2.399069173,557.0,0.00030735434940953876,1.880007960199016,-2.879679122647083e-05,6.889282600863837,4.953657112394261e-06,0.0,17,17,1800,pdcsap_flux,64758,0,29.424450042424724,19,0.056577498832016106,1,0.33878439729454274,,0,0.0,14573,201,201,72.0,1.1101176938521817e-05,3.4717758593316717e-05,0.25673780607493957,3.613524911338928e-05,-0.33732593166122893,0.0,,0.0,,,
5305471,K03806.01,FALSE POSITIVE,2185.9,23.467,161.252247,7.0,0.0020585837973277066,17.279184079601883,-3.181048832767708e-05,21.328211694338723,0.00027618729129263997,0.00028064283747586405,17,17,1800,pdcsap_flux,64745,0,29.424451980739832,143,0.00606373979189677,1,0.034767163487527994,,0,0.0,1378,201,201,7.0,2.7417170941855992e-05,0.00028064283747586405,0.16930427651737093,0.00028064283747586405,0.16930427651737093,0.00028064283747586405,0.16930427651737093,0.0,,,
5306862,K06561.01,FALSE POSITIVE,44998.1,4.48448,2.025580416,665.0,0.043189656794299536,3.2127617910447754,-0.0003414119766091961,20.153769376097433,6.47463951957139e-05,0.0,22,18,60|1800,pdcsap_flux,65267,0,29.424464805051684,27,0.092246810769587,1,0.5536948228047865,,0,0.0,24201,201,201,121.0,0.002763548513586306,0.0,,0.0,,0.0,,0.0,,,
5307574,K06562.01,FALSE POSITIVE,182.1,24.44,58.64379,25.0,0.00014600952610133167,5.83641791044772,-2.1606616603220274e-05,1.45912843228163,1.825911377673073e-05,0.0,17,17,1800,pdcsap_flux,64725,0,29.424450131482445,149,0.017364725801885132,1,0.10595596755504055,,0,0.0,4740,201,201,24.0,2.044317087729801e-05,0.0,,0.0,,0.0,,0.0,,,
5308777,K05152.01,FALSE POSITIVE,200.9,4.018,0.944598153,1329.0,0.00017493659349809842,2.2388855721393104,1.1948634697778182e-05,5.798343704979229,8.05076949117467e-05,0.0,17,17,1800,pdcsap_flux,61140,0,29.42450066911988,25,0.17723586070432074,1,0.531714098789663,primary_only,0,0.0,43359,201,201,215.0,4.5966520518305296e-06,0.0,,0.0,,0.0,,0.0,,,
5309353,K00643.01,FALSE POSITIVE,365.9,1.745,1.376384817,948.0,0.0003671210328706209,1.2154228855721412,1.6171027957812e-05,7.59976207204117,1.2695947275043196e-05,7.355534159181332e-05,17,16,60|1800,pdcsap_flux,63111,0,29.424393553636037,11,0.05282558513818112,1,0.3165850644103247,,0,0.0,13317,201,201,66.0,1.3391883430295281e-05,7.355534159181332e-05,-0.498154872800959,7.355534159181332e-05,-0.498154872800959,7.355534159181332e-05,-0.498154872800959,0.0,,,
5357470,K01674.01,FALSE POSITIVE,335.5,1.5794,2.17257963,612.0,0.00030447672327804653,0.8486328358208901,-5.0358597100119695e-06,5.837609633756967,8.217611678240644e-06,0.00022051506519349395,17,17,1800,pdcsap_flux,64786,0,29.424425567267463,9,0.030290412569749323,1,0.18193745562312846,,0,0.0,7807,201,201,39.0,1.3471088169727973e-05,0.00022051506519349395,0.26483951092024466,0.00022051506519349395,0.26483951092024466,0.00022051506519349395,0.26483951092024466,0.0,,,
5369827,K02690.01,CONFIRMED,432.3,1.0418,3.606940379,298.0,0.00038036255730233837,0.8707582089552279,-3.6563945838063994e-05,7.885482361844979,0.00019778623755872804,0.0,15,15,1800,pdcsap_flux,52282,0,29.424427757039666,7,0.01203466893604934,1,0.07170727975211354,,0,0.0,2526,201,201,12.0,0.0001426146480541444,0.0,,0.0,,0.0,,0.0,,,
5371776,K01557.01,CONFIRMED,1745.7,1.8268,3.295701024,327.0,0.0016229946206310908,1.5268776119402936,-1.0551560327143328e-05,13.536667055313838,1.562982082192743e-05,0.0,26,14,60|1800,pdcsap_flux,51814,0,29.424392050132155,11,0.023095743853088862,4,0.2880495618944687,,3,0.17335083182151542,4807,201,201,24.0,2.6123029945372354e-05,0.0,,0.0,,0.0,,0.17335083182151542,,,
5371776,K01557.02,CONFIRMED,1308.6,2.9029,9.65349016,104.0,0.0012187217400307926,1.3286905472636845,-0.00017910404273879799,9.243072445813846,4.041005458954583e-05,0.0,26,14,60|1800,pdcsap_flux,51814,0,29.424392050132155,17,0.012529578904824475,4,0.26006484733855717,,3,0.20148994480256302,2572,201,201,13.0,4.1712933209829294e-05,0.00017654562963009823,-0.26031602624686284,0.00017654562963009823,-0.26031602624686284,0.0,,0.20148994480256302,,,
5371776,K01557.03,CONFIRMED,965.9,1.1165,5.315954488,181.0,0.0008402969821624806,0.7554427860696546,4.056020006537597e-05,5.220879834174352,0.0001165556947329005,0.0,26,14,60|1800,pdcsap_flux,51814,0,29.424392050132155,7,0.008751172237901473,4,0.25190103060948776,,3,0.21094684834214691,1806,201,201,9.0,4.181469603850875e-05,0.0001303979994885518,0.2165418691922993,0.0001303979994885518,0.2165418691922993,0.0,,0.21094684834214691,,,
5371776,K01557.04,CONFIRMED,258.9,1.4259,1.499144441,629.0,0.00020909617999631536,0.5107701492537302,6.444979460118461e-07,2.5715181458731116,2.549935056550545e-06,0.0,26,14,60|1800,pdcsap_flux,51814,0,29.424392050132155,9,0.03963093773697287,4,0.3345234878604238,,3,0.12734010113096847,8190,201,201,41.0,2.0677910776127682e-05,0.0,,0.0,,0.0,,0.12734010113096847,,,
5372966,K00832.01,FALSE POSITIVE,44791.4,3.49949,9.286358079,117.0,0.04368854819321055,2.576738905472637,-0.0009826354952003902,340.41830661427826,0.00024263971886206992,0.0008844913155243717,14,14,1800,pdcsap_flux,51811,0,29.424386596656404,21,0.015701751116303616,1,0.09546235355426454,,0,0.0,3297,201,201,16.0,3.350894550303556e-05,0.0008844913155243717,-0.48428732291740006,0.0008844913155243717,-0.48428732291740006,0.0008844913155243717,-0.48428732291740006,0.0,,,
5385509,K06003.01,FALSE POSITIVE,340.1,19.859,12.4257907,110.0,0.000366992640605579,12.646527363184077,-5.8884679431936426e-05,3.2608085868531096,4.662269811983588e-05,0.0,16,16,1800,pdcsap_flux,63151,0,29.424392044893466,121,0.06659200636087757,1,0.4008012541369099,,0,0.0,16818,201,201,84.0,4.3855827910781794e-05,0.0,,0.0,,0.0,,0.0,,,
5385566,K06004.01,FALSE POSITIVE,374.4,27.49,12.4253356,96.0,0.00039578500538273165,18.053134328358112,3.5550796442240795e-06,5.078654071514344,2.9438960874705877e-05,0.0002837140126522586,14,14,1800,pdcsap_flux,54924,0,29.42452079616487,169,0.09218396215122483,1,0.5557861772631272,,0,0.0,20197,201,201,100.0,3.519904257477948e-05,0.0002837140126522586,0.38730012194297575,0.0002837140126522586,0.38730012194297575,0.0002837140126522586,0.38730012194297575,0.0,,,
5385575,K03965.01,FALSE POSITIVE,1131.0,57.2012,12.425580393,112.0,0.0007525606482652325,21.628314427860715,0.00020295311769769064,3.675330944000176,0.0002165300818937066,0.0,17,17,1800,pdcsap_flux,64793,0,29.424448030767962,349,0.19181263634783785,1,0.570123315790286,primary_only,0,0.0,49503,201,201,247.0,0.00014218378055438392,0.0005910106574816831,0.38713952892156767,0.0005910106574816831,0.38713952892156767,0.0,,0.0,,,
5389632,K07726.01,FALSE POSITIVE,205.2,1.169,0.474811162,1194.0,0.000156116741258705,0.2326368159203973,1.418912193185129e-06,2.1863305861003313,9.02602641283945e-06,0.0,14,14,1800,pdcsap_flux,54923,0,29.42451970127877,7,0.10258464255171265,1,0.6152431586038636,,0,0.0,22535,201,201,112.0,1.7299344953958683e-05,0.0,,0.0,,0.0,,0.0,,,
5391407,K08254.01,FALSE POSITIVE,141454.0,5.1609,0.638697833,144.0,0.1142691969871521,2.670316417910448,0.0018074214458465576,3.6592779531850774,0.000586390495300293,,1,1,1800,pdcsap_flux,4441,0,29.424688261351548,,0.33668111725063576,1,1.0,none,0,0.0,4441,150,150,30.0,,,,,,,,0.0,blanking covers 1.35 of the orbit,,
5396122,K01935.01,FALSE POSITIVE,3596.2,2.0791,15.44428875,75.0,0.002922289102163189,1.1998786069651675,-0.00023004357634648365,7.306571150955671,0.00017220528302230864,0.0,14,14,1800,pdcsap_flux,54916,0,29.424518113955855,13,0.005609139279182841,1,0.034033797071891615,,0,0.0,1250,201,201,6.0,9.509289149717661e-05,0.0002871569559612652,0.4640854056882945,0.00032689704132660147,-0.49945518899701846,0.0,,0.0,,,
5397166,K03856.01,FALSE POSITIVE,408.1,3.792,1.811966339,746.0,0.00042301171970382523,0.07546268656716348,-1.801098166775983e-05,0.6034010562508427,4.9202496378186744e-05,0.0,17,17,1800,pdcsap_flux,64758,0,29.424445191398263,23,0.08719808784483164,1,0.5231322770931777,,0,0.0,22693,201,201,113.0,9.046028663145522e-05,0.0,,0.0,,0.0,,0.0,,,
5437348,K04448.01,FALSE POSITIVE,72.6,8.23,35.945188,,-5.757054202026879e-06,1.1464676616915392,3.537053661550882e-05,-0.08413592857456918,6.911609720616774e-05,6.54250599562145e-05,19,18,60|1800,pdcsap_flux,65214,0,29.424432953819633,51,0.009539988124882437,1,0.05575489925476125,,0,0.0,2274,201,201,11.0,2.003769954121286e-05,6.54250599562145e-05,-0.49760653899465634,9.214754297337535e-05,0.49812972153995,6.54250599562145e-05,-0.49760653899465634,0.0,,,
5438757,K01601.01,CONFIRMED,273.1,6.253,10.35078415,131.0,0.0002559791443500492,3.7331343283582186,7.711622251105332e-06,5.100214355982243,1.215346426086672e-05,0.0,20,17,60|1800,pdcsap_flux,64725,0,29.424422890297137,39,0.025171200837635733,2,0.17362688296639628,,1,0.02320587099266126,6572,201,201,33.0,1.2131343358530543e-05,0.0,,0.0,,0.0,,0.02320587099266126,,,
5438757,K01601.02,CONFIRMED,417.8,11.64,62.9224936,19.0,0.00040905982335215363,7.875820895522387,-2.8146729272315874e-05,4.413613231266291,1.9151379868298513e-05,0.0,20,17,60|1800,pdcsap_flux,64725,0,29.424422890297137,71,0.007707895416274475,2,0.11740440324449594,,1,0.07609115488605639,2027,201,201,10.0,2.1247499749362794e-05,0.0,,0.0,,0.0,,0.07609115488605639,,,
5440472,K05167.01,FALSE POSITIVE,413.1,2.685,396.349253,,0.0002452928604311788,0.053432835820895086,0.00015719833552108042,1.3163225952460282,2.4926767941080286e-05,0.0,17,17,1800,pdcsap_flux,64738,0,29.42442489671521,17,0.0002822636832369658,1,0.001730050356822886,,0,0.0,86,193,26,0.0,0.00011566186637949752,0.00039107466167753735,0.017957280686584094,0.0008467144742548838,0.1305099243773791,0.0,,0.0,,,
5443604,K02713.01,FALSE POSITIVE,645.8,3.512,21.3910125,64.0,0.0007448735752012547,0.8386865671641779,-6.405971793921328e-05,7.74803601797065,0.00014819433048218755,0.00018044408891981778,17,17,1800,pdcsap_flux,64793,0,29.424424907192588,21,0.006840879239976759,1,0.04048276820026855,,0,0.0,1796,201,201,9.0,3.466524077965962e-05,0.00018044408891981778,0.2046164121850724,0.00018044408891981778,0.2046164121850724,0.00018044408891981778,0.2046164121850724,0.0,,,
5444392,K06578.01,FALSE POSITIVE,393266.0,5.72501,0.759764419,1773.0,0.3030742108821869,2.8482636815920337,-0.0012990832328796387,47.894245839531365,0.04441225528717041,,26,18,60|1800,pdcsap_flux,65263,0,29.42443923500832,,0.31396848466173477,1,1.0,none,0,0.0,65263,161,161,407.0,,,,,,,,0.0,blanking covers 1.26 of the orbit,,
5445681,K03039.01,CONFIRMED,101.8,7.225,20.3504704,67.0,7.506316610605968e-05,2.156716417910438,2.659696194762251e-05,1.9783206397911537,2.458439946662061e-05,0.0,17,17,1800,pdcsap_flux,64727,0,29.42442750558257,45,0.014792860349147834,1,0.0891281845288674,,0,0.0,3908,201,201,19.0,1.037868988563586e-05,3.1413777192068615e-05,0.2784864996811847,3.1413777192068615e-05,0.2784864996811847,0.0,,0.0,,,
5446961,K05170.01,FALSE POSITIVE,753.0,3.033,149.526152,,0.0005105296079690458,0.1810746268656711,-1.5779773271495934e-05,1.2936753490539663,0.0002146128120658064,0.0,17,17,1800,pdcsap_flux,64775,0,29.424427589401603,19,0.0008451698803831987,1,0.005017367811655731,,0,0.0,246,201,150,1.0,0.00013377958568852892,0.0004051917081538958,0.14350853966164534,0.0006494278830382338,0.3744512094763123,0.0,,0.0,,,
5450893,K02970.01,CONFIRMED,40.9,3.588,4.82051088,282.0,3.418172306624001e-05,0.6426268656716445,-3.7647809140173294e-06,2.4331776763054593,3.045677685831194e-06,0.0,18,18,1800,pdcsap_flux,65238,0,29.424449214711785,21,0.03101331035684749,1,0.18605720592292835,,0,0.0,8151,201,201,41.0,3.890400340372224e-06,0.0,,0.0,,0.0,,0.0,,,
5471108,K05173.01,FALSE POSITIVE,47.5,17.447,12.427076,112.0,5.285618199324382e-05,13.540955223880571,-2.747722614993009e-06,4.258761996273642,1.0574469471391623e-05,0.0,17,17,1800,pdcsap_flux,64787,0,29.424447873607278,107,0.05849793896274017,1,0.3512278697886922,,0,0.0,15031,201,201,75.0,8.280586764083409e-06,0.0,,0.0,,0.0,,0.0,,,
5471415,K06586.01,FALSE POSITIVE,936.0,29.122,12.4257442,112.0,0.0019192735820052764,19.7044378109453,-1.1250080109159732e-05,6.092670186320844,0.00021629176899984337,0.001377029646190131,18,18,1800,pdcsap_flux,65266,0,29.42446363158524,179,0.09765344007859639,1,0.5883767964943463,,0,0.0,25286,201,201,126.0,0.00016839909769398047,0.001377029646190131,0.3910988436063355,0.001377029646190131,0.3910988436063355,0.001377029646190131,0.3910988436063355,0.0,,,
5471675,K04000.01,FALSE POSITIVE,63.0,4.411,0.962828092,1399.0,5.1170753787577183e-05,1.843402985074631,-3.053132673791481e-06,3.9063850290391686,9.066530321399924e-06,0.0,18,18,1800,pdcsap_flux,65239,0,29.42446413449943,27,0.19088731227699438,2,0.572571621269486,primary_only,1,0.12713254341728109,49813,201,201,248.0,1.297561269093952e-05,0.0,,0.0,,0.0,,0.12713254341728109,,,
5471675,K04000.02,FALSE POSITIVE,32.5,12.81,12.427135,109.0,6.369176712583968e-05,3.314029850746251,-6.184779392404138e-06,1.8107105956435576,2.3189286116442887e-05,0.0,18,18,1800,pdcsap_flux,65239,0,29.42446413449943,79,0.042950366275090766,2,0.6833795735679579,,1,0.572571621269486,11077,201,201,56.0,1.92673803653142e-05,0.0,,0.0,,0.0,,0.572571621269486,,,
5473535,K03894.01,FALSE POSITIVE,316.4,2.3135,1.673662758,802.0,0.00026830837989910705,1.1049552238805873,3.324017482342345e-05,6.915469334190342,6.1205951678022785e-06,9.489042972998796e-05,17,17,1800,pdcsap_flux,64751,0,29.424450712976977,15,0.05759573299493429,1,0.3460023783416472,,0,0.0,14967,201,201,75.0,1.1076230259034325e-05,9.489042972998796e-05,-0.4959967335148957,9.489042972998796e-05,-0.4959967335148957,9.489042972998796e-05,-0.4959967335148957,0.0,,,
5473556,K02939.01,FALSE POSITIVE,196280.0,8.9592,11.258825027,120.0,0.17050022422809719,4.992191044776098,-0.0064854135204057695,3200.517296717374,0.00017873115479738466,0.08749195250915387,32,18,60|1800,pdcsap_flux,65260,0,29.42446362110786,55,0.03315621293561115,1,0.20021452650934723,,0,0.0,8728,201,201,43.0,2.9870059940679726e-05,0.00030547965531391164,0.42423191799816096,0.08749195250915387,-0.44611867156163265,0.08749195250915387,-0.44611867156163265,0.0,,,
5474733,K01610.01,FALSE POSITIVE,120.1,1.6339,0.883778461,1514.0,0.00012078318375641217,0.9104318407960151,-1.0952089149252053e-05,4.888420131526972,3.098614454266624e-05,0.0,17,17,1800,pdcsap_flux,64736,0,29.424449214711785,9,0.0770319369286673,1,0.46144340088976765,,0,0.0,19927,201,201,103.0,5.94900811584097e-06,0.0,,0.0,,0.0,,0.0,,,
5475494,K03969.01,FALSE POSITIVE,247.3,1.1148,0.73619448,1818.0,0.00020480208975504066,0.5989970149253678,1.032882461338147e-06,4.086257520903223,1.6028550084756787e-05,6.439068226860023e-05,17,17,1800,pdcsap_flux,64752,0,29.42444938234985,7,0.06309474094399621,1,0.37856745737583397,,0,0.0,16368,201,201,81.0,1.3270887381327256e-05,6.439068226860023e-05,0.4913832472281501,6.439068226860023e-05,0.4913832472281501,6.439068226860023e-05,0.4913832472281501,0.0,,,
5475736,K03798.01,FALSE POSITIVE,1356.9,7.4319,2.991885335,445.0,0.0015163976537465595,4.584853731343275,-0.00015830796262639169,15.02581311596791,2.744217278949357e-05,0.0007012798253159813,17,17,1800,pdcsap_flux,64787,0,29.424449214711785,45,0.10350079141652667,1,0.6198157037677312,,0,0.0,26671,201,201,133.0,0.00014318720402787326,0.0007012798253159813,0.49319917308076733,0.0007012798253159813,0.49319917308076733,0.0007012798253159813,0.49319917308076733,0.0,,,
5476671,K04598.01,FALSE POSITIVE,208.1,2.839,0.824180121,1619.0,0.0001569522759351516,1.2994427860696447,-1.2523138445463822e-05,3.5166871174012395,2.744589707881495e-05,0.0,17,17,1800,pdcsap_flux,64744,0,29.424450723454356,17,0.14352647394982082,2,0.43134498949709627,primary_only,1,0.37668355368837264,37246,201,201,188.0,1.8242295986918578e-05,0.0,,0.0,,0.0,,0.37668355368837264,,,
5476671,K04598.02,FALSE POSITIVE,224.7,2.4864,0.824181335,1618.0,0.0001888601290658265,1.08857313432836,-2.834173699783893e-05,4.26090309820729,1.746078829201192e-05,0.0,17,17,1800,pdcsap_flux,64744,0,29.424450723454356,15,0.12570049284117799,2,0.37668355368837264,primary_only,1,0.43134498949709627,32504,201,201,162.0,1.8398131177046716e-05,0.0,,0.0,,0.0,,0.43134498949709627,,,
5478055,K00411.01,FALSE POSITIVE,928.5,5.179,15.85238672,85.0,0.0008054031884313639,2.7827462686567106,-3.6071929032654992e-06,5.432383598058267,3.036076789975084e-08,0.0004152675545555651,17,17,1800,pdcsap_flux,64693,0,29.42444552667439,31,0.013612566390044937,1,0.08260553692053237,,0,0.0,3611,201,201,18.0,6.910849016047581e-05,0.0004152675545555651,-0.3825828236766991,0.0004152675545555651,-0.3825828236766991,0.0004152675545555651,-0.3825828236766991,0.0,,,
5481148,K02701.01,FALSE POSITIVE,1670.0,1.932,22.023514,62.0,0.001577069158502975,0.7689552238805943,-9.100607939249716e-05,7.8421732628982,0.00018149545602264006,0.0,17,17,1800,pdcsap_flux,64795,0,29.424447119235992,11,0.003655184181779529,1,0.021822671502430745,,0,0.0,954,201,201,4.0,4.614564054300385e-05,0.0,,0.0,,0.0,,0.0,,,
5481426,K03772.01,FALSE POSITIVE,312732.0,3.2849,2.38404983,264.0,0.24623133525835816,1.830392039800987,-0.020378393657192184,53.529750342505444,0.1783007046950862,0.0,8,8,1800,pdcsap_flux,30157,0,29.42428333160933,21,0.057411062307088326,1,0.34642039990715257,,0,0.0,6931,201,201,31.0,0.0010962519774527805,0.0,,0.0,,0.0,,0.0,,,
5513857,K04119.01,FALSE POSITIVE,119.8,3.044,0.755101928,1376.0,0.00011205363122857026,1.2721194029850684,-1.8499091034795967e-05,3.0190775572056623,8.396165680046863e-06,0.0,13,13,1800,pdcsap_flux,50138,0,29.423944959416986,19,0.16796849356386934,1,0.5044676692329172,primary_only,0,0.0,33690,201,201,169.0,1.2074874179967575e-05,0.0,,0.0,,0.0,,0.0,,,
5529501,K06592.01,FALSE POSITIVE,13.7,2.95,1.51945182,885.0,1.1594580545670752e-05,0.46965174129353204,-6.904125713358411e-07,1.6483794166458619,3.1454972930777814e-06,0.0,18,18,1800,pdcsap_flux,65238,0,29.42444015177898,19,0.08089540257134752,1,0.4845795395321745,,0,0.0,21108,201,201,105.0,2.4934582851005137e-06,8.091544143384866e-06,-0.49888568652138215,8.091544143384866e-06,-0.49888568652138215,0.0,,0.0,,,
5529552,K07732.01,FALSE POSITIVE,57.4,2.824,0.759768478,1762.0,5.5925935463885246e-05,0.3933930348258725,1.4917158204230674e-06,1.93695038066304,1.3786805844295813e-05,0.0,17,17,1800,pdcsap_flux,64726,0,29.42442742176354,17,0.15487174063394962,1,0.4636931063251244,primary_only,0,0.0,40045,201,201,199.0,8.085613304931183e-06,0.0,,0.0,,0.0,,0.0,,,
5531576,K00837.01,CONFIRMED,875.4,2.6312,7.953547,166.0,0.0007725595994829693,0.890157213930344,-0.00011141854182616928,3.674530700427151,4.342282665725783e-05,0.0,17,17,1800,pdcsap_flux,64782,0,29.424426751211286,17,0.013784206384061519,2,0.14808125713932882,,1,0.07066777808650551,3496,201,201,17.0,5.167178782548003e-05,0.00015694973639979182,-0.07441081732658193,0.00015930235573546891,-0.053734507750489824,0.0,,0.07066777808650551,,,
5531576,K00837.02,CONFIRMED,391.8,2.3421,4.14451656,316.0,0.0003060768167238992,1.5847044776119346,-1.4812486666460067e-05,2.4741504327862645,4.747748688704867e-05,0.0,17,17,1800,pdcsap_flux,64782,0,29.424426751211286,15,0.023546172053417976,2,0.1773949553888426,,1,0.04065944243771418,6086,201,201,30.0,2.9185391257046977e-05,0.0,,0.0,,0.0,,0.04065944243771418,,,
5546691,K02587.01,CONFIRMED,168.7,9.568,12.9462567,80.0,0.0001496852870699339,1.71367164179103,7.083425943910093e-06,2.023486453075954,3.109231106945831e-05,0.0,14,14,1800,pdcsap_flux,51759,0,29.424371933564544,59,0.030793972026421097,1,0.18439305241600495,,0,0.0,6280,201,201,31.0,1.8668476171876023e-05,0.0,,0.0,,0.0,,0.0,,,
5553624,K06599.01,FALSE POSITIVE,447716.0,14.8694,25.762056721,0.0,,,,,,,,,,,,,,,,,,,,,,,,,,,,,,,,,,koi_num_transits is 0,precheck
5598639,K06602.01,FALSE POSITIVE,108824.0,4.34648,0.648775795,1595.0,0.09209337830543518,2.3354220895522366,0.0002300739288330078,39.26069073952241,0.0006363093852996826,,15,14,60|1800,pdcsap_flux,50642,0,29.423960046842694,,0.2791462547293912,1,1.0,none,0,0.0,50642,181,181,275.0,,,,,,,,0.0,blanking covers 1.12 of the orbit,,
5603270,K05182.01,FALSE POSITIVE,78.4,1.674,103.284757,,0.00011816792549601551,0.09994029850746333,-1.868983676034386e-05,1.2277674876811662,1.4794429088471617e-05,0.0,14,14,1800,pdcsap_flux,50618,0,29.423965400783345,11,0.0006753174623821789,1,0.004504326524161366,,0,0.0,160,200,122,1.0,3.3047590641360654e-05,0.00011106625502255163,0.10635296385773335,0.00023973743613114884,-0.4276543195209677,0.0,,0.0,,,
5607631,K02254.01,FALSE POSITIVE,401.5,4.263,20.5696575,66.0,0.00033695692059321214,1.2725373134328333,2.723538215876342e-05,5.084321630444598,4.203197835495054e-05,6.410804106027346e-05,17,17,1800,pdcsap_flux,64726,0,29.424419364659116,27,0.008635292055786538,1,0.05323981089515805,,0,0.0,2318,201,201,11.0,1.9648144706380365e-05,6.410804106027346e-05,0.49094479691014054,9.130642888910412e-05,-0.49934049952709997,6.410804106027346e-05,0.49094479691014054,0.0,,,
5616628,K05184.01,FALSE POSITIVE,754.0,4.154,419.75224,,0.0005412817912857637,0.165333333333332,-6.615341726068369e-05,1.0070535086900125,0.0007510498834034651,0.0,16,16,1800,pdcsap_flux,63090,0,29.42437812569551,25,0.00041234641971972166,1,0.0020129973054366776,,0,0.0,100,199,100,1.0,0.00016843670482119227,0.0005194718308739743,0.056830560953147966,0.0008398135992303546,-0.4456135514753165,0.0,,0.0,,,
5623839,K05186.01,FALSE POSITIVE,158.6,1.936,80.292171,,3.7049603301086975e-05,0.07705472636815935,-7.330448139852841e-05,0.28225726449818106,7.236024857026901e-05,0.0,9,9,1800,pdcsap_flux,35548,0,29.423519818810746,11,0.0010046641616735792,1,0.006554517835039946,,0,0.0,142,201,129,1.0,4.1874043483934965e-05,0.00016344628253806004,0.15669270484911352,0.00017297471605126624,-0.2665220732558812,0.0,,0.0,,,
5636648,K01565.01,FALSE POSITIVE,796.1,1.3956,0.466743525,1428.0,0.0006704901090517357,0.8331940298507409,-5.80284818848531e-05,15.187628575706945,0.00010928849040281463,0.0,26,17,60|1800,pdcsap_flux,64740,0,29.42444602958858,9,0.1245866238851412,1,0.7469107198022861,,0,0.0,32239,201,201,161.0,1.1182072423385135e-05,0.0,,0.0,,0.0,,0.0,,,
5638699,K08256.01,FALSE POSITIVE,179.6,18.94,343.56446,5.0,0.00014352337961864858,1.5076616915422951,-6.422299054753555e-05,1.1118736716932611,0.0002225531376066625,0.00013955392598030691,17,17,1800,pdcsap_flux,64735,0,29.424448203644715,115,0.0022969973863614028,1,0.01450529080095775,,0,0.0,762,201,201,4.0,4.073912868809575e-05,0.00013955392598030691,0.2987915708164331,0.00014255354774728168,0.07799269705245858,0.00013955392598030691,0.2987915708164331,0.0,,,
5640511,K03139.01,FALSE POSITIVE,,4.0,0.63624396,,3.2842159271240234e-05,3.343283582089537,2.4437904357910156e-06,1.3893248914826317,3.9637088775634766e-06,,19,18,60|1800,pdcsap_flux,64633,0,29.4244830776006,,0.2619540257272802,1,1.0,none,0,0.0,64633,192,192,338.0,,,,,,,,0.0,blanking covers 1.05 of the orbit,,
5647008,K08103.01,FALSE POSITIVE,4928.8,6.613,0.799868354,1670.0,0.0037910938262939453,5.527283582089531,0.000460207462310791,3.9007374309646625,1.2695789337158203e-05,,17,17,1800,pdcsap_flux,64794,0,29.42444887943566,,0.3444837707214338,1,1.0,none,0,0.0,64794,146,146,443.0,,,,,,,,0.0,blanking covers 1.38 of the orbit,,
5649206,K03636.01,FALSE POSITIVE,415859.0,5.0201,2.446736567,256.0,0.3499016451592879,2.597464676616937,-0.010720655766029874,304.59699141631273,0.003255013726313094,0.0,8,8,1800,pdcsap_flux,30162,0,29.424282917752862,31,0.08548972380373687,1,0.5124991711424972,,0,0.0,10349,201,201,51.0,0.00030192628201646703,0.0,,0.0,,0.0,,0.0,,,
5649325,K02676.01,FALSE POSITIVE,1651.9,23.777,195.613824,7.0,0.001560958945819424,18.45379104477606,7.716764558096667e-05,21.675114094272736,0.0005024277516157971,0.0,17,17,1800,pdcsap_flux,64745,0,29.42445038293954,145,0.005064613088558268,1,0.030998532705228204,,0,0.0,1345,201,201,7.0,2.0637217109425275e-05,7.179244281974029e-05,-0.44616377841622074,7.179244281974029e-05,-0.44616377841622074,0.0,,0.0,,,
5649833,K02799.01,FALSE POSITIVE,106.0,1.918,0.597933473,2236.0,0.00010890198752422364,1.2214129353233798,-1.0229468885958326e-05,8.164264678651884,1.3164790947373106e-05,0.0,17,17,1800,pdcsap_flux,64770,0,29.424448701320216,11,0.1336547797963247,1,0.4014204106839586,primary_only,0,0.0,34649,201,201,174.0,4.139106976608375e-06,0.0,,0.0,,0.0,,0.0,,,
5651829,K04778.01,FALSE POSITIVE,43.6,1.78,0.772152075,1731.0,3.578600727971448e-05,0.5667661691542281,-3.7323702085645394e-06,1.903535174219782,6.778390730044492e-06,1.3869831497870244e-05,18,18,1800,pdcsap_flux,65189,0,29.424466895288788,11,0.09605189064170638,1,0.5765389866388501,,0,0.0,25054,201,201,125.0,2.1149288756573845e-06,1.3869831497870244e-05,0.4937114787965404,1.3869831497870244e-05,0.4937114787965404,1.3869831497870244e-05,0.4937114787965404,0.0,,,
5652260,K03703.01,FALSE POSITIVE,74112.0,4.0221,4.464565251,140.0,0.05900314179284183,2.56133731343283,-0.001978069710762753,91.49952357574197,0.029004467468347284,0.0,8,8,1800,pdcsap_flux,30160,0,29.42428375594318,25,0.03753724955917326,1,0.22403846153846155,,0,0.0,4535,201,201,25.0,0.00014840776867101158,0.0,,0.0,,0.0,,0.0,,,
5652983,K00371.01,FALSE POSITIVE,1590.0,6.135,498.391282,3.0,0.0014379249899130198,0.12208955223880569,2.885146781150816e-06,15.31552542591184,2.044250078270249e-05,0.0,50,18,60|1800,pdcsap_flux,65232,0,29.42446697386913,37,0.0005129002236439602,2,0.09289919058130978,,1,0.08951128280598479,150,199,100,1.0,4.7819615533257215e-05,0.00015441144430938802,0.014268739385084045,0.0002860382800033978,0.26520517380287356,0.0,,0.08951128280598479,,,
5652983,K00371.02,FALSE POSITIVE,61.8,6.376,9.0584662,151.0,4.013620157838904e-05,0.8881990049751183,-3.957297444179275e-07,1.512985073117249,1.9388445364088014e-05,0.0,50,18,60|1800,pdcsap_flux,65232,0,29.42446697386913,39,0.029327996682999895,2,0.17945180279617365,,1,0.0017169487368162864,7796,201,201,39.0,6.731516503495238e-06,0.0,,0.0,,0.0,,0.0017169487368162864,,,
5688790,K03144.01,CONFIRMED,1056.0,2.455,8.07394097,51.0,0.0010048247787525222,0.39084577114427765,-4.818347321688954e-05,2.6939374081971503,8.65145744047835e-05,0.0,5,5,1800,pdcsap_flux,19988,0,29.424189208075404,15,0.012669360235199573,1,0.07724634780868521,,0,0.0,1026,201,200,5.0,8.702377694785841e-05,0.0003202576094323284,0.12555148599046645,0.0003202576094323284,0.12555148599046645,0.0,,0.0,,,
5696518,K07561.01,FALSE POSITIVE,,3.01,0.96391996,1387.0,9.553678338125593e-05,1.018308457711449,-1.2301429869521208e-05,1.587938681732671,3.5652034678923528e-06,0.0,17,17,1800,pdcsap_flux,64793,0,29.42442205210682,19,0.13011107962394164,1,0.3905977497569182,primary_only,0,0.0,33730,201,201,168.0,9.104681872924746e-06,0.0,,0.0,,0.0,,0.0,,,
5700900,K04100.01,FALSE POSITIVE,1609.1,33.87,379.08202,4.0,0.001151436463958433,12.132537313432783,-0.0002517082872067755,2.874570936748831,0.00026770012755861217,0.000349444510650887,16,16,1800,pdcsap_flux,63130,0,29.424375778762624,207,0.0037228091166128107,1,0.021732932044986535,,0,0.0,1097,201,201,5.0,9.157363769555755e-05,0.000349444510650887,-0.3976200540960078,0.0005682106593593028,-0.4362441986808656,0.000349444510650887,-0.3976200540960078,0.0,,,
5716508,K07737.01,FALSE POSITIVE,933.0,2.35,4.75307877,45.0,0.00021632436600904636,0.2805970149253749,0.00010682617407387074,0.40394466576934795,8.461591004205182e-05,0.00069715210788035,4,4,1800,pdcsap_flux,12388,0,29.42460679449141,15,0.020600682505976367,1,0.12423312883435583,,0,0.0,1023,201,201,5.0,0.00020397575657457711,0.00069715210788035,0.49665593968543903,0.00069715210788035,0.49665593968543903,0.00069715210788035,0.49665593968543903,0.0,,,
5730394,K03603.01,FALSE POSITIVE,217073.0,7.1351,5.519188936,289.0,0.202989895815042,3.975777114427851,-0.004065638225171808,965.1123023422178,1.805916619468384e-05,0.03450881899264957,10,10,1800,pdcsap_flux,37878,0,29.424526495859027,43,0.05386585543288119,1,0.3257827762817467,,0,0.0,8173,201,201,41.0,4.641704496032392e-05,0.03450881899264957,-0.48279982674525607,0.03450881899264957,-0.48279982674525607,0.03450881899264957,-0.48279982674525607,0.0,,,
5774349,K00557.01,CONFIRMED,955.9,3.9305,15.65563866,69.0,0.0009034568395082099,3.598069651741302,-2.908192924278019e-05,8.722198685844608,0.00012861150093101958,0.0,13,13,1800,pdcsap_flux,50161,0,29.423953084624372,25,0.010460820978946466,1,0.06106337592950699,,0,0.0,2138,201,201,11.0,3.118206822921199e-05,0.0,,0.0,,0.0,,0.0,,,
5775090,K08105.01,FALSE POSITIVE,866.0,10.85,432.96732,3.0,0.0005622515463258315,0.431840796019898,0.0003074697459100051,1.4162581765041997,0.00010608310780024777,0.0,13,13,1800,pdcsap_flux,50135,0,29.42395249789115,67,0.0010441511690381928,1,0.005963897476812606,,0,0.0,306,198,118,1.5,0.00016004199464913902,0.0004906122889536402,0.3730803886895228,0.001345376481779459,-0.3137100427452915,0.0,,0.0,,,
5784777,K03916.01,CONFIRMED,755.5,1.6415,5.33905606,251.0,0.0007072835358664653,0.8819999999999988,-7.115182256711705e-07,6.538986401523845,4.6854454828548775e-05,0.0,17,17,1800,pdcsap_flux,64797,0,29.424424236640334,11,0.012810472968387101,1,0.07764248344830779,,0,0.0,3341,201,201,16.0,2.9781216231324436e-05,0.00016087419588595164,0.3503021897092336,0.00016087419588595164,0.3503021897092336,0.0,,0.0,,,
5786676,K00650.01,CONFIRMED,903.4,2.1433,11.95474513,114.0,0.0008540022861655006,1.6208039800995127,2.0609994801579212e-05,11.502569033422182,1.0716760005968773e-05,0.0,19,18,60|1800,pdcsap_flux,64873,0,29.42445340566337,13,0.007470185745956316,1,0.04538097513603502,,0,0.0,2009,201,201,10.0,2.1759894846026806e-05,0.0,,0.0,,0.0,,0.0,,,
5796185,K03369.01,FALSE POSITIVE,207990.0,3.36626,42.559265547,27.0,,,,,,0.0010273546161221336,14,14,1800,pdcsap_flux,54812,0,29.424529178068042,21,0.0032956591597765555,1,0.01738670364153835,,0,0.0,587,201,166,3.0,8.933198611446548e-05,0.0010273546161221336,0.3399962466429371,0.0010273546161221336,0.3399962466429371,0.0010273546161221336,0.3399962466429371,0.0,,,
5796675,K00652.01,CONFIRMED,3076.0,2.8701,16.080657264,77.0,0.003021782819480623,2.456005970149273,-0.00012086284428747263,37.51127239740796,5.769101838337676e-05,0.0,21,17,60|1800,pdcsap_flux,64792,0,29.4244363065809,17,0.007436729608541703,1,0.04323064575873565,,0,0.0,1775,201,201,6.0,1.9831431708084134e-05,6.219461443368601e-05,0.4044953388649266,6.849663408892148e-05,0.4156504332777396,0.0,,0.0,,,
5801571,K00225.01,FALSE POSITIVE,2482.1,1.68668,0.838597429,1170.0,0.002205555646758617,1.0069731343283554,-7.025860585851973e-05,58.28547506256252,0.0004254215883551238,0.0,19,13,60|1800,pdcsap_flux,47698,0,29.42438148893416,11,0.08380461339732218,1,0.5029351335485764,,0,0.0,15960,201,201,79.0,1.1049400384153173e-05,0.0,,0.0,,0.0,,0.0,,,
5812960,K00507.01,CONFIRMED,1655.5,3.4744,18.49234792,76.0,0.001577076195808047,0.2074268656716418,1.2885344049418102e-05,13.711013198298218,3.700145818952283e-05,0.0,17,17,1800,pdcsap_flux,64796,0,29.424447203055024,21,0.007828463280755031,1,0.047842459411074754,,0,0.0,2058,199,114,5.0,3.5384677322713573e-05,0.00010962559226823654,-0.11345211887082586,0.00010962559226823654,-0.11345211887082586,0.0,,0.0,,,
5817685,K04652.01,FALSE POSITIVE,41.2,8.006,4.2059745,324.0,2.8624423295542378e-05,1.9118805970149353,7.15285847885383e-07,0.8435758636975932,1.822982721022548e-05,0.0,17,17,1800,pdcsap_flux,64665,0,29.424452567473054,49,0.07931178216447421,1,0.47648650738421094,,0,0.0,20680,201,201,103.0,1.2093434207179099e-05,0.0,,0.0,,0.0,,0.0,,,
5823557,K07743.01,FALSE POSITIVE,42.7,4.575,2.4044122,562.0,4.37376714342852e-05,0.8194029850746318,2.0721916784371963e-05,2.045754756463873,6.930416920458704e-06,0.0,17,17,1800,pdcsap_flux,64763,0,29.424447119235992,27,0.07928133121267644,1,0.4752250513410435,,0,0.0,20700,201,201,103.0,4.999906555891797e-06,0.0,,0.0,,0.0,,0.0,,,
5856571,K01839.01,CONFIRMED,544.6,3.452,9.59068586,113.0,0.00048084919148860816,2.6791641791044887,3.339816414094088e-06,7.696967175388184,5.900054825136447e-05,0.0,14,14,1800,pdcsap_flux,50642,0,29.423965914174914,21,0.014997189505833041,1,0.0968168713715888,,1,0.005430275265589826,3179,201,201,16.0,2.599361526759356e-05,0.0,,0.0,,0.0,,0.005430275265589826,,,
5866099,K01055.01,FALSE POSITIVE,1269.9,4.737,36.97708808,38.0,0.0008846579785833919,3.1108656716417857,4.870977653992359e-05,14.35576614768918,8.712828808643547e-05,0.00010424528736852068,17,17,1800,pdcsap_flux,64790,0,29.424419878050685,29,0.005337764822718836,1,0.03295261614446674,,0,0.0,1438,201,201,7.0,2.931614361272875e-05,9.547512601115749e-05,0.3987804380109841,0.00013108391728056112,0.40678708524506246,0.00010424528736852068,0.3914410113797456,0.0,,,
5868793,K04290.01,CONFIRMED,1544.0,1.096,4.83809469,70.0,0.0012685363286240037,0.2835422885572141,-0.00023230402257423677,2.2083753347911945,0.0001401003554478697,0.0,4,4,1800,pdcsap_flux,16149,0,29.424476623535156,7,0.009438977447269984,1,0.05665985509938696,,0,0.0,611,201,201,3.0,0.00015558754295044198,0.00048242971012835145,0.334275780708407,0.0004928676614941452,-0.07631973824783865,0.0,,0.0,,,
5871918,K06632.01,FALSE POSITIVE,236718.0,5.48853,12.643303542,108.0,0.2052202476704309,3.0582853731343316,-0.006019829693609924,1420.3765505740778,0.006409118938036196,0.024343841268538946,17,17,1800,pdcsap_flux,64797,0,29.42442507483065,33,0.018087737057036955,1,0.10894022871429233,,0,0.0,4713,201,201,24.0,4.232222262101287e-05,0.024343841268538946,0.39760438763641426,0.024343841268538946,0.39760438763641426,0.024343841268538946,0.39760438763641426,0.0,,,
5871985,K02703.01,CONFIRMED,1992.3,7.768,213.258526,7.0,0.0018232393107762146,5.874308457711428,-7.290505552970394e-05,6.302300912305156,0.0001844153360406331,0.0004686792658762373,17,17,1800,pdcsap_flux,64793,0,29.424425153410994,47,0.0015177197026423539,1,0.009815875171700647,,0,0.0,410,201,201,2.0,9.37025264199594e-05,0.0004101587802436413,0.4914574894621942,0.0005399040378385456,0.44080359438650546,0.0004686792658762373,-0.2926344519154148,0.0,,,
5872139,K08110.01,FALSE POSITIVE,1230.0,20.52,375.17737,3.0,0.0014047005730599693,10.617313432835745,0.0003521048380420444,2.604269617771746,0.00023672711345390507,0.00046032631455150685,14,14,1800,pdcsap_flux,54943,0,29.42453101684805,125,0.002278922100232218,1,0.01577999017163242,,0,0.0,491,201,201,2.0,0.0001311562749713057,0.00043787559285779487,0.08541618936396171,0.0005746644000883538,0.0888345725143101,0.00046032631455150685,0.005938781118361403,0.0,,,
5879448,K07745.01,FALSE POSITIVE,210.6,23.71,533.47707,3.0,0.00018401632872222518,7.549452736318359,-1.0702057124944986e-05,2.0108433731548647,1.1074348777007081e-05,0.0006267234529935273,18,18,1800,pdcsap_flux,65205,0,29.42445139400661,145,0.001851844666288406,1,0.013219845103903075,,0,0.0,574,201,201,3.0,2.6185094805704432e-05,0.0006267234529935273,-0.08077852809107972,0.0006267234529935273,-0.08077852809107972,0.0006267234529935273,-0.08077852809107972,0.0,,,
5881813,K02744.01,CONFIRMED,899.7,6.568,109.6469948,13.0,0.0008298270296445143,0.2614129353233796,0.00010026377976601886,4.209410764469362,0.00012453439533988142,0.0,17,17,1800,pdcsap_flux,64755,0,29.424437977722846,41,0.0024958884387651877,1,0.03925565593390472,,1,0.02350397652690912,668,201,136,2.0,5.5646846983697746e-05,0.0001816414099230501,0.0994076246625557,0.0001816414099230501,0.0994076246625557,0.0,,0.02350397652690912,,,
5887393,K07748.01,FALSE POSITIVE,11.3,3.028,1.55090374,691.0,1.389144192431857e-05,0.7833631840795987,-1.2264132419614882e-06,1.8126184508527488,6.315070469886663e-07,0.0,14,14,1800,pdcsap_flux,51813,0,29.42437318561133,19,0.08135041744542229,1,0.48833304383069887,,0,0.0,16882,201,201,84.0,2.4369098616992545e-06,0.0,,0.0,,0.0,,0.0,,,
5903312,K00008.01,FALSE POSITIVE,170.2,1.3433,1.16015259,1151.0,0.00010680416353558986,0.8554348258706453,-1.6795689419257798e-06,4.7461128439929405,8.377034077855505e-06,0.0,21,18,60|1800,pdcsap_flux,65267,0,29.42446312867105,9,0.048244372176364604,1,0.28961036971210563,,0,0.0,12574,201,201,62.0,6.243639380622179e-06,0.0,,0.0,,0.0,,0.0,,,
5952403,K06139.01,FALSE POSITIVE,3670.4,2.2432,0.905677864,690.0,0.0032472804673432387,1.3838646766169256,0.00012482159481941313,33.49994255668486,1.3817982612240876e-05,0.001420509110481305,14,8,60|1800,pdcsap_flux,30497,0,29.424519449821673,13,0.10320078515981776,1,0.6185854346329147,,0,0.0,12594,201,201,63.0,5.7323254870351386e-05,0.001420509110481305,-0.49679876429272335,0.001420509110481305,-0.49679876429272335,0.001420509110481305,-0.49679876429272335,0.0,,,
5956633,K04107.01,FALSE POSITIVE,733.7,15.76,366.24282,,0.0006692223194841862,2.1954228855721434,9.955133877337374e-05,2.0409963971729,0.00034054137111783067,0.0004236730573164982,17,17,1800,pdcsap_flux,64742,0,29.424426751211286,97,0.0017929816799320917,1,0.011615334713169195,,0,0.0,482,201,201,2.0,9.14174032326505e-05,0.0003586412646304771,-0.42088399718454356,0.000493936500320924,-0.49887870026158987,0.0004236730573164982,-0.4175221565346709,0.0,,,
5966322,K00303.01,CONFIRMED,755.6,6.3336,60.92818866,21.0,0.0007217446834613117,5.671880597014889,2.507612464097697e-05,23.304140054386963,8.950943198193784e-06,8.743322284165966e-05,27,18,60|1800,pdcsap_flux,65109,0,29.424458010471426,39,0.0043313285000585134,1,0.0248199173693345,,0,0.0,1084,201,201,5.0,2.067682029437252e-05,7.655644114556992e-05,-0.3922394716551056,8.829957145606304e-05,0.15567358360229194,8.743322284165966e-05,-0.3727484934048422,0.0,,,
5967194,K05217.01,FALSE POSITIVE,522.6,8.73,498.24938,,0.0005030954092896112,1.5635820895522308,-7.556268749586703e-05,1.8524635443435211,0.0001403106669412013,0.0,18,18,1800,pdcsap_flux,65243,0,29.42445331660565,53,0.0007300561016252545,1,0.004582867127507932,,0,0.0,211,199,158,1.0,0.00010175823940773873,0.0003202444973157137,0.14348768224625802,0.000549278729027658,-0.29308586652562235,0.0,,0.0,,,
5978559,K02321.01,CONFIRMED,487.4,7.489,95.6114617,14.0,0.00045791946146489515,1.1922786069651723,-3.4335511113203765e-05,3.1958093961402665,6.311474685771756e-05,0.0,17,17,1800,pdcsap_flux,64708,0,29.42444702493958,45,0.0032636428846340567,1,0.03644062557952649,,1,0.016164925511528712,896,201,201,5.0,3.80341163998845e-05,0.00013085459045936165,0.22983515076192373,0.00013085459045936165,0.22983515076192373,0.0,,0.016164925511528712,,,
5980061,K04817.01,FALSE POSITIVE,239.6,1.7407,0.630539713,2121.0,0.0002218977903898356,1.0392238805970195,9.017911910880194e-06,4.129940951868187,4.9390624210610135e-05,0.0,17,17,1800,pdcsap_flux,64612,0,29.424443169264123,11,0.11502711910338732,1,0.6904290224726057,,0,0.0,29706,201,201,148.0,8.806056091200213e-05,0.0,,0.0,,0.0,,0.0,,,
5980208,K02742.01,CONFIRMED,215.1,0.9268,0.789160884,1696.0,0.00020026768864411792,0.276656716417909,-1.016712041834733e-05,4.9133196795400815,3.694430518952352e-06,0.0,17,17,1800,pdcsap_flux,64789,0,29.424446108168922,5,0.04893383269445812,1,0.293738134559879,,0,0.0,12706,201,201,63.0,1.4523782394252204e-05,0.0,,0.0,,0.0,,0.0,,,
5982353,K01036.01,FALSE POSITIVE,12992.2,6.9547,19.563092517,70.0,0.012244142977508532,4.705667661691525,-0.00032168024360679226,666.2115775794306,6.743712634982302e-05,0.00025833236710182117,19,18,60|1800,pdcsap_flux,65266,0,29.42446161992848,43,0.01481254389687384,1,0.08765666656452058,,0,0.0,3953,201,201,20.0,6.757613311608068e-06,0.00025833236710182117,-0.46482002237364334,0.00025833236710182117,-0.46482002237364334,0.00025833236710182117,-0.46482002237364334,0.0,,,
5986270,K05220.01,FALSE POSITIVE,456.6,1.7237,1.534679933,878.0,0.0004456821191018978,1.440704477611943,-2.919030160408731e-05,15.880671397288724,1.8058350116478827e-05,2.89328625717733e-05,18,18,1800,pdcsap_flux,65169,0,29.42446019500494,11,0.046798574601114126,1,0.28048612070156054,,0,0.0,12244,201,201,61.0,5.159256876644313e-06,2.89328625717733e-05,-0.49688665082439465,2.89328625717733e-05,-0.49688665082439465,2.89328625717733e-05,-0.49688665082439465,0.0,,,
6023859,K03414.01,FALSE POSITIVE,67898.0,1.96698,27.009807384,25.0,0.05918712789001834,0.43058268656716514,0.004757330726639197,127.47154767792205,0.005256276245333313,0.0,8,8,1800,pdcsap_flux,31495,0,29.423554022214375,13,0.0030343607725447823,1,0.01755834259406255,,0,0.0,388,199,176,2.0,9.181287067815487e-05,0.00031885515168450507,0.22942235626936386,0.0003596448493521365,0.3090743265486633,0.0,,0.0,,,
6032318,K08260.01,FALSE POSITIVE,642.0,6.989,235.20613,4.0,0.0005589651563936426,0.278169154228856,-0.00010930200635017595,1.1677803071343826,8.655081642738871e-05,0.0,17,17,1800,pdcsap_flux,64747,0,29.42442214116454,43,0.001238098400468276,1,0.006594900149813891,,0,0.0,246,201,156,1.0,0.00012210923027192785,0.00038734003005214124,0.05297979852720643,0.0004515422856046225,-0.4982835142812716,0.0,,0.0,,,
6032920,K07757.01,FALSE POSITIVE,92.1,0.7275,10.828825742,121.0,5.9058149073920596e-05,0.057910447761194125,-2.0087376584543293e-05,0.8205764069855049,7.218454308333122e-05,0.0,20,17,60|1800,pdcsap_flux,64727,0,29.424421219155192,5,0.00279924164652792,1,0.016469170516167905,,0,0.0,706,201,199,3.0,2.017722131621591e-05,7.88458899547706e-05,-0.469548997954057,0.00010770995513587067,-0.4674495667191611,0.0,,0.0,,,
6034945,K01683.01,CONFIRMED,268.3,4.558,9.11500269,147.0,0.00024652864776608663,3.446845771144279,2.2802169352242885e-05,2.019267776739319,3.0022943624641307e-05,0.0,17,17,1800,pdcsap_flux,64797,0,29.42442247120198,27,0.02083561279417095,1,0.12463539978702717,,0,0.0,5325,201,201,27.0,2.759388177542775e-05,8.784504392567172e-05,-0.283781524366626,0.00010666794306180005,-0.21606578278557056,0.0,,0.0,,,
6042214,K00450.01,FALSE POSITIVE,900.8,2.666,27.04627886,51.0,0.000805577126853807,1.5916417910447667,4.5574777021717416e-05,9.383390450889806,7.803895463875943e-05,0.0,17,17,1800,pdcsap_flux,64740,0,29.424429768696427,17,0.004107157731691498,1,0.02471424158171146,,0,0.0,1097,201,201,4.0,2.3720409760194593e-05,7.184323379127999e-05,-0.41936446377177716,7.680229812889738e-05,-0.28382825862595745,0.0,,0.0,,,
6042663,K06651.01,FALSE POSITIVE,228680.0,8.31171,30.971766472,44.0,0.19989854317374867,4.631400597014919,-0.006211594134042486,1264.6149136304143,0.0007533409713049721,0.023064084418052522,17,17,1800,pdcsap_flux,64798,0,29.4244294334203,51,0.01118183718429788,1,0.06526436001111145,,0,0.0,2943,201,201,15.0,5.467141049965651e-05,0.023064084418052522,0.4518671079736449,0.023064084418052522,0.4518671079736449,0.023064084418052522,0.4518671079736449,0.0,,,
6044553,K02646.01,FALSE POSITIVE,495.8,4.023,0.532086296,2515.0,0.00031936168670654297,1.2008955223880597,-1.2278556823730469e-05,1.2036374652041957,3.874301910400391e-06,,17,17,1800,pdcsap_flux,64789,0,29.424433121457696,,0.31503348471880205,1,1.0,none,0,0.0,64789,160,160,405.0,,,,,,,,0.0,blanking covers 1.26 of the orbit,,
6045250,K03948.01,FALSE POSITIVE,12126.6,3.4411,0.909310626,1476.0,0.010833034875255887,1.917428855721393,-0.0005105148884857469,17.370538700250922,0.0003942612183698291,0.00854722692121157,17,17,1800,pdcsap_flux,64796,0,29.42443328909576,21,0.15767897412282816,1,0.47367121427248593,primary_only,0,0.0,40893,201,201,201.0,0.001001551869668065,0.00854722692121157,0.49693872801627464,0.00854722692121157,0.49693872801627464,0.00854722692121157,0.49693872801627464,0.0,,,
6046540,K00200.01,CONFIRMED,8510.5,2.9987,7.340714946,184.0,0.008286152121834034,2.387024875621897,-5.193649262302813e-05,146.72486828837134,6.29995769430014e-05,0.0,27,17,60|1800,pdcsap_flux,64794,0,29.424434619722888,19,0.01702093518852916,1,0.10093527178442449,,0,0.0,4413,201,201,22.0,1.3755625804828608e-05,0.00022627460014412737,-0.49789172333417187,0.00022627460014412737,-0.49789172333417187,0.0,,0.0,,,
6047498,K01013.01,FALSE POSITIVE,714.1,1.252,0.51872711,1287.0,0.000611168687093544,0.8222089552238878,-8.989867746067581e-05,16.30161962315736,0.0001299525876072849,0.0,26,17,60|1800,pdcsap_flux,64720,0,29.42443714477122,7,0.1005666865313183,1,0.6027348578491966,,0,0.0,26004,201,201,129.0,8.856601971686228e-06,0.0,,0.0,,0.0,,0.0,,,
6058614,K01799.01,FALSE POSITIVE,11974.0,1.8419,1.731079436,759.0,0.010601900463735214,1.0629870646766197,4.430836977697972e-05,38.13798389490176,0.00014305951344595336,0.0005346693600599695,16,16,1800,pdcsap_flux,63173,0,29.424390871427022,11,0.04433409105169067,1,0.26639545375397716,,0,0.0,11244,201,201,56.0,4.04113366892088e-05,0.0005346693600599695,0.4991662710399336,0.0005346693600599695,0.4991662710399336,0.0005346693600599695,0.4991662710399336,0.0,,,
6058875,K03616.01,FALSE POSITIVE,252639.0,2.57621,0.56493412,2012.0,0.2153435157159036,1.435500099502498,-0.006522612281278151,154.1597469723124,0.029006300726899137,0.0,14,14,1800,pdcsap_flux,54969,0,29.424519198364578,15,0.1900081434864181,1,0.5704487984136514,primary_only,0,0.0,41797,201,201,208.0,0.00030028515568370916,0.0,,0.0,,0.0,,0.0,,,
6058896,K05233.01,FALSE POSITIVE,2067.0,2.4385,0.56493398,1187.0,0.0020183015023299555,1.3587661691542188,-5.582643517421104e-05,72.94614391914813,0.0002017451337784637,0.0,17,17,1800,pdcsap_flux,64783,0,29.424444856122136,15,0.1798513990372232,1,0.5397558001327509,primary_only,0,0.0,46627,201,201,232.0,3.862163652172601e-06,0.0,,0.0,,0.0,,0.0,,,
6060203,K01059.01,CONFIRMED,129.2,1.3712,1.022678654,1306.0,0.00010918162018858091,0.30016318407960163,7.20063001002913e-06,3.2334289277916173,7.717669810558547e-06,0.0,26,17,60|1800,pdcsap_flux,64750,0,29.42444653250277,9,0.05586635949608208,1,0.3351814671814672,,0,0.0,14425,201,201,72.0,1.051070567555703e-05,0.0,,0.0,,0.0,,0.0,,,
6061119,K00846.01,CONFIRMED,25391.1,4.21587,27.807566216,50.0,0.024390224241733094,2.768631044776134,-0.0008542447680920384,157.479436843562,1.530017450912524e-05,0.0,17,17,1800,pdcsap_flux,64779,0,29.42444602958858,25,0.006317030718744724,1,0.03899411846431714,,0,0.0,1712,201,201,8.0,4.5330455818597136e-05,0.00018974348335343283,-0.33653503538573903,0.00018974348335343283,-0.33653503538573903,0.0,,0.0,,,
6063220,K00305.01,CONFIRMED,440.4,2.3499,4.603575293,291.0,0.00042162126637590447,2.0576238805970104,-2.516762868276512e-05,9.163431847157897,7.724544671683375e-06,0.0,52,17,60|1800,pdcsap_flux,64795,0,29.424446773482487,15,0.02126879517945141,1,0.1282660699128019,,0,0.0,5511,201,201,27.0,8.865050634622218e-06,3.7870217114877036e-05,-0.3697268233866794,3.7870217114877036e-05,-0.3697268233866794,0.0,,0.0,,,
6119605,K08118.01,FALSE POSITIVE,2060.7,12.009,260.02265,5.0,0.0006721524977729709,0.9559402985074572,0.00013969102980404546,1.1768264521662357,0.0006029249185509622,0.002629581639234546,17,17,1800,pdcsap_flux,64718,0,29.424424907192588,73,0.0019243515901403204,1,0.011496028925492134,,0,0.0,482,201,201,2.0,0.00014609754584424926,0.002629581639234546,0.14513961475527573,0.002629581639234546,0.14513961475527573,0.002629581639234546,0.14513961475527573,0.0,,,
6124512,K02627.01,CONFIRMED,108.5,5.2,8.38395796,162.0,9.638076436835341e-05,0.9313432835820965,1.8438074093851675e-05,2.009484605883707,2.5315705223682983e-05,0.0,17,17,1800,pdcsap_flux,64748,0,29.424432618543506,31,0.025843004902981012,1,0.15552603941434484,,0,0.0,6751,201,201,34.0,1.2415108370202076e-05,0.0,,0.0,,0.0,,0.0,,,
6126076,K04553.01,FALSE POSITIVE,40.5,2.2053,0.909314811,1474.0,3.99657059673153e-05,0.6582985074626884,-1.3833332551671518e-06,4.393191971306213,5.451604709882929e-07,3.618405836214311e-05,18,18,1800,pdcsap_flux,65209,0,29.424449047073722,13,0.10105136184788262,1,0.6058212823383275,,0,0.0,26404,201,201,145.0,4.994967462595212e-06,3.618405836214311e-05,-0.49472915731328965,3.618405836214311e-05,-0.49472915731328965,3.618405836214311e-05,-0.49472915731328965,0.0,,,
6129694,K04131.01,FALSE POSITIVE,26.4,5.658,0.936751792,1439.0,2.5331974029541016e-05,2.589731343283601,-1.7881393432617188e-07,3.453717744307867,2.205371856689453e-06,,18,18,1800,pdcsap_flux,65192,0,29.424454579129815,,0.2516675196282945,2,1.0,none,1,0.0005675543011412443,65192,200,200,327.0,,,,,,,,0.0005675543011412443,blanking covers 1.01 of the orbit,,
6129694,K04131.02,FALSE POSITIVE,216.1,1.19,241.0122,,3.2927426008022564e-06,0.023681592039801247,2.4458477623667818e-05,0.03952346180826778,9.935206155486931e-05,0.0006291985556571289,18,18,1800,pdcsap_flux,65192,0,29.424454579129815,7,0.00020572955781214948,2,0.0012271444348999877,secondary_only,1,0.7547398453798012,50,194,30,0.0,8.112702760902216e-05,0.0006291985556571289,-0.4656073135379181,0.0006976534007726576,-0.32028509713835535,0.0006291985556571289,-0.4656073135379181,0.7547398453798012,,,
6147122,K01062.01,FALSE POSITIVE,85.3,2.406,15.45158184,90.0,8.872568629259003e-05,1.2448955223880669,-9.408848502201472e-06,3.95005513211212,1.5222795734404215e-05,0.0,18,18,1800,pdcsap_flux,65211,0,29.424462961032987,15,0.0064880088678351145,1,0.03830642069589486,,0,0.0,1742,201,201,9.0,5.598639440146469e-06,1.7880834111472232e-05,0.2939735498655695,1.8883523201673746e-05,0.48050380481582505,0.0,,0.0,,,
6149553,K01686.01,FALSE POSITIVE,,4.23,56.86716792,,-2.9734459537911206e-06,0.5050746268656714,0.00017225987509417173,-0.007258623094526693,0.0005782023539798731,0.0,26,17,60|1800,pdcsap_flux,64747,0,29.424449036596343,25,0.0030993278977413867,1,0.019398582173691444,,0,0.0,815,201,195,4.0,9.836225109989418e-05,0.0,,0.0,,0.0,,0.0,,,
6149980,K05244.01,FALSE POSITIVE,517.9,8.025,603.3102,,0.00038430772439435046,0.6388059701492569,3.5272686161880173e-06,1.5855660041185557,0.00035197831246946976,0.0003516976495927526,17,17,1800,pdcsap_flux,64757,0,29.424448538920842,49,0.0005542339579208175,1,0.00373704773229149,,0,0.0,196,201,147,1.0,8.594384774902205e-05,0.0003516976495927526,0.37985141256960564,0.0003915290736571375,0.05181418872516231,0.0003516976495927526,0.37985141256960564,0.0,,,
6153201,K01038.01,FALSE POSITIVE,3040.0,2.8502,0.530300102,,0.0016627765033444541,1.5881711442786186,-0.00010571486332278113,13.626916182809696,1.5510272161511907e-05,,17,14,60|1800,pdcsap_flux,54942,0,29.424514761194587,17,0.22394552232866313,1,0.6722907793673328,primary_only,0,0.0,49229,201,201,245.0,,,,,,,,0.0,blanking covers 0.90 of the orbit,,
6182019,K06023.01,FALSE POSITIVE,90827.0,3.9058,3.664964374,251.0,0.08815317714210769,2.4872756218905474,-0.001974861575486986,519.5041444263327,0.00040943880399668675,0.004640949151360818,11,11,1800,pdcsap_flux,44441,0,29.423773544258438,23,0.044404706310704964,1,0.2667581737584663,,0,0.0,7938,201,201,39.0,3.4018928104358935e-05,0.004640949151360818,-0.49941119983790017,0.004640949151360818,-0.49941119983790017,0.004640949151360818,-0.49941119983790017,0.0,,,
6182508,K08261.01,FALSE POSITIVE,1064.0,1.919,85.9770426,10.0,0.0006927179283753304,0.15275621890547342,0.00038280649493538377,1.2059091159907749,0.0007702119074252112,0.0,10,10,1800,pdcsap_flux,40322,0,29.424022062448785,11,0.0009299963212892989,1,0.005753682853033084,,0,0.0,158,200,110,1.0,0.00024590433234795967,0.0009372881479234874,0.10090432879567507,0.0009372881479234874,0.10090432879567507,0.0,,0.0,,,
6185711,K00169.01,FALSE POSITIVE,639.7,2.6658,11.70219638,90.0,0.0005532571961103239,1.5915223880596947,7.950125601074998e-05,9.85664384099955,3.9596556522747406e-05,0.0,16,13,60|1800,pdcsap_flux,50144,0,29.42395837046206,17,0.009491807895980635,1,0.05829211869814933,,0,0.0,1934,201,201,10.0,1.3495845609478717e-05,4.193922697359742e-05,0.09681426473834201,4.4800033395353545e-05,0.2795315667359686,0.0,,0.0,,,
6187888,K07768.01,FALSE POSITIVE,73.4,1.734,0.789171236,1308.0,5.233413648209062e-05,0.17253731343283724,6.327189403521061e-07,0.8982339248863993,3.787736181148915e-06,0.0,13,13,1800,pdcsap_flux,50172,0,29.42395886289887,11,0.09155174023600626,1,0.5488519492944272,,0,0.0,18356,201,201,91.0,1.5490091540962635e-05,0.0,,0.0,,0.0,,0.0,,,
6197038,K06144.01,FALSE POSITIVE,332900.0,16.1937,9.751720174,141.0,0.29740366998441936,9.023355223880596,-0.007909205664571428,270.3574753089268,0.00030690549311862547,0.011465853727074204,18,18,1800,pdcsap_flux,65266,0,29.424436977133155,99,0.0691916388042986,1,0.41340054546011706,,0,0.0,18049,201,201,90.0,0.0011965435267190644,0.011465853727074204,-0.4814784674117775,0.011465853727074204,-0.4814784674117775,0.011465853727074204,-0.4814784674117775,0.0,,,
6205481,K03774.01,FALSE POSITIVE,1114.6,15.869,3.72277264,,0.0005959670784849713,8.21082587064674,7.455086082241991e-06,6.465920354489199,3.798782697184144e-05,0.0,14,14,1800,pdcsap_flux,54961,0,29.424527496448718,97,0.17761179563555976,1,0.5284838339913757,primary_only,0,0.0,38882,201,201,193.0,0.0006165244588543367,0.0018620265265939517,0.4990712484700421,0.0018620265265939517,0.4990712484700421,0.0,,0.0,,,
6206751,K06674.01,FALSE POSITIVE,234086.0,4.40308,1.245342215,1081.0,0.19816198938124008,2.4534575124378017,-0.007444889894224649,10.482877155223065,0.0009991354662813867,0.040129308220401394,23,18,60|1800,pdcsap_flux,65267,0,29.42444745451212,27,0.14731827481385643,1,0.44255136592765104,primary_only,0,0.0,38496,201,201,192.0,0.0071311012805678805,0.040129308220401394,-0.4975444831813829,0.040129308220401394,-0.4975444831813829,0.040129308220401394,-0.4975444831813829,0.0,,,
6265665,K03436.01,CONFIRMED,235.6,4.949,44.2018402,26.0,0.0001395333683517075,1.9697512437810967,-2.3296845180431625e-05,1.6228176098344371,9.43893559179898e-06,7.330379661496522e-05,14,14,1800,pdcsap_flux,50642,0,29.42397295497358,31,0.004665152681433687,1,0.029145768334583943,,0,0.0,1015,201,201,5.0,2.3543850246991568e-05,7.330379661496522e-05,-0.3973586658005865,0.0001140289939667305,0.3449837546325563,7.330379661496522e-05,-0.3973586658005865,0.0,,,
6267425,K00848.01,FALSE POSITIVE,4357.2,2.9381,3.166465862,320.0,0.003372160366689969,1.871028855721392,-0.0001667159669559437,21.207825880844315,5.462284134882811e-05,0.00036982804799146063,12,12,1800,pdcsap_flux,48303,0,29.423900870606303,17,0.038661662139635386,1,0.23234581702999813,,0,0.0,7549,201,201,38.0,3.6094919706086134e-05,0.00036982804799146063,-0.4973918368401549,0.00036982804799146063,-0.4973918368401549,0.00036982804799146063,-0.4973918368401549,0.0,,,
6268648,K01613.01,CONFIRMED,77.3,4.25,15.86624787,68.0,7.611584167122043e-05,1.014925373134325,-3.7168168228740583e-06,3.849602129576787,1.0297010092696901e-05,1.5153305324422384e-05,29,14,60|1800,pdcsap_flux,50567,0,29.423977229744196,25,0.011161008877729913,1,0.10336780904542488,,2,0.03658512468606008,2400,201,182,4.0,4.595585258724077e-06,1.5153305324422384e-05,0.49919947925319297,1.826132202109587e-05,0.48664334426574674,1.5153305324422384e-05,0.49919947925319297,0.03658512468606008,,,
6272413,K01129.01,CONFIRMED,274.4,1.812,4.89721006,273.0,0.0002484891882352791,0.6130149253731332,9.499750404429186e-06,2.623791787285958,1.7760339408257053e-05,0.0,26,17,60|1800,pdcsap_flux,64715,0,29.424416939145885,11,0.015416941294121248,1,0.09319323186278297,,0,0.0,3982,201,201,18.0,2.8103897567607094e-05,0.0,,0.0,,0.0,,0.0,,,
6276477,K00849.01,CONFIRMED,750.6,3.1775,10.35533116,127.0,0.0007048849824795589,2.8455223880597016,2.8309538662951717e-05,8.284127798550333,9.060313582121005e-05,0.0,17,17,1800,pdcsap_flux,64590,0,29.424417363479733,19,0.012785282410353484,1,0.07604892398204056,,0,0.0,3266,201,201,17.0,2.6388498267066416e-05,0.0,,0.0,,0.0,,0.0,,,
6279823,K06681.01,FALSE POSITIVE,4147.0,11.04,485.52409,3.0,0.001782921500875001,0.6591044776119439,-3.270216249684488e-05,2.5526137801150193,0.0008979452851077818,0.0018071506246737368,17,17,1800,pdcsap_flux,64622,0,29.424420716241002,67,0.0009474298175400523,1,0.006096994831481539,,0,0.0,261,201,123,1.0,0.0002818666816891804,0.001046413185913364,-0.29818826174881313,0.002050211880206265,0.28175721531293724,0.0018071506246737368,-0.36438992024942624,0.0,,,
6285396,K06684.01,FALSE POSITIVE,93.5,10.53,5.2436639,256.0,0.00010181846177326204,1.4668656716417838,-2.6609383646070128e-05,1.650367259873548,2.2422598293103668e-05,0.0,16,16,1800,pdcsap_flux,63123,0,29.424379304400645,65,0.08367241081183713,1,0.5019881818037799,,0,0.0,21352,201,201,106.0,2.648493280115249e-05,0.0,,0.0,,0.0,,0.0,,,
6294819,K02852.01,CONFIRMED,200.7,1.8261,0.675650404,1681.0,0.0001906482576424784,0.36340298507462476,7.831132935676166e-06,3.0723036417516023,1.7523253819651252e-05,0.0,14,14,1800,pdcsap_flux,54903,0,29.424522640183568,11,0.11261371198706484,1,0.6761561299018268,,0,0.0,24705,201,201,123.0,9.545037830515534e-06,0.0,,0.0,,0.0,,0.0,,,
6305192,K00219.01,CONFIRMED,3120.4,5.3694,8.025118521,169.0,0.003038058530677623,4.701564179104487,9.389937036485829e-05,82.20084992672352,1.1689786943658298e-05,0.0,17,17,1800,pdcsap_flux,64780,0,29.42444652202539,33,0.02787809294212416,1,0.16955850571163938,,0,0.0,7339,201,201,36.0,9.885840376968724e-06,0.0,,0.0,,0.0,,0.0,,,
6307083,K02050.01,FALSE POSITIVE,387.7,5.268,75.3787816,16.0,0.0003279553370946209,0.3145074626865655,-2.1823821129807186e-05,7.5021410014101475,4.385071861590095e-05,0.00014702990463411059,18,18,1800,pdcsap_flux,65266,0,29.42446111701429,33,0.0029119600415510034,1,0.03684920172831183,,1,0.0214353568473631,656,201,185,4.0,1.5651132637514785e-05,0.00010214762637528185,0.26112484850701495,0.00014702990463411059,-0.4024380459614236,0.00014702990463411059,-0.4024380459614236,0.0214353568473631,,,
6307243,K07564.01,FALSE POSITIVE,80.0,13.47,451.86579,3.0,8.635998161976577e-05,0.8041791044776083,2.6694382473824163e-05,2.9530430747677086,1.2046644382146532e-05,5.8309661340905095e-05,18,18,1800,pdcsap_flux,65207,0,29.42446262575686,83,0.0012420723418783263,1,0.007345837103378472,,0,0.0,303,200,121,2.0,1.3492322938945844e-05,5.5460879444746425e-05,0.07229070103869424,5.8309661340905095e-05,0.08781660531217467,5.8309661340905095e-05,0.08781660531217467,0.0,,,
6311520,K04115.01,FALSE POSITIVE,388.3,5.06,0.941840589,1446.0,0.00033460287687270274,2.517412935323371,-2.7976280682628918e-05,7.944658888490343,4.413014031900975e-05,,17,17,1800,pdcsap_flux,64790,0,29.42444653250277,31,0.2238524605922811,1,0.6726192313628646,primary_only,0,0.0,58030,201,201,282.0,,,,,,,,0.0,blanking covers 0.90 of the orbit,,
6343170,K02419.01,CONFIRMED,586.8,3.534,9.95667035,54.0,0.0005029996846550588,0.8439402985074587,3.106098848937311e-05,2.4924748164630004,0.00017925294666154556,0.0,7,7,1800,pdcsap_flux,25540,0,29.42401167936623,21,0.014789080568485427,1,0.08602192638997651,,0,0.0,1509,201,201,7.0,4.4642760266540414e-05,0.0,,0.0,,0.0,,0.0,,,
6345732,K02857.01,CONFIRMED,185.3,4.664,20.2642023,51.0,0.0001649883624206261,1.1137910447761215,3.948734449754632e-06,3.438481808084275,2.7693544455420493e-05,0.0,13,13,1800,pdcsap_flux,50138,0,29.423961052671075,29,0.00958998190288168,2,0.12942279309106866,,1,0.0751525788822849,1934,201,201,10.0,1.3581208342149941e-05,4.135834816942907e-05,0.11736031274214136,7.289431085799603e-05,-0.4990404111425925,0.0,,0.0751525788822849,,,
6345732,K02857.02,CONFIRMED,79.7,4.554,7.44136102,136.0,7.345829416383065e-05,1.1781492537313376,6.0202352089033795e-06,2.7867292836090196,3.846870291235316e-05,0.0,13,13,1800,pdcsap_flux,50138,0,29.423961052671075,27,0.025499367587463184,2,0.17643304479636204,,1,0.028820455542702142,5031,201,201,25.0,8.848597128665525e-06,0.0,,0.0,,0.0,,0.028820455542702142,,,
6347434,K05265.01,FALSE POSITIVE,829.0,6.76,425.22927,,0.0007864782167770201,0.26905472636816086,0.0001528231261460622,1.5796817532683605,0.000309694748297229,0.0007855038405572001,13,13,1800,pdcsap_flux,50165,0,29.423961890861392,41,0.0006623877671136483,1,0.0036479617263031994,,0,0.0,188,200,137,1.0,0.00023662236541752428,0.0007855038405572001,-0.35391309291873346,0.0012915221465719107,0.42878085239688246,0.0007855038405572001,-0.35391309291873346,0.0,,,
6359175,K04703.01,FALSE POSITIVE,777.0,4.76,349.03703,,0.0001394938531119605,0.09472636815920366,-0.000114853029963502,0.30991074485076925,0.0004556917109223013,0.0,17,17,1800,pdcsap_flux,64727,0,29.42442599160131,29,0.0005682300623900373,1,0.003970522347706521,,0,0.0,151,200,94,0.0,0.00013761053905592558,0.0004392665438934795,0.10325449138452156,0.000566292099536847,0.19445541639809188,0.0,,0.0,,,
6364067,K04221.01,FALSE POSITIVE,162.2,7.881,5.2438982,222.0,0.00016840472802315265,2.1957014925373217,-4.313797345112391e-06,2.944831823305536,5.836174189588483e-06,0.0,14,14,1800,pdcsap_flux,54904,0,29.42452849703841,49,0.06262039945779269,1,0.3749635727815824,,0,0.0,13954,201,201,70.0,1.1751596278473008e-05,0.0,,0.0,,0.0,,0.0,,,
6364247,K06693.01,FALSE POSITIVE,29.9,11.268,5.2443332,264.0,3.1614733937757045e-05,1.1211940298507448,-2.780630446008736e-06,2.8872641597601834,7.267522157738959e-06,0.0,17,17,1800,pdcsap_flux,64739,0,29.424431612715125,69,0.08952520408123574,1,0.5369715318432475,,0,0.0,23462,201,201,114.0,2.198160462253096e-06,6.999606229629585e-06,0.2721781406621192,9.911464832979e-06,0.45122854882459107,0.0,,0.0,,,
6364294,K06694.01,FALSE POSITIVE,88.3,11.39,5.2436612,265.0,9.971960479027153e-05,2.039999999999999,-9.403114578088179e-07,2.7158396710434407,2.466528687528058e-05,0.0,17,17,1800,pdcsap_flux,64729,0,29.424432199448347,69,0.0905061016019367,1,0.5429096695453351,,0,0.0,23719,201,201,118.0,1.4258951707889577e-05,0.0,,0.0,,0.0,,0.0,,,
6364307,K05273.01,FALSE POSITIVE,228.5,15.864,5.2435703,266.0,0.0002083378539277092,8.208238805970183,1.081608530251188e-05,4.954032763197354,2.9698768291508415e-05,0.0,17,17,1800,pdcsap_flux,64740,0,29.424431434599683,97,0.12605914714254904,1,0.38256101328390485,primary_only,0,0.0,32951,201,201,164.0,8.645704740496574e-06,0.0,,0.0,,0.0,,0.0,,,
6383785,K00239.01,CONFIRMED,1453.3,2.8354,5.640676975,242.0,0.0014075043651307073,2.482738308457712,1.884043242450506e-05,20.12671406759295,5.890620557769122e-05,0.0,22,17,60|1800,pdcsap_flux,64742,0,29.424447370693088,17,0.02094459001823388,2,0.20805659386487907,,1,0.09460628340181026,5469,201,201,27.0,1.6179152503833972e-05,5.413068728044035e-05,0.38229110902658026,5.413068728044035e-05,0.38229110902658026,0.0,,0.09460628340181026,,,
6383785,K00239.02,CONFIRMED,180.6,2.7868,3.62275506,343.0,0.00017848101123374427,1.7192199004975204,-1.120261372755671e-05,2.8043551986532522,5.4134633490354744e-06,0.0,22,17,60|1800,pdcsap_flux,64742,0,29.424447370693088,17,0.032052033533469595,2,0.24175959964165455,,1,0.06345185505545087,8185,201,201,42.0,1.3775960826775789e-05,4.73864417745995e-05,0.24922221386152277,4.73864417745995e-05,0.24922221386152277,0.0,,0.06345185505545087,,,
6385302,K07566.01,FALSE POSITIVE,,17.33,411.54039644,4.0,0.00019072478117199143,2.414129353233813,0.00011427254642382145,0.7051027865334921,7.162870396282273e-05,0.0,17,17,1800,pdcsap_flux,64708,0,29.424449047073722,107,0.0017545867661587105,1,0.010045125795883044,,0,0.0,554,201,201,3.0,8.279560410256557e-05,0.0002919763154580757,0.15424226846633785,0.0003105098547974139,-0.45766986623153505,0.0,,0.0,,,
6390236,K06701.01,FALSE POSITIVE,26.6,1.031,0.89879279,1499.0,1.9216628872720243e-05,0.1641393034825871,4.13647377917048e-06,1.5478113699243017,1.6808637670617799e-06,2.2858144758552967e-05,19,18,60|1800,pdcsap_flux,65266,0,29.424461777089164,7,0.04779559183305568,1,0.2868568626850121,,0,0.0,12524,201,201,62.0,5.189506828885281e-06,2.2858144758552967e-05,0.4961578073590485,2.2858144758552967e-05,0.4961578073590485,2.2858144758552967e-05,0.4961578073590485,0.0,,,
6422070,K00852.01,CONFIRMED,510.6,3.5176,3.76181843,273.0,0.0005018826952466471,2.2400636815920354,-9.022897785382344e-05,6.995121947056458,1.3387853568858077e-05,0.0,13,13,1800,pdcsap_flux,50136,0,29.423960874555632,21,0.03896165362416672,1,0.23472155736397,,0,0.0,7791,201,201,39.0,2.130871089731272e-05,0.0,,0.0,,0.0,,0.0,,,
6425957,K00663.01,CONFIRMED,536.7,1.8559,2.755637216,372.0,0.000507587201156956,1.4773333333333358,-6.485863927041535e-07,11.997122799375186,1.451082180192742e-06,0.0,35,14,60|1800,pdcsap_flux,50636,0,29.42397831939161,11,0.028062172414304726,2,0.18358480132711905,,1,0.0176949206098428,5651,201,201,28.0,9.746068493273685e-06,0.0,,0.0,,0.0,,0.0176949206098428,,,
6425957,K00663.02,CONFIRMED,715.4,2.8014,20.30652862,48.0,0.000691703567226809,2.2299701492537234,-8.585856475273879e-05,8.509162101172212,1.7761336491561863e-05,0.0,35,14,60|1800,pdcsap_flux,50636,0,29.42397831939161,17,0.005748151354881847,2,0.11438502251362667,,1,0.08339916265107829,1191,201,201,6.0,2.0642376344939916e-05,0.0,,0.0,,0.0,,0.08339916265107829,,,
6432345,K02757.01,CONFIRMED,868.5,6.965,234.635652,7.0,0.0007524856945805292,1.6632835820895608,0.00010671731665790052,4.684237000496833,5.2049394951070305e-05,0.00041353911022778966,17,17,1800,pdcsap_flux,64784,0,29.424419039860368,43,0.001236846706200187,1,0.008489750555692763,,0,0.0,393,200,177,2.0,6.408146859031978e-05,0.00041353911022778966,0.15940246514142145,0.00041353911022778966,0.15940246514142145,0.00041353911022778966,0.15940246514142145,0.0,,,
6436029,K02828.01,CONFIRMED,1262.1,5.404,59.4969009,19.0,0.0011047942862375537,2.043303482587069,0.0001095574894299789,3.5524615369732144,2.3946922287465533e-05,0.0003207683477545187,14,14,1800,pdcsap_flux,54969,0,29.424527412629686,33,0.0037845108444407504,1,0.0260874310975277,,1,0.003365533300587604,809,201,201,4.0,9.327127199624852e-05,0.00029619915134426744,0.47647031665158024,0.00040846310561626353,0.39368414192943185,0.0003207683477545187,-0.3731523679253897,0.003365533300587604,,,
6436505,K06707.02,FALSE POSITIVE,290.1,4.53,24.7222403,53.0,,,,,,,,,,,,,,,,,,,,,,,,,,,,,,,,,,"ConnectionError: HTTPSConnectionPool(host='mast.stsci.edu', port=443): Max retries exceeded with url: /api/v0.1/Download/file?uri=mast:KEPLER/url/missions/kepler/lightcurves/0064/006436505/kplr006436505-2013131215648_llc.fits (Caused by NameResolutionError(""HTTPSConnection(host='mast.stsci.edu', por",transient
6448768,K06712.01,FALSE POSITIVE,48942.8,7.06797,16.486796364,81.0,0.04793991324915836,5.344932537313426,-0.0002487849442162071,630.6400875919484,4.311037618742741e-05,0.000338283487581692,17,17,1800,pdcsap_flux,64793,0,29.424437396228313,43,0.01786270318975112,1,0.10857654376244347,,0,0.0,4564,201,201,23.0,1.2027754658551204e-05,0.000338283487581692,0.3931537727409715,0.000338283487581692,0.3931537727409715,0.000338283487581692,0.3931537727409715,0.0,,,
6452742,K06715.01,FALSE POSITIVE,40368.3,2.56725,0.687772143,1949.0,0.03539961793094959,1.4305074626865664,-0.0013887789830308028,197.18081918915615,0.016647116433494036,0.0,17,17,1800,pdcsap_flux,64793,0,29.42443965410348,15,0.15552934367683455,1,0.4676739771271588,primary_only,0,0.0,40350,201,201,202.0,1.069950813695153e-05,0.0,,0.0,,0.0,,0.0,,,
6461675,K05286.01,FALSE POSITIVE,450.7,3.826,342.830882,,0.00040812464263140225,0.07613930348258746,1.366310764039369e-05,2.316680901005488,1.0256280062348466e-05,0.005132758719562425,15,15,1800,pdcsap_flux,56339,0,29.424437810084783,23,0.00046500089413376326,1,0.002449457746853867,,0,0.0,91,197,91,0.0,7.556636708968825e-05,0.004697969419851011,0.09067232990293576,0.005132758719562425,0.05323975792515873,0.005132758719562425,0.05323975792515873,0.0,,,
6468337,K01620.01,FALSE POSITIVE,55.8,1.9163,0.959853772,1394.0,5.1117598610872506e-05,1.4872776119403,-3.856924445044818e-06,5.474019989040275,1.0731287070520068e-05,2.389005573488756e-05,18,18,1800,pdcsap_flux,65242,0,29.42446212284267,11,0.0831854139271261,1,0.49920296741362924,,0,0.0,21734,201,201,108.0,3.5377420264566026e-06,2.389005573488756e-05,-0.4904603027581485,2.389005573488756e-05,-0.4904603027581485,2.389005573488756e-05,-0.4904603027581485,0.0,,,
6523216,K06725.01,FALSE POSITIVE,21566.9,8.90236,14.313157391,95.0,0.021123953065481094,7.086455721393035,-0.0002336446589983332,527.9765309677716,2.8327925294169276e-05,0.0008770108767494067,18,18,1800,pdcsap_flux,65263,0,29.424445772892796,55,0.025915432670355846,1,0.15402295328133858,,0,0.0,6769,201,201,33.0,1.2963569191491597e-05,0.0008770108767494067,-0.47083976172883607,0.0008770108767494067,-0.47083976172883607,0.0008770108767494067,-0.47083976172883607,0.0,,,
6436505,K06707.02,FALSE POSITIVE,290.1,4.53,24.7222403,53.0,0.00022648913107137236,0.5408955223880624,-8.752607433415438e-05,1.0539811322926163,1.1663802858441485e-05,0.0,17,17,1800,pdcsap_flux,64747,0,29.424425829201937,27,0.007634825877814965,1,0.059276877693174974,,1,0.013066242451387709,2000,201,201,10.0,5.411234133968949e-05,0.0,,0.0,,0.0,,0.013066242451387709,,,
6525193,K02653.01,FALSE POSITIVE,228.8,2.252,1.710279417,784.0,0.00020885564958617042,0.5826069651741306,-4.345566203467488e-05,2.6067721256472796,3.385015414258952e-05,0.0,17,17,1800,pdcsap_flux,64781,0,29.42443421110511,13,0.05486432941929823,1,0.33009678763835076,,0,0.0,14188,201,201,71.0,2.143029274928838e-05,0.0,,0.0,,0.0,,0.0,,,
6525196,K05293.01,FALSE POSITIVE,157266.0,3.92227,1.710299164,785.0,0.13907745960421725,2.1855434825870574,-0.004039361947069997,1000.8488968514691,0.013535005902040043,0.0,20,18,60|1800,pdcsap_flux,65267,0,29.424447873607278,23,0.09555516374366109,1,0.573858151899122,,0,0.0,24896,201,201,124.0,0.0002943335701996807,0.0,,0.0,,0.0,,0.0,,,
6525249,K02197.01,FALSE POSITIVE,409.4,3.614,1.710316235,784.0,0.0003526374237722285,1.9418507462686505,-5.4667779331274424e-05,5.939108219259427,6.490900107014586e-05,0.0,17,17,1800,pdcsap_flux,64764,0,29.424434452084824,23,0.08804414660387838,1,0.5288895065159657,,0,0.0,22749,201,201,113.0,1.744773186192945e-05,0.0,,0.0,,0.0,,0.0,,,
6525280,K04277.01,FALSE POSITIVE,43.6,2.983,1.710319812,784.0,4.728766974648746e-05,0.41554228855721154,-2.150668036549064e-06,2.6869496357122884,9.375517738385852e-06,0.0,18,18,1800,pdcsap_flux,64960,0,29.424441503360868,19,0.07267159381222596,1,0.437176724137931,,0,0.0,18840,201,201,92.0,6.132326598436299e-06,2.4647598610427757e-05,-0.4000765140025257,2.4647598610427757e-05,-0.4000765140025257,0.0,,0.0,,,
6527050,K07569.01,FALSE POSITIVE,,1.3,0.87985197,1483.0,0.0002504024980362063,0.15522388059701475,-0.0001218510439960907,0.8422783593102634,0.00042953694541836285,0.0,16,16,1800,pdcsap_flux,63169,0,29.424383835867047,7,0.06156338624401406,1,0.36980164321106873,,0,0.0,15571,201,201,78.0,0.00021563832095897246,0.0,,0.0,,0.0,,0.0,,,
6531496,K03646.01,FALSE POSITIVE,69071.6,4.83729,14.323889947,44.0,0.05914369621791393,0.19252895522388203,-0.010218112461101936,238.3784229645928,0.00011892938395008379,0.0119618739241939,8,8,1800,pdcsap_flux,30157,0,29.424287857837044,29,0.01407116019082606,2,0.08595019398481281,secondary_only,1,0.9787445700832311,1741,201,102,1.0,0.0005570624082674518,0.0119618739241939,0.4988043916383793,0.0119618739241939,0.4988043916383793,0.0119618739241939,0.4988043916383793,0.9787445700832311,,,
6531496,K03646.02,FALSE POSITIVE,2313.0,4.015,0.512869432,1110.0,0.0017641782760620117,1.7578109452736317,4.494190216064453e-05,2.8803314816026933,0.00014764070510864258,,8,8,1800,pdcsap_flux,30157,0,29.424287857837044,,0.3261876341787253,2,1.0,none,1,0.043306694963026825,30157,155,155,196.0,,,,,,,,0.043306694963026825,blanking covers 1.30 of the orbit,,
6546508,K03613.01,FALSE POSITIVE,52879.9,3.22884,3.053578643,374.0,0.03772597050455917,1.9919211940298622,0.0012222272981934346,311.98165278718255,0.01704759535980549,0.0,14,14,1800,pdcsap_flux,54965,0,29.42451291717589,19,0.044058141521393916,1,0.264095333393978,,0,0.0,9670,201,201,48.0,2.976800548187972e-05,0.0,,0.0,,0.0,,0.0,,,
6587280,K00857.01,CONFIRMED,908.1,2.5242,5.715425977,181.0,0.0008615396295000854,2.059546268656713,3.249131405791417e-05,9.149463131922921,0.00012908192137683905,0.0,13,13,1800,pdcsap_flux,50171,0,29.423965997993946,15,0.018401952964353825,2,0.12060752227382353,,1,0.010424348727352454,3678,201,201,18.0,2.144055691822817e-05,0.0,,0.0,,0.0,,0.010424348727352454,,,
6587280,K00857.02,CONFIRMED,421.2,1.611,20.0261412,54.0,0.00037364751532797946,0.12823880597014914,-0.00013727981980260484,1.3843753032381283,0.00018091398894459765,0.0,13,13,1800,pdcsap_flux,50171,0,29.423965997993946,9,0.0033518689062274265,2,0.07478423790636025,,1,0.054952063941320684,697,201,201,4.0,5.8820798298695895e-05,0.00018086868751077123,0.4951027170202282,0.00018870494482903233,-0.4998694796204304,0.0,,0.054952063941320684,,,
6590362,K07570.01,FALSE POSITIVE,91.4,0.811,0.592618966,2263.0,5.7783808310896134e-05,0.11297512437810853,1.299610591187772e-05,2.119193142420909,1.3083317216833201e-05,0.0,17,17,1800,pdcsap_flux,64724,0,29.424414000241086,5,0.05702089977772779,1,0.34188245473085715,,0,0.0,14884,201,201,71.0,7.021446309416923e-06,2.8939765927438188e-05,-0.42159070988863623,2.8939765927438188e-05,-0.42159070988863623,0.0,,0.0,,,
6606934,K06028.01,FALSE POSITIVE,106334.0,3.84264,37.80694072,36.0,,,,,,0.0,17,17,1800,pdcsap_flux,64592,0,29.42443228326738,23,0.004234936679637273,1,0.02292853604161506,,0,0.0,942,201,168,5.0,3.8962677230658404e-05,0.0,,0.0,,0.0,,0.0,,,
6609270,K03090.01,CONFIRMED,362.7,1.924,3.82223397,258.0,0.0003363962254412378,0.4211741293532354,-4.55355021907744e-05,1.9849113637796936,5.8428795932541355e-05,0.0,12,12,1800,pdcsap_flux,47754,0,29.424556492595002,11,0.020973772745436266,2,0.14733844285295472,,1,0.0247727939020815,4012,201,201,20.0,4.344696112215751e-05,0.0,,0.0,,0.0,,0.0247727939020815,,,
6609270,K03090.02,FALSE POSITIVE,503.5,3.042,15.0367776,61.0,0.00043238637358522514,1.029134328358216,3.8496108554331165e-05,1.8861684840615933,0.00016827065858115997,0.0,12,12,1800,pdcsap_flux,47754,0,29.424556492595002,19,0.008429332625096483,2,0.10903798634669347,,1,0.06296854713741257,1575,201,201,8.0,7.296248839453031e-05,0.0002822552156397373,-0.3830428548223381,0.0002822552156397373,-0.3830428548223381,0.0,,0.06296854713741257,,,
6610219,K06743.01,FALSE POSITIVE,325703.0,10.5199,11.300987626,238.0,0.2813469179295923,5.861834825870602,-0.00859396965579351,3691.4451007130647,0.0012388156811987683,0.11002570041221171,18,18,1800,pdcsap_flux,65262,0,29.42444938234985,65,0.03878680175334498,1,0.2318194355061138,,0,0.0,10092,201,201,50.0,3.827289742910442e-05,0.11002570041221171,-0.49175362303706627,0.11002570041221171,-0.49175362303706627,0.11002570041221171,-0.49175362303706627,0.0,,,
6611779,K05304.01,FALSE POSITIVE,277.1,1.498,206.309658,,1.640503684663397e-05,0.029810945273631817,8.8881878504532e-05,0.09368724261053023,0.00010670137548640657,0.010768621171776571,17,17,1800,pdcsap_flux,64017,0,29.42441131803207,9,0.00030253875301691725,1,0.00187450208538357,,0,0.0,73,198,73,0.0,8.728549198871171e-05,0.007750319990581067,0.13882876628047153,0.010768621171776571,0.14075745083095384,0.010768621171776571,0.14075745083095384,0.0,,,
6628237,K06030.01,FALSE POSITIVE,60401.0,2.8951,3.840130917,345.0,0.05417812314985182,1.728417910447763,-0.0015388452112342632,421.90500867334987,0.0001937527092875646,0.0006292011625174121,17,17,1800,pdcsap_flux,64797,0,29.424445683835074,17,0.03141277453137066,1,0.18784820284889733,,0,0.0,8021,201,201,40.0,1.435604557699157e-05,0.0006292011625174121,0.4990748873256171,0.0006292011625174121,0.4990748873256171,0.0006292011625174121,0.4990748873256171,0.0,,,
6630943,K02738.01,FALSE POSITIVE,178.4,1.7407,0.690405794,1941.0,0.00017282939923435325,0.7967383084577152,-2.2177530866862583e-05,5.9288504944723455,1.0284757186007631e-05,5.091759587660949e-05,17,17,1800,pdcsap_flux,64719,0,29.42444854415953,11,0.10505295189725285,1,0.6300777206075495,,0,0.0,27243,201,201,136.0,1.5293659366706235e-05,5.091759587660949e-05,-0.4969122409487142,5.091759587660949e-05,-0.4969122409487142,5.091759587660949e-05,-0.4969122409487142,0.0,,,
6636320,K02989.01,CONFIRMED,306.6,2.688,6.33125228,215.0,0.00026200231171835675,0.641910447761198,-3.2429427889058005e-05,2.281578948441406,0.0001352195195616357,0.0,17,17,1800,pdcsap_flux,64768,0,29.424445180920884,17,0.01769002324450101,1,0.10627161561264822,,0,0.0,4634,201,201,23.0,3.0230326982226296e-05,0.00011830045492244867,-0.4982995724199519,0.00011830045492244867,-0.4982995724199519,0.0,,0.0,,,
6678383,K00111.01,CONFIRMED,500.9,4.6074,11.427550984,116.0,0.000486658922505101,4.217719402985091,1.764586810004687e-08,21.131384172956142,1.2861278601006276e-06,0.0,58,18,60|1800,pdcsap_flux,65232,0,29.424431612715125,29,0.016799312492133178,4,0.14778023056168751,,3,0.05103323522197695,4379,201,201,22.0,4.64536830808222e-06,1.7395109550122356e-05,0.32947428518239613,1.7395109550122356e-05,0.32947428518239613,0.0,,0.05103323522197695,,,
6678383,K00111.02,CONFIRMED,449.4,5.8297,23.66834635,52.0,0.0004462995760369237,5.336640796019937,1.8320690967077446e-05,17.101458611915113,3.3498785224628236e-06,0.0,58,18,60|1800,pdcsap_flux,65232,0,29.424431612715125,35,0.010262827959109475,4,0.1291084130488104,,3,0.07116139318126073,2556,201,201,13.0,6.265753417289199e-06,0.0,,0.0,,0.0,,0.07116139318126073,,,
6678383,K00111.03,CONFIRMED,609.2,7.4355,51.75530504,25.0,0.0005859587599448268,6.658656716417912,1.9271172541635018e-05,11.519288153759694,9.152689717129014e-06,0.0,58,18,60|1800,pdcsap_flux,65232,0,29.424431612715125,45,0.005986101323536899,4,0.1137785136129507,,3,0.0862766740250184,1480,201,201,7.0,8.766910394213223e-06,0.0,,0.0,,0.0,,0.0862766740250184,,,
6678383,K00111.04,FALSE POSITIVE,,6.89,103.62650922,,-1.4888716509231514e-05,0.6855721393034813,9.260491725571196e-05,-0.15871835756620312,1.3276118022709227e-06,0.0,58,18,60|1800,pdcsap_flux,65232,0,29.424431612715125,43,0.002770365763492552,4,0.10304758400784891,,3,0.09461613931812607,727,201,201,4.0,1.2596546303951627e-05,4.240692384260836e-05,0.20059707396313442,8.943504775349442e-05,0.4977188020977018,0.0,,0.09461613931812607,,,
6681233,K00562.01,FALSE POSITIVE,,3.08,32.63286247,,2.9687614548690178e-05,0.3064676616915425,-1.8498394896759862e-05,0.19276854832652232,1.0391115195629297e-05,0.0,17,17,1800,pdcsap_flux,64716,0,29.424422717420384,19,0.003932641013374556,1,0.024368007911490203,,0,0.0,1045,201,200,6.0,3.8358560209296176e-05,0.0,,0.0,,0.0,,0.0,,,
6681473,K05312.01,FALSE POSITIVE,931.8,16.376,396.048721,3.0,0.000753183044836625,7.169592039801014,3.0352310327663723e-05,6.102050126947281,0.00016668576610279207,0.0,18,18,1800,pdcsap_flux,65219,0,29.4244363065809,101,0.001722852005708998,1,0.010641070853585611,,0,0.0,400,201,201,2.0,3.0429053377296486e-05,0.0001426471897965076,0.08169007354007193,0.0001426471897965076,0.08169007354007193,0.0,,0.0,,,
6685646,K04618.01,FALSE POSITIVE,289.5,10.56,244.86662,,0.00023072882775221348,1.0507462686567242,-5.587490659020311e-05,1.2489009649608798,0.0001399843513129051,0.0,17,17,1800,pdcsap_flux,64739,0,29.424425572506152,65,0.0017968966125313445,1,0.010735414510573225,,0,0.0,462,201,186,2.0,4.73661060923757e-05,0.000163053801892854,0.364083481263503,0.0002531845865243465,-0.49980160033723087,0.0,,0.0,,,
6690082,K01240.01,CONFIRMED,266.1,2.0678,2.1395563,625.0,0.0002454690083383282,1.6460099502487595,-2.5013231524040336e-05,7.063079183322151,2.05012030428664e-05,0.0,17,17,1800,pdcsap_flux,64729,0,29.424428762868047,13,0.040269252710636,2,0.25985261629254275,,1,0.023683356764356008,10425,201,201,52.0,7.250236089793182e-06,0.0,,0.0,,0.0,,0.023683356764356008,,,
6690082,K01240.02,CONFIRMED,450.5,0.9393,4.807103254,243.0,0.00040540057781945915,0.5420835820895524,3.3173765946803435e-05,5.2316468076660065,4.767002991379332e-05,0.0,17,17,1800,pdcsap_flux,64729,0,29.424428762868047,5,0.008141597534322486,2,0.16338889832996029,,1,0.1206105455051059,2051,201,201,10.0,1.7894236703702593e-05,0.0,,0.0,,0.0,,0.1206105455051059,,,
6693640,K01245.01,CONFIRMED,316.4,5.5677,13.71938426,96.0,0.000298029760346763,5.207599999999969,-2.862551045579309e-05,6.09514865770431,1.6742851534079506e-05,0.0,17,17,1800,pdcsap_flux,64729,0,29.42443421110511,35,0.01690946879273429,1,0.10125291600364597,,0,0.0,4293,201,201,21.0,1.0453501100371465e-05,3.7154123176508236e-05,0.038995009693241156,3.7154123176508236e-05,0.038995009693241156,0.0,,0.0,,,
6696462,K01693.01,FALSE POSITIVE,815.9,1.5017,3.403743926,393.0,0.0007323190488767173,0.7769990049751235,0.0001144312378361656,14.057423774924462,6.134051062733903e-05,0.0,17,17,1800,pdcsap_flux,64731,0,29.424437307170592,9,0.018382943809426084,1,0.10996276899785265,,0,0.0,4781,201,201,24.0,1.5345875631709582e-05,5.348928740356307e-05,0.49958057308549747,5.348928740356307e-05,0.49958057308549747,0.0,,0.0,,,
6705137,K02609.01,FALSE POSITIVE,200.8,1.659,5.59727625,236.0,0.0001674663964795764,0.3631641791044768,2.794064822975173e-05,2.1903110633387413,1.2788136122932059e-05,0.0,17,17,1800,pdcsap_flux,64774,0,29.424441503360868,11,0.012349756723191928,1,0.0733473307191157,,0,0.0,3149,201,201,16.0,1.8362797535612273e-05,5.866290884004588e-05,0.16226736053637816,5.866290884004588e-05,0.16226736053637816,0.0,,0.0,,,
6773862,K01868.01,CONFIRMED,1287.2,1.6679,17.76076524,76.0,0.001169381217512755,1.2612975124378116,4.2544465552074584e-05,6.338342570619118,6.06678565473473e-05,0.0,17,17,1800,pdcsap_flux,64792,0,29.424425064353272,11,0.003912885080920833,1,0.02315100629707371,,0,0.0,1004,201,201,5.0,4.739628315241506e-05,0.00016648246461237193,-0.49973632553959985,0.00016648246461237193,-0.49973632553959985,0.0,,0.0,,,
6779260,K02678.01,CONFIRMED,461.4,1.51,3.833087643,350.0,0.0004107920690789024,1.0517412935323334,9.995360996328806e-06,10.215936269963036,4.7382980344679027e-05,0.0,27,18,60|1800,pdcsap_flux,65263,0,29.42444653250277,9,0.016414095509025298,1,0.1495793941436955,,1,0.056555781989795134,4338,201,201,21.0,2.6793917698403033e-05,0.0,,0.0,,0.0,,0.056555781989795134,,,
6780367,K07789.01,FALSE POSITIVE,215.0,5.34,175.358905,8.0,0.00017125087747738021,0.7438805970149278,-8.971318990358412e-06,1.1667251968219505,0.00019636914001708305,0.0,18,18,1800,pdcsap_flux,65225,0,29.424450047663413,33,0.0012688263535860925,1,0.007880413951705634,,0,0.0,344,201,193,2.0,4.339774817577093e-05,0.00015242980729346378,0.15424423123737174,0.00015242980729346378,0.15424423123737174,0.0,,0.0,,,
6786348,K01749.01,CONFIRMED,601.7,3.792,26.964501,54.0,0.0005945299713048247,1.2828656716417872,-7.379249103578456e-05,3.2506799597024907,6.1037576323697e-05,0.0,17,17,1800,pdcsap_flux,64734,0,29.424439481226727,23,0.005859555865691711,1,0.03624061544165354,,0,0.0,1613,201,201,8.0,4.565934701572045e-05,0.00014220702225897774,-0.19306444796434324,0.00014220702225897774,-0.19306444796434324,0.0,,0.0,,,
6803202,K00177.01,CONFIRMED,301.2,5.2472,21.06075303,65.0,0.00028693471112994917,4.594563184079567,-1.1138738752580757e-05,8.691180477756966,1.7546146674929375e-05,0.0,31,18,60|1800,pdcsap_flux,65202,0,29.424462447641417,33,0.010381078635787666,1,0.06173123523818288,,0,0.0,2772,201,201,14.0,9.788698282706131e-06,0.0,,0.0,,0.0,,0.0,,,
6803855,K01695.01,CONFIRMED,216.9,6.276,71.4523167,19.0,0.00017233592302268175,2.497910447761207,2.1890224075504783e-05,1.7510268458937481,1.7295781924331344e-05,0.0,17,17,1800,pdcsap_flux,64722,0,29.42444836604409,39,0.0036597833643090263,1,0.021661876950650475,,0,0.0,945,201,201,4.0,2.2545432873914795e-05,7.348252395933397e-05,0.12904879113254333,8.216933259297399e-05,0.19218005416687245,0.0,,0.0,,,
6842682,K02649.01,CONFIRMED,180.6,2.851,7.56126152,136.0,0.00015966221920016288,0.9077810945273659,-1.325320580780609e-05,1.8396481876697146,4.501726409045226e-05,0.0,13,13,1800,pdcsap_flux,50131,0,29.423969769850373,17,0.01571056183580682,1,0.09550976441722686,,0,0.0,3168,201,201,17.0,1.6365129778945752e-05,5.163298426713592e-05,0.040053613100433406,5.163298426713592e-05,0.040053613100433406,0.0,,0.0,,,
6849046,K00201.01,CONFIRMED,7563.0,2.82038,4.225384543,313.0,0.007354151408508147,2.3573325373134164,2.7893383141019967e-06,225.76182756353344,2.128935794032394e-05,0.0,27,17,60|1800,pdcsap_flux,64789,0,29.424414848908782,17,0.027811867094562178,1,0.16720430937350475,,0,0.0,7145,201,201,36.0,7.726474258188575e-06,0.0,,0.0,,0.0,,0.0,,,
6863161,K03757.01,FALSE POSITIVE,63156.0,4.7585,1.98663794,87.0,0.056247358444795115,2.6515024875621687,-0.0010188197529696907,5.33574901110356,8.916768183975243e-05,0.0,2,2,1800,pdcsap_flux,8204,0,29.42348931916058,29,0.0998021981465497,1,0.5982447586543149,,0,0.0,3285,201,201,16.0,0.014951303648280095,0.0,,0.0,,0.0,,0.0,,,
6866228,K01348.01,FALSE POSITIVE,18377.0,3.8459,7.702374154,173.0,0.01637579795431776,2.296059701492546,-0.0006199745676253032,187.95799716907774,0.0001070960080080674,0.0006661403573891,17,17,1800,pdcsap_flux,64793,0,29.42443269188516,23,0.020804732427872827,1,0.12652601361258162,,0,0.0,5329,201,201,27.0,3.408433999281923e-05,0.0006661403573891,0.49086942873358685,0.0006661403573891,0.49086942873358685,0.0006661403573891,0.49086942873358685,0.0,,,
6878240,K02681.01,CONFIRMED,5038.1,6.769,135.4978256,10.0,0.004867380881763639,3.637074626865685,7.684598460644398e-05,12.597473923881793,9.986295217012664e-05,0.0,16,16,1800,pdcsap_flux,63104,0,29.424392374930903,41,0.0020815217175460467,2,0.02247084178498986,,1,0.0096190415821501,547,201,195,3.0,9.551292252948639e-05,0.00029949061164591395,-0.3029974098736164,0.00029949061164591395,-0.3029974098736164,0.0,,0.0096190415821501,,,
6878240,K02681.02,CONFIRMED,618.7,1.745,22.2508509,59.0,0.0005069861309821011,0.20835820895522433,-0.00011453057760912877,1.6936295173934424,0.00025961633360549463,0.0,16,16,1800,pdcsap_flux,63104,0,29.424392374930903,11,0.0032676652978396135,2,0.025307429006085194,,1,0.006497210953346856,818,201,201,4.0,7.305256103111412e-05,0.0,,0.0,,0.0,,0.006497210953346856,,,
6891637,K01697.01,FALSE POSITIVE,414.7,3.877,1.752553762,748.0,0.00044234910939533467,2.083164179104482,-2.1112614725926626e-05,4.1188862617596405,8.717556507009672e-05,0.0,16,16,1800,pdcsap_flux,63141,0,29.424390536150895,23,0.09217501349705623,1,0.5523352496792893,,0,0.0,23211,201,201,116.0,2.2599966711852537e-05,0.0,,0.0,,0.0,,0.0,,,
6921944,K02114.01,CONFIRMED,684.0,2.1229,4.421566535,307.0,0.0006126095087820582,1.563130348258711,-2.6136162118994832e-06,5.64490823854447,0.00010783672593228655,0.0,17,17,1800,pdcsap_flux,64793,0,29.424402276054025,13,0.020005164677832143,1,0.12069205006713689,,0,0.0,5250,201,201,26.0,3.103780362362607e-05,0.0,,0.0,,0.0,,0.0,,,
6934587,K06032.01,FALSE POSITIVE,65124.0,3.2232,1.570919281,863.0,0.056836980031606976,1.796011940298516,-0.0015089615626684427,16.629329119033716,0.00048665611416365273,0.008844452692937432,18,18,1800,pdcsap_flux,65261,0,29.424428259953856,19,0.08549134358737304,1,0.5134613321892095,,0,0.0,22516,201,201,112.0,0.0015723844805996682,0.008844452692937432,-0.49771860066014667,0.008844452692937432,-0.49771860066014667,0.008844452692937432,-0.49771860066014667,0.0,,,
6941084,K02348.01,CONFIRMED,747.7,7.625,85.7357202,17.0,0.0006356328281226231,5.310945273631824,1.2032625107849526e-05,2.894436024700559,7.526908352051276e-05,0.0,17,17,1800,pdcsap_flux,64761,0,29.424423230811954,47,0.0037056705488937307,1,0.02093852781766804,,0,0.0,993,201,201,5.0,5.732707163344573e-05,0.0001794415663761706,0.0322277727859723,0.0001794415663761706,0.0322277727859723,0.0,,0.0,,,
6946985,K08266.01,FALSE POSITIVE,65.9,10.534,440.584562,3.0,2.939027685222584e-05,2.5155820895522534,-1.1024388072766733e-05,1.1122356402921136,0.00010044954973698061,0.0003130908626602924,18,18,1800,pdcsap_flux,65263,0,29.424441917217337,65,0.000996214358202289,1,0.006818564883624719,,0,0.0,338,200,199,2.0,7.962941224522324e-06,0.0003130908626602924,0.40469557021357166,0.0003130908626602924,0.40469557021357166,0.0003130908626602924,0.40469557021357166,0.0,,,
6948480,K02975.01,FALSE POSITIVE,1059.1,6.269,175.329014,7.0,0.0009561588228887974,2.120855721393042,0.00012710271612781376,3.069872013041085,0.00010405008442671004,0.0003900787021221541,17,17,1800,pdcsap_flux,64748,0,29.42443144507706,39,0.001489818070461135,1,0.00935936245134985,,0,0.0,357,201,179,2.0,7.782880391877502e-05,0.0003900787021221541,0.1354169087082872,0.0003900787021221541,0.1354169087082872,0.0003900787021221541,0.1354169087082872,0.0,,,
6949607,K00870.01,CONFIRMED,961.4,2.3254,5.912273234,227.0,0.0009020785890688776,1.989894527363171,-4.692962204067008e-05,9.31326108529275,4.106066779485662e-05,0.0,43,17,60|1800,pdcsap_flux,64792,0,29.42443144507706,15,0.016388225447610743,2,0.13456908260279046,,1,0.03935671070502531,4252,201,201,21.0,2.8540148537509144e-05,0.0,,0.0,,0.0,,0.03935671070502531,,,
6949607,K00870.02,CONFIRMED,881.3,2.8606,8.98581901,145.0,0.0007615087285722799,2.277094527363168,-3.230778497642639e-05,6.717072315933419,9.098872546398074e-05,0.0,43,17,60|1800,pdcsap_flux,64792,0,29.42443144507706,17,0.01326441880634614,2,0.12614211631065564,,1,0.04906469934559822,3412,201,201,17.0,3.534450382616215e-05,0.0,,0.0,,0.0,,0.04906469934559822,,,
6950275,K06796.01,FALSE POSITIVE,499.2,6.562,40.879068,29.0,0.0004314269871030785,2.219980099502476,5.8039404601029077e-05,2.4696875758817356,3.1903000253241665e-05,0.0,14,14,1800,pdcsap_flux,54908,0,29.424522472545505,41,0.006688427110585465,1,0.04210679682377796,,0,0.0,1524,201,201,8.0,5.2868629427436125e-05,0.00019798084329569754,-0.36204818255308,0.0002207920785802786,-0.12460902012729755,0.0,,0.0,,,
6953219,K06797.01,FALSE POSITIVE,288.4,1.842,0.566802325,2360.0,0.00033916555915469715,1.3196417910447802,6.403171854829637e-05,11.72953678378687,5.325600027639155e-07,0.0,17,17,1800,pdcsap_flux,64749,0,29.424437474808656,11,0.1354087600117025,1,0.4065699856368438,primary_only,0,0.0,35101,201,201,175.0,7.482597739152563e-06,0.0,,0.0,,0.0,,0.0,,,
6956136,K03221.01,FALSE POSITIVE,216.7,44.0504,53.912783631,26.0,0.00016249860035599806,35.06499502487543,-2.279829231577324e-05,2.9227464146321345,0.00010363280889369442,0.00012264158050723228,18,18,1800,pdcsap_flux,65254,0,29.424451561644673,269,0.03404449204284741,1,0.19712201550862782,,0,0.0,8478,201,201,42.0,2.1169203140528223e-05,0.00012264158050723228,0.48998636642692234,0.00012264158050723228,0.48998636642692234,0.00012264158050723228,0.48998636642692234,0.0,,,
6962109,K02182.01,CONFIRMED,850.2,3.0555,17.13263125,66.0,0.000832385211553377,1.0945074626865647,-0.00013618379124646918,3.2509308611795453,6.724390201295893e-05,0.0,14,14,1800,pdcsap_flux,54916,0,29.424517097650096,19,0.007430995166022732,1,0.04439507611625027,,0,0.0,1609,201,201,7.0,5.0019411375936195e-05,0.0,,0.0,,0.0,,0.0,,,
6973796,K03726.01,FALSE POSITIVE,37571.0,2.4136,115.9943364,10.0,0.03553206692502431,0.0960636815920397,-0.005852080587701702,53.69664356958958,0.0011603177057959435,0.0007755409215763898,14,14,1800,pdcsap_flux,54951,0,29.424510737881064,15,0.000866996353338047,1,0.0053866171680224196,,0,0.0,188,200,96,0.0,0.0002017962890016381,0.0007755409215763898,0.381521657443133,0.0007755409215763898,0.381521657443133,0.0007755409215763898,0.381521657443133,0.0,,,
6975129,K01628.01,CONFIRMED,480.7,3.4444,19.74733983,66.0,0.000454233309772345,1.6450865671641843,7.475417702884624e-05,6.437865949961722,5.9915185475434285e-05,7.1469138221536e-05,18,18,1800,pdcsap_flux,65266,0,29.42446060362272,21,0.007267645561486579,2,0.22573775013023625,,2,0.1912021573254068,1871,201,201,9.0,1.2634754767877165e-05,7.1469138221536e-05,0.4983930422692074,7.1469138221536e-05,0.4983930422692074,7.1469138221536e-05,0.4983930422692074,0.1912021573254068,,,
6975129,K01628.02,CONFIRMED,79.2,2.4592,1.772451066,741.0,7.348145074537182e-05,1.810754228855731,-3.073452128021792e-06,3.7520250911562396,6.688553783051887e-06,0.0,18,18,1800,pdcsap_flux,65266,0,29.42446060362272,15,0.05781071682724056,2,0.37474335795054087,,2,0.042886035608126746,15061,201,201,75.0,4.030415730421843e-06,0.0,,0.0,,0.0,,0.042886035608126746,,,
7013635,K05343.01,FALSE POSITIVE,147.6,4.411,290.625016,,7.873656683599073e-05,0.08778109452736427,1.787633411920453e-05,1.6951096989509529,0.0001490470737567362,0.00023241218283853726,15,14,60|1800,pdcsap_flux,50642,0,29.42398769664578,27,0.0006324013988756792,1,0.003791319458157261,,0,0.0,115,198,76,0.0,2.097357414594263e-05,0.0001610536117554462,-0.1691644163038868,0.00023241218283853726,-0.304340215313565,0.00023241218283853726,-0.304340215313565,0.0,,,
7013923,K07801.01,FALSE POSITIVE,119.4,3.452,2.21396079,469.0,0.0001061274867107942,0.4808756218905492,4.6221561355141993e-05,1.3065891964102327,7.819681383658406e-05,0.0,13,13,1800,pdcsap_flux,50123,0,29.423975296667777,21,0.06496652243481392,1,0.3884045248688227,,0,0.0,13071,201,201,65.0,2.452078132823018e-05,0.0,,0.0,,0.0,,0.0,,,
7019489,K02128.01,FALSE POSITIVE,1540.3,3.897,24.2598301,47.0,0.0013775898380998797,1.4734925373134349,-5.521913782069454e-05,5.045259930798814,0.00011934078342112908,0.0,14,14,1800,pdcsap_flux,54944,0,29.424528832314536,23,0.006693163114938715,1,0.03985876528829353,,0,0.0,1484,201,201,7.0,6.732252047576237e-05,0.00020474492096256292,0.017907102406044057,0.00023046397196291313,0.29400008089726143,0.0,,0.0,,,
7021177,K03452.01,FALSE POSITIVE,433815.0,3.63893,18.64532882,0.0,,,,,,,,,,,,,,,,,,,,,,,,,,,,,,,,,,koi_num_transits is 0,precheck
7021681,K00255.01,CONFIRMED,2312.8,4.047,27.52194772,49.0,0.0022712590481578365,3.463104477611959,-8.267369523595747e-05,15.522254664553953,0.00016876228860140952,0.0,50,17,60|1800,pdcsap_flux,64770,0,29.42441920749843,25,0.00612692828703622,2,0.10233132623127991,,2,0.06780917091245947,1579,201,201,8.0,3.214139895498065e-05,0.00011337256083543412,0.3432233235171848,0.00011952875689924536,0.4795474779037416,0.0,,0.06780917091245947,,,
7021681,K00255.03,FALSE POSITIVE,126.9,2.807,7.7333361,166.0,8.741516421462148e-05,0.3910248756218886,-2.4852324245205892e-06,0.7589481430707417,5.867524111036193e-05,0.0,50,17,60|1800,pdcsap_flux,64770,0,29.42441920749843,17,0.015123917003081418,2,0.1291492975142813,,2,0.04193299366990891,3893,201,201,19.0,2.0879021862848155e-05,0.0,,0.0,,0.0,,0.04193299366990891,,,
7022603,K05346.01,FALSE POSITIVE,51.8,2.253,21.12752693,64.0,6.441342591123611e-05,0.2241791044776109,7.213693553165257e-06,3.515521204752712,9.318454422202471e-06,4.85153413144479e-05,19,18,60|1800,pdcsap_flux,65262,0,29.424433121457696,13,0.004443255488966025,1,0.02667708620636818,,0,0.0,1201,201,201,5.0,4.213346694196307e-06,4.85153413144479e-05,0.053197460055213114,0.00017473511388088614,0.26036424722824747,4.85153413144479e-05,0.053197460055213114,0.0,,,
7025540,K03550.01,FALSE POSITIVE,457844.0,2.94091,2.148219541,1055.0,0.3785721314673356,1.5801904477611919,-0.005984946882653164,244.36341041304638,0.0006520735444960346,0.0014406399554171,14,14,1800,pdcsap_flux,54965,0,29.42452414892614,17,0.05704161717550761,1,0.3411079778040571,,0,0.0,12516,201,201,63.0,9.926465296386366e-05,0.0014406399554171,0.4866286132222156,0.0014406399554171,0.4866286132222156,0.0014406399554171,0.4866286132222156,0.0,,,
7025846,K00565.01,FALSE POSITIVE,175.4,3.156,2.340523247,579.0,0.000181392306012218,1.7585671641790945,-9.600687178923373e-06,6.0099526412272,1.06942972506463e-05,0.0,17,17,1800,pdcsap_flux,64566,0,29.42441971041262,19,0.05618401789794314,1,0.3364619149397516,,0,0.0,14692,201,201,73.0,7.584457511299802e-06,0.0,,0.0,,0.0,,0.0,,,
7031208,K07574.01,FALSE POSITIVE,114.8,5.194,0.566796331,2009.0,6.783008575439453e-05,1.7571741293532361,2.5033950805664062e-05,2.761044907497717,2.3245811462402344e-06,,14,14,1800,pdcsap_flux,54901,0,29.424524987116456,,0.38182439587222144,1,1.0,none,0,0.0,54901,132,132,418.0,,,,,,,,0.0,blanking covers 1.53 of the orbit,,
7031430,K04472.01,FALSE POSITIVE,144.1,5.471,0.566796775,2372.0,0.00011456012725830078,0.7621293532338307,3.045797348022461e-05,1.808049148834053,7.408857345581055e-05,,17,17,1800,pdcsap_flux,64791,0,29.424425829201937,,0.402187068430891,1,1.0,none,0,0.0,64791,125,125,519.0,,,,,,,,0.0,blanking covers 1.61 of the orbit,,
7032968,K06812.01,FALSE POSITIVE,7.5,3.074,0.56678702,2359.0,7.3662134902896526e-06,0.3670447761194045,-4.494638616847624e-07,1.9186375126197237,2.073320262141465e-06,,18,18,1800,pdcsap_flux,65217,0,29.424445442855358,19,0.2259814159705586,1,0.6780134014137418,primary_only,0,0.0,58963,201,201,294.0,,,,,,,,0.0,blanking covers 0.90 of the orbit,,
7045435,K04608.01,FALSE POSITIVE,247.5,4.5838,0.93479255,1435.0,0.0001872911985882908,2.7365970149253562,-3.3382727677389035e-05,6.978702272552357,4.635444896816665e-07,,17,17,1800,pdcsap_flux,64718,0,29.42444301210344,29,0.20431449380578254,1,0.6130288327822244,primary_only,0,0.0,52872,201,201,261.0,,,,,,,,0.0,blanking covers 0.82 of the orbit,,
7046035,K04424.01,CONFIRMED,82.4,4.054,2.27164952,589.0,7.40840250504915e-05,0.4033830845771118,-7.69014994173034e-06,1.7651453859020612,9.03116333328402e-06,0.0,17,17,1800,pdcsap_flux,64730,0,29.42444249871187,25,0.07435859501190425,1,0.4454039857871157,,0,0.0,19212,201,201,95.0,1.2736791239583256e-05,0.0,,0.0,,0.0,,0.0,,,
7046804,K00205.01,CONFIRMED,9763.3,3.0039,11.720123999,111.0,0.009495351767532467,2.3911641791044858,0.00010114856499410241,115.01873475554099,6.438562472910192e-05,0.0,27,17,60|1800,pdcsap_flux,64788,0,29.424441660521552,19,0.010679281209881333,1,0.06336049885781317,,0,0.0,2658,201,201,13.0,1.7651788341060025e-05,5.5198072942297394e-05,0.3423416646130047,5.5198072942297394e-05,0.3423416646130047,0.0,,0.0,,,
7049771,K08132.01,FALSE POSITIVE,362.9,16.121,381.85852,3.0,0.0003116215758820484,4.491422885572163,9.220077428562234e-05,2.0507603091955717,6.364983606299557e-05,0.00021295406027643793,18,18,1800,pdcsap_flux,65242,0,29.424458434805274,99,0.0017590502716381272,1,0.00890530639771926,,0,0.0,392,201,201,2.0,5.403423639904234e-05,0.00021295406027643793,-0.16489094615781497,0.00021295406027643793,-0.16489094615781497,0.00021295406027643793,-0.16489094615781497,0.0,,,
7052511,K04824.01,FALSE POSITIVE,127.1,2.433,0.821472455,766.0,0.0001058522207443291,0.1936716417910449,7.292304618267131e-06,1.4044544836528958,4.308792877494305e-06,0.0,9,9,1800,pdcsap_flux,30534,0,29.425304671749473,15,0.1234064506764259,1,0.7402895133294033,,0,0.0,15095,201,201,75.0,2.0680839099180457e-05,0.0,,0.0,,0.0,,0.0,,,
7091432,K03353.01,CONFIRMED,250.0,3.499,11.55532445,113.0,0.00021671954887403366,0.9052139303482558,2.7876817724203917e-06,2.169325833846054,4.380179713381338e-07,0.0,17,17,1800,pdcsap_flux,64760,0,29.42440294660628,21,0.012616838869173135,1,0.07546324891908586,,0,0.0,3220,201,201,16.0,2.4707716138718516e-05,0.0,,0.0,,0.0,,0.0,,,
7101828,K00455.01,FALSE POSITIVE,910.0,4.066,47.878243,27.0,0.0007375843716469488,2.26563184079603,-6.637900083295012e-05,5.937012511734693,5.879232015781888e-06,0.00012341684790095897,17,17,1800,pdcsap_flux,64788,0,29.424411653308198,25,0.003538489636444401,1,0.020312403531518183,,0,0.0,900,201,201,4.0,3.0949074345513325e-05,0.00012341684790095897,-0.4504445178526726,0.00014000162497973534,-0.4535406962845614,0.00012341684790095897,-0.4504445178526726,0.0,,,
7115332,K06822.01,FALSE POSITIVE,68.9,4.399,0.566794934,1222.0,5.4717063903808594e-05,1.3131343283582046,1.1801719665527344e-05,2.5170021024370506,9.715557098388672e-06,,9,9,1800,pdcsap_flux,33253,0,29.425241933204234,,0.3233826833509889,1,1.0,none,0,0.0,33253,156,156,214.0,,,,,,,,0.0,blanking covers 1.29 of the orbit,,
7115597,K06824.01,FALSE POSITIVE,125.7,2.77,0.566791946,2011.0,0.00015122049927918102,0.8819900497512378,-1.643060525935436e-05,1.775760885039101,3.8872003044310155e-05,,14,14,1800,pdcsap_flux,54963,0,29.424522970221005,17,0.2036314515073696,1,0.6113021487182286,primary_only,0,0.0,44778,201,201,223.0,,,,,,,,0.0,blanking covers 0.81 of the orbit,,
7117050,K08135.01,FALSE POSITIVE,231.2,19.722,73.836858,19.0,0.00021475671246851125,1.1774328358208965,2.6326465281889533e-05,1.1997697528519025,6.033277928241265e-05,0.00038720730432306727,18,18,1800,pdcsap_flux,65263,0,29.42444351501763,121,0.011129265549192248,1,0.06772597030476686,,0,0.0,3000,201,201,15.0,7.949163946414754e-05,0.00038720730432306727,-0.0353485794069122,0.00038720730432306727,-0.0353485794069122,0.00038720730432306727,-0.0353485794069122,0.0,,,
7129465,K06155.01,FALSE POSITIVE,286812.0,4.02594,2.745910734,0.0,,,,,,,,,,,,,,,,,,,,,,,,,,,,,,,,,,koi_num_transits is 0,precheck
7132798,K00220.01,CONFIRMED,1871.8,2.5613,2.422084188,551.0,0.0018178830186520445,2.1917592039801175,-3.2794167183269884e-05,54.77334884829682,1.770169641013286e-05,0.0,17,17,1800,pdcsap_flux,64780,0,29.424442331073806,15,0.04406157055236651,2,0.3294689719049089,,1,0.08811361531336832,11443,201,201,57.0,9.0103298167282e-06,0.0,,0.0,,0.0,,0.08811361531336832,,,
7132798,K00220.02,CONFIRMED,114.7,2.877,4.12511935,298.0,0.00011111170407784865,0.2290149253731355,-8.462774903850168e-06,1.5462918221075201,1.7739943132366598e-05,0.0,17,17,1800,pdcsap_flux,64780,0,29.424442331073806,17,0.029059765264731065,2,0.28510342698363694,,1,0.13254090768755789,7607,201,201,38.0,7.581422794586112e-06,2.386670080345432e-05,-0.24206216311923368,2.386670080345432e-05,-0.24206216311923368,0.0,,0.13254090768755789,,,
7133294,K04473.01,CONFIRMED,75.0,8.331,13.6471211,99.0,6.811688651109371e-05,3.481611940298527,-6.557465684231545e-06,2.0878561126017168,1.6290709723643104e-05,0.0,17,17,1800,pdcsap_flux,64750,0,29.424443347379565,51,0.025435767548072828,1,0.1531891891891892,,0,0.0,6636,201,201,33.0,7.83588180103193e-06,0.0,,0.0,,0.0,,0.0,,,
7136958,K03350.01,FALSE POSITIVE,71432.1,7.19844,29.015852933,42.0,0.06588144576192667,0.7162626865671662,-0.0034162276355969023,465.4426111456078,0.0004134835445730456,0.05966757445824711,14,14,1800,pdcsap_flux,54968,0,29.424509899690747,45,0.010336935491525086,1,0.06056250909620143,,0,0.0,2211,201,157,9.0,5.0132275142006726e-05,0.05966757445824711,-0.37573940032764513,0.05966757445824711,-0.37573940032764513,0.05966757445824711,-0.37573940032764513,0.0,,,
7174617,K06156.01,FALSE POSITIVE,96134.0,2.1988,1.608363345,831.0,0.08951549014173421,1.3127164179104511,-0.0022385157329275485,387.1356312029696,4.672589979604069e-05,0.0022780071049186557,17,17,1800,pdcsap_flux,64794,0,29.42440261133015,13,0.05696266764066714,1,0.34225391239929626,,0,0.0,14757,201,201,72.0,5.754023505304482e-05,0.0022780071049186557,0.49272856733147685,0.0022780071049186557,0.49272856733147685,0.0022780071049186557,0.49272856733147685,0.0,,,
7177766,K07819.01,FALSE POSITIVE,44.8,1.5364,0.769358923,1740.0,3.4991212058410603e-05,0.5197771144278597,-5.795111011064336e-07,1.8410240125498996,7.736623071186166e-06,3.971907531363783e-05,18,18,1800,pdcsap_flux,65261,0,29.424418280250393,9,0.0832078042547986,1,0.499011660869432,,0,0.0,21754,201,201,108.0,1.1345797136771639e-05,3.971907531363783e-05,-0.4975163817521036,3.971907531363783e-05,-0.4975163817521036,3.971907531363783e-05,-0.4975163817521036,0.0,,,
7184556,K05364.01,FALSE POSITIVE,,2.12,93.6452481,,0.00036148609087394146,0.12656716417910374,-0.000262584522766951,0.7206172193448729,0.0006335612999318618,0.0,16,16,1800,pdcsap_flux,63111,0,29.424367072060704,13,0.0009432761952748068,1,0.005862686377968975,,0,0.0,234,198,146,1.0,0.00014108516169217925,0.0005274561266389588,0.0026771546321463376,0.0005274561266389588,0.0026771546321463376,0.0,,0.0,,,
7185487,K06839.01,FALSE POSITIVE,704.0,0.996,0.53482911,164.0,0.0006208713338533567,0.09910447761193963,2.7942448362017203e-05,1.3126906717484985,0.0003045940287248472,0.0,1,1,1800,pdcsap_flux,4224,0,29.42324347794056,7,0.0775948788576598,1,0.4659090909090909,,0,0.0,1321,201,201,6.0,8.704425314964181e-05,0.0002639006109814712,0.402107961627868,0.0002639006109814712,0.402107961627868,0.0,,0.0,,,
7198881,K06158.01,FALSE POSITIVE,1020.0,7.607,182.467019,,0.00039035924999752947,0.3027661691542285,-0.0005874016870015542,0.5697725148097866,7.523770005013475e-06,0.0,18,18,1800,pdcsap_flux,65253,0,29.424442923045717,47,0.0017370719106960001,2,0.012673746800913368,,1,0.002789143794155058,369,200,134,3.0,0.0005786126090765162,0.0,,0.0,,0.0,,0.002789143794155058,,,
7198881,K06158.02,FALSE POSITIVE,,2.5,126.57837267,,1.8135594129997656e-05,0.2487562189054725,-6.299945474130819e-05,0.03652130820329177,7.5456339101998e-05,0.0008551203782192207,18,18,1800,pdcsap_flux,65253,0,29.424442923045717,15,0.0008229420592903146,2,0.009624078586425146,,1,0.00424501555484039,239,200,179,1.0,0.00025831162732663037,0.0008551203782192207,0.4993708436097245,0.0008551203782192207,0.4993708436097245,0.0008551203782192207,0.4993708436097245,0.00424501555484039,,,
7202957,K02687.01,CONFIRMED,59.5,2.068,1.716828304,782.0,5.8997193600029973e-05,1.8107860696517508,-3.226455396299066e-06,7.373852075139648,1.5471775116626674e-07,0.0,28,18,60|1800,pdcsap_flux,65262,0,29.424447370693088,13,0.050189449035706636,2,0.3381753547240354,,1,0.05188317857252306,13117,201,201,65.0,3.2142342648262432e-06,0.0,,0.0,,0.0,,0.05188317857252306,,,
7202957,K02687.02,CONFIRMED,104.9,3.337,8.16733851,153.0,9.815861577677776e-05,2.324278606965163,-1.0907096749557255e-05,4.292704906789391,8.649103837243821e-06,3.170694065912638e-05,28,18,60|1800,pdcsap_flux,65262,0,29.424447370693088,21,0.017024109689640705,2,0.2387606876896203,,1,0.15076154576936043,4520,201,201,23.0,8.030635349313741e-06,2.893408182480517e-05,-0.15312946112070233,3.170694065912638e-05,-0.05311281669406354,3.170694065912638e-05,-0.05311281669406354,0.15076154576936043,,,
7222086,K01701.01,FALSE POSITIVE,82.5,1.1598,2.43902575,551.0,7.580125901263113e-05,0.7385791044776086,-3.3382764935696585e-06,5.120491103001235,2.8568595768163618e-05,0.0,22,18,60|1800,pdcsap_flux,64777,0,29.42445968685206,7,0.019813238954119284,1,0.11852972505673309,,0,0.0,5158,201,201,26.0,3.595487074256398e-06,1.0828724048228544e-05,-0.24488042616069375,1.195427210609612e-05,-0.22011387746804467,0.0,,0.0,,,
7257363,K02292.01,FALSE POSITIVE,242.1,3.242,5.23340265,257.0,0.0002894170961670328,0.38710447761194255,6.417447262230258e-05,2.4414198024846807,1.742624596368092e-05,0.0,17,17,1800,pdcsap_flux,64744,0,29.42440294660628,19,0.025811760028312234,1,0.15312615840850116,,0,0.0,6549,201,201,33.0,2.7980550896241537e-05,0.0,,0.0,,0.0,,0.0,,,
7269881,K02916.01,FALSE POSITIVE,119.2,0.5925,0.306937807,2173.0,8.260634154644286e-05,0.4716417910447746,-2.66070855647893e-06,3.1451843872895098,1.0032717356889265e-05,0.0,17,17,1800,pdcsap_flux,64756,0,29.42441819119267,5,0.08043160352676919,1,0.4826579776391377,,0,0.0,20850,201,201,103.0,6.503441648561625e-06,2.0763572347592962e-05,0.49535360649385873,2.0763572347592962e-05,0.49535360649385873,0.0,,0.0,,,
7270230,K00876.01,FALSE POSITIVE,20285.0,2.0488,6.998099523,192.0,0.018251054274422307,1.223164179104484,-0.0005136235690921254,111.71701213449457,0.0004955612937043163,0.0005535890774617247,17,17,1800,pdcsap_flux,64792,0,29.42441870458424,13,0.012198549961471685,1,0.07167551549574021,,0,0.0,3197,201,201,15.0,4.887176617740547e-05,0.0005535890774617247,-0.49984681562392647,0.0005535890774617247,-0.49984681562392647,0.0005535890774617247,-0.49984681562392647,0.0,,,
7281484,K04536.01,FALSE POSITIVE,12.3,3.909,0.566800593,2375.0,1.2278556823730469e-05,1.322447761194026,1.5497207641601562e-06,1.5268691917821826,2.592802047729492e-06,,18,18,1800,pdcsap_flux,65248,0,29.424444185569882,,0.28735855609805266,1,1.0,none,0,0.0,65248,175,175,373.0,,,,,,,,0.0,blanking covers 1.15 of the orbit,,
7286911,K02180.01,CONFIRMED,441.5,1.6758,11.55562042,117.0,0.00036433088197851404,0.6002865671641802,-3.78193667005533e-05,3.0992769813901457,3.157620803195815e-05,0.0,17,17,1800,pdcsap_flux,64769,0,29.424437307170592,11,0.006042514158664273,1,0.036190152696506044,,0,0.0,1577,201,201,7.0,2.811484278178179e-05,0.00012142009227544825,-0.1442417906004238,0.00012142009227544825,-0.1442417906004238,0.0,,0.0,,,
7287415,K01369.01,CONFIRMED,222.5,2.8349,3.016182013,449.0,0.00019317124589035561,1.8617253731343197,1.7235947861626855e-05,3.8269166232286302,4.3935228137947924e-05,0.0,17,17,1800,pdcsap_flux,64714,0,29.424438475398347,17,0.0391623691223615,1,0.23484871897889173,,0,0.0,10298,201,201,51.0,1.1282680075846872e-05,0.0,,0.0,,0.0,,0.0,,,
7288444,K03482.01,CONFIRMED,179.2,5.467,15.3317719,88.0,0.00015268089158237963,1.5231442786069604,-8.366515134028418e-07,1.9848655316847408,2.7708335166964915e-05,0.0,17,17,1800,pdcsap_flux,64722,0,29.424438978312537,33,0.014857491237960999,1,0.09027842155681222,,0,0.0,3901,201,201,20.0,2.4135400021549192e-05,0.0,,0.0,,0.0,,0.0,,,
7289577,K01974.01,CONFIRMED,1269.6,3.792,109.4450597,11.0,0.0010348934650047381,0.3018507462686566,7.635163070340845e-06,4.067584564777988,0.0002066265955891211,0.0,15,15,1800,pdcsap_flux,56046,0,29.424411150394008,23,0.001443646706695524,1,0.009046140670163794,,0,0.0,335,200,152,2.0,6.960233114332544e-05,0.00022239260687528795,0.1826709481103536,0.00022239260687528795,0.1826709481103536,0.0,,0.0,,,
7303253,K00878.01,CONFIRMED,1200.7,5.073,23.58917143,56.0,0.001131110649877476,3.7353432835820755,-6.415633525103104e-06,9.453838334950367,5.806389870022244e-06,0.0,17,17,1800,pdcsap_flux,64734,0,29.424445861950517,31,0.008960679294194269,1,0.05224457008681682,,0,0.0,2274,201,201,12.0,3.0410315756574467e-05,0.00010325741753636208,0.4688834757580615,0.00010325741753636208,0.4688834757580615,0.0,,0.0,,,
7353970,K03574.01,FALSE POSITIVE,39943.0,9.9776,198.443477,8.0,,,,,,0.005632930847631612,17,17,1800,pdcsap_flux,64567,0,29.424422382144257,61,0.002094971019547966,1,0.01225084021249245,,0,0.0,532,201,167,3.0,2.936830429142041e-05,0.00014414304355547802,0.2421497708897665,0.005632930847631612,-0.4855907870257185,0.005632930847631612,-0.4855907870257185,0.0,,,
7362534,K06864.01,FALSE POSITIVE,25.4,4.008,0.566789763,2361.0,1.7195940017700195e-05,0.7976119402985034,-1.3113021850585938e-06,1.5692789041048203,9.5367431640625e-07,,17,17,1800,pdcsap_flux,64739,0,29.42443135601934,,0.294641877644498,1,1.0,none,0,0.0,64739,171,171,380.0,,,,,,,,0.0,blanking covers 1.18 of the orbit,,
7362852,K06036.01,FALSE POSITIVE,316750.0,6.90375,3.518356021,0.0,,,,,,,,,,,,,,,,,,,,,,,,,,,,,,,,,,koi_num_transits is 0,precheck
7364176,K00373.01,CONFIRMED,663.4,8.8191,135.1879934,10.0,0.0006341360015247322,0.5265134328358234,-1.669610234400487e-06,14.028436265778547,6.72771007537154e-06,5.2518304586191e-05,18,17,60|1800,pdcsap_flux,64760,0,29.424432943342254,53,0.002718159288841105,1,0.015904879555281037,,0,0.0,706,200,144,3.0,1.4184396192459237e-05,5.2518304586191e-05,0.3273444670397522,5.6687491872042806e-05,0.2790971396628192,5.2518304586191e-05,0.3273444670397522,0.0,,,
7377033,K00882.01,FALSE POSITIVE,24905.0,2.1958,1.956811408,685.0,0.022276122101589912,1.310925373134335,-0.0005849523365577536,291.6945886799842,0.0031299664600057397,0.0,17,17,1800,pdcsap_flux,64793,0,29.424441335722804,13,0.04675548511860816,1,0.28064760082107637,,0,0.0,12145,201,201,61.0,1.8651172951876238e-05,7.094558308096133e-05,-0.45908606230723953,7.094558308096133e-05,-0.45908606230723953,0.0,,0.0,,,
7379385,K02207.01,FALSE POSITIVE,379.1,25.01,67.230028,21.0,0.0003485689227835653,20.406169154228863,7.633361659431515e-07,5.450065853722888,4.321942718743532e-05,6.796028325828374e-05,17,17,1800,pdcsap_flux,64742,0,29.42444401793182,153,0.015500266240158838,1,0.09423558123011337,,0,0.0,4119,201,201,21.0,1.6699630141924325e-05,6.796028325828374e-05,0.3777146313467461,6.796028325828374e-05,0.3777146313467461,6.796028325828374e-05,0.3777146313467461,0.0,,,
7430876,K03193.01,FALSE POSITIVE,1321.4,2.886,32.6122381,29.0,0.0009451528337438564,0.2871641791044772,0.0003262853170779012,3.749001460195017,0.00034213853372577763,0.0,12,12,1800,pdcsap_flux,46326,0,29.424347458407283,17,0.0036872661002680467,1,0.02307559469844148,,0,0.0,680,201,133,3.0,8.196472181926041e-05,0.0002721493348515347,0.4989962680561378,0.0002721493348515347,0.4989962680561378,0.0,,0.0,,,
7439316,K01501.01,CONFIRMED,499.4,2.046,2.617028373,514.0,0.00047477869949485996,1.2214925373134233,7.052726803569165e-06,4.819816989567787,3.4378383330091467e-05,0.0,17,17,1800,pdcsap_flux,64723,0,29.424424404278398,13,0.032575114920238575,1,0.1952474390865689,,0,0.0,8522,201,201,42.0,2.716523050220396e-05,0.0,,0.0,,0.0,,0.0,,,
7449541,K02063.01,CONFIRMED,285.8,4.4302,3.00725068,455.0,0.0002501367527023568,2.115916417910436,-2.8159406936012488e-05,3.90879311760308,4.252591948139539e-05,0.0,17,17,1800,pdcsap_flux,64738,0,29.42443763720803,27,0.06138220132239414,1,0.3685316197596466,,0,0.0,16101,201,201,80.0,1.2883185346874049e-05,0.0,,0.0,,0.0,,0.0,,,
7455287,K00886.01,CONFIRMED,1333.6,2.312,8.01078456,168.0,0.0008839443935557689,0.8281791044776057,4.154062275729675e-05,4.389462560030083,0.00010478170995298353,0.0,34,17,60|1800,pdcsap_flux,64759,0,29.424438821151853,15,0.012025455510856146,3,0.1279204434904801,,2,0.05935854475825754,3145,201,201,15.0,4.959299032862072e-05,0.0,,0.0,,0.0,,0.05935854475825754,,,
7455287,K00886.02,CONFIRMED,759.2,4.3224,12.07134205,112.0,0.0004580406414682603,0.9461970149253776,-6.495886492374758e-05,2.7077389523501205,0.00010467974588102003,0.0,34,17,60|1800,pdcsap_flux,64759,0,29.424438821151853,27,0.014919633563030384,3,0.13704658811902592,,2,0.0511434704056579,3863,201,201,19.0,4.3752571141665616e-05,0.00020560669391456177,-0.47944782235662625,0.00020560669391456177,-0.47944782235662625,0.0,,0.0511434704056579,,,
7455287,K00886.03,CONFIRMED,767.3,2.6333,20.99587872,55.0,0.0006394187889835479,0.5240398009950287,1.0925373125636462e-05,2.5702272385265887,8.286136733759442e-06,0.0,34,17,60|1800,pdcsap_flux,64759,0,29.424438821151853,17,0.005225827163347862,3,0.10909680507728656,,2,0.07995799811609197,1337,201,201,7.0,7.561111872783573e-05,0.0,,0.0,,0.0,,0.07995799811609197,,,
7455981,K03096.01,CONFIRMED,79.7,7.183,14.4540329,95.0,8.627843440056626e-05,2.0012338308457616,-1.0724547641061122e-06,3.4212887230687468,1.849237286655203e-05,0.0,17,17,1800,pdcsap_flux,64721,0,29.424441922456026,43,0.020706447033662603,1,0.12357658256207413,,0,0.0,5376,201,201,27.0,6.733733771713535e-06,0.0,,0.0,,0.0,,0.0,,,
7463685,K02890.01,CONFIRMED,160.8,4.96,8.98826122,148.0,0.0001450577962163191,0.6909452736318349,1.5471405769185154e-05,2.1218159569391557,1.9759931491059035e-07,0.0,17,17,1800,pdcsap_flux,64730,0,29.424445359036326,31,0.022992952875780646,1,0.139147226942685,,0,0.0,5888,201,201,29.0,1.7985404525781055e-05,5.664760614554343e-05,0.48007987809935027,5.664760614554343e-05,0.48007987809935027,0.0,,0.0,,,
7499571,K06883.01,FALSE POSITIVE,533.5,12.81,533.6593,3.0,0.0004460488777658922,3.568955223880579,9.10043858080023e-05,1.4875302027588262,0.00030538752640940636,0.0,17,17,1800,pdcsap_flux,64734,0,29.424402778968215,79,0.001000169958623414,1,0.005993759075601693,,0,0.0,310,201,199,2.0,0.00010127577942230276,0.00035661246873897046,0.1877582181326109,0.0006296251354239724,-0.00552462637137001,0.0,,0.0,,,
7512982,K01480.01,CONFIRMED,1597.1,3.7922,20.38174802,67.0,0.0015152322916700545,3.396000000000001,-2.7587902373893414e-05,8.612023118038648,1.1079868725838438e-05,0.0,17,17,1800,pdcsap_flux,64770,0,29.424414010718465,23,0.007752442684419633,1,0.09289794658020689,,1,0.04886521537748958,2043,201,201,10.0,5.522923597305746e-05,0.0,,0.0,,0.0,,0.04886521537748958,,,
7531677,K02601.01,FALSE POSITIVE,128.2,4.735,2.622134451,510.0,0.00013353421941342258,2.826865671641805,-7.268176468788745e-06,6.200616424298029,5.763931117508392e-06,0.0,17,17,1800,pdcsap_flux,64740,0,29.424436966655776,29,0.07524086592563009,1,0.45089589125733703,,0,0.0,19455,201,201,97.0,5.040216022719024e-06,0.0,,0.0,,0.0,,0.0,,,
7543649,K01469.01,FALSE POSITIVE,1534.4,4.4228,3.582076914,312.0,0.0014101985917954751,2.7284935323383257,-0.00010220986069808813,28.387847273392,7.16285686295226e-05,0.00011200397651400795,14,14,1800,pdcsap_flux,54932,0,29.42450955393724,27,0.051445945399187294,1,0.3064152042525304,,0,0.0,11214,201,201,56.0,1.8626062741868454e-05,0.00011200397651400795,-0.49834261236786825,0.00011200397651400795,-0.49834261236786825,0.00011200397651400795,-0.49834261236786825,0.0,,,
7584650,K02631.01,CONFIRMED,170.2,9.686,44.9977604,31.0,0.00015214004317976038,4.240636815920397,-1.5809096867491768e-05,3.2823997746051377,5.368366796576485e-05,0.0,18,18,1800,pdcsap_flux,65209,0,29.42441869934555,59,0.008968964893935774,2,0.12619423699182628,,1,0.07554171970126823,2422,201,201,12.0,1.3047462171940859e-05,4.049951224960324e-05,0.49219443788722106,4.049951224960324e-05,0.49219443788722106,0.0,,0.07554171970126823,,,
7584650,K02631.02,FALSE POSITIVE,,2.37,3.95383243,,1.3837186281895342e-05,0.1886567164179101,-7.501773455542704e-06,0.49360939182287084,8.113701037149035e-06,0.0,18,18,1800,pdcsap_flux,65209,0,29.42441869934555,15,0.024975767625033115,2,0.17399438727782976,,1,0.027833581254121362,6549,201,201,32.0,7.29516441350837e-06,2.214422510782299e-05,-0.4978392420479953,2.214422510782299e-05,-0.4978392420479953,0.0,,0.027833581254121362,,,
7588436,K06888.01,FALSE POSITIVE,62.3,3.416,23.3924063,58.0,4.555619718904502e-05,0.5438407960199003,2.0188700257106618e-05,0.8881034860032724,3.0121006579175713e-05,5.016103886013035e-05,18,18,1800,pdcsap_flux,65103,0,29.424419794231653,21,0.006084595637915768,1,0.036787859238437554,,0,0.0,1605,201,201,8.0,1.2630083628562149e-05,5.016103886013035e-05,-0.15161647193712138,5.016103886013035e-05,-0.15161647193712138,5.016103886013035e-05,-0.15161647193712138,0.0,,,
7593110,K01748.01,FALSE POSITIVE,50664.0,2.4342,3.549386251,317.0,0.04562157393038735,1.4532537313432758,-0.0013898418695190706,261.95180075896764,4.7927123870805666e-05,0.0014256844614920494,14,14,1800,pdcsap_flux,54964,0,29.424525490030646,15,0.028575362845174892,1,0.17200349319554617,,0,0.0,6225,201,201,31.0,3.757783251998988e-05,0.0014256844614920494,-0.49990810263940766,0.0014256844614920494,-0.49990810263940766,0.0014256844614920494,-0.49990810263940766,0.0,,,
7596240,K04295.01,CONFIRMED,167.3,3.534,13.3997555,99.0,0.00017925972330445905,0.49229850746268466,-9.909866668600387e-06,2.3014969547034094,0.00010300856373912648,0.0,17,17,1800,pdcsap_flux,64704,0,29.42442004568875,21,0.010989006478513731,1,0.06497279920870426,,0,0.0,2804,201,201,14.0,2.0005177400091046e-05,6.0732640552285666e-05,0.3969814983562276,7.500021345074881e-05,-0.49038077478375763,0.0,,0.0,,,
7599004,K05403.01,FALSE POSITIVE,3364.7,2.6311,2.41172358,40.0,0.0029696161661990628,1.5708059701492605,-0.00010405949052216812,19.521780493060803,0.00032467193971330577,0.0,2,2,1800,pdcsap_flux,4817,0,29.42497173731681,17,0.0454567710726893,1,0.27631305791986716,,0,0.0,895,201,201,4.0,3.4382544370231446e-05,0.0,,0.0,,0.0,,0.0,,,
7601918,K04133.01,FALSE POSITIVE,45.0,1.0628,0.621361411,2149.0,4.036305589338873e-05,0.46530547263681277,-6.3497705892201495e-06,4.1503901066390165,3.2132147321783933e-06,1.4772899986748023e-05,17,17,1800,pdcsap_flux,64772,0,29.424423387972638,7,0.07126823866011424,1,0.42711356759093433,,0,0.0,18438,201,201,92.0,4.006922969052184e-06,1.4772899986748023e-05,-0.49849376547363267,1.4772899986748023e-05,-0.49849376547363267,1.4772899986748023e-05,-0.49849376547363267,0.0,,,
7609553,K02924.01,CONFIRMED,126.8,1.6202,2.279523364,584.0,6.428087176546526e-05,0.09672835820895509,4.106059735176082e-05,0.348166068167611,0.0001035359925475321,0.0,17,17,1800,pdcsap_flux,64793,0,29.424431937513873,9,0.029615109193209976,1,0.1844643711512046,,1,0.008380534934329326,7628,201,201,40.0,4.423193514309662e-05,0.0,,0.0,,0.0,,0.008380534934329326,,,
7612691,K03836.01,FALSE POSITIVE,1317.3,11.01,3.46724809,327.0,0.0013004532212710362,7.2304477611939895,9.938962384425931e-05,9.996346906299548,6.847749287974825e-05,0.0003210070688727251,14,14,1800,pdcsap_flux,54930,0,29.42451643757522,67,0.13230954004217219,1,0.39437465865647187,primary_only,0,0.0,28962,201,201,144.0,5.484895236753364e-05,0.0003210070688727251,-0.49956832052685063,0.0003210070688727251,-0.49956832052685063,0.0003210070688727251,-0.49956832052685063,0.0,,,
7620660,K03832.01,FALSE POSITIVE,3122.5,8.367,5.36652724,214.0,0.0028484686906425916,4.995223880597022,1.2696495223174509e-05,23.828267063204848,2.3768073097896192e-05,0.0010654637666355216,14,14,1800,pdcsap_flux,54953,0,29.424511156976223,51,0.06496286786760073,1,0.3900605972376394,,0,0.0,14416,201,201,72.0,6.58313393059739e-05,0.0010654637666355216,-0.4964952672978317,0.0010654637666355216,-0.4964952672978317,0.0010654637666355216,-0.4964952672978317,0.0,,,
7620844,K03551.01,FALSE POSITIVE,142951.0,8.52961,58.621578824,23.0,0.12473884000812874,4.752817512437828,-0.0018354698180258477,763.9485754177548,0.0010692045637498149,0.014784036009073409,17,17,1800,pdcsap_flux,64794,0,29.42444066517055,53,0.006062621031304667,1,0.035960119764175694,,0,0.0,1550,201,201,7.0,4.984404643578345e-05,0.014784036009073409,-0.45829372431574705,0.014784036009073409,-0.45829372431574705,0.014784036009073409,-0.45829372431574705,0.0,,,
7622486,K01447.01,FALSE POSITIVE,159414.0,6.0203,40.24649897,32.0,0.14351699152051878,3.474401990049758,-0.0016955366652756654,59.86856530663261,0.0014893546280000391,0.0007294071765628907,25,17,60|1800,pdcsap_flux,64794,0,29.424441838636994,37,0.006232736753582354,2,0.3428095193999444,,1,0.3175139673426552,1525,201,201,8.0,0.00011068417852051353,0.0007294071765628907,0.49179433668397127,0.0007294071765628907,0.49179433668397127,0.0007294071765628907,0.49179433668397127,0.3175139673426552,,,
7622486,K01447.02,FALSE POSITIVE,12831.0,5.7777,2.27999662,581.0,0.013691669343394608,4.484185074626879,-0.0002733326517047052,5.17931760821937,1.0028451561394647e-05,0.0,25,17,60|1800,pdcsap_flux,64794,0,29.424441838636994,35,0.10558677933478693,2,0.639688860079637,,1,0.017609655214989042,27418,201,201,136.0,0.0036190856159571336,0.0,,0.0,,0.0,,0.017609655214989042,,,
7659389,K02734.01,CONFIRMED,857.2,1.8057,3.8259005,298.0,0.0007688511953624078,0.9342925373134277,-3.1834453921075756e-05,4.9144078040363866,0.00010321315821348875,0.0,14,14,1800,pdcsap_flux,54965,0,29.424539571627975,11,0.01966530493932082,1,0.11885745474392795,,0,0.0,4325,201,201,22.0,4.311974683396651e-05,0.0001988533865985298,-0.4994979874486506,0.0001988533865985298,-0.4994979874486506,0.0,,0.0,,,
7671594,K06902.01,FALSE POSITIVE,375227.0,1.11196,0.705174384,1891.0,0.0733815569786701,0.7302423880597038,-0.0017256817548702008,179.4524416641687,0.032716544136588865,0.0,17,17,1800,pdcsap_flux,64779,0,29.42441819643136,7,0.06570242441856293,1,0.3944488182898779,,0,0.0,16999,201,201,85.0,0.00013231752540215157,0.0,,0.0,,0.0,,0.0,,,
7677005,K06903.01,FALSE POSITIVE,308873.0,8.82403,38.058140058,0.0,,,,,,,,,,,,,,,,,,,,,,,,,,,,,,,,,,koi_num_transits is 0,precheck
7678434,K00892.01,CONFIRMED,1254.9,3.035,10.37168928,128.0,0.001153417032599191,1.5703482587064685,-2.002410057755366e-05,8.993218059254179,5.400976412051062e-05,0.0,17,17,1800,pdcsap_flux,64786,0,29.42442406900227,19,0.01219264576091633,2,0.10749235946037725,,1,0.036273268916123855,3117,201,201,15.0,3.4347000885705166e-05,0.0,,0.0,,0.0,,0.036273268916123855,,,
7678434,K00892.02,CONFIRMED,299.2,1.1757,3.96996298,320.0,0.000267740355890278,0.2339701492537304,-2.0977513804920633e-06,1.8899281763150684,4.964825915609872e-05,0.0,17,17,1800,pdcsap_flux,64786,0,29.42442406900227,7,0.01233953572030538,2,0.10616491217238293,,1,0.036057172845985246,3127,201,201,15.0,2.980594742303517e-05,9.352226502135075e-05,-0.4984513096046244,9.352226502135075e-05,-0.4984513096046244,0.0,,0.036057172845985246,,,
7698701,K04322.01,FALSE POSITIVE,545.8,10.558,370.90237,,0.00017350632606871752,1.4707661691542318,3.569299009276161e-05,0.606263339610735,0.0002460534958119709,0.0,17,17,1800,pdcsap_flux,64743,0,29.424443766474724,65,0.001186071328330058,2,0.009931575614352131,,1,0.0027184406036173795,343,201,201,2.0,6.402176516078901e-05,0.00019490429631063844,0.013130757428981343,0.00026241774430824094,0.32832921293272116,0.0,,0.0027184406036173795,,,
7698701,K04322.02,FALSE POSITIVE,397.0,5.863,321.55087,,0.00015540962614901677,0.23335323383084638,-4.897890428445795e-05,0.5447036931633792,0.00027550432191858487,0.0003476002091351571,17,17,1800,pdcsap_flux,64743,0,29.424443766474724,35,0.0007597294532795595,2,0.008340670033826051,,1,0.0039849867939391135,236,199,149,1.0,7.671829385448434e-05,0.0003476002091351571,-0.27529187068160105,0.0003476002091351571,-0.27529187068160105,0.0003476002091351571,-0.27529187068160105,0.0039849867939391135,,,
7700561,K05414.01,FALSE POSITIVE,1282.0,4.8361,1.507099289,872.0,0.0011414130575668757,2.5985014925373147,-1.2462171641414166e-05,19.130594236036977,2.512424051470674e-06,0.00017999829773707177,16,16,1800,pdcsap_flux,63130,0,29.424392553046346,29,0.13370331214234066,1,0.4008395374623792,primary_only,0,0.0,33741,201,201,168.0,4.112324244138066e-05,0.00017999829773707177,-0.4986084646001542,0.00017999829773707177,-0.4986084646001542,0.00017999829773707177,-0.4986084646001542,0.0,,,
7700578,K06908.01,FALSE POSITIVE,497657.0,5.8097,1.507100589,0.0,,,,,,,,,,,,,,,,,,,,,,,,,,,,,,,,,,koi_num_transits is 0,precheck
7742408,K03478.01,CONFIRMED,163.5,4.833,33.4969115,40.0,0.0001678335601377201,0.4808955223880586,-3.448638932257442e-05,2.9719722510128883,6.999223508663555e-06,0.000191431446697643,18,18,1800,pdcsap_flux,65260,0,29.424431612715125,29,0.006011748277150865,1,0.035657370517928284,,0,0.0,1503,201,201,7.0,2.3837725208681124e-05,0.000191431446697643,0.07938629085507483,0.000191431446697643,0.07938629085507483,0.000191431446697643,0.07938629085507483,0.0,,,
7751294,K08269.01,FALSE POSITIVE,456.6,10.0734,371.4589776,4.0,0.000460798076236113,2.4055880597014863,2.841795174679529e-05,1.8893831415197473,5.192037902723712e-05,0.000244556346289837,17,17,1800,pdcsap_flux,64722,0,29.424428595229983,61,0.0011299363464354723,1,0.006597447544884274,,0,0.0,327,201,183,2.0,4.996596468953271e-05,0.000244556346289837,0.179821633909161,0.000244556346289837,0.179821633909161,0.000244556346289837,0.179821633909161,0.0,,,
7769815,K06915.01,FALSE POSITIVE,181.9,2.117,4.43529675,257.0,0.00016589304581293707,0.5055522388059686,-2.132004752819494e-05,1.4004277434882935,5.365134695245466e-05,0.0,14,14,1800,pdcsap_flux,54911,0,29.424508637166582,13,0.019887808709379666,1,0.11875580484784469,,0,0.0,4389,201,201,22.0,3.103954683139337e-05,0.0,,0.0,,0.0,,0.0,,,
7777397,K06043.01,FALSE POSITIVE,115.1,2.159,5.09112124,69.0,0.00013497383956961873,0.25779104477611986,-2.4973800000882562e-05,2.716628367030907,2.58397994705728e-05,0.0,4,4,1800,pdcsap_flux,17197,0,29.423136608675122,13,0.01766965057255901,1,0.10641390940280282,,0,0.0,1204,201,201,6.0,1.2158205852606074e-05,4.181887079746094e-05,-0.47564954668705106,4.181887079746094e-05,-0.47564954668705106,0.0,,0.0,,,
7809049,K05429.01,FALSE POSITIVE,,2.64,114.32859485,,0.00030564977583591446,0.10507462686567215,2.3867388720066884e-05,1.1583101538383707,0.00014227446865644477,0.0,14,14,1800,pdcsap_flux,54920,0,29.424525992944837,17,0.0009621390006963774,1,0.005298616168973052,,0,0.0,178,200,96,0.0,8.943281925968701e-05,0.0002969142103333988,0.02520762926605731,0.00032219382284670584,-0.07677910480777135,0.0,,0.0,,,
7819520,K05432.01,FALSE POSITIVE,,3.57,230.80401566,,0.00035213085923913034,0.14208955223880682,-0.00012900453722008987,0.646934447187783,0.0002968706658226239,0.0006592425942224533,17,17,1800,pdcsap_flux,64739,0,29.42442640545778,21,0.0006444861870129907,1,0.003907999814640325,,0,0.0,164,201,124,1.0,0.0001640304968849746,0.0006592425942224533,0.125351490773494,0.0008718261337684607,0.1259154161871303,0.0006592425942224533,0.125351490773494,0.0,,,
7831363,K03804.01,FALSE POSITIVE,3836.0,2.1551,2.81753381,32.0,0.0033900673834235118,1.3295144278606976,-2.5789764014017003e-05,22.168560429373205,0.0001097321634215831,0.0010634991445123143,1,1,1800,pdcsap_flux,4440,0,29.424576619639993,13,0.03187036585492947,1,0.18828828828828828,,0,0.0,555,200,200,3.0,4.189949210788941e-05,0.0010634991445123143,0.49842652785458663,0.0010634991445123143,0.49842652785458663,0.0010634991445123143,0.49842652785458663,0.0,,,
7832356,K01456.01,CONFIRMED,6331.2,5.2147,7.886632468,145.0,0.006170035540981722,4.462330348258739,-8.977142997279586e-05,70.67435629124107,4.4453753674567054e-05,0.0,28,14,60|1800,pdcsap_flux,54966,0,29.42451005685143,31,0.02755030965982966,1,0.16664847360186297,,0,0.0,6066,201,201,31.0,2.319110135063953e-05,0.0,,0.0,,0.0,,0.0,,,
7837526,K05436.01,FALSE POSITIVE,23193.1,3.94247,28.297207229,49.0,0.02072648612885486,2.353713432835821,-0.0005980695001220893,558.9717591239387,0.00019148724155149122,0.0,18,18,1800,pdcsap_flux,65263,0,29.42445633932948,25,0.005805151794802701,1,0.034935568392504175,,0,0.0,1513,201,201,7.0,1.0377759918898477e-05,3.590869786218587e-05,0.25250728348739765,3.717008990800075e-05,-0.02759129061182967,0.0,,0.0,,,
7847927,K06924.01,FALSE POSITIVE,116050.0,6.4205,70.37626987,18.0,,,,,,0.027606379552188476,17,17,1800,pdcsap_flux,64646,0,29.424444175092503,39,0.0038012931607131414,1,0.019629984840516042,,0,0.0,808,201,170,4.0,5.882341243083002e-05,0.027606379552188476,0.41374323336512153,0.027606379552188476,0.41374323336512153,0.027606379552188476,0.41374323336512153,0.0,,,
7866914,K03971.01,FALSE POSITIVE,698.5,13.071,365.994154,,0.00040774800332676886,1.5607164179104553,-4.1747249591383984e-05,2.4279792982537574,0.0007178059603439868,0.00021178071321026337,17,17,1800,pdcsap_flux,64717,0,29.424400264397264,79,0.0014880702165532406,1,0.00886938516927546,,0,0.0,421,201,201,2.0,4.5598197756926895e-05,0.00021178071321026337,-0.09522507196348026,0.00021178071321026337,-0.09522507196348026,0.00021178071321026337,-0.09522507196348026,0.0,,,
7885558,K05439.01,FALSE POSITIVE,67.7,3.461,0.864651455,1548.0,7.786951878085979e-05,0.6198805970149257,2.8840628929494017e-06,2.958501342082711,5.3168326462516013e-05,0.0,17,17,1800,pdcsap_flux,64787,0,29.424422885058448,21,0.16678203974494363,1,0.49982249525367745,primary_only,0,0.0,43194,201,201,214.0,8.016657584665576e-06,0.0,,0.0,,0.0,,0.0,,,
7900695,K05442.01,FALSE POSITIVE,315.4,9.557,512.11636,,0.00022800257138921864,0.5705671641791028,-7.510974117519442e-05,1.1173821670217052,0.0002656038058753696,0.0005529070870997632,17,17,1800,pdcsap_flux,64785,0,29.424439491704106,59,0.0007775739352152963,1,0.005356178127653006,,0,0.0,230,201,166,1.0,5.4796722340761135e-05,0.0005529070870997632,0.4329016338939324,0.0005529070870997632,0.4329016338939324,0.0005529070870997632,0.4329016338939324,0.0,,,
7907423,K00899.01,CONFIRMED,807.6,2.1764,7.11373257,186.0,0.0007415348753830875,1.6891462686567051,-2.721538939498558e-05,6.457044031591466,1.2146918838107368e-05,0.0,41,17,60|1800,pdcsap_flux,64782,0,29.42444350454025,13,0.012747644424498423,3,0.15820752678213085,,2,0.08891358710752988,3285,201,201,16.0,3.201821789412433e-05,0.0,,0.0,,0.0,,0.08891358710752988,,,
7907423,K00899.02,CONFIRMED,509.2,1.8177,3.306551643,398.0,0.00044506823319134803,1.4107522388059628,5.757232248781996e-05,5.12771601748238,4.361381930095831e-05,0.0,41,17,60|1800,pdcsap_flux,64782,0,29.42444350454025,11,0.022905282656128168,3,0.18782995276465686,,2,0.0577783952332438,6009,201,201,30.0,2.0445381384832093e-05,0.0,,0.0,,0.0,,0.0577783952332438,,,
7907423,K00899.03,CONFIRMED,756.1,2.4714,15.36845737,82.0,0.0006895077405609795,0.7869134328358183,-0.00014285039751427142,4.2703930586399,0.00010522407508994913,0.0,41,17,60|1800,pdcsap_flux,64782,0,29.42444350454025,15,0.006700412248337453,3,0.1414127381062641,,2,0.1050909203173721,1790,201,201,9.0,4.2107276704463414e-05,0.0001427509804975413,-0.13229425387984173,0.0001427509804975413,-0.13229425387984173,0.0,,0.1050909203173721,,,
7908367,K06166.01,CONFIRMED,1337.2,2.407,12.2064304,5.0,0.0012264000168302758,0.19160199004975054,-9.036654084382256e-05,5.876714150282487,4.6015951289613e-05,0.0,1,1,1800,pdcsap_flux,3534,0,29.42438685335219,15,0.008216297752917729,2,0.08404074702886248,,1,0.03480475382003396,117,199,117,1.0,6.625894281173935e-05,0.00026088663830792225,0.2737152721886658,0.00026088663830792225,0.2737152721886658,0.0,,0.03480475382003396,,,
7908367,K06166.02,CONFIRMED,1058.4,2.135,6.6513189,9.0,0.0008374899423264637,0.08497512437810961,-5.8764647421605254e-05,6.277722259520529,0.00021902872218970693,0.0,1,1,1800,pdcsap_flux,3534,0,29.42438685335219,13,0.013374540398797196,2,0.1007357102433503,,1,0.024335031126202604,162,197,72,0.0,6.0369576537246944e-05,0.00020197907882535393,0.4913987730725015,0.00020197907882535393,0.4913987730725015,0.0,,0.024335031126202604,,,
7918172,K01817.01,FALSE POSITIVE,1119.5,12.71,63.934965,19.0,0.0012253712078044154,5.817512437810947,-6.996928727343033e-05,14.455248941284749,0.00036226050027399204,0.0,17,17,1800,pdcsap_flux,64734,0,29.42444551619701,77,0.0082831566942022,1,0.04917045138567059,,0,0.0,2226,201,201,11.0,2.5186243225285042e-05,8.597854259329019e-05,0.4909130221267384,0.00010671591162636496,-0.49892420283042704,0.0,,0.0,,,
7918217,K01770.01,FALSE POSITIVE,1250.6,13.321,63.9354965,22.0,0.0010611745973846398,6.892457711442823,-1.8518178368065463e-05,18.672900378146075,5.1532380020313795e-05,0.0008950052134614195,18,18,1800,pdcsap_flux,65266,0,29.424459943547845,81,0.008681275614504168,1,0.05126712223822511,,0,0.0,2333,201,201,12.0,1.935787826091797e-05,0.0008950052134614195,-0.22433963137800167,0.0008950052134614195,-0.22433963137800167,0.0008950052134614195,-0.22433963137800167,0.0,,,
7935997,K05447.01,FALSE POSITIVE,,3.74,322.55663046,,0.00018409241866867987,0.07442786069651763,0.00021709298299299462,1.560556582130993,0.00020411862251379365,0.001553560954815958,18,18,1800,pdcsap_flux,65262,0,29.42441283725202,23,0.0004831192994268897,2,0.0774110508412246,,1,0.07517391437590022,74,199,71,0.0,4.543261778730425e-05,0.001553560954815958,-0.4317949449492537,0.001553560954815958,-0.4317949449492537,0.001553560954815958,-0.4317949449492537,0.07517391437590022,,,
7935997,K05447.02,CONFIRMED,58.6,2.314,3.87594316,348.0,5.369818381650848e-05,0.2762985074626858,2.074738282531463e-05,1.7486626664475406,4.463516268704559e-06,4.287868473984435e-05,18,18,1800,pdcsap_flux,65262,0,29.42441283725202,15,0.0248756657893473,2,0.1508994514418804,,1,0.0008427568876221998,6547,201,201,33.0,8.99593646472474e-06,3.193437794402065e-05,0.07839010411912503,4.287868473984435e-05,0.12814143569781947,4.287868473984435e-05,0.12814143569781947,0.0008427568876221998,,,
7950775,K06937.01,FALSE POSITIVE,59618.5,4.01883,8.966610607,150.0,0.053328631128547466,2.3193247761193945,-0.0011801735182880302,1434.202822383367,0.0011187633747591352,0.015017123669519572,18,18,1800,pdcsap_flux,65261,0,29.42443328385707,25,0.018674977350892786,1,0.11259404544827692,,0,0.0,4946,201,201,25.0,1.0664708630226482e-05,0.015017123669519572,0.3683945811747093,0.015017123669519572,0.3683945811747093,0.015017123669519572,0.3683945811747093,0.0,,,
7960980,K02274.01,CONFIRMED,988.4,3.7,9.98970266,62.0,0.0008596310431946419,1.546268656716423,-0.00018274998148593014,3.640816844300662,8.703586972325095e-05,0.0,8,8,1800,pdcsap_flux,31344,0,29.424447705969214,23,0.015432558096445552,1,0.09111791730474732,,0,0.0,1850,201,201,9.0,6.727632917095618e-05,0.0002261531787685067,-0.2935079250157678,0.0002261531787685067,-0.2935079250157678,0.0,,0.0,,,
7971389,K06944.01,FALSE POSITIVE,71070.9,3.37392,13.174807933,99.0,0.0630704477788655,2.0142805970149356,-0.0009477501283207124,985.0687767849856,0.0007426875491840512,0.0,17,17,1800,pdcsap_flux,64794,0,29.424440329894423,21,0.010670364282721572,1,0.06360156804642406,,0,0.0,2683,201,201,13.0,1.5775952026483608e-05,0.0,,0.0,,0.0,,0.0,,,
7972785,K00184.01,FALSE POSITIVE,13051.7,5.78725,7.300735516,188.0,0.01277421450565741,4.606766169154213,-8.67907940670376e-05,246.50536273725007,4.01474919951017e-05,0.00021657176310763138,27,17,60|1800,pdcsap_flux,64791,0,29.424441246665083,35,0.03302892100915092,1,0.2015557716349493,,0,0.0,8799,201,201,44.0,1.0770182796361759e-05,0.00021657176310763138,-0.49969655406132335,0.00021657176310763138,-0.49969655406132335,0.00021657176310763138,-0.49969655406132335,0.0,,,
7976435,K06946.01,FALSE POSITIVE,,7.13,3.33287187,413.0,0.0002003178989349319,11.918805970149254,9.727628060274274e-05,0.9777711198000166,9.858879866597725e-06,0.0,18,18,1800,pdcsap_flux,65260,0,29.424456590786576,43,0.08913734008422391,1,0.5354428440085811,,0,0.0,23342,201,201,116.0,0.00020602330633599574,0.0,,0.0,,0.0,,0.0,,,
7987866,K02363.01,CONFIRMED,174.1,1.6663,3.13877646,423.0,0.00016942864822111492,0.43108258706467817,5.209992823496101e-06,3.0225786791850444,2.1837446877448485e-06,0.0,17,17,1800,pdcsap_flux,64703,0,29.42444703541696,11,0.022119818837518193,1,0.13302319830610637,,0,0.0,5672,201,201,27.0,1.311508264077894e-05,0.0,,0.0,,0.0,,0.0,,,
8016214,K06953.01,FALSE POSITIVE,246568.0,7.7489,1.587485742,853.0,0.23708881376167734,4.317795024875622,-0.00831417035417692,86.82269754646863,0.057923396966523155,,21,17,60|1800,pdcsap_flux,64792,0,29.42441334016621,47,0.20338502878555828,1,0.6095505617977528,primary_only,0,0.0,52695,201,201,262.0,,,,,,,,0.0,blanking covers 0.81 of the orbit,,
8037038,K05466.01,CONFIRMED,181.7,2.462,4.09513876,320.0,0.0001905069241472379,0.2449751243781107,-1.7857176139890463e-05,2.3956046436328884,2.3556476677399907e-05,0.0,16,16,1800,pdcsap_flux,63111,0,29.424391374341212,15,0.025050026225077984,1,0.15084533599530986,,0,0.0,6337,201,201,31.0,2.0414646950632573e-05,0.0,,0.0,,0.0,,0.0,,,
8037926,K04494.01,FALSE POSITIVE,520.6,14.996,183.854867,,0.00035585667278204003,1.7905671641791119,0.00011222194560389642,1.2152248746375494,5.5576334734963595e-05,0.0,17,17,1800,pdcsap_flux,64750,0,29.42444065469317,91,0.0033985139666350703,1,0.020833976833976833,,0,0.0,865,201,201,4.0,6.18283567912545e-05,0.00024392565854058912,0.03400533864126427,0.00024392565854058912,0.03400533864126427,0.0,,0.0,,,
8043052,K03695.01,FALSE POSITIVE,8611.0,1.9204,2.244600029,596.0,0.0074060004616067765,1.1082905472636821,-0.00015452585787301132,15.443850614287081,0.00015572240381922509,0.0017103559084551412,17,17,1800,pdcsap_flux,64792,0,29.424442006275058,11,0.0356485189489707,1,0.2141622422521299,,0,0.0,9226,201,201,46.0,9.353319412245735e-05,0.0004308116030952158,-0.11670269725211328,0.0017103559084551412,0.49986333031425073,0.0017103559084551412,0.49986333031425073,0.0,,,
8046689,K03092.01,FALSE POSITIVE,256.2,2.271,5.78542702,196.0,0.00023308254251608318,0.5875223880597007,2.0686628251609385e-05,2.5712182210231123,8.583906363601734e-05,0.0,14,14,1800,pdcsap_flux,54913,0,29.424507385119796,13,0.01635575034874435,1,0.09773641942709377,,0,0.0,3601,201,201,18.0,2.466131737235968e-05,7.741191182131235e-05,0.22578892204407458,7.741191182131235e-05,0.22578892204407458,0.0,,0.0,,,
8073705,K03245.01,CONFIRMED,60.9,4.509,10.60052083,128.0,5.8057841722192194e-05,1.3459701492537235,5.03833619236449e-06,2.854332685183611,2.3857115856618094e-05,0.0,18,18,1800,pdcsap_flux,65222,0,29.424413832603022,27,0.017723185776712443,1,0.10738707797982276,,0,0.0,4605,201,201,23.0,6.2708627787460554e-06,1.9116080290482174e-05,0.25989103642752376,1.9116080290482174e-05,0.25989103642752376,0.0,,0.0,,,
8075618,K05471.01,FALSE POSITIVE,90027.8,3.16989,8.780603773,152.0,0.07951806214027457,1.8293892537313394,-0.0023785089642420765,472.8873496664208,0.0011498805185917726,0.0,17,17,1800,pdcsap_flux,64791,0,29.424401684082113,19,0.015042103415044965,1,0.08920992113102129,,0,0.0,3876,201,201,19.0,4.6773445468911224e-05,0.0,,0.0,,0.0,,0.0,,,
8077137,K00274.01,CONFIRMED,77.8,4.3349,15.0896415,91.0,6.594994107633756e-05,1.7253333333333387,-1.076702834168497e-05,3.828286426867167,1.4869805139428038e-06,0.0,54,18,60|1800,pdcsap_flux,65232,0,29.424416357651353,27,0.011969855833442651,2,0.09722222222222222,,1,0.026903973509933773,3152,201,201,16.0,4.315043048904599e-06,0.0,,0.0,,0.0,,0.026903973509933773,,,
8077137,K00274.02,CONFIRMED,62.9,4.768,22.8030252,58.0,4.7342667808703e-05,0.8539701492537244,-1.177160259169252e-05,2.34695683320665,1.6472598690642215e-06,0.0,54,18,60|1800,pdcsap_flux,65232,0,29.424416357651353,29,0.008712294308505463,2,0.08727311748834927,,1,0.036239882266372335,2353,201,201,12.0,5.397245251893845e-06,1.6295233297269895e-05,-0.4945277828338621,1.737608562335513e-05,-0.41611713405731293,0.0,,0.036239882266372335,,,
8081905,K02619.01,CONFIRMED,323.0,2.219,3.27645723,344.0,0.0002737505586850597,0.6623880597014864,-1.577684478071273e-05,2.091841638962215,9.99024703118856e-06,0.0,14,14,1800,pdcsap_flux,54898,0,29.424528161762282,13,0.02821899595903876,1,0.16829392691901343,,0,0.0,6127,201,201,30.0,3.1281002346910956e-05,0.0,,0.0,,0.0,,0.0,,,
8094120,K04881.02,FALSE POSITIVE,46.1,1.0597,0.706423768,1887.0,5.207316369093551e-05,0.23197412935323358,-3.690119863453134e-06,3.266657079607616,5.4570868408543305e-06,0.0,18,18,1800,pdcsap_flux,65212,0,29.424438988789916,7,0.06250379540834854,1,0.4265625958412562,,1,0.08314420658774459,16275,201,201,71.0,5.473858261561404e-06,0.0,,0.0,,0.0,,0.08314420658774459,,,
8098515,K06965.01,FALSE POSITIVE,,3.53,1.28659726,1044.0,4.401446716029156e-05,2.528955223880602,5.344453698263862e-06,3.23269513168687,3.710353466901406e-05,0.0,18,18,1800,pdcsap_flux,65261,0,29.42444543761667,21,0.11431963824742897,1,0.6857234795666631,,0,0.0,29808,201,201,149.0,1.3210454045956243e-05,0.0,,0.0,,0.0,,0.0,,,
8099138,K02338.01,CONFIRMED,560.5,5.155,66.1843646,20.0,0.0004424589587811445,0.2051741293532352,6.903503681021661e-05,3.4817647140075056,0.00010684165629382125,0.0,17,17,1800,pdcsap_flux,64751,0,29.424433037638664,31,0.003245353611306963,1,0.020169572670692346,,0,0.0,835,198,100,1.0,4.060868100244308e-05,0.00013681519698027778,-0.43937494304097224,0.00013681519698027778,-0.43937494304097224,0.0,,0.0,,,
8104436,K06967.01,FALSE POSITIVE,418.1,2.902,2.535389624,527.0,0.0002864899661906284,1.328278606965174,2.1978359864838204e-05,4.237886679535226,6.005186429236531e-07,0.00013152025510931864,17,17,1800,pdcsap_flux,64739,0,29.424438061541878,17,0.047691552226162566,1,0.2873074962541899,,0,0.0,12332,201,201,62.0,2.1264247382694213e-05,0.00013152025510931864,-0.49923596551575855,0.00013152025510931864,-0.49923596551575855,0.00013152025510931864,-0.49923596551575855,0.0,,,
8106112,K04404.01,FALSE POSITIVE,269.1,14.64,316.57747,,0.00033972691850348014,0.8740298507462612,-3.744073329947639e-05,1.6864187771837857,0.0001472076463788774,0.0002597226452260015,17,17,1800,pdcsap_flux,64739,0,29.424440329894423,89,0.0019268585348161383,1,0.01187846583975656,,0,0.0,586,199,158,3.0,6.695128411330418e-05,0.0002597226452260015,0.43502665879403607,0.00026184305187504364,0.43767608927940815,0.0002597226452260015,0.43502665879403607,0.0,,,
8106610,K00570.01,FALSE POSITIVE,702.9,4.262,12.39894005,109.0,0.000585960295085064,2.6292935323382953,-1.1388870287509789e-05,8.83185268614219,1.1844662435533948e-05,0.0,17,17,1800,pdcsap_flux,64739,0,29.424439994618297,27,0.014322460840782378,1,0.0865166283075117,,0,0.0,3791,201,201,19.0,1.912929632372331e-05,6.929561342805535e-05,0.30026898968769467,6.929561342805535e-05,0.30026898968769467,0.0,,0.0,,,
8109107,K04501.01,FALSE POSITIVE,160.9,3.645,6.67410577,166.0,0.00015032851492280397,1.1605970149253713,-3.0296787032590977e-05,2.2256398010664182,1.574417963368102e-05,0.0,14,14,1800,pdcsap_flux,54925,0,29.424506457871757,23,0.022755857523666427,1,0.13401911697769686,,0,0.0,4826,201,201,24.0,1.5427597965222517e-05,0.0,,0.0,,0.0,,0.0,,,
8110733,K04708.01,FALSE POSITIVE,167.1,3.671,203.511886,,0.00015341402072843735,0.2191641791044781,-0.00010319101686095955,1.3840291469452959,9.365884916590073e-05,0.0,18,18,1800,pdcsap_flux,65245,0,29.424455495900474,23,0.0007515941026330685,1,0.004797302475285463,,0,0.0,236,201,183,1.0,2.8764534709114172e-05,8.854371619260171e-05,0.09724705984634394,0.00017135820576230643,0.2601550815920738,0.0,,0.0,,,
8126531,K07868.01,FALSE POSITIVE,523.2,6.278,513.42784,3.0,0.00045903504812860874,0.49974129353233776,4.549277717891265e-05,1.935337421504141,0.00021193543050990193,0.0,18,18,1800,pdcsap_flux,65239,0,29.424461274174973,39,0.0005094841240656786,1,0.003540826806051595,,0,0.0,152,199,151,1.0,0.00010219814773233435,0.00035032554902525437,0.07998854439042405,0.0004543634098224114,-0.16010584907546688,0.0,,0.0,,,
8127648,K03713.01,FALSE POSITIVE,129526.0,2.3804,1.023470248,607.0,0.11689550334561649,1.4211343283582067,-0.001320788502570669,162.34502841473852,0.033104878193534026,0.0,8,8,1800,pdcsap_flux,30162,0,29.424297166988254,15,0.09690885839344236,1,0.5812280352761753,,0,0.0,11678,201,201,58.0,0.0002717065273173349,0.0,,0.0,,0.0,,0.0,,,
8150320,K00904.01,CONFIRMED,724.2,1.6485,2.211116989,603.0,0.0005441155196419523,0.9185671641791001,1.6089595390345046e-05,5.21481450195512,3.237991226845427e-05,0.0,49,17,60|1800,pdcsap_flux,64788,0,29.424409484490752,11,0.031064615912098168,5,0.28380255602889426,,4,0.12014570599493733,8038,201,201,40.0,2.2565864157385063e-05,0.0,,0.0,,0.0,,0.12014570599493733,,,
8150320,K00904.02,CONFIRMED,942.5,3.95,27.9541337,48.0,0.0004353890544903649,0.31442786069651785,0.00010116294982875917,1.737725917486239,0.0002866659803528737,0.0,49,17,60|1800,pdcsap_flux,64788,0,29.424409484490752,25,0.005887620596639463,5,0.21746311045255295,,4,0.18697907019818485,1618,201,201,8.0,5.672781765743535e-05,0.0001734609072518989,-0.318203695858534,0.0001734609072518989,-0.318203695858534,0.0,,0.18697907019818485,,,
8150320,K00904.03,CONFIRMED,895.5,5.083,42.1406089,28.0,0.0004348817362326285,0.8092338308457703,4.036690213260474e-05,1.770765335713938,8.487593602202192e-05,0.0,49,17,60|1800,pdcsap_flux,64788,0,29.424409484490752,31,0.005025833090576598,5,0.21482373279002284,,4,0.1902204111872569,1281,201,201,6.0,6.623708008848392e-05,0.0,,0.0,,0.0,,0.1902204111872569,,,
8150320,K00904.04,CONFIRMED,575.8,2.2618,4.617490562,272.0,0.0004010648080400303,0.9902407960199091,3.620073017718273e-05,3.292621177985884,2.4539800256517807e-05,0.0,49,17,60|1800,pdcsap_flux,64788,0,29.424409484490752,13,0.02040971506086787,5,0.25483114156942643,,4,0.14968821386676545,5309,201,201,26.0,3.186794251009157e-05,0.0,,0.0,,0.0,,0.14968821386676545,,,
8150320,K00904.05,CONFIRMED,634.1,2.4283,10.19849255,119.0,0.0004574953596467868,0.8698388059701561,8.839175505503949e-05,3.0118190477089968,4.923586752458853e-05,0.0,49,17,60|1800,pdcsap_flux,64788,0,29.424409484490752,15,0.009920992359470486,5,0.22660060505031795,,4,0.1771778724455146,2572,201,201,13.0,4.401236209867241e-05,0.0,,0.0,,0.0,,0.1771778724455146,,,
8155584,K06979.01,FALSE POSITIVE,41109.0,4.1768,26.0164225,4.0,0.033124594885736935,0.24936119402985124,-0.0038110605669333664,101.96432029346974,0.0010795764568261035,0.0026418612496471594,2,2,1800,pdcsap_flux,4818,0,29.424969730898738,25,0.006689364509410675,1,0.042133665421336654,,0,0.0,135,198,135,1.0,8.257941046893137e-05,0.0026418612496471594,-0.13869834136772338,0.0026418612496471594,-0.13869834136772338,0.0026418612496471594,-0.13869834136772338,0.0,,,
8158127,K01015.01,CONFIRMED,565.4,4.4481,9.42889884,75.0,0.0005175838900602914,3.8948537313432747,-2.2013647477114873e-05,6.117890290744464,1.7011216132956086e-05,0.0,9,9,1800,pdcsap_flux,33391,0,29.42363096808549,27,0.019656325000937225,2,0.2303015782695936,,2,0.12650115300530082,2648,201,201,13.0,2.204558218820791e-05,0.0,,0.0,,0.0,,0.12650115300530082,,,
8158127,K01015.02,CONFIRMED,157.9,3.585,4.08897299,162.0,0.00015475881394377833,1.1414925373134395,4.245425051763174e-05,2.941285431082219,4.4643548925416e-06,0.0,9,9,1800,pdcsap_flux,33391,0,29.42363096808549,21,0.036531177967013176,2,0.2789374382318589,,2,0.07714653649186906,4891,201,201,25.0,1.5540057569433172e-05,0.0,,0.0,,0.0,,0.07714653649186906,,,
8174625,K01017.01,CONFIRMED,826.9,4.445,17.44486016,75.0,0.0008111555710059726,3.4498507462686456,4.514060983784596e-06,7.249037786434387,0.00012162500150814104,0.0,17,17,1800,pdcsap_flux,64765,0,29.42443915642798,27,0.010616785209777992,1,0.06350652358526983,,0,0.0,2687,201,201,13.0,2.580905066718326e-05,7.958975263677726e-05,0.07463469890140231,7.958975263677726e-05,0.07463469890140231,0.0,,0.0,,,
8176653,K01016.01,FALSE POSITIVE,712.4,1.1264,2.866680334,465.0,0.0006007006738449894,0.44831840796019773,1.8466878715317492e-05,7.284881614902129,0.00011271177962202117,0.0,17,17,1800,pdcsap_flux,64788,0,29.424440329894423,7,0.016372014966818876,1,0.09833611162560968,,0,0.0,4242,201,201,21.0,2.0090893466286208e-05,0.0,,0.0,,0.0,,0.0,,,
8179973,K01019.01,FALSE POSITIVE,,3.79,2.49705175,,9.437961549063623e-06,0.22626865671641921,-6.921826403161191e-07,0.6143112110123842,1.899484269418661e-05,0.0,51,18,60|1800,pdcsap_flux,65256,0,29.424455071566626,23,0.06324124706933554,1,0.3796892239794042,,0,0.0,16491,201,201,82.0,4.672099769355808e-06,0.0,,0.0,,0.0,,0.0,,,
8193178,K00572.01,CONFIRMED,455.3,5.4381,10.64021008,126.0,0.00044448330822621784,4.653498507462686,-1.2174209612858533e-05,10.938614191517152,3.079193148403103e-05,0.0,17,17,1800,pdcsap_flux,64743,0,29.424446611083113,33,0.021295397205164962,2,0.22583136400846424,,1,0.11164141297128648,5509,201,201,28.0,1.210068874478134e-05,4.477982491235544e-05,0.31723197646166423,4.477982491235544e-05,0.31723197646166423,0.0,,0.11164141297128648,,,
8193178,K00572.02,CONFIRMED,123.5,4.388,4.93883135,262.0,0.00011639397393048423,2.183084577114426,8.39133965735428e-06,3.247940955807278,5.331648798045929e-05,0.0,17,17,1800,pdcsap_flux,64743,0,29.424446611083113,27,0.03701955389372292,2,0.27238465934541184,,1,0.06400691966699103,9633,201,201,48.0,1.1784772098156803e-05,0.0,,0.0,,0.0,,0.06400691966699103,,,
8218274,K01064.01,FALSE POSITIVE,20703.0,4.999,1.187352427,1127.0,0.019896026356359675,2.3875820895522253,-0.0014653940476797578,12.426212491704229,3.771612191272311e-05,0.0,17,17,1800,pdcsap_flux,64792,0,29.42440981976688,31,0.17542530922595795,1,0.5250956908260279,primary_only,0,0.0,45365,201,201,226.0,0.0019160307513682185,0.0,,0.0,,0.0,,0.0,,,
8222813,K01069.01,CONFIRMED,1074.9,2.9385,8.70420525,132.0,0.0010352328623209894,2.5145373134328284,-2.7194351249315574e-05,13.199885083531028,4.947005593547438e-05,0.0,14,14,1800,pdcsap_flux,54899,0,29.424518108717166,17,0.014066476660807143,2,0.16153299695805023,,1,0.08287946957139475,3112,201,201,13.0,2.5163505862603186e-05,0.0,,0.0,,0.0,,0.08287946957139475,,,
8222813,K01069.02,CONFIRMED,308.7,1.6345,2.46697039,444.0,0.00027681689541603216,0.8457114427860715,2.958085369098029e-06,3.8698602474162684,2.2776154648074254e-05,0.0,14,14,1800,pdcsap_flux,54899,0,29.424518108717166,9,0.027606398091655517,2,0.200805114847265,,1,0.04256908140403286,6076,201,201,30.0,1.4425654487446015e-05,0.0,,0.0,,0.0,,0.04256908140403286,,,
8231667,K03494.01,CONFIRMED,1068.8,1.991,42.8774169,27.0,0.0009380297609504762,0.27735323383084687,-0.00027060661107192185,2.413772508940668,0.00012420326883333388,0.0,14,14,1800,pdcsap_flux,54960,0,29.42451342009008,13,0.0019347791758727272,1,0.011280931586608443,,0,0.0,438,200,186,2.0,0.00010756516010488348,0.0003245416443695692,0.12179360682703208,0.00047801845592609915,-0.47702054810557304,0.0,,0.0,,,
8234477,K06997.01,FALSE POSITIVE,113967.0,8.12253,4.028671454,668.0,0.10960102331306532,5.1725564179104415,-0.0032926576439483712,40.23303534635171,9.912009844070813e-05,0.04333010975798146,17,17,1800,pdcsap_flux,64794,0,29.424431612715125,49,0.0840075329706943,1,0.5036114455042133,,0,0.0,21682,201,201,109.0,0.0018921276076073433,0.04333010975798146,0.49441909708242116,0.04333010975798146,0.49441909708242116,0.04333010975798146,0.49441909708242116,0.0,,,
8240861,K06999.01,FALSE POSITIVE,419437.0,4.7565,0.449249224,0.0,,,,,,,,,,,,,,,,,,,,,,,,,,,,,,,,,,koi_num_transits is 0,precheck
8240904,K01070.01,CONFIRMED,549.1,3.6813,6.61836309,168.0,0.0005378937042650467,1.7582328358208925,-6.843894265307071e-06,6.031935527592167,2.188461178764811e-05,0.0,26,14,60|1800,pdcsap_flux,54918,0,29.42450956441462,23,0.023176047900992387,2,0.15382934556975855,,2,0.018500309552423613,4969,201,201,25.0,2.4767372828865628e-05,8.336165424616127e-05,0.14024528606108871,8.336165424616127e-05,0.14024528606108871,0.0,,0.018500309552423613,,,
8240904,K01070.02,CONFIRMED,1396.2,8.042,107.7214092,10.0,0.00126568645516556,6.881711442786086,8.531915369447418e-05,3.9267279573705896,5.013331347847316e-05,0.0,26,14,60|1800,pdcsap_flux,54918,0,29.42450956441462,49,0.003110647510293927,2,0.09268363742306712,,2,0.07649586656469645,716,201,201,4.0,8.607947651801534e-05,0.0003114979522629291,0.2866115711318439,0.0004919934680361893,0.4351449897483696,0.0,,0.07649586656469645,,,
8242350,K05493.01,FALSE POSITIVE,2924.0,21.2695,6.993576155,198.0,0.00236096402897501,11.428388059701412,-0.00019961268871815374,8.485009665937463,2.139643297549565e-05,0.0,19,18,60|1800,pdcsap_flux,65260,0,29.424452556995675,131,0.12672045703442641,1,0.3790683420165492,primary_only,0,0.0,32722,201,201,163.0,8.112104456332237e-06,0.0,,0.0,,0.0,,0.0,,,
8242681,K01065.01,FALSE POSITIVE,20901.0,4.4085,4.020628573,334.0,0.02008201647594987,2.807402985074638,-0.0007473268270397071,130.26041809758644,4.00190958392832e-05,0.00023326504829013217,17,17,1800,pdcsap_flux,64793,0,29.42443865351379,27,0.04568626438998349,1,0.27455126325374657,,0,0.0,11818,201,201,59.0,2.312995018040913e-05,0.00023326504829013217,-0.4974498196753564,0.00023326504829013217,-0.4974498196753564,0.00023326504829013217,-0.4974498196753564,0.0,,,
8247638,K00907.01,CONFIRMED,973.5,4.1575,16.51410989,76.0,0.000895787926029401,3.640398009950247,4.7468508949211063e-05,7.664129440814975,5.1478391550285885e-05,0.0,34,16,60|1800,pdcsap_flux,60652,0,29.42446363158524,25,0.010489767103437063,4,0.14631009694651453,,3,0.08916441337466201,2530,201,201,13.0,3.026051277347871e-05,0.0,,0.0,,0.0,,0.08916441337466201,,,
8247638,K00907.02,CONFIRMED,1015.8,5.172,30.1329298,37.0,0.0009473560949736504,4.1170149253731125,0.00019717497133986406,6.096478721777222,0.00024317074069346578,0.0,34,16,60|1800,pdcsap_flux,60652,0,29.42446363158524,31,0.007151644444477483,4,0.1367968080195212,,3,0.10029347754402163,1584,201,201,8.0,3.247987240062179e-05,0.00013390418103065294,0.1463584318469773,0.00013390418103065294,0.1463584318469773,0.0,,0.10029347754402163,,,
8247638,K00907.03,CONFIRMED,251.3,2.603,4.79090809,242.0,0.00022360429985357477,0.41440796019900683,2.2521952193654826e-05,2.5951458132752476,6.038993655832492e-05,0.0,34,16,60|1800,pdcsap_flux,60652,0,29.42446363158524,15,0.022638366525902887,4,0.18301127745169163,,3,0.05524962078744312,5370,201,201,27.0,1.9366925208935104e-05,6.486371151093184e-05,-0.497151842970782,6.486371151093184e-05,-0.497151842970782,0.0,,0.05524962078744312,,,
8247638,K00907.04,CONFIRMED,952.5,4.448,99.6415962,12.0,0.0008495694347943061,1.59331343283581,-2.81646788936607e-05,3.112837302350387,3.201439191724553e-05,0.0,34,16,60|1800,pdcsap_flux,60652,0,29.42446363158524,27,0.0018599996427328747,4,0.12309569346435402,,3,0.11302182945327442,431,200,187,1.0,6.755932567127742e-05,0.00023844657032667804,0.16521043242561384,0.0002457495264389653,-0.0905395184501729,0.0,,0.11302182945327442,,,
8257407,K01063.01,FALSE POSITIVE,273106.0,5.5418,89.698168533,0.0,,,,,,,,,,,,,,,,,,,,,,,,,,,,,,,,,,koi_num_transits is 0,precheck
8258171,K00286.01,FALSE POSITIVE,154.6,7.9,23.6272223,57.0,0.0001718972928248519,5.974129353233856,1.4732938643735594e-05,12.496980666622736,5.867219072919205e-06,2.7250691119418136e-05,22,18,60|1800,pdcsap_flux,65247,0,29.424459519213997,49,0.013931670108621556,1,0.0823792664796849,,0,0.0,3684,201,201,19.0,4.19685893998255e-06,2.7250691119418136e-05,0.4804605173785337,2.7250691119418136e-05,0.4804605173785337,2.7250691119418136e-05,0.4804605173785337,0.0,,,
8260902,K02144.01,CONFIRMED,599.3,5.532,38.6715843,34.0,0.0005279029895607357,2.091701492537317,8.348806361702099e-05,3.0686899017602616,0.00011464221432699873,0.0,17,17,1800,pdcsap_flux,64744,0,29.42444602958858,33,0.0059604488456398725,1,0.036034227109848015,,0,0.0,1528,201,201,7.0,3.523410356507692e-05,0.0,,0.0,,0.0,,0.0,,,
8262210,K01073.01,FALSE POSITIVE,104.1,2.394,1.613001111,809.0,0.0001062741401141043,1.4292537313432785,-1.642753334785141e-05,3.3149891974117693,1.4637297497066548e-05,3.734556223589092e-05,16,16,1800,pdcsap_flux,63102,0,29.424397917464375,15,0.06184124692769663,1,0.3700041203131438,,0,0.0,15619,201,201,78.0,1.0031372469287048e-05,3.734556223589092e-05,0.4955588653804158,3.734556223589092e-05,0.4955588653804158,3.734556223589092e-05,0.4955588653804158,0.0,,,
8265156,K06177.01,FALSE POSITIVE,37.1,1.206,0.978362973,1081.0,3.572406180585297e-05,0.2160000000000002,9.719068944535891e-06,2.925852517412356,1.141568507700974e-05,1.5927568863594033e-05,18,18,1800,pdcsap_flux,65257,0,29.424463453469798,7,0.05136130596389608,1,0.3083194140092251,,0,0.0,13422,201,201,66.0,3.5217106962014743e-06,1.5927568863594033e-05,0.48835308650234904,1.5927568863594033e-05,0.48835308650234904,1.5927568863594033e-05,0.48835308650234904,0.0,,,
8277797,K01820.01,CONFIRMED,358.5,2.4973,4.33722007,309.0,0.00035509736619587784,1.9879004975124208,8.304066927200537e-06,7.197505762533415,9.318584650586104e-06,0.0,20,18,60|1800,pdcsap_flux,65261,0,29.42441468127072,15,0.023990981547465418,2,0.254041464274222,,1,0.13035350362391016,6220,201,201,32.0,1.5587062850791833e-05,0.0,,0.0,,0.0,,0.13035350362391016,,,
8277797,K01820.02,CONFIRMED,124.4,1.7242,1.653889476,756.0,0.00010704304969566536,0.7891860696517388,5.657960709948284e-07,2.778870497207023,4.986644664084494e-05,0.0,20,18,60|1800,pdcsap_flux,65261,0,29.42441468127072,11,0.04343800943725617,2,0.3139394125128331,,1,0.07145155605951486,11321,201,201,56.0,6.370561439331457e-06,0.0,,0.0,,0.0,,0.07145155605951486,,,
8278371,K01150.01,CONFIRMED,76.7,1.8361,0.677374687,1977.0,6.914857227380278e-05,1.4250328358208912,3.900810505386154e-06,4.261950326959708,6.540482950900817e-06,0.0,19,18,60|1800,pdcsap_flux,65219,0,29.424415844259784,11,0.11294216942988107,1,0.6774866219966574,,0,0.0,29482,201,201,146.0,4.3896231793618235e-06,0.0,,0.0,,0.0,,0.0,,,
8279765,K01130.01,FALSE POSITIVE,39043.0,2.7644,2.757794163,490.0,0.036429873319475115,1.6503880597014848,-0.0007716983019417922,354.6098609227659,0.00024757220269910896,0.0011837491408812628,17,17,1800,pdcsap_flux,64792,0,29.42440445534885,17,0.04176647223302334,1,0.24936720582788,,0,0.0,10881,201,201,54.0,2.182851631405196e-05,0.0011837491408812628,-0.4937425084352395,0.0011837491408812628,-0.4937425084352395,0.0011837491408812628,-0.4937425084352395,0.0,,,
8282651,K02193.01,CONFIRMED,587.0,1.2167,2.361724472,569.0,0.0005236391927103679,0.4842587064676618,2.5362113445948076e-05,4.791559092602805,1.3186916230756296e-05,0.0,17,17,1800,pdcsap_flux,64765,0,29.424408054328524,7,0.02146560021474568,1,0.14728634293213927,,1,0.020767389793870147,5597,201,201,28.0,2.2379523984981063e-05,7.143801240439007e-05,0.3398632786231308,7.143801240439007e-05,0.3398632786231308,0.0,,0.020767389793870147,,,
8282846,K04015.01,CONFIRMED,1017.5,7.342,133.303247,10.0,0.0009056902815459678,2.1916417910447805,-0.00010154546254481644,3.9155864629981734,0.00030157236567529555,0.0004987674681034004,17,17,1800,pdcsap_flux,64791,0,29.424408311024308,45,0.002294892836831399,1,0.014338411199086293,,0,0.0,580,201,201,3.0,6.654535798989476e-05,0.0004987674681034004,0.055369860337328665,0.0004987674681034004,0.055369860337328665,0.0004987674681034004,0.055369860337328665,0.0,,,
8288741,K04888.01,FALSE POSITIVE,1118.5,0.6908,0.659299289,,0.0009220590671876749,0.5223960199004987,-2.6304543667698965e-06,15.200165965449733,6.279991894653225e-05,0.0008722587473618537,17,17,1800,pdcsap_flux,64766,0,29.424417855916545,5,0.04365746151037231,1,0.26183491338047743,,0,0.0,11318,201,201,56.0,0.00019952600476213532,0.0008722587473618537,0.49730790045750967,0.0008722587473618537,0.49730790045750967,0.0008722587473618537,0.49730790045750967,0.0,,,
8330548,K01132.01,FALSE POSITIVE,7829.2,3.2917,1.914158508,1401.0,0.008267121825708657,2.1617134328358256,6.12568737649033e-05,30.500933539469706,0.0001462591503552657,0.00015777210108292028,18,17,60|1800,pdcsap_flux,64796,0,29.424449047073722,21,0.07165246038582854,2,0.4293320575344157,,1,0.3586641150688314,18577,201,201,92.0,2.947366674709637e-05,0.00015777210108292028,-0.4946495868599229,0.00015777210108292028,-0.4946495868599229,0.00015777210108292028,-0.4946495868599229,0.3586641150688314,,,
8330548,K01132.02,FALSE POSITIVE,,2.75,0.9570701,,0.008264014358683291,2.0796019900497544,-0.0011508523006251714,30.06526344030651,5.6562908150037394e-05,0.0,18,17,60|1800,pdcsap_flux,64796,0,29.424449047073722,17,0.1197230310855321,2,0.7184548428915365,secondary_only,1,0.21519846904129886,30995,201,201,154.0,0.00035586700983701033,0.0,,0.0,,0.0,,0.21519846904129886,,,
8344004,K00573.01,CONFIRMED,711.4,3.3129,5.996533443,225.0,0.0006972738623012287,2.7689910447761266,-3.9121880158643485e-05,10.6216343547833,2.385222063638892e-05,0.0,17,17,1800,pdcsap_flux,64734,0,29.424403617158532,21,0.023019549763561624,2,0.24157320727901876,,1,0.12016869033274631,5942,201,201,30.0,1.7263881913229227e-05,0.0,,0.0,,0.0,,0.12016869033274631,,,
8344004,K00573.02,CONFIRMED,214.0,1.9743,2.06190864,617.0,0.00021483233197583385,0.4321850746268656,1.1112016828018767e-05,4.818790997294313,3.64358314606239e-05,0.0,17,17,1800,pdcsap_flux,64734,0,29.424403617158532,13,0.039896287548414365,2,0.29153149813081225,,1,0.06883554237340501,10372,201,201,52.0,1.2745306160862224e-05,0.0,,0.0,,0.0,,0.06883554237340501,,,
8359498,K00127.01,CONFIRMED,11382.2,2.91089,3.578780566,374.0,0.011071743671756007,2.4329826865671693,-5.7614761042490414e-05,287.25784301767584,9.99918446820125e-07,0.0,30,17,60|1800,pdcsap_flux,64789,0,29.424421722069383,17,0.03389061751525487,1,0.20261155443053605,,0,0.0,8723,201,201,44.0,9.35065758860607e-06,2.9251798570384402e-05,-0.49598565650046994,2.9251798570384402e-05,-0.49598565650046994,0.0,,0.0,,,
8377197,K04727.01,FALSE POSITIVE,39.7,1.295,1.215181097,1099.0,2.6926564568041655e-05,0.07731343283582115,-3.13991922329393e-06,1.5520705020273675,2.118503636161506e-05,0.0,18,18,1800,pdcsap_flux,65220,0,29.42445474676788,7,0.04440353249943068,1,0.26594602882551366,,0,0.0,11578,201,201,58.0,3.325804645573704e-06,0.0,,0.0,,0.0,,0.0,,,
8394721,K00152.01,CONFIRMED,2894.1,8.6388,52.09081627,27.0,0.002800494418835675,7.736238805970171,3.5207115771651587e-06,30.57780764694274,1.9474112788353537e-05,7.833279171642893e-05,61,17,60|1800,pdcsap_flux,64758,0,29.424447527853772,53,0.006910047217042775,4,0.12092714413663176,,3,0.08130269619197628,1833,201,201,9.0,1.9253228891754847e-05,7.833279171642893e-05,0.49333414521529706,7.833279171642893e-05,0.49333414521529706,7.833279171642893e-05,0.49333414521529706,0.08130269619197628,,,
8394721,K00152.02,CONFIRMED,747.5,6.8491,27.40229859,49.0,0.0007428806997464843,5.860921393034853,6.772789155506942e-06,11.463414382332633,1.975855991120934e-05,0.0,61,17,60|1800,pdcsap_flux,64758,0,29.424447527853772,41,0.01041442438594589,4,0.12963649278853578,,3,0.07089471571080021,2826,201,201,14.0,1.4061176717360002e-05,0.0,,0.0,,0.0,,0.07089471571080021,,,
8394721,K00152.03,CONFIRMED,653.5,5.0197,13.48457668,98.0,0.0006331615312056282,4.49525373134325,-6.619614828284881e-06,11.334916648575748,1.3528962979014736e-05,0.0,61,17,60|1800,pdcsap_flux,64758,0,29.424447527853772,31,0.01551062162573328,4,0.14640662157571266,,3,0.05894252447574045,3921,201,201,20.0,1.2645601591817733e-05,0.0,,0.0,,0.0,,0.05894252447574045,,,
8394721,K00152.04,CONFIRMED,476.0,3.001,81.0637895,17.0,0.0003465622110609967,0.47777114427860556,-4.450347401840915e-05,2.0890298031399044,9.240411477728916e-05,0.0,61,17,60|1800,pdcsap_flux,64758,0,29.424447527853772,19,0.001542509515505276,4,0.10567034188826091,,3,0.0967139195157355,439,201,188,2.0,3.88347090251588e-05,0.00011960722931225742,0.10371939233689012,0.00015676121170105084,-0.4785779497663728,0.0,,0.0967139195157355,,,
8414716,K00910.01,CONFIRMED,1151.4,2.9804,5.392026903,244.0,0.001083447592566511,2.5503920398009776,7.81392436421946e-06,13.031913970606611,3.6391604755214857e-06,0.0,17,17,1800,pdcsap_flux,64741,0,29.424409233033657,19,0.023030918718940474,1,0.13710013747084537,,0,0.0,5856,201,201,30.0,1.88855430663154e-05,0.0,,0.0,,0.0,,0.0,,,
8415745,K01138.01,FALSE POSITIVE,4456.8,2.917,31.82814583,33.0,0.0038482281854066436,0.8707462686567207,0.00010095106579643964,14.33630939979446,0.0004963415110927905,0.0,14,14,1800,pdcsap_flux,54839,0,29.424531860277057,17,0.003818685113353543,1,0.02186400189646055,,0,0.0,784,201,192,4.0,6.137312495039606e-05,0.00022030217549129372,0.015046033129301426,0.00022030217549129372,0.015046033129301426,0.0,,0.0,,,
8418129,K02515.01,FALSE POSITIVE,,9.57,164.57506747,,4.411491492450903e-05,0.5713432835820882,-1.2707276787371491e-05,0.6556011686856839,1.7513270034186235e-07,0.0,18,18,1800,pdcsap_flux,65212,0,29.424427578924224,59,0.0024229064956797735,1,0.015073912776789548,,0,0.0,685,201,201,3.0,1.7312785889779692e-05,5.715944814288498e-05,-0.38639776317687685,6.293600736573257e-05,-0.16409609219825783,0.0,,0.0,,,
8423903,K07038.01,FALSE POSITIVE,271.7,84.32,12.4964346,113.0,7.751584053039551e-05,147.66487562189076,-0.00020456314086914062,0.3106144591711445,8.642673492431641e-07,,18,18,1800,pdcsap_flux,65234,0,29.424433959648013,,0.2811468587474809,1,1.0,none,0,0.0,65234,179,179,365.0,,,,,,,,0.0,blanking covers 1.12 of the orbit,,
8429014,K07885.01,FALSE POSITIVE,252.2,5.628,9.72869627,142.0,0.0002179158070995113,2.688000000000001,-5.090694307985366e-06,4.22068499445884,3.39029310418848e-05,0.0,17,17,1800,pdcsap_flux,64737,0,29.424427332705818,35,0.02410394913068861,1,0.1439516814186632,,0,0.0,6329,201,201,31.0,1.9365254230600803e-05,0.0,,0.0,,0.0,,0.0,,,
8429314,K02624.01,CONFIRMED,945.9,4.65,115.6863392,11.0,0.0008728861161391155,1.110447761194024,-0.00026096027773347963,2.8561458558396238,3.767279829947068e-05,0.0,14,14,1800,pdcsap_flux,54915,0,29.424512828118168,29,0.0016747871990749276,1,0.011235545843576436,,0,0.0,413,201,193,2.0,7.772593553996323e-05,0.0002450458566116698,0.02360849592972893,0.0002938805436270009,-0.4999145459334916,0.0,,0.0,,,
8429566,K02511.01,FALSE POSITIVE,153.6,2.054,3.732261,357.0,0.00014301163870666933,0.8175124378109377,-1.791039530407712e-05,2.3520520755393055,6.0849573208066055e-05,0.0,20,17,60|1800,pdcsap_flux,64730,0,29.42443043924868,13,0.022930693575109923,1,0.13746330913023327,,0,0.0,5941,201,201,29.0,1.645967436296192e-05,6.812449604687298e-05,0.49462327048315247,6.812449604687298e-05,0.49462327048315247,0.0,,0.0,,,
8453214,K01776.01,FALSE POSITIVE,5794.8,6.822,5.77676732,201.0,0.006064384377840626,3.937074626865661,-6.378896152181568e-06,92.07308123627102,0.00044017234371751535,0.0,14,14,1800,pdcsap_flux,54964,0,29.42449782975018,41,0.04920572082172768,1,0.2945564369405429,,0,0.0,10904,201,201,55.0,2.5423405576127797e-05,0.0,,0.0,,0.0,,0.0,,,
8459354,K03863.01,FALSE POSITIVE,3963.0,16.18,53.556625,24.0,0.0022867392152775556,3.8638805970149157,0.000627306445963427,1.8646963135119998,0.00019928437798655274,0.0,22,18,60|1800,pdcsap_flux,65268,0,29.424460938898847,99,0.012587922907141119,1,0.07530489673346816,,0,0.0,3173,201,201,17.0,0.00017083119270528405,0.0,,0.0,,0.0,,0.0,,,
8463346,K02529.01,CONFIRMED,1023.8,3.83,16.79716262,81.0,0.0010212039538681772,0.6859701492537283,0.00014064737442842645,3.5152275782254248,0.00021071005254613695,0.0,17,17,1800,pdcsap_flux,64782,0,29.424449539510533,23,0.009500612510789236,2,0.06685499058380415,,1,0.00989472384304282,2496,201,201,12.0,7.636829505041923e-05,0.0,,0.0,,0.0,,0.00989472384304282,,,
8463346,K02529.02,CONFIRMED,1112.5,4.724,64.0019669,22.0,0.0009371328636998966,1.2221293532338267,2.627556317347235e-05,1.9478784545486754,0.00032436495332355264,0.0,17,17,1800,pdcsap_flux,64782,0,29.424449539510533,29,0.0030754263168329805,2,0.04816152634991201,,1,0.028850606649995367,853,201,201,4.0,0.0001304487680080391,0.00040318175423226243,-0.35119665879202205,0.00040318175423226243,-0.35119665879202205,0.0,,0.028850606649995367,,,
8478994,K00245.01,CONFIRMED,610.4,4.466,39.79220077,35.0,0.0005896496680725116,3.9994029850746387,-1.875614538182635e-05,37.97670800647829,3.053973545552591e-05,3.7844416146959325e-05,56,18,60|1800,pdcsap_flux,65261,0,29.424419878050685,27,0.004676377021942065,4,0.10445748609429828,,3,0.07669205191461975,1248,201,201,6.0,8.112154783949908e-06,3.232552043019865e-05,0.24122067836473302,3.909956810244086e-05,0.23479065995956286,3.7844416146959325e-05,-0.09080209019314579,0.07669205191461975,,,
8478994,K00245.02,CONFIRMED,87.3,3.8763,21.30181863,62.0,8.616780303782878e-05,3.0856119402984925,9.709372728150534e-06,6.6439864548648275,9.753460952333093e-06,2.696545159386332e-05,56,18,60|1800,pdcsap_flux,65261,0,29.424419878050685,23,0.007582099106436716,4,0.11100044436953158,,3,0.06942890853649193,2002,201,201,9.0,6.655484120359833e-06,2.487178719934313e-05,-0.1777441577484797,2.7367051031013112e-05,-0.0706470078700607,2.696545159386332e-05,-0.11613960250868118,0.06942890853649193,,,
8478994,K00245.03,CONFIRMED,12.2,3.733,13.3669309,,1.8959833953613447e-05,0.37144278606965153,7.376764961430915e-06,1.6103584958315889,1.9744981418767793e-06,0.0,56,18,60|1800,pdcsap_flux,65261,0,29.424419878050685,23,0.011636303638456504,4,0.12270728306339161,,3,0.05805917776313572,3049,201,201,15.0,6.6346106931130405e-06,0.0,,0.0,,0.0,,0.05805917776313572,,,
8478994,K00245.04,CONFIRMED,,8.99,51.20690303,,1.2085650994642094e-05,1.4312437810945373,-6.950389290327763e-06,0.7261758219228869,5.093203871875396e-06,4.287564077964934e-05,56,18,60|1800,pdcsap_flux,65261,0,29.424419878050685,55,0.007315094472983076,4,0.10965201268751629,,3,0.0705474939090728,1907,200,195,9.0,8.21431875931593e-06,4.20732774741861e-05,0.26168445925493933,4.287564077964934e-05,0.3220339886570483,4.287564077964934e-05,0.3220339886570483,0.0705474939090728,,,
8480285,K00691.01,CONFIRMED,668.0,8.412,29.66631669,46.0,0.0006429552510169856,7.700537313432854,1.6941257592328895e-06,15.695065120399926,1.3001735730266972e-06,0.0,18,17,60|1800,pdcsap_flux,64733,0,29.424410563660786,51,0.01181474611973476,2,0.11861029150510559,,1,0.050144439466732575,3096,201,201,15.0,1.1673238056765965e-05,0.0,,0.0,,0.0,,0.050144439466732575,,,
8480285,K00691.02,CONFIRMED,120.4,6.471,16.2254975,81.0,9.435387545331242e-05,4.89349253731345,1.5299143725777675e-05,2.3758103925182903,9.160706656574646e-07,0.0,18,17,60|1800,pdcsap_flux,64733,0,29.424410563660786,39,0.01661736412088443,2,0.1343209800256438,,1,0.03596311000571579,4324,201,201,22.0,8.944565403514248e-06,0.0,,0.0,,0.0,,0.03596311000571579,,,
8480582,K04386.01,CONFIRMED,421.1,3.179,18.5010898,74.0,0.0003566767393815562,1.0754825870646758,-6.296994554289004e-05,1.8632303809126503,0.00010513867525574483,0.0,17,17,1800,pdcsap_flux,64726,0,29.42441132850945,19,0.007159488158007499,1,0.04298118221425702,,0,0.0,1864,201,201,9.0,4.796715020079622e-05,0.00014823104735006698,0.42268334096101756,0.00014823104735006698,0.42268334096101756,0.0,,0.0,,,
8480642,K05521.01,FALSE POSITIVE,1434.4,2.6431,31.59115876,41.0,0.0012189525348559327,1.6305691542288483,9.911289218134112e-05,12.413319284443855,8.647161477082221e-06,0.0,17,17,1800,pdcsap_flux,64738,0,29.424409987404943,17,0.003486075566373643,1,0.021285798140195867,,0,0.0,868,201,201,3.0,2.1642008180462334e-05,6.58133154101126e-05,-0.492587397718341,6.658652355073791e-05,-0.0638001030543823,0.0,,0.0,,,
8483366,K04104.01,FALSE POSITIVE,1062.0,10.53,392.49728,,0.0010449061178482433,1.8859701492537226,7.13997079866413e-05,1.2674017306159275,0.0010127762325339296,0.0009538073018529047,17,17,1800,pdcsap_flux,64755,0,29.424413172528148,65,0.001117842141479299,1,0.006887499034823566,,0,0.0,340,201,197,2.0,0.00014878292731742472,0.000665772457458691,0.37627476550837624,0.0009538073018529047,-0.04724767584454634,0.0009538073018529047,-0.04724767584454634,0.0,,,
8487777,K05523.01,FALSE POSITIVE,285.4,1.125,96.120478,,2.569119062989511e-05,0.04477611940298504,-5.5700372952660615e-05,0.18516977679176572,1.0776464496320415e-05,0.0,17,17,1800,pdcsap_flux,64759,0,29.424420380964875,7,0.00048766923526951246,1,0.002949396995012276,,0,0.0,119,200,87,0.0,5.386023909503643e-05,0.0001889966959381928,0.005046600361705625,0.00034202156549545393,-0.49725271196589227,0.0,,0.0,,,
8495232,K05524.01,FALSE POSITIVE,47.6,2.999,9.63647672,139.0,4.9334310247672875e-05,0.5371343283582055,1.1344002471158632e-05,2.024282604363232,1.4821064761250113e-05,0.0,18,18,1800,pdcsap_flux,65226,0,29.42444452084601,19,0.01296722204226249,1,0.07762242050715973,,0,0.0,3383,201,201,18.0,5.974872352746274e-06,2.2693488414660123e-05,0.48391443507733484,2.2693488414660123e-05,0.48391443507733484,0.0,,0.0,,,
8507475,K04300.01,CONFIRMED,360.5,1.523,3.58273837,314.0,0.0003345881692163877,0.21215920398009935,1.583306136843099e-05,2.8721453491053603,3.12717118985395e-05,0.0,14,14,1800,pdcsap_flux,54965,0,29.424501847825013,9,0.01771224320053639,1,0.1051578277085418,,0,0.0,3875,201,201,19.0,4.595709015589213e-05,0.0,,0.0,,0.0,,0.0,,,
8510197,K05530.01,FALSE POSITIVE,245.0,4.35,591.37382,,2.305842271232983e-06,0.08656716417910415,8.521458853549824e-06,0.01625499404433074,0.00010471209316642582,0.00019677350671520877,18,18,1800,pdcsap_flux,65199,0,29.424456328852102,27,0.0003064897259063649,1,0.0018251813678123899,,0,0.0,104,199,92,0.0,4.180117204954301e-05,0.00015742458728451592,-0.4427136125090791,0.0002133894689484439,-0.44355645925532167,0.00019677350671520877,-0.4417941433313601,0.0,,,
8516349,K05531.01,FALSE POSITIVE,1360.0,4.245,559.28332,,0.0008663593465335628,0.0,-0.0003494808801832727,0.818026341844531,0.00015427887064722867,0.0,17,17,1800,pdcsap_flux,64769,0,29.424442923045717,25,0.00031625295029360075,1,0.0020071330420417177,,0,0.0,102,198,74,0.0,0.00027704643632826554,0.0009397742841698031,0.0008301358930243707,0.002751574280753011,-0.3937744828357966,0.0,,0.0,,,
8543279,K03759.01,FALSE POSITIVE,10222.9,2.3665,7.549303633,146.0,0.007892885085152734,1.5070248756218803,0.0005840140475813493,40.01038981122405,0.00010620655305837445,0.002061964568812691,14,14,1800,pdcsap_flux,54951,0,29.42452422750648,15,0.013061359227312278,1,0.0781059489363251,,0,0.0,2800,201,201,14.0,5.327863498091596e-05,0.002061964568812691,-0.4902027789494046,0.002061964568812691,-0.4902027789494046,0.002061964568812691,-0.4902027789494046,0.0,,,
8544992,K02466.01,CONFIRMED,204.5,1.9094,3.17323012,431.0,0.0001851036232368708,0.9119522388059671,8.131233081742906e-06,3.533182245785762,2.4570295272474674e-05,0.0,17,17,1800,pdcsap_flux,64754,0,29.42441082559526,11,0.025071718824266464,2,0.17710102850789142,,1,0.031210427155079223,6607,201,201,33.0,1.6369467171100526e-05,0.0,,0.0,,0.0,,0.031210427155079223,,,
8544992,K02466.02,CONFIRMED,219.7,3.283,13.2970695,98.0,0.0001913728127540537,0.7186666666666666,1.4227322906124051e-05,1.774897621106748,1.8827708302859847e-05,0.0,17,17,1800,pdcsap_flux,64754,0,29.42441082559526,21,0.010287354417954022,2,0.1351113444729283,,1,0.07658214164375945,2689,201,201,13.0,2.1629598366097813e-05,8.114767382016996e-05,0.19827549506747685,8.114767382016996e-05,0.19827549506747685,0.0,,0.07658214164375945,,,
8552583,K01265.01,FALSE POSITIVE,437.2,3.2551,1.061934816,1261.0,0.0003769083835793996,1.6842308457711417,-1.4169403769082045e-05,12.995704766654818,2.1298325196816847e-06,0.00012670193868957735,17,17,1800,pdcsap_flux,64737,0,29.424421302974224,19,0.1277189189234254,1,0.38384540525510913,primary_only,0,0.0,33134,201,201,166.0,3.309948931568025e-05,0.00012670193868957735,-0.48910867370421235,0.00012670193868957735,-0.48910867370421235,0.00012670193868957735,-0.48910867370421235,0.0,,,
8564976,K03890.01,FALSE POSITIVE,2173.5,22.688,152.8255989,9.0,0.0020896770781606566,20.31761194029844,-3.1030889744432244e-05,13.345785745030222,0.00037492317908094375,0.0,17,17,1800,pdcsap_flux,64775,0,29.424436049885117,139,0.006185700171552433,1,0.03509069857197993,,0,0.0,1555,201,201,8.0,7.197461921402401e-05,0.0,,0.0,,0.0,,0.0,,,
8583696,K01275.01,CONFIRMED,1119.3,6.3212,50.28635977,24.0,0.001072029574136657,5.786571144278598,-3.548081323934138e-05,17.304822893572606,2.2166020822278476e-05,0.0,18,17,60|1800,pdcsap_flux,64723,0,29.42444510757923,39,0.005237669509942604,1,0.031966997821485404,,0,0.0,1280,201,201,6.0,1.7100281790546977e-05,5.7256775839897855e-05,-0.02139123673464069,5.7256775839897855e-05,-0.02139123673464069,0.0,,0.0,,,
8613338,K06184.01,FALSE POSITIVE,200.8,14.305,527.29093,,5.015266555985498e-05,1.4233830845771147,-2.961166896175982e-05,0.5474012074670935,4.3144771372904955e-05,0.00013086169108089685,18,18,1800,pdcsap_flux,65260,0,29.424428259953856,87,0.0011303848269619708,1,0.007431811216671774,,0,0.0,346,201,178,2.0,3.281557835039499e-05,0.0001237977111130384,0.46055587037070755,0.0001481060918421262,-0.32152913178362175,0.00013086169108089685,-0.1947847330605082,0.0,,,
8617363,K02945.01,CONFIRMED,861.3,1.756,19.94752741,65.0,0.0008408784105951028,0.2795621890547261,-0.00015809381648113074,2.94414607715152,0.00012439627878846338,0.0,17,17,1800,pdcsap_flux,64741,0,29.424421208677813,11,0.0036679566927170686,1,0.022427827806181553,,0,0.0,922,201,201,5.0,8.251239954516286e-05,0.0,,0.0,,0.0,,0.0,,,
8621348,K00461.01,FALSE POSITIVE,586.3,5.558,11.34436822,119.0,0.0004828850449947186,3.207601990049762,-3.362305196408233e-05,9.427856458888966,9.70986887238734e-06,0.0,17,17,1800,pdcsap_flux,64737,0,29.424426578334533,35,0.02041394715353601,1,0.12220214097038788,,0,0.0,5324,201,201,26.0,1.2997634422942894e-05,0.0001514294760378565,0.4467035215890983,0.0001514294760378565,0.4467035215890983,0.0,,0.0,,,
8646141,K06185.01,FALSE POSITIVE,119.1,12.964,168.858303,,0.0001067429585049906,2.5799004975124276,-1.6931681851684033e-05,1.1833297115803914,0.00015164320413074694,0.0,18,18,1800,pdcsap_flux,65238,0,29.424458424327895,79,0.0031989345923171255,1,0.020402219565284038,,0,0.0,945,201,201,5.0,2.2994562515985215e-05,8.962056905370552e-05,0.2145729836209256,8.962056905370552e-05,0.2145729836209256,0.0,,0.0,,,
8655458,K06060.01,FALSE POSITIVE,9876.3,5.4958,1.594162001,845.0,0.009723610716505626,3.062336318407979,-6.98159170315904e-05,11.006162232439689,0.00010532897568127364,0.0019353138312757645,17,17,1800,pdcsap_flux,64798,0,29.42444753833115,33,0.1436439123019008,1,0.42995154171425043,primary_only,0,0.0,37181,201,201,185.0,0.0002220046851787878,0.0019353138312757645,-0.4972310835031144,0.0019353138312757645,-0.4972310835031144,0.0019353138312757645,-0.4972310835031144,0.0,,,
8671707,K05557.01,FALSE POSITIVE,366.4,1.535,401.73243,,0.00020929718334994352,0.0,0.00019237882391587302,2.1898403320664137,0.00017449943445047023,0.0,18,18,1800,pdcsap_flux,65202,0,29.42442053812556,9,0.00015920629891227184,1,0.0009662280298150364,,0,0.0,34,193,34,0.0,6.764390756730793e-05,0.0002528877559945242,0.0007666955160515544,0.000606669116403391,-0.43752824538939133,0.0,,0.0,,,
8676038,K02410.01,FALSE POSITIVE,,10.51,186.65435483,,0.00010865456437703092,1.0457711442785995,-0.00010987573515164328,0.4117096677249094,4.9634563442646495e-05,0.00019762094045905343,21,17,60|1800,pdcsap_flux,64753,0,29.42441082035657,65,0.002346136885289979,2,0.023968001482556792,,1,0.0098219387518725,666,201,201,3.0,5.918901000925616e-05,0.00019762094045905343,-0.006125754131544912,0.0002790315608395266,0.0334653058077243,0.00019762094045905343,-0.006125754131544912,0.0098219387518725,,,
8676038,K02410.02,FALSE POSITIVE,,7.98,86.59322294,,0.00012981984373006128,0.6352238805970105,-0.00017395838091271987,0.5985143751729642,0.00029673767467652823,0.0,21,17,60|1800,pdcsap_flux,64753,0,29.42441082035657,49,0.0038397924076620585,2,0.02833845536114157,,1,0.007937856161104505,853,201,201,3.0,4.668623264396961e-05,0.00016505048573944858,0.2684634883776818,0.00016505048573944858,0.2684634883776818,0.0,,0.007937856161104505,,,
8678594,K01261.01,CONFIRMED,5032.9,11.4997,133.460999,10.0,0.004824882362001404,10.069389054726415,-7.3279830111738775e-06,32.18876250735647,0.000250880156447697,0.0,20,17,60|1800,pdcsap_flux,64760,0,29.424417028203607,71,0.0035902186425763737,2,0.045784434836318715,,1,0.025370599135268686,882,201,201,4.0,5.1118310246807724e-05,0.0001592411709417929,0.2911970350504225,0.00018457646490877,-0.346066774006894,0.0,,0.025370599135268686,,,
8678594,K01261.02,CONFIRMED,367.8,3.106,15.19423359,88.0,0.00033457917647872204,0.8035422885572181,7.205573358093353e-06,2.7295874219839544,4.5866785640891194e-05,0.0,20,17,60|1800,pdcsap_flux,64760,0,29.424417028203607,19,0.008517485656653424,2,0.06100988264360716,,1,0.010176034589252625,2197,201,201,11.0,2.8346694807348103e-05,0.0,,0.0,,0.0,,0.010176034589252625,,,
8686097,K00374.01,CONFIRMED,659.1,11.347,172.7046083,8.0,0.0006310250124852423,1.129054726368164,2.8653489485885864e-05,17.787652726430505,8.763831388036714e-06,4.235384236817019e-05,50,18,60|1800,pdcsap_flux,65204,0,29.42444167099893,69,0.002737574123357464,1,0.016563401018342434,,0,0.0,686,201,142,3.0,1.0887063048743471e-05,4.235384236817019e-05,-0.34257820102960235,4.235384236817019e-05,-0.34257820102960235,4.235384236817019e-05,-0.34257820102960235,0.0,,,
8689793,K01893.01,CONFIRMED,232.9,2.1004,3.554856338,377.0,0.000216046794039082,1.671960199004978,-1.2352171021023928e-05,6.009050524824344,3.3190206539690514e-05,0.0,17,17,1800,pdcsap_flux,64733,0,29.424432613304816,13,0.024618903929013482,1,0.1473591522098466,,0,0.0,6374,201,201,32.0,8.930749446336139e-06,2.941343250839612e-05,-0.29378585265893836,2.941343250839612e-05,-0.29378585265893836,0.0,,0.0,,,
8695779,K06061.01,FALSE POSITIVE,3153.1,3.4851,10.238939876,130.0,0.00284048813145954,2.15001194029852,-8.336563348820825e-05,73.0700438182909,2.4732176371222714e-05,5.3071630939149905e-05,16,16,1800,pdcsap_flux,63148,0,29.424390038475394,21,0.014182376472429243,1,0.08326471147146386,,0,0.0,3651,201,201,18.0,8.236459898552506e-06,5.3071630939149905e-05,0.4803854678435478,5.3071630939149905e-05,0.4803854678435478,5.3071630939149905e-05,0.4803854678435478,0.0,,,
8700506,K07077.01,FALSE POSITIVE,415020.0,7.70289,43.797829003,0.0,,,,,,,,,,,,,,,,,,,,,,,,,,,,,,,,,,koi_num_transits is 0,precheck
8702921,K06187.01,FALSE POSITIVE,3372.0,20.5899,19.38444245,72.0,0.003426312254239172,18.028967164179022,-2.0039219222445226e-05,32.02443355796253,3.884983591739832e-05,0.0001181798160296843,18,18,1800,pdcsap_flux,65261,0,29.424453651881777,125,0.04425778570690848,1,0.2634191936991465,,0,0.0,11811,201,201,59.0,2.168190797415441e-05,0.0001181798160296843,0.44048001307875245,0.0001181798160296843,0.44048001307875245,0.0001181798160296843,0.44048001307875245,0.0,,,
8719897,K07081.01,FALSE POSITIVE,173954.0,6.83787,1.575710265,864.0,0.14795773109243648,3.674079402985074,-0.004999904401143951,279.5009764174428,0.012744793361717965,0.0,19,18,60|1800,pdcsap_flux,65268,0,29.42446261527948,41,0.18081449129862714,1,0.543007293007293,primary_only,0,0.0,47202,201,201,234.0,9.648928515097185e-05,0.0003427528032532434,-0.38698892658190603,0.0003427528032532434,-0.38698892658190603,0.0,,0.0,,,
8733497,K03527.01,FALSE POSITIVE,229165.0,5.16249,76.81985465,16.0,,,,,,0.0005314086215563174,17,17,1800,pdcsap_flux,64687,0,29.4244029361289,31,0.002800106183226162,1,0.014686103853942832,,0,0.0,555,201,171,2.0,7.17150545685057e-05,0.0004340634895884099,0.3950129286098571,0.0005314086215563174,0.020498726603376045,0.0005314086215563174,0.020498726603376045,0.0,,,
8737343,K05565.01,FALSE POSITIVE,136.5,5.32,406.29695,,6.18721985613524e-05,0.2117412935323375,-3.809934671583637e-05,0.622048390666625,4.443507272000602e-05,0.0001526367892710212,18,18,1800,pdcsap_flux,65238,0,29.424420716241002,33,0.0005455779736142904,1,0.003464238633925013,,0,0.0,126,200,126,1.0,2.5805353451233536e-05,0.0001451291661054288,-0.11925459966742255,0.0001526367892710212,-0.11768606299328156,0.0001526367892710212,-0.11768606299328156,0.0,,,
8737796,K01252.01,FALSE POSITIVE,895.2,4.4788,0.885747456,759.0,0.0009325797781578604,2.3173890547263625,-2.2853131469102728e-05,16.28744342758558,7.87092451404181e-06,,18,18,1800,pdcsap_flux,65258,0,29.424420213326812,27,0.21068834621261012,1,0.6325201507861106,primary_only,0,0.0,55011,201,201,273.0,,,,,,,,0.0,blanking covers 0.84 of the orbit,,
8738244,K03157.01,FALSE POSITIVE,143.3,4.409,0.683082998,985.0,0.00015693902969360352,3.070945273631859,-4.947185516357422e-06,4.462146155029837,2.4974346160888672e-05,,19,18,60|1800,pdcsap_flux,65261,0,29.424420464783907,,0.26893998807057606,1,1.0,none,0,0.0,65261,187,187,346.0,,,,,,,,0.0,blanking covers 1.08 of the orbit,,
8738775,K03432.01,CONFIRMED,274.5,7.999,48.0506878,28.0,0.0002978826146499136,0.7959203980099527,-3.0419941174586462e-05,2.5608505140680387,1.7150018026823588e-05,0.0,17,17,1800,pdcsap_flux,64722,0,29.424410657957196,49,0.006936251735956767,1,0.04143876888847687,,0,0.0,1763,201,201,9.0,2.745022858692616e-05,9.040932428283632e-05,0.49102941310507153,9.68235915888016e-05,-0.4644392635229604,0.0,,0.0,,,
8739209,K07084.01,FALSE POSITIVE,19.7,21.335,3.6972959,378.0,0.00030717220669640444,30.1449751243782,-3.689526785877195e-05,1.599763872067837,2.6709527456647564e-05,,18,18,1800,pdcsap_flux,65260,0,29.42442105151713,131,0.2404347278056196,1,0.7208090714066809,primary_only,0,0.0,62757,201,201,312.0,,,,,,,,0.0,blanking covers 0.96 of the orbit,,
8747222,K05569.01,FALSE POSITIVE,545.5,1.5931,1.667482003,805.0,0.0005350869977085448,0.8559940298507493,1.4889037219689705e-05,10.880233797904504,1.6574583111328423e-05,7.631225575177591e-05,18,18,1800,pdcsap_flux,65249,0,29.424432529485784,9,0.0398080258421036,1,0.2389155389354626,,0,0.0,10402,201,201,52.0,6.529632922064165e-06,7.631225575177591e-05,-0.48799185982884147,7.631225575177591e-05,-0.48799185982884147,7.631225575177591e-05,-0.48799185982884147,0.0,,,
8748435,K08167.01,FALSE POSITIVE,307.7,24.04,259.85736,5.0,0.0003749251227649353,6.697711442786101,1.5065978378081546e-05,3.994971000147925,0.0003989948729372639,0.0,17,17,1800,pdcsap_flux,64705,0,29.424422895535827,147,0.003854678838677752,1,0.02389305308708755,,0,0.0,926,201,201,4.0,3.132748611669735e-05,0.0001750891657965603,0.08833755925927556,0.0001750891657965603,0.08833755925927556,0.0,,0.0,,,
8753657,K00321.01,CONFIRMED,185.4,2.6624,2.426304127,555.0,0.00017906728970884522,2.3312557213930347,-1.2091025716753911e-05,14.443403381923549,1.1975656971641158e-06,0.0,53,18,60|1800,pdcsap_flux,65188,0,29.424446197226644,17,0.04572111636742616,2,0.3334049211511321,,1,0.08075105847702031,11951,201,201,59.0,2.8380008546356026e-06,9.649502377029329e-06,0.47730027619873944,9.649502377029329e-06,0.47730027619873944,0.0,,0.08075105847702031,,,
8753657,K00321.02,CONFIRMED,62.0,3.0189,4.62334491,261.0,5.694972129377529e-05,1.922483582089541,6.512477396580785e-06,3.4295035698147402,9.273586155988944e-06,0.0,53,18,60|1800,pdcsap_flux,65188,0,29.424446197226644,19,0.027207033532784815,2,0.278103331901577,,1,0.13760201264036326,7017,201,201,35.0,4.763651264090318e-06,0.0,,0.0,,0.0,,0.13760201264036326,,,
8757910,K01269.01,FALSE POSITIVE,271.2,1.8136,0.655001616,1023.0,0.00024324565598810022,1.0827462686567113,-1.0982688883331981e-05,27.70026859607567,6.437322546737345e-05,0.0,18,18,1800,pdcsap_flux,65223,0,29.424448711797595,11,0.1153686721082329,1,0.6917345108320685,,0,0.0,30122,201,201,150.0,2.326831568714471e-06,0.0,,0.0,,0.0,,0.0,,,
8766268,K08168.01,FALSE POSITIVE,167.5,3.341,5.29731736,217.0,0.00010628851047500554,0.19946268656716448,-4.074634470863092e-05,0.945221311084022,8.94127063000294e-06,0.0,14,14,1800,pdcsap_flux,54964,0,29.42449933849275,21,0.02627902462187641,1,0.15708463721708754,,0,0.0,5830,201,201,28.0,3.223214983009406e-05,0.0,,0.0,,0.0,,0.0,,,
8773948,K07090.01,FALSE POSITIVE,164608.0,11.8874,33.46947449,41.0,0.1585334683309585,7.570085572139305,-0.0021464845776399955,767.3805351937389,0.003311723552499646,0.08076268566328071,17,17,1800,pdcsap_flux,64797,0,29.42444200103637,73,0.014798808194055192,1,0.09040542000401253,,0,0.0,3810,201,201,19.0,5.1778649413869954e-05,0.08076268566328071,0.4896704679056046,0.08076268566328071,0.4896704679056046,0.08076268566328071,0.4896704679056046,0.0,,,
8780959,K03741.01,FALSE POSITIVE,3089.9,9.661,2.617280959,519.0,0.003321930339160062,5.383243781094535,-0.00014249413858702376,211.77749975965236,0.0006555188592805017,0.0,18,18,1800,pdcsap_flux,65261,0,29.42446060886141,59,0.1538014729685223,3,0.4595393879958934,primary_only,3,0.25958842187523945,40031,201,201,199.0,5.553015217624368e-06,7.257258158943625e-05,-0.4810637146111858,7.257258158943625e-05,-0.4810637146111858,0.0,,0.25958842187523945,,,
8780959,K03741.03,CONFIRMED,267.8,3.281,5.1117547,169.0,0.0002355080341374105,0.45705472636815614,2.3027304104195068e-05,1.556122060874134,1.3949263803714196e-05,0.0,18,18,1800,pdcsap_flux,65261,0,29.42446060886141,21,0.026743915026543302,3,0.6370420312284519,,3,0.5643339820106955,6957,201,201,35.0,1.3374622985083438e-05,0.0,,0.0,,0.0,,0.5643339820106955,,,
8780959,K03741.04,CONFIRMED,297.2,5.255,9.6310258,88.0,0.0001912481093223617,0.20915422885572088,-4.914560017166281e-06,0.6115167946869258,1.5769356770278797e-05,0.0,18,18,1800,pdcsap_flux,65261,0,29.42446060886141,33,0.022734684537272586,3,0.6315410428893213,,3,0.5724552182773786,5947,201,201,30.0,1.6193983228552377e-05,5.149151012129316e-05,0.4975262017002052,5.149151012129316e-05,0.4975262017002052,0.0,,0.5724552182773786,,,
8800954,K01274.01,CONFIRMED,2319.1,18.003,704.962626,,0.0014003844664387533,0.7165373134328306,1.1024301976414463e-05,9.178433705421295,0.002983397019180156,0.00011396557849285838,18,18,1800,pdcsap_flux,65196,0,29.424420202849433,111,0.0010640635011479318,1,0.007761212344315602,,0,0.0,287,201,194,1.0,2.799112956596261e-05,0.00011396557849285838,-0.021158601230457857,0.00013354301806867142,-0.13168819741220303,0.00011396557849285838,-0.021158601230457857,0.0,,,
8804455,K02159.02,FALSE POSITIVE,101.5,1.3705,2.392630668,564.0,9.756351220802095e-05,0.6000199004975171,-1.1209850966142909e-05,4.098756794786879,2.337429439092098e-05,3.3449722927403336e-05,17,17,1800,pdcsap_flux,64791,0,29.4244088139385,9,0.023866686752117932,1,0.19521229800435247,,1,0.06054853297525891,6238,201,201,31.0,7.142389620587386e-06,3.3449722927403336e-05,-0.4962163314970636,4.2243504820849154e-05,0.4874843346358408,3.3449722927403336e-05,-0.4962163314970636,0.06054853297525891,,,
8812360,K05573.01,FALSE POSITIVE,437.0,5.26,77.395279,,0.0003165305553303188,0.8374129353233855,2.8422119853988015e-05,1.2626326033538615,0.0003367344645417436,0.0,17,17,1800,pdcsap_flux,64768,0,29.42442104103975,33,0.0028317834046010307,1,0.015269886363636364,,0,0.0,567,201,201,3.0,5.943783445567785e-05,0.00020525945212634955,0.2783885585810084,0.00020525945212634955,0.2783885585810084,0.0,,0.0,,,
8847111,K02985.01,FALSE POSITIVE,272.2,2.0734,0.575884418,2323.0,0.00026729576169026714,1.2791124378109515,-4.226715065058784e-06,11.482791563942044,7.84200062720064e-06,0.0,17,17,1800,pdcsap_flux,64779,0,29.424447622150183,13,0.1500156350239479,1,0.45059355655382144,primary_only,0,0.0,38908,201,201,194.0,8.435695473567372e-06,0.0,,0.0,,0.0,,0.0,,,
8868657,K07102.01,FALSE POSITIVE,203.6,18.99,4.4473549,301.0,0.00018146679213193462,10.959402985074663,-2.0243091767513377e-05,4.363816256312117,5.238309561783616e-06,0.0,16,16,1800,pdcsap_flux,63110,0,29.42436873796396,117,0.17791474208635788,1,0.5330692441768341,primary_only,0,0.0,44978,201,201,224.0,3.7145849550377716e-05,0.0,,0.0,,0.0,,0.0,,,
8874090,K01404.01,CONFIRMED,781.3,3.2208,13.32389352,102.0,0.0006966828464528563,1.4741970149253787,1.9356229319145157e-05,3.593471856152493,3.874176362583803e-05,0.0,17,17,1800,pdcsap_flux,64757,0,29.424416520050727,19,0.010072130927686971,1,0.086384483530738,,1,0.02719397130812113,2626,201,201,13.0,4.5162182453072885e-05,0.0,,0.0,,0.0,,0.02719397130812113,,,
8890783,K00464.01,CONFIRMED,5374.7,6.3363,58.36205791,21.0,0.005193044227520871,5.422107462686549,-2.7060686814683876e-05,41.76533643951139,0.00010361576821593665,0.00020205791388805405,46,17,60|1800,pdcsap_flux,64789,0,29.424435468390584,39,0.004523701004634434,2,0.07830032875951165,,1,0.05386716880952013,1079,201,201,6.0,4.2830123284093276e-05,0.00018956674218784109,0.16331346138101396,0.00021332077654812043,-0.26191443305461864,0.00020205791388805405,0.17858095227165502,0.05386716880952013,,,
8890783,K00464.02,CONFIRMED,764.8,2.2647,5.350156114,250.0,0.000718946324531955,1.802746268656712,-2.707183155292725e-05,12.797318735060374,6.0453727581788463e-05,0.0,46,17,60|1800,pdcsap_flux,64789,0,29.424435468390584,13,0.017637335806534187,2,0.11682538702557532,,1,0.012440383398416398,4648,201,201,23.0,1.6610510744860506e-05,0.0,,0.0,,0.0,,0.012440383398416398,,,
8890924,K04269.01,CONFIRMED,163.4,4.954,26.6565737,53.0,0.00016141296718297227,1.9717412935323249,3.5610945261832505e-05,3.3799438541937286,5.592436096057973e-05,7.949479629121292e-05,18,18,1800,pdcsap_flux,65227,0,29.424449549987912,31,0.007743555829407538,1,0.27212657335152624,,1,0.22509083661673845,2074,201,201,11.0,1.736185471769651e-05,7.949479629121292e-05,-0.36448259393124516,0.00012502970855143847,-0.03247763774539947,7.949479629121292e-05,-0.36448259393124516,0.22509083661673845,,,
8891278,K00698.01,FALSE POSITIVE,8378.9,2.48998,12.718711489,104.0,0.007423310868881261,1.486555223880588,0.0001119628060345379,110.83432101687629,1.570439333498097e-05,0.0,17,16,60|1800,pdcsap_flux,63163,0,29.42438978177961,15,0.008157207336324591,1,0.04911103019172617,,0,0.0,2059,201,201,10.0,1.826273281779418e-05,0.0,,0.0,,0.0,,0.0,,,
8892157,K02224.01,CONFIRMED,191.2,2.9095,3.73090026,360.0,0.00017071438952975804,1.3317114427860632,1.0675937925586076e-05,3.1542200838516936,7.16275045076209e-06,0.0,21,17,60|1800,pdcsap_flux,64716,0,29.424436977133155,17,0.0324932746035582,1,0.19959515421225044,,1,0.004960133506397181,8445,201,201,42.0,1.1066786826590502e-05,7.962271356865003e-05,-0.4967475157798855,7.962271356865003e-05,-0.4967475157798855,0.0,,0.004960133506397181,,,
8892721,K01844.01,FALSE POSITIVE,3692.4,9.627,61.4913415,20.0,0.003498238367501627,6.322208955223854,-0.0003168780985518538,14.239577282922777,0.00018582670881672758,0.0002847831069112683,14,14,1800,pdcsap_flux,54949,0,29.424502010224387,59,0.0065232761266071915,1,0.040746874374419914,,0,0.0,1549,201,201,8.0,8.596344333518637e-05,0.0002847831069112683,-0.09555320729870971,0.00034398671972146744,-0.10615353100444634,0.0002847831069112683,-0.09555320729870971,0.0,,,
8908102,K00699.01,FALSE POSITIVE,4080.1,33.787,5.41460536,251.0,0.001847684383392334,15.46469651741294,0.0004107952117919922,1.800132505640549,3.737211227416992e-05,,23,17,60|1800,pdcsap_flux,64787,0,29.42444309592247,,0.25999894231750004,1,1.0,none,0,0.0,64787,194,194,315.0,,,,,,,,0.0,blanking covers 1.04 of the orbit,,
8916492,K01414.01,FALSE POSITIVE,32.1,3.237,4.02378908,334.0,3.143459312660024e-05,2.3190447761194086,-1.9780104768551965e-06,4.776454979177349,4.7350672394141924e-07,6.745260807239362e-06,18,18,1800,pdcsap_flux,65062,0,29.424456423148513,19,0.03351940107158897,1,0.20097752912606437,,0,0.0,8767,201,201,43.0,1.485985193782957e-06,6.745260807239362e-06,0.49721992654355024,6.745260807239362e-06,0.49721992654355024,6.745260807239362e-06,0.49721992654355024,0.0,,,
8934495,K00524.01,CONFIRMED,1027.7,2.2748,4.592393816,288.0,0.0009354015016969086,1.8107860696517295,5.49713223982895e-05,13.078785998860791,3.156400201131948e-05,0.0,43,17,60|1800,pdcsap_flux,64736,0,29.42440747283399,13,0.020639199757456803,1,0.12390323776569451,,0,0.0,5275,201,201,26.0,1.533811346191213e-05,0.0,,0.0,,0.0,,0.0,,,
8935352,K05584.01,FALSE POSITIVE,499921.0,17.8024,10.90962154,0.0,,,,,,,,,,,,,,,,,,,,,,,,,,,,,,,,,,koi_num_transits is 0,precheck
8939211,K05586.01,FALSE POSITIVE,347.5,138.54,27.0779813,53.0,0.00024150490075469655,93.73850746268681,-5.194094517146919e-05,5.493002752700773,5.875858087567298e-05,,17,17,1800,pdcsap_flux,64736,0,29.42441265913658,847,0.21318058890896716,1,0.6374814631735047,primary_only,0,0.0,55039,201,201,275.0,,,,,,,,0.0,blanking covers 0.85 of the orbit,,
8947520,K02517.01,CONFIRMED,114.6,1.3672,0.968527683,1382.0,9.998867040172943e-05,0.2448716417910446,1.2428730211677674e-07,2.270670380866957,3.6816562002384146e-06,0.0,17,17,1800,pdcsap_flux,64786,0,29.424421219155192,9,0.058817799084702735,1,0.35356404161392896,,0,0.0,15244,201,201,73.0,8.461298386481597e-06,0.0,,0.0,,0.0,,0.0,,,
8957572,K07115.01,FALSE POSITIVE,29.2,15.18,1.5765874,858.0,3.135204315185547e-05,5.437611940298481,5.960464477539063e-08,1.1826071316156304,7.510185241699219e-06,,17,17,1800,pdcsap_flux,64793,0,29.424434965476394,,0.40118296010738125,1,1.0,none,0,0.0,64793,126,126,517.0,,,,,,,,0.0,blanking covers 1.60 of the orbit,,
8971432,K01384.01,FALSE POSITIVE,36854.7,1.92102,0.6243875,1068.0,0.03262360099779149,1.1086483582089524,-0.0015638106200434043,28.777463412587757,5.899599901049157e-05,0.0032955194758238493,17,17,1800,pdcsap_flux,64796,0,29.42443915642798,11,0.12819362975716203,1,0.3839434532995864,primary_only,0,0.0,33190,201,201,165.0,0.0006030867595148965,0.0032955194758238493,-0.4989380898825553,0.0032955194758238493,-0.4989380898825553,0.0032955194758238493,-0.4989380898825553,0.0,,,
8975776,K05593.01,FALSE POSITIVE,458.6,2.952,224.469892,,0.0002662650842377712,0.11749253731343301,-4.5711093253131274e-05,0.8250045852646773,0.00014326911793327568,0.0,17,17,1800,pdcsap_flux,64745,0,29.424443845055066,19,0.0005479576744305646,1,0.003274384122326048,,0,0.0,164,201,126,1.0,0.00011594050483937265,0.0004163676039126152,0.09871742374350728,0.00047410729078001257,0.14323898479098032,0.0,,0.0,,,
8979500,K05594.01,FALSE POSITIVE,278.7,2.383,113.556471,,0.00013719238126796984,0.18969154228855722,-0.00012558494774139728,0.7134976769454481,2.358345251152194e-05,0.0,16,16,1800,pdcsap_flux,60421,0,29.424439821741544,15,0.0008743814050602776,1,0.005660283676205293,,0,0.0,217,197,121,1.0,5.318208733009624e-05,0.0001801476672177449,0.1176485929155943,0.00020885645141488496,-0.2843482580608364,0.0,,0.0,,,
8984706,K06190.01,FALSE POSITIVE,256062.0,5.6831,10.135401047,139.0,0.22263744766722604,3.166702487562213,-0.006367143104035855,2166.937617543449,0.0007274043940721509,0.06672755116021034,17,17,1800,pdcsap_flux,64799,0,29.42444653250277,35,0.023363242582632983,1,0.14256392845568605,,0,0.0,6304,201,201,32.0,2.7443841713590156e-05,0.06672755116021034,-0.4925979415887492,0.06672755116021034,-0.4925979415887492,0.06672755116021034,-0.4925979415887492,0.0,,,
9003401,K02319.01,CONFIRMED,192.5,2.059,21.1033014,62.0,0.00019032073845848263,1.1063283582089525,-4.729806828640548e-05,3.720169951219096,4.343215738156214e-05,0.0,18,18,1800,pdcsap_flux,65207,0,29.42442012426909,13,0.00406531968816342,1,0.024368549388869294,,0,0.0,1064,201,201,5.0,1.5224149425554577e-05,4.833432460771281e-05,0.0412155430672174,4.833432460771281e-05,0.0412155430672174,0.0,,0.0,,,
9006186,K02169.01,CONFIRMED,86.0,2.1328,5.45298742,245.0,8.620769064704437e-05,1.3582009950248735,-7.462324558837885e-06,4.536595995706798,9.391783233114737e-06,0.0,35,18,60|1800,pdcsap_flux,65261,0,29.424420705763623,13,0.016296877256809564,3,0.30142045019230473,,3,0.22558649116624016,4223,201,201,21.0,6.655006276539554e-06,0.0,,0.0,,0.0,,0.22558649116624016,,,
9006186,K02169.02,CONFIRMED,59.9,2.056,3.26662733,393.0,5.395078609782278e-05,0.40915422885571884,8.559293935728185e-06,3.285151332769614,4.3592986997964545e-07,0.0,35,18,60|1800,pdcsap_flux,65261,0,29.424420705763623,13,0.026224805590745692,3,0.32592206677801444,,3,0.2016977980723556,6792,201,201,34.0,5.033218438192932e-06,0.0,,0.0,,0.0,,0.2016977980723556,,,
9006186,K02169.03,CONFIRMED,48.9,2.113,4.27226421,277.0,4.996256703659885e-05,0.4204975124378101,-6.19282929814613e-06,2.5423186717672785,5.682953746699582e-06,0.0,35,18,60|1800,pdcsap_flux,65261,0,29.424420705763623,13,0.020607729845122727,3,0.31061430256968176,,3,0.21524340724169105,5392,201,201,27.0,5.538186338502138e-06,0.0,,0.0,,0.0,,0.21524340724169105,,,
9007609,K04795.01,FALSE POSITIVE,182.5,1.169,1.316398648,1015.0,0.00017905294678455252,0.13958208955223844,-6.165098200550112e-05,2.536877716557784,5.9454518488988306e-05,0.0,17,17,1800,pdcsap_flux,64742,0,29.424414000241086,7,0.03700120279471248,1,0.22214327638936085,,0,0.0,9592,201,201,48.0,2.1086461690369784e-05,0.0,,0.0,,0.0,,0.0,,,
9008125,K05596.01,FALSE POSITIVE,352.6,2.665,308.024953,,0.00023122116579843421,0.053034825870646785,-2.95792280061713e-05,1.7395331607219908,6.743483465643241e-05,0.00023256861384268745,18,18,1800,pdcsap_flux,65261,0,29.424425231991336,17,0.00036049568577214156,1,0.0024670170545961602,,0,0.0,107,200,91,0.0,5.465862007291011e-05,0.00023256861384268745,-0.44312730944133627,0.001002600767319839,-0.3658460468039345,0.00023256861384268745,-0.44312730944133627,0.0,,,
9011825,K02530.01,CONFIRMED,187.8,7.643,37.3331165,33.0,0.0001793824058228255,4.258786069651745,-1.0522989465688859e-05,3.7023102416618605,2.9941165150981774e-05,0.0,15,15,1800,pdcsap_flux,57544,0,29.42439019563608,47,0.008530183472181685,1,0.04917975809815098,,0,0.0,1976,201,201,10.0,1.4254377924534121e-05,0.0,,0.0,,0.0,,0.0,,,
9015738,K01616.01,CONFIRMED,131.6,2.6239,13.93291548,47.0,0.0001261904274389991,0.9921213930348256,-7.3188690589143235e-06,4.409827743681908,1.4392252623007806e-07,0.0,11,8,60|1800,pdcsap_flux,31347,0,29.42443437874317,17,0.007846826231279675,1,0.057357960889399304,,1,0.011930966280664817,1005,201,201,5.0,9.781243908558811e-06,3.147144089510334e-05,0.046336332254813754,4.359015300703373e-05,0.08164705029557295,0.0,,0.011930966280664817,,,
9016295,K00925.01,FALSE POSITIVE,40293.1,4.23479,19.974485239,69.0,0.03627274366170452,2.5282328358209036,-0.0012973148770767384,317.7320493380754,0.0003800269911700127,0.0010443888163964576,17,17,1800,pdcsap_flux,64788,0,29.42442105151713,25,0.008833748716027844,1,0.05352843119096129,,0,0.0,2310,201,201,12.0,3.373303447843241e-05,0.0010443888163964576,-0.3973030887276987,0.0010443888163964576,-0.3973030887276987,0.0010443888163964576,-0.3973030887276987,0.0,,,
9025971,K03680.01,CONFIRMED,12990.5,6.7645,141.2415405,8.0,,,,,,0.00020590760364980198,17,17,1800,pdcsap_flux,64673,0,29.424434876418673,41,0.001995547242467712,1,0.009231054690520001,,0,0.0,303,200,155,2.0,4.241201176669928e-05,0.00020590760364980198,0.28775416142451243,0.00020590760364980198,0.28775416142451243,0.00020590760364980198,0.28775416142451243,0.0,,,
9042357,K01993.01,FALSE POSITIVE,668.3,4.001,16.00351679,84.0,0.0005959187954883705,1.5128159203980132,-1.8104585188027933e-05,5.198211252249255,1.9823931445950294e-05,0.00017341818965277422,17,17,1800,pdcsap_flux,64329,0,29.424438485875726,25,0.010416981187378962,1,0.062055993408882466,,0,0.0,2746,201,201,14.0,3.718376576412823e-05,0.00017341818965277422,0.4974294664368101,0.00017341818965277422,0.4974294664368101,0.00017341818965277422,0.4974294664368101,0.0,,,
9076971,K02981.01,CONFIRMED,367.2,3.381,9.06687613,123.0,0.0003229197873135803,0.40370149253731336,-5.381265762938181e-05,1.9806661462162878,8.268170176972678e-05,0.0,14,14,1800,pdcsap_flux,54933,0,29.42451299575623,21,0.01553732487133912,1,0.0911838057269765,,0,0.0,3368,201,201,17.0,4.071324705962536e-05,0.0,,0.0,,0.0,,0.0,,,
9091755,K04052.01,FALSE POSITIVE,319.5,6.258,1.106529843,1219.0,0.0003308558632818537,3.860656716417898,8.237659624543703e-06,5.0028452679755455,1.8876976997206363e-05,,17,17,1800,pdcsap_flux,64709,0,29.424435971304774,39,0.23564660424617215,1,0.7074750034771052,primary_only,0,0.0,60998,201,201,304.0,,,,,,,,0.0,blanking covers 0.94 of the orbit,,
9094763,K04779.01,FALSE POSITIVE,124.0,4.077,1.08469871,1051.0,0.00013677036883286142,1.21701492537313,-1.03074476338616e-05,2.5044418261538937,6.22193758292866e-07,0.0,14,14,1800,pdcsap_flux,54909,0,29.42450217786245,25,0.15661030886632105,1,0.4707971370813528,primary_only,0,0.0,34447,201,201,172.0,2.5561421792614756e-05,0.0,,0.0,,0.0,,0.0,,,
9137257,K05621.01,FALSE POSITIVE,242.9,3.724,114.734287,,6.606682026577548e-05,0.14821890547263636,-4.56623141700252e-05,0.4473790795010426,2.1472267997202366e-05,0.0,17,17,1800,pdcsap_flux,64788,0,29.42440546117723,23,0.0013524001475397384,1,0.007825523245045379,,0,0.0,296,199,91,0.0,4.912137144878116e-05,0.000162042916301397,0.10368083682234686,0.000172249191175311,-0.011273175718535831,0.0,,0.0,,,
9164003,K05631.01,FALSE POSITIVE,171.6,15.415,149.356804,,0.00014559034670591497,2.7608955223880693,3.8718828922035264e-05,1.4027618500232342,0.00023184779959006807,0.0,16,16,1800,pdcsap_flux,63125,0,29.424390038475394,95,0.004300384377980307,1,0.02540990099009901,,0,0.0,952,201,201,5.0,2.78845222985036e-05,0.00010540888360954792,0.06496666330467318,0.00010540888360954792,0.06496666330467318,0.0,,0.0,,,
9166870,K00932.01,FALSE POSITIVE,1030.9,3.183,3.855599139,350.0,0.0009967766456567828,2.533731343283598,-3.9900275619397796e-05,16.36889078280691,1.011140778317543e-05,0.0,17,17,1800,pdcsap_flux,64779,0,29.42443865351379,19,0.03439802614812234,1,0.20634773614906066,,0,0.0,8959,201,201,44.0,1.5066842298117365e-05,4.542275268737406e-05,0.2868565420943153,4.840504533842882e-05,0.4932446989830489,0.0,,0.0,,,
9181340,K07143.01,FALSE POSITIVE,2337.1,5.4932,2.131225773,632.0,0.0019977068881996685,2.9515701492537505,-0.00011265684645112017,19.052404765439118,3.016824877233315e-05,0.0,17,17,1800,pdcsap_flux,64722,0,29.424449036596343,33,0.10739516020921042,1,0.6437069311825964,,0,0.0,27747,201,201,138.0,0.0001580180980331672,0.0,,0.0,,0.0,,0.0,,,
9181402,K05637.01,FALSE POSITIVE,,3.54,223.31769215,,5.372728033536944e-05,0.21134328358209087,-9.987230096664135e-05,0.3040754953711177,5.2127700079340755e-05,0.0002725089498530897,17,17,1800,pdcsap_flux,64751,0,29.424448538920842,21,0.0006604940189912311,1,0.004216151101913484,,0,0.0,201,198,111,1.0,6.179137301886282e-05,0.0002725089498530897,0.14434169257062968,0.0003741098987729563,0.10429924266927641,0.0002725089498530897,0.14434169257062968,0.0,,,
9216231,K05641.01,FALSE POSITIVE,1287.0,12.724,616.34132,,0.00038486163245676774,2.5321393034825945,0.0004722785595301371,0.6182835017416002,0.0012734304929119533,0.0017775477730079814,17,17,1800,pdcsap_flux,64792,0,29.424428092315793,77,0.000860183553273155,1,0.005880355599456723,,0,0.0,305,200,163,2.0,0.0002090309848040748,0.0012876114574402742,-0.16880910358827375,0.0017775477730079814,-0.13246634846248767,0.0017775477730079814,-0.13246634846248767,0.0,,,
9221398,K06066.01,FALSE POSITIVE,12978.3,2.55435,13.787520532,97.0,0.011724367308614259,1.5249850746268745,-0.00029414716595788093,538.0279931672724,0.00022920914569513062,0.0,19,18,60|1800,pdcsap_flux,65266,0,29.4244460191112,15,0.007719390136390333,1,0.046547972910857105,,0,0.0,2038,201,201,10.0,6.1857295524816445e-06,2.0563919245319973e-05,0.48133858958979053,2.0563919245319973e-05,0.48133858958979053,0.0,,0.0,,,
9222516,K04492.01,FALSE POSITIVE,308.0,1.2067,0.63938062,2091.0,0.00027595136981395374,0.6964039800994966,-1.835876720868157e-05,12.574264343664444,2.9909328413957326e-06,0.0002863790252775056,17,17,1800,pdcsap_flux,64726,0,29.4244363065809,7,0.07863730162272775,1,0.47163427370762906,,0,0.0,20363,201,201,101.0,6.68710228060674e-05,0.0002863790252775056,-0.49866592746178867,0.0002863790252775056,-0.49866592746178867,0.0002863790252775056,-0.49866592746178867,0.0,,,
9239670,K08282.01,FALSE POSITIVE,116.2,4.435,456.55308,3.0,0.00010241526971299653,0.08825870646766143,4.632047715280585e-06,1.4570670497056164,1.625519069203829e-05,0.00013130401322813956,18,17,60|1800,pdcsap_flux,64755,0,29.42444359883666,27,0.00040475395909423425,1,0.0024862944946336192,,0,0.0,107,200,107,1.0,2.420074560993999e-05,9.577583913289445e-05,0.30749262424056273,0.00013468228432289564,0.24035406127583583,0.00013130401322813956,0.3086056976280713,0.0,,,
9266285,K07151.01,FALSE POSITIVE,57385.6,5.07753,5.61386908,238.0,0.051238885940268264,2.829270447761182,-0.0018662373709478208,1382.7961344373148,0.0006844937643397664,0.010506474786296294,17,17,1800,pdcsap_flux,64792,0,29.424407808110118,31,0.037685907345740954,1,0.22564514137547845,,0,0.0,9681,201,201,48.0,1.3785429073743714e-05,0.010506474786296294,0.49599673571667646,0.010506474786296294,0.49599673571667646,0.010506474786296294,0.49599673571667646,0.0,,,
9274431,K05650.01,FALSE POSITIVE,1043.0,1.951,117.844963,,0.0008532581103373182,0.03882587064676657,0.00035484034168564715,1.6971733316881805,0.0005627855769789747,0.0,8,8,1800,pdcsap_flux,31465,0,29.423566259793006,11,0.0006898187635450033,1,0.00441760686477038,,0,0.0,88,196,84,0.0,0.00022859324670483026,0.000995510979152625,0.0528489148437887,0.0010613240491855747,0.3551619879673287,0.0,,0.0,,,
9278553,K01385.01,FALSE POSITIVE,50833.5,4.98308,18.610092584,72.0,0.045241637927406875,2.9749731343283514,-0.002042718373461705,287.19938786333785,0.00012707500816966366,0.0,17,17,1800,pdcsap_flux,64795,0,29.42442742176354,31,0.011156759827828126,1,0.0654217146384752,,0,0.0,2857,201,201,14.0,4.160531865457657e-05,0.0,,0.0,,0.0,,0.0,,,
9282762,K04113.01,FALSE POSITIVE,106.7,3.828,1.33255441,981.0,8.260576786833784e-05,0.5332537313432839,-1.6492098228848562e-05,1.8333582177116832,5.460218970188002e-06,0.0,16,16,1800,pdcsap_flux,63120,0,29.42438987083733,23,0.11969492487740145,1,0.7176964512040558,,0,0.0,30190,201,201,150.0,1.0327855826166575e-05,3.795885104129759e-05,-0.39525942736088876,3.795885104129759e-05,-0.39525942736088876,0.0,,0.0,,,
9282769,K03959.01,FALSE POSITIVE,401.3,6.3373,1.332567005,1010.0,0.00034802967831071285,3.5312318407960226,-2.2003129526160237e-05,25.60593861181984,1.7196873039693195e-05,0.0,18,18,1800,pdcsap_flux,65241,0,29.424445359036326,39,0.19815451356359123,1,0.5939516561671342,primary_only,0,0.0,51705,201,201,258.0,2.9280551655069462e-05,0.0,,0.0,,0.0,,0.0,,,
9285265,K03410.01,CONFIRMED,231.3,7.043,16.5860329,80.0,0.0001794960848215954,1.8220696517412884,-4.135709842079116e-05,2.031268442028307,1.385657627250847e-05,0.0,17,17,1800,pdcsap_flux,64720,0,29.42443530075252,43,0.01769309967625431,2,0.12269777503090235,,1,0.018278739184177998,4582,201,201,23.0,2.9102526251199556e-05,8.806602000677177e-05,0.36478811753989976,0.0001893826169664381,-0.4980903599691315,0.0,,0.018278739184177998,,,
9285265,K03410.02,CONFIRMED,298.3,9.75,61.569765,19.0,0.00027815242257966943,3.492537313432834,5.383302915962229e-05,1.5916695750439582,7.56980803203744e-05,0.0,17,17,1800,pdcsap_flux,64720,0,29.42443530075252,59,0.006598206116265021,2,0.09182632880098887,,1,0.05330655129789864,1598,201,201,7.0,4.2407590958041605e-05,0.0,,0.0,,0.0,,0.05330655129789864,,,
9304561,K07158.01,FALSE POSITIVE,53.5,1.477,1.219049953,1094.0,3.0365037990365273e-05,0.2057512437810961,5.563775856143316e-06,1.1936384239487268,1.5332138605717027e-05,0.0,17,17,1800,pdcsap_flux,64755,0,29.424445861950517,9,0.050483301783669124,1,0.3028028723650683,,0,0.0,13045,201,201,66.0,6.998461394553845e-06,0.0,,0.0,,0.0,,0.0,,,
9305831,K00204.01,CONFIRMED,6998.2,3.0535,3.246732048,415.0,0.006773866279768392,2.552179104477598,-8.029766478989675e-05,112.0985844866433,1.627181199559402e-06,0.0,27,17,60|1800,pdcsap_flux,64788,0,29.424446197226644,19,0.039186839192670776,1,0.2351207013644502,,0,0.0,10177,201,201,51.0,1.6063328142743492e-05,0.0,,0.0,,0.0,,0.0,,,
9328852,K07159.01,FALSE POSITIVE,308504.0,1.97644,0.64585177,1842.0,0.26432489900738154,1.101299900497509,-0.013403587029905517,41.96253802358789,0.00016544672064611188,0.025313517276047137,20,17,60|1800,pdcsap_flux,64792,0,29.424407808110118,13,0.1275086180636567,1,0.38277873811581675,primary_only,0,0.0,33067,201,201,165.0,0.0022003091684658833,0.025313517276047137,0.4974702383343602,0.025313517276047137,0.4974702383343602,0.025313517276047137,0.4974702383343602,0.0,,,
9351920,K02129.01,CONFIRMED,286.3,3.3781,8.79618433,151.0,0.0002354068378895846,1.2100656716417872,3.0718667486051565e-05,3.397504687178905,2.6867036401423405e-05,0.0,17,17,1800,pdcsap_flux,64765,0,29.424437390989624,21,0.016001729998610277,1,0.09511310121207442,,0,0.0,4111,201,201,18.0,1.7721585202584777e-05,5.909944898030428e-05,-0.3779843148334941,5.909944898030428e-05,-0.3779843148334941,0.0,,0.0,,,
9353314,K01900.01,CONFIRMED,430.1,2.1397,5.18498961,261.0,0.00038260168169823583,1.7884059701492472,-1.356625049431237e-05,5.040270425212637,7.156471768265948e-05,0.0,17,17,1800,pdcsap_flux,64792,0,29.424437480047345,13,0.01719466640679858,1,0.10297567600938387,,0,0.0,4474,201,201,22.0,1.7610566100880097e-05,5.615531125024997e-05,-0.3387850272863994,5.615531125024997e-05,-0.3387850272863994,0.0,,0.0,,,
9362842,K05659.01,FALSE POSITIVE,363.0,7.937,444.89411,,0.0002461548583594375,0.6318009950248753,3.1881613026363276e-05,1.0775730155553922,0.00016749999066045795,0.0005348948603359771,18,18,1800,pdcsap_flux,65229,0,29.424454909167252,49,0.0007433416759177444,1,0.005135752502721182,,0,0.0,256,200,192,1.0,8.89893467269167e-05,0.0005348948603359771,0.3960208521754419,0.0005348948603359771,0.3960208521754419,0.0005348948603359771,0.3960208521754419,0.0,,,
9364290,K02374.01,CONFIRMED,194.5,3.244,5.26211833,254.0,0.00018431191166368155,1.1620298507462614,-1.8260654932933384e-05,3.212473761296105,2.3913154881038956e-05,0.0,17,17,1800,pdcsap_flux,64741,0,29.424444678006694,19,0.02568674024224512,2,0.17457252745555366,,1,0.023184689763828176,6647,201,201,33.0,1.565501846071936e-05,0.0,,0.0,,0.0,,0.023184689763828176,,,
9364290,K02374.02,CONFIRMED,306.3,2.3161,12.1628195,97.0,0.00029308367206248853,0.4148238805970115,1.7756003755087235e-06,2.7805495090851173,3.975000988043487e-05,0.0,17,17,1800,pdcsap_flux,64741,0,29.424444678006694,15,0.007934358202608094,2,0.12077354381303965,,1,0.07712268886795076,2005,201,201,10.0,2.8758535075023106e-05,8.852639366629944e-05,0.19725034953764245,0.00022103509324578052,-0.4992604492125973,0.0,,0.07712268886795076,,,
9386171,K04721.01,FALSE POSITIVE,985.0,9.73,381.18654,,0.0007459255166802903,0.580895522388058,9.677229337989868e-05,1.2902284135348099,0.0006008476829543197,0.0006146877377617432,17,17,1800,pdcsap_flux,64732,0,29.424405125901103,59,0.001063565011153507,1,0.007214360748934066,,0,0.0,312,201,150,2.0,0.0001539779784485745,0.0006146877377617432,0.30565214648095906,0.0009075593963945305,-0.033758037703388616,0.0006146877377617432,0.30565214648095906,0.0,,,
9391208,K01409.01,CONFIRMED,700.8,2.611,16.56062577,82.0,0.0006746100343590911,1.5068457711442866,-3.1479128245193166e-05,5.7058677483248355,3.580911808764853e-05,0.0,17,17,1800,pdcsap_flux,64715,0,29.424410155043006,15,0.006569296847691926,1,0.03918720543923356,,0,0.0,1726,201,201,9.0,3.109721011808921e-05,0.0,,0.0,,0.0,,0.0,,,
9395719,K02472.01,CONFIRMED,351.5,1.3916,2.607545159,508.0,0.00028430134099222126,0.44309651741293243,1.003479389760642e-05,3.3925507342879144,4.6984882765555014e-05,0.0,17,17,1800,pdcsap_flux,64720,0,29.424420370487496,9,0.022236751349522202,1,0.13317367119901113,,0,0.0,5692,201,201,28.0,2.3547168319546984e-05,0.0,,0.0,,0.0,,0.0,,,
9402670,K05667.01,FALSE POSITIVE,153.2,4.89,0.536551592,2503.0,0.00012946128845214844,2.335522388059709,-5.066394805908203e-06,4.283607981237324,1.5795230865478516e-05,,17,17,1800,pdcsap_flux,64755,0,29.424429265782237,,0.37973981074312047,1,1.0,none,0,0.0,64755,133,133,488.0,,,,,,,,0.0,blanking covers 1.52 of the orbit,,
9411412,K02101.01,CONFIRMED,360.5,1.3596,2.892216772,466.0,0.000287402100545453,0.7034746268656679,1.4612746332964832e-05,4.314990608520278,0.00014807975914987725,0.0,17,17,1800,pdcsap_flux,64785,0,29.42443613370415,9,0.01958705189335649,1,0.11751176969977618,,0,0.0,5117,201,201,25.0,2.181398063428026e-05,0.0,,0.0,,0.0,,0.0,,,
9412267,K05670.01,FALSE POSITIVE,,8.77,542.16158927,,5.838881135333818e-05,0.5235820895522387,-1.9604801403061423e-05,0.2993246614547385,0.00014008587945668616,0.0,17,17,1800,pdcsap_flux,64732,0,29.424437982961535,53,0.0006739995490250173,1,0.0049280108756102085,,0,0.0,215,201,147,1.0,4.992221033320829e-05,0.00015153260674050095,0.08107227584011888,0.00020175686654988478,0.23558667245406792,0.0,,0.0,,,
9412445,K03970.01,FALSE POSITIVE,261.2,7.498,10.18670759,265.0,0.000261095662403954,5.222487562189064,1.1319953641231173e-05,5.613102443687924,3.0772850902804905e-05,0.00014147277203369057,17,17,1800,pdcsap_flux,64760,0,29.424437301931903,45,0.030669052184570136,1,0.18486720197652873,,0,0.0,7838,201,201,40.0,1.3020186033714997e-05,0.00014147277203369057,0.4890795761156819,0.00014147277203369057,0.4890795761156819,0.00014147277203369057,0.4890795761156819,0.0,,,
9429631,K07937.01,FALSE POSITIVE,99.4,1.998,4.18587282,319.0,8.599175765278133e-05,0.19880597014925305,1.698453371723474e-06,1.3313055986682802,1.3721583645875945e-05,0.0,17,17,1800,pdcsap_flux,64737,0,29.424446862540208,13,0.019888325226278616,1,0.11857206852341011,,0,0.0,5161,201,201,25.0,1.788412918073613e-05,6.559708920284013e-05,-0.4981219429620056,6.559708920284013e-05,-0.4981219429620056,0.0,,0.0,,,
9450647,K00110.01,CONFIRMED,520.2,3.9092,9.940666412,138.0,0.000500718602866268,3.5785711442785937,-2.318609870144428e-05,28.953581242238098,5.140646764267842e-06,0.0,31,18,60|1800,pdcsap_flux,65228,0,29.424420380964875,23,0.016385554708556224,1,0.0990985466364138,,0,0.0,4334,201,201,12.0,4.433381027052174e-06,0.0,,0.0,,0.0,,0.0,,,
9451127,K01381.01,FALSE POSITIVE,62929.0,4.3056,5.117401517,265.0,0.06005459338075525,2.741874626865686,-0.0017425257244521042,655.4006558373161,7.036760819267851e-05,0.0013390927428620358,17,17,1800,pdcsap_flux,64791,0,29.42440788669046,27,0.0350568544219236,1,0.2118041085953296,,0,0.0,9199,201,201,46.0,3.538329565748448e-05,0.0013390927428620358,0.496496923255013,0.0013390927428620358,0.496496923255013,0.0013390927428620358,0.496496923255013,0.0,,,
9463329,K05679.01,FALSE POSITIVE,168.0,14.93,615.81928,,0.0001464403674191761,4.753830845771148,-8.126863079382929e-06,1.5557090499913833,0.0001712658708716841,0.0002099326041143934,18,18,1800,pdcsap_flux,65247,0,29.42444217391312,91,0.0010101719019471641,1,0.006866216071236992,,0,0.0,360,201,201,2.0,3.1609601021196585e-05,0.0002099326041143934,-0.18329924033720446,0.0002099326041143934,-0.18329924033720446,0.0002099326041143934,-0.18329924033720446,0.0,,,
9468382,K03409.01,FALSE POSITIVE,601.2,6.23,11.08260553,127.0,0.0005580428885848532,3.9673631840796024,-1.6412952462241392e-05,13.788760810192034,4.4627107724792836e-05,0.0,18,18,1800,pdcsap_flux,65244,0,29.42444653250277,39,0.023422590710339333,1,0.1396450248298694,,0,0.0,6325,201,201,32.0,1.9435344828242118e-05,0.0,,0.0,,0.0,,0.0,,,
9468551,K02980.01,CONFIRMED,166.9,1.952,1.638652525,696.0,0.00015762023216836507,0.4661492537313421,-1.1979512047788354e-05,2.6914302250512443,4.575441782617151e-05,0.0,14,14,1800,pdcsap_flux,54911,0,29.424499919987284,11,0.04963427700044787,1,0.29824625302762653,,0,0.0,10979,201,201,55.0,1.274123899773094e-05,0.0,,0.0,,0.0,,0.0,,,
9471268,K01835.01,CONFIRMED,308.3,2.097,4.580346161,268.0,0.0002677919778049098,0.834626865671648,2.8825800174603344e-05,3.599436158000827,6.187739847507423e-06,0.0,34,17,60|1800,pdcsap_flux,64793,0,29.42443579842802,13,0.01907606912856646,3,0.23896099887333508,,2,0.14197521337181485,4983,201,201,25.0,2.154321329322206e-05,0.0,,0.0,,0.0,,0.14197521337181485,,,
9471268,K01835.02,CONFIRMED,263.2,2.0361,2.248288213,596.0,0.00023631951405456153,1.6612955223880583,-3.293861854980484e-05,6.872127531781746,2.6925494728713417e-05,0.0,34,17,60|1800,pdcsap_flux,64793,0,29.42443579842802,13,0.03773426356525581,3,0.2931952525735805,,2,0.08774095967156946,9813,201,201,49.0,1.0515015212501133e-05,0.000426984496092353,-0.4953220449880717,0.000426984496092353,-0.4953220449880717,0.0,,0.08774095967156946,,,
9471268,K01835.03,CONFIRMED,249.3,1.7062,6.76690759,169.0,0.00022589206490009062,0.6451303482587086,4.7741106503296216e-05,3.781519659856912,2.5603076804991964e-05,0.0,34,17,60|1800,pdcsap_flux,64793,0,29.42443579842802,11,0.01050578358299506,3,0.2164431342891979,,2,0.16461654808389795,2756,201,201,14.0,2.042498394659171e-05,0.0,,0.0,,0.0,,0.16461654808389795,,,
9474222,K07177.01,FALSE POSITIVE,97563.5,5.64674,13.691790011,98.0,0.09544120607500906,3.820679800995047,-0.0019757350837482646,2510.500219829497,7.327374777477136e-05,0.00185456119780536,17,17,1800,pdcsap_flux,64793,0,29.424436049885117,35,0.01718408134687345,1,0.10210979581127591,,0,0.0,4519,201,201,23.0,1.4344639755260012e-05,0.00185456119780536,-0.28948249028184875,0.00185456119780536,-0.28948249028184875,0.00185456119780536,-0.28948249028184875,0.0,,,
9479460,K06205.01,FALSE POSITIVE,603811.0,6.5605,2.073873563,0.0,,,,,,,,,,,,,,,,,,,,,,,,,,,,,,,,,,koi_num_transits is 0,precheck
9480189,K00941.01,CONFIRMED,2318.9,3.0896,6.581477136,166.0,0.002225689977086498,2.5208676616915255,7.298220909635056e-05,20.88309774825308,5.259604271401486e-05,0.0,23,14,60|1800,pdcsap_flux,51731,0,29.424791777855717,19,0.01955994538508313,3,0.2207960410585529,,2,0.1129496820088535,4110,201,201,21.0,3.082860650674695e-05,0.0,,0.0,,0.0,,0.1129496820088535,,,
9480189,K00941.02,CONFIRMED,705.4,1.8888,2.382652873,421.0,0.0006311402906631347,1.3907582089552206,4.491024685804312e-06,6.036610099369622,3.358433054023724e-05,0.0,23,14,60|1800,pdcsap_flux,51731,0,29.424791777855717,11,0.033030409461580014,3,0.25777580174363535,,2,0.07359223676325607,6888,201,201,34.0,1.9239155681678652e-05,0.0,,0.0,,0.0,,0.07359223676325607,,,
9480189,K00941.03,CONFIRMED,2398.8,2.8579,24.66461416,43.0,0.0021797358020719804,1.7630825870646787,-5.524109978560787e-06,7.133875483620045,6.529596130455673e-05,0.0,23,14,60|1800,pdcsap_flux,51731,0,29.424791777855717,17,0.0048279355149931395,3,0.17786240358779068,,2,0.15373760414451682,977,201,200,4.0,7.041002558136953e-05,0.0002323152482490709,0.4083527996530905,0.00023605452160968543,-0.16255057499484277,0.0,,0.15373760414451682,,,
9489348,K05686.01,FALSE POSITIVE,57.6,10.796,3.34465934,414.0,6.926436567311622e-05,5.585990049751267,7.386148958787864e-06,3.3140986027391355,2.8742224829070295e-06,0.0,18,18,1800,pdcsap_flux,65232,0,29.424458927242085,67,0.13449301934986696,1,0.40164336521952415,primary_only,0,0.0,34950,201,201,174.0,4.520576466848158e-06,0.0,,0.0,,0.0,,0.0,,,
9489947,K03385.01,FALSE POSITIVE,79684.0,4.48223,54.061328105,21.0,,,,,,0.00027804168866563117,15,15,1800,pdcsap_flux,55970,0,29.424335220828652,27,0.0034545874080378056,1,0.017259246024656064,,0,0.0,589,201,165,3.0,8.251051560313605e-05,0.00027804168866563117,0.46212886991774227,0.000501134760112043,0.4521969311196345,0.00027804168866563117,0.46212886991774227,0.0,,,
9490653,K04173.01,FALSE POSITIVE,150.5,1.551,1.227986164,1093.0,0.00015429101358377384,0.33952238805970103,3.160197201623749e-05,2.603611589859965,0.00011009943683237822,0.0,17,17,1800,pdcsap_flux,64742,0,29.42444652202539,9,0.052626814450003855,1,0.316023601371598,,0,0.0,13639,201,201,68.0,1.523536006551156e-05,5.434180707486469e-05,-0.4935023431137977,5.434180707486469e-05,-0.4935023431137977,0.0,,0.0,,,
9518558,K07939.01,FALSE POSITIVE,172.7,0.906,2.178142613,614.0,0.00013988846441803648,0.23438805970149224,4.19980295119915e-05,2.874730238563939,1.6670988581934942e-05,0.0,17,17,1800,pdcsap_flux,64739,0,29.424418034031987,5,0.01733128022687466,1,0.10350793184942615,,0,0.0,4477,201,201,23.0,1.6120896538472017e-05,5.541416855558978e-05,0.13476073005959616,5.541416855558978e-05,0.13476073005959616,0.0,,0.0,,,
9518651,K04433.01,FALSE POSITIVE,44.0,2.259,2.17823752,616.0,3.417085722112745e-05,0.4495522388059686,6.395270814696374e-06,1.2180368896272495,1.721537868670797e-05,0.0,17,17,1800,pdcsap_flux,64725,0,29.424419542774558,13,0.04321154104443119,1,0.2586172267284666,,0,0.0,11209,201,201,56.0,5.871676417442883e-06,1.807132204878492e-05,0.08879923506641053,2.2443875628330723e-05,-0.3325132901167935,0.0,,0.0,,,
9529733,K03600.01,FALSE POSITIVE,134093.0,7.9331,4.80912667,38.0,0.12824964847881193,4.736179104477608,-0.005421389492750062,232.3556538935721,0.0003572330841276061,0.0010332878879111274,1,1,1800,pdcsap_flux,4441,0,29.424554067081772,49,0.06873302701617824,1,0.4131952263003828,,0,0.0,1234,201,201,6.0,9.885596153049642e-05,0.0010332878879111274,0.4990941839323209,0.0010332878879111274,0.4990941839323209,0.0010332878879111274,0.4990941839323209,0.0,,,
9532117,K03241.01,FALSE POSITIVE,70.7,3.099,8.21429932,164.0,7.066533750155202e-05,0.12334328358208957,4.774402327267779e-06,4.621096881629129,1.597221695004425e-05,2.2037086437887154e-05,18,18,1800,pdcsap_flux,65243,0,29.424448711797595,19,0.015719539180366757,1,0.09476878745612556,,0,0.0,4084,194,83,0.0,5.724789717693368e-06,2.2037086437887154e-05,0.3685053031760548,2.8490653303459013e-05,-0.49984355618837173,2.2037086437887154e-05,0.3685053031760548,0.0,,,
9535876,K04225.01,FALSE POSITIVE,141.7,3.22,0.960843605,1390.0,9.648529881456369e-05,1.1534328358208892,-1.788191042562115e-05,2.4697358333053736,2.5730089549202972e-05,0.00010339477539889064,17,17,1800,pdcsap_flux,64770,0,29.424436977133155,19,0.13963424012866973,1,0.41849621738459164,primary_only,0,0.0,36131,201,201,180.0,2.6485429539351067e-05,0.00010339477539889064,-0.4938214581553859,0.00010339477539889064,-0.4938214581553859,0.00010339477539889064,-0.4938214581553859,0.0,,,
9540675,K07188.01,FALSE POSITIVE,45.8,8.529,3.55643514,305.0,4.590205248944379e-05,1.8670447761194178,1.4060419538663993e-06,1.668477842133114,1.3561379020865516e-05,0.0,14,14,1800,pdcsap_flux,51730,0,29.424788681790233,53,0.09992449911514484,1,0.5994200657258844,,0,0.0,20522,201,201,101.0,1.4793438258941992e-05,5.5890721480933436e-05,-0.4882621079680065,5.5890721480933436e-05,-0.4882621079680065,0.0,,0.0,,,
9541567,K07190.01,FALSE POSITIVE,,0.95,1.12284501,474.0,0.00010576854724086981,0.0756218905472637,-5.1770391712446795e-05,1.0267142320095608,0.00018858443779878886,0.0,15,15,1800,pdcsap_flux,52201,0,29.42480410449207,5,0.03525271340283494,1,0.211988276086665,,0,0.0,7386,201,201,37.0,2.9155538468790676e-05,0.0,,0.0,,0.0,,0.0,,,
9549472,K06206.01,FALSE POSITIVE,60384.4,11.3122,15.713787218,86.0,0.05547254083839881,6.753552238805973,-0.0019509224661515834,556.0466422638378,0.0003019219452111699,0.004716788600021893,17,17,1800,pdcsap_flux,64797,0,29.42444451560732,69,0.02999542122644687,1,0.18121209315246076,,0,0.0,7607,201,201,38.0,2.6217753807514764e-05,9.95454767115378e-05,0.29864129732761724,0.004716788600021893,0.3323861462073702,0.004716788600021893,0.3323861462073702,0.0,,,
9578686,K00709.01,CONFIRMED,663.9,4.0819,21.3851584,64.0,0.0006149245944897519,3.5742009950248885,-5.17940637416725e-05,9.819488144405076,4.25236918244476e-06,0.0,18,17,60|1800,pdcsap_flux,64699,0,29.424417777336203,25,0.007953140373590436,1,0.04828513578262415,,0,0.0,2023,201,201,10.0,1.3388390240003023e-05,5.0443929566101886e-05,-0.3140839128100685,5.0443929566101886e-05,-0.3140839128100685,0.0,,0.0,,,
9588822,K04388.01,FALSE POSITIVE,8591.9,29.435,71.76236302,20.0,0.0086523347097901,25.77393034825883,-8.765651100506311e-05,44.78556652749381,0.0002713144587761507,0.00023339505592356868,18,18,1800,pdcsap_flux,65266,0,29.42444267682731,181,0.01709055111509528,1,0.14755002604725279,,1,0.04501578157080256,4434,201,201,21.0,3.110094295285177e-05,0.0001420291391565076,-0.49941996426689333,0.00023339505592356868,-0.34831829683078736,0.00023339505592356868,-0.34831829683078736,0.04501578157080256,,,
9590976,K00710.01,CONFIRMED,155.8,3.9567,5.37493289,255.0,0.0001486458022745829,3.4645731343283535,-1.3940476294438398e-06,6.1248831709164575,3.0393222986146995e-06,0.0,20,18,60|1800,pdcsap_flux,64966,0,29.424452567473054,25,0.030672475986951345,3,0.31962872887356464,,2,0.16380876150601853,8054,201,201,40.0,9.671772183987092e-06,0.0,,0.0,,0.0,,0.16380876150601853,,,
9590976,K00710.02,CONFIRMED,102.1,3.3443,8.58600968,149.0,9.85570161595728e-05,1.7969373134328441,-4.0748825349545825e-06,3.0561515229534075,1.927448111616048e-05,4.094803241883049e-05,20,18,60|1800,pdcsap_flux,64966,0,29.424452567473054,21,0.01622940557100948,3,0.2799464335190715,,2,0.20192100483329742,4356,201,201,22.0,1.2220078825995117e-05,4.094803241883049e-05,-0.34172695258765773,4.094803241883049e-05,-0.34172695258765773,4.094803241883049e-05,-0.34172695258765773,0.20192100483329742,,,
9590976,K00710.03,CONFIRMED,58.3,3.683,3.88688862,312.0,4.862509913983182e-05,1.9056318407960118,5.608969015691301e-06,2.6153485545610025,1.7498137183658002e-07,0.0,20,18,60|1800,pdcsap_flux,64966,0,29.424452567473054,23,0.039481021540908816,3,0.3437798232921836,,2,0.1390111750761937,10359,201,201,52.0,6.964286734186919e-06,0.0,,0.0,,0.0,,0.1390111750761937,,,
9592831,K07947.01,FALSE POSITIVE,287.6,2.836,0.609668222,750.0,0.0003013885294061991,0.7336915422885546,-1.348976613102515e-05,2.824167886826936,1.0016522500655434e-05,0.0,6,6,1800,pdcsap_flux,22128,0,29.424616842297837,17,0.1938212660634076,1,0.5805766449746927,primary_only,0,0.0,17138,201,201,86.0,7.484589140471476e-06,3.443350592458039e-05,0.39645896859378527,3.443350592458039e-05,0.39645896859378527,0.0,,0.0,,,
9595827,K00217.01,CONFIRMED,21340.5,2.8213,3.905081685,341.0,0.020877405383853964,2.2458109452736252,-0.0003315705964621607,298.70804993174966,0.00017888622472761462,0.0,33,17,60|1800,pdcsap_flux,64791,0,29.424435971304774,17,0.030102870093142924,1,0.18096649225972744,,0,0.0,7726,201,201,38.0,1.766067424609954e-05,0.0,,0.0,,0.0,,0.0,,,
9597058,K01819.01,CONFIRMED,523.9,2.3462,12.05705659,108.0,0.0004909355572526586,1.6341691542288492,-1.4603859720185852e-05,9.39357282827972,9.280346972007081e-07,0.00012986633191891528,18,18,1800,pdcsap_flux,65262,0,29.42444937187247,15,0.008107976652810364,1,0.04745487419938096,,0,0.0,2045,201,201,10.0,2.2971256529030857e-05,7.76350043069085e-05,-0.3063837090207892,0.00014071101638390981,-0.3367886214688282,0.00012986633191891528,-0.3702340251616711,0.0,,,
9631995,K00022.01,CONFIRMED,10344.6,4.2854,7.891448838,169.0,0.010144961972190614,3.5818268656716326,-6.938932197730896e-05,323.7871227833972,2.2407942996793828e-05,0.0,54,18,60|1800,pdcsap_flux,65258,0,29.42441669292748,27,0.0226268125155313,1,0.1361212418400809,,0,0.0,5852,201,201,29.0,8.952703306241804e-06,0.0,,0.0,,0.0,,0.0,,,
9641103,K07212.01,FALSE POSITIVE,37.4,1.637,1.089057762,1226.0,4.057261341139373e-05,0.26061691542288634,-1.8003933038857056e-06,1.8315615737597717,3.278044850252293e-05,0.0,17,17,1800,pdcsap_flux,64771,0,29.42441769351717,11,0.0626305928971776,1,0.3751833382223526,,0,0.0,16171,201,201,80.0,5.3720233595736295e-06,1.7386654685203062e-05,-0.4295273071765399,1.7386654685203062e-05,-0.4295273071765399,0.0,,0.0,,,
9641481,K02152.01,CONFIRMED,488.7,7.083,42.1918331,33.0,0.0004451874190424254,3.101014925373145,3.360418200515358e-05,3.7056052039673215,0.00010140251181822713,0.0,17,17,1800,pdcsap_flux,64753,0,29.42441870458424,43,0.006994837112208809,1,0.042407301592204225,,0,0.0,1870,201,201,9.0,3.0450199227706975e-05,0.00010217195948625246,-0.11265510180300664,0.00010217195948625246,-0.11265510180300664,0.0,,0.0,,,
9643043,K03297.01,FALSE POSITIVE,9936.0,9.0006,84.8062818,16.0,0.00788169337873057,5.552608955223844,0.0002113652888526829,33.801560383795135,0.0007242974307009042,0.005282073131124609,16,16,1800,pdcsap_flux,63115,0,29.424379812553525,55,0.004422137040324766,1,0.027188465499485066,,0,0.0,1151,201,201,6.0,6.0234128166247336e-05,0.005282073131124609,0.2744310683781343,0.005282073131124609,0.2744310683781343,0.005282073131124609,0.2744310683781343,0.0,,,
9643874,K01457.01,CONFIRMED,8725.4,3.0942,8.027681123,142.0,0.008454441711815641,2.4630447761193963,-0.00010366451397436638,78.75446802527911,4.200572708890071e-05,0.0,14,14,1800,pdcsap_flux,54947,0,29.424503780901432,19,0.016060054955424015,1,0.09694796804193132,,0,0.0,3535,201,201,18.0,2.886672203190965e-05,0.0003698535283656046,-0.4982517300112673,0.0003698535283656046,-0.4982517300112673,0.0,,0.0,,,
9649205,K08184.01,FALSE POSITIVE,150.4,8.74,237.26601,3.0,5.00800460303541e-05,1.0435820895522454,-3.1856441030653215e-05,0.3889645286889319,0.00013966393114561715,0.0002616298469295675,8,8,1800,pdcsap_flux,34250,0,29.423677073791623,53,0.0015348454954279658,1,0.010686131386861314,,0,0.0,209,201,174,1.0,2.137594491995669e-05,0.00015980258784720203,0.47444217062174315,0.0002616298469295675,0.13236348082819077,0.0002616298469295675,0.13236348082819077,0.0,,,
9654468,K02417.01,CONFIRMED,1161.5,5.959,47.7052566,17.0,0.0010583070943236406,4.150547263681616,7.11562752538919e-05,3.5919739217115114,6.599796956474613e-05,0.0,10,10,1800,pdcsap_flux,38668,0,29.42455397802405,37,0.0052047024659891816,1,0.031809247956967004,,0,0.0,818,201,201,4.0,8.619368611898901e-05,0.00029788417661524846,0.3958615936982288,0.00029788417661524846,0.3958615936982288,0.0,,0.0,,,
9655129,K01714.01,FALSE POSITIVE,39994.0,6.442,2.743978797,491.0,0.03402359260203669,3.2049751243781177,0.0005038345618110229,7.545050794590808,0.000384283917670869,0.0,23,17,60|1800,pdcsap_flux,64793,0,29.424435468390584,39,0.0978202407978252,1,0.5860818298272962,,0,0.0,25416,201,201,126.0,0.0016002096900301238,0.0,,0.0,,0.0,,0.0,,,
9656397,K03543.01,FALSE POSITIVE,333804.0,20.5357,204.74104758,0.0,,,,,,,,,,,,,,,,,,,,,,,,,,,,,,,,,,koi_num_transits is 0,precheck
9661877,K00946.01,FALSE POSITIVE,1273.0,3.447,20.42720701,55.0,0.0014880254648071967,1.0289552238806003,0.00020744333148936533,10.515070518188981,0.00040594328061183127,0.0,14,14,1800,pdcsap_flux,51684,0,29.424785318551585,21,0.007031064008392795,1,0.0427211516136522,,0,0.0,1490,201,201,7.0,3.156415363501732e-05,9.571334998026426e-05,0.16004240037778372,9.898274758513015e-05,-0.22315058807961938,0.0,,0.0,,,
9674564,K04096.01,FALSE POSITIVE,181.3,3.5415,6.873655305,197.0,0.00016983001725678903,1.691462686567168,-4.7502132990207e-05,2.4005845831356636,3.931197042117418e-06,0.0,17,17,1800,pdcsap_flux,64795,0,29.424444264150225,21,0.02146783530047846,1,0.12937726676441083,,0,0.0,5611,201,201,28.0,1.851069915754535e-05,0.0,,0.0,,0.0,,0.0,,,
9674608,K01795.01,FALSE POSITIVE,5945.0,1.198,2.972047661,448.0,0.005313359069850421,0.7152238805970157,-0.00039665442743985757,24.88106298306938,0.000307455982914262,0.0009249826140571571,17,17,1800,pdcsap_flux,64797,0,29.424444185569882,7,0.016795378930723907,1,0.10009722672345941,,0,0.0,4322,201,201,22.0,4.980973062018825e-05,0.0009249826140571571,-0.49995259191754005,0.0009249826140571571,-0.49995259191754005,0.0009249826140571571,-0.49995259191754005,0.0,,,
9701962,K04617.01,CONFIRMED,83.2,7.5,27.4784659,49.0,6.889902291606909e-05,1.3432835820895441,3.558148247595483e-06,1.5020897730954628,2.0399508785962084e-05,0.0,17,17,1800,pdcsap_flux,64719,0,29.424418536946177,45,0.011372541725482571,1,0.0694077473384941,,0,0.0,2929,201,201,14.0,1.1390544461203266e-05,0.0,,0.0,,0.0,,0.0,,,
9710792,K07960.01,FALSE POSITIVE,753.1,14.78,365.5435,4.0,,,,,,,,,,,,,,,,,,,,,,,,,,,,,,,,,,"ConnectionError: ('Connection aborted.', ConnectionResetError(10054, 'An existing connection was forcibly closed by the remote host', None, 10054, None))",transient
9711751,K07225.01,FALSE POSITIVE,131660.0,3.64361,0.855763492,1571.0,0.11499052892840045,2.030270248756231,-0.0032664304553746693,71.84329948983488,0.05534373931922765,0.0,17,17,1800,pdcsap_flux,64797,0,29.42443144507706,23,0.17740542188651034,1,0.533141966449064,primary_only,0,0.0,46005,201,201,229.0,0.0003312149624642203,0.0,,0.0,,0.0,,0.0,,,
9715631,K05706.01,CONFIRMED,996.6,17.856,425.483539,4.0,0.000869866087172988,6.751522388059672,7.533848434260193e-05,2.1451325719672494,0.00030258206951738753,0.0,17,17,1800,pdcsap_flux,64737,0,29.42443579842802,109,0.0017485987865678632,1,0.010998347158502866,,0,0.0,530,201,201,3.0,0.0001014851202578342,0.0003878056329327251,0.4199861898035571,0.0003878056329327251,0.4199861898035571,0.0,,0.0,,,
9717943,K02273.01,CONFIRMED,59.7,2.314,6.11010439,218.0,5.175265996126832e-05,0.5065472636815905,4.68745989556929e-06,2.1595551886092896,1.568953859165667e-06,0.0,18,18,1800,pdcsap_flux,65256,0,29.42444804124534,15,0.015779872243175647,1,0.09421355890646071,,0,0.0,4096,201,201,20.0,6.0272884444185985e-06,0.0,,0.0,,0.0,,0.0,,,
9726659,K01491.01,CONFIRMED,550.5,2.1978,3.148661555,278.0,0.0005207980971850823,1.6620179104477497,-2.1372700097499475e-06,5.565431066435742,6.592033023888888e-07,0.0,11,11,1800,pdcsap_flux,41894,0,29.42488271626644,13,0.029083786364584367,1,0.17568148183510765,,0,0.0,4930,201,201,25.0,2.3739756127338917e-05,0.0,,0.0,,0.0,,0.0,,,
9730163,K02704.01,CONFIRMED,6462.0,1.5916,4.871223664,119.0,0.005930652692083149,1.1719243781094593,0.00011727783288317806,7.216558336299917,0.00031938064296521684,0.0,10,8,60|1800,pdcsap_flux,28811,0,29.42486285639461,9,0.013613964630031132,3,0.15181701433480269,,2,0.07840755267085488,1538,201,201,8.0,0.00020203547587856817,0.0,,0.0,,0.0,,0.07840755267085488,,,
9730163,K02704.02,CONFIRMED,2598.0,1.2637,2.984157711,195.0,0.0021595606521671584,0.5532616915422857,-0.0001856962432635889,3.135353840378401,0.00028365620227355226,0.0,10,8,60|1800,pdcsap_flux,28811,0,29.42486285639461,7,0.017644565658368673,3,0.16358335358022977,,2,0.06462809343653465,2068,201,201,11.0,0.0001676953802600511,0.000563409725974906,0.15954098857668778,0.000563409725974906,0.15954098857668778,0.0,,0.06462809343653465,,,
9730163,K02704.03,CONFIRMED,16536.0,1.746,8.15275885,65.0,0.0010281213085424623,0.20847761194029957,1.8139152599627728e-05,1.1787359484146103,0.00010906170916136215,0.0,10,8,60|1800,pdcsap_flux,28811,0,29.42486285639461,11,0.008923359728713182,3,0.1407795633612162,,2,0.09177050432126618,983,201,182,4.0,0.00024107065796657377,0.0007715769827459917,-0.2534885143760669,0.0007715769827459917,-0.2534885143760669,0.0,,0.09177050432126618,,,
9771576,K08185.01,FALSE POSITIVE,893.9,21.6,398.71694,3.0,0.0008304888726965443,6.447761194029837,3.825650855415752e-05,3.5495969301409778,0.00036598427825684787,0.0002625935068019114,17,17,1800,pdcsap_flux,64743,0,29.424431607476436,133,0.002257240437288669,1,0.011939514696569514,,0,0.0,519,201,201,3.0,6.586570459770235e-05,0.00025277211264107535,0.017493457989172144,0.00035173212019368183,0.030754745558242175,0.0002625935068019114,0.022572248973071307,0.0,,,
9771920,K05710.01,FALSE POSITIVE,,14.66,378.70643955,,0.0006823196980614288,2.9174129353233975,-0.0002834320753998254,1.1597376533785673,0.00010633863622755424,0.0,17,17,1800,pdcsap_flux,64738,0,29.42443327861838,89,0.001612946782893788,1,0.007059223330964812,,0,0.0,354,201,200,2.0,0.00010144756690903167,0.0003972184538271195,0.016752790982452647,0.00050063829130087,-0.020344985024104104,0.0,,0.0,,,
9774400,K06212.01,FALSE POSITIVE,13695.9,18.2848,10.818248422,128.0,0.01299969603733031,12.371804975124277,-0.00021007991716992525,453.9820022114643,0.00022979177410498153,0.002250070048396835,18,18,1800,pdcsap_flux,65266,0,29.424445861950517,111,0.07042421628230813,1,0.4259645144485643,,0,0.0,18104,201,201,90.0,2.2713249376487777e-05,0.002250070048396835,0.4933303131114205,0.002250070048396835,0.4933303131114205,0.002250070048396835,0.4933303131114205,0.0,,,
9776186,K04543.01,FALSE POSITIVE,613.6,1.882,1.48922187,458.0,0.0005887642265169912,0.37452736318408064,9.888877594854684e-05,1.8934300606866006,3.8281969263920246e-05,0.0,8,8,1800,pdcsap_flux,32734,0,29.424446186749265,11,0.052656134217708386,1,0.3150241339280259,,0,0.0,6925,201,201,35.0,0.00010145327150541851,0.0003335319591102337,0.49390084838223075,0.0003335319591102337,0.49390084838223075,0.0,,0.0,,,
9784230,K03851.01,FALSE POSITIVE,257616.0,2.22035,0.7981968,545.0,0.21940788658936405,1.2372099502487512,-0.008401338992150897,19.278134260745286,0.0004496686111497006,0.1582625781236502,6,6,1800,pdcsap_flux,21322,0,29.424783809809014,13,0.11590447785976256,1,0.6959478472938748,,0,0.0,9876,201,201,49.0,0.007608520017687709,0.1582625781236502,-0.492760249711262,0.1582625781236502,-0.492760249711262,0.1582625781236502,-0.492760249711262,0.0,,,
9786017,K05714.01,FALSE POSITIVE,58776.2,9.6022,2.249000963,485.0,0.05724570198775092,5.923745273631852,-0.0015666622886545412,11.987946645870403,0.002787903170206163,0.0,16,15,60|1800,pdcsap_flux,52201,0,29.424799070111476,59,0.17789750793746845,1,0.5343575793567173,primary_only,0,0.0,37179,201,201,185.0,0.0009852385149717023,0.0,,0.0,,0.0,,0.0,,,
9813678,K07964.01,FALSE POSITIVE,28077.9,1.36737,0.505079006,540.0,0.024732380082336913,0.8163402985074567,-0.0005717523710466743,45.29134985446285,0.0001306736644192119,0.014710887030048525,4,4,1800,pdcsap_flux,13453,0,29.424185687676072,9,0.11280165939029348,1,0.6770237121831562,,0,0.0,6061,201,201,30.0,0.0017659135380473443,0.014710887030048525,-0.49238649763980846,0.014710887030048525,-0.49238649763980846,0.014710887030048525,-0.49238649763980846,0.0,,,
9818381,K00135.01,CONFIRMED,7765.0,2.8021,3.024092505,446.0,0.0076247430217820655,2.3420537313432854,-2.735357848149267e-05,210.9977190262868,2.5229745432175932e-05,2.414463579047954e-05,48,17,60|1800,pdcsap_flux,64787,0,29.424409060156904,17,0.03860800106928827,1,0.23129640205596802,,0,0.0,10074,201,201,26.0,6.185999829568822e-06,2.414463579047954e-05,0.45555891622043204,2.414463579047954e-05,0.45555891622043204,2.414463579047954e-05,0.45555891622043204,0.0,,,
9821078,K07234.01,FALSE POSITIVE,456346.0,3.94306,8.429438192,0.0,,,,,,,,,,,,,,,,,,,,,,,,,,,,,,,,,,koi_num_transits is 0,precheck
9823457,K00954.01,CONFIRMED,834.9,3.211,8.11528727,164.0,0.0007759981513538738,2.556019900497511,-2.85601030964866e-05,11.070379398819094,1.473669473550654e-05,0.0,23,17,60|1800,pdcsap_flux,64744,0,29.424418536946177,19,0.016486374692028207,2,0.11435808723588287,,1,0.017020882243914494,4264,201,201,21.0,2.1084303996267727e-05,0.0,,0.0,,0.0,,0.017020882243914494,,,
9823457,K00954.02,CONFIRMED,902.0,4.9381,36.9250409,37.0,0.0008557570130617309,3.5377432835820812,3.484328325997765e-05,5.344123543264046,3.846967831655501e-05,0.0,23,17,60|1800,pdcsap_flux,64744,0,29.424418536946177,31,0.005572212288779528,2,0.08116582231558137,,1,0.04945632027678241,1468,201,201,7.0,3.644204847057305e-05,0.00012446112986397306,0.4981332421060798,0.00012446112986397306,0.4981332421060798,0.0,,0.04945632027678241,,,
9824928,K04650.01,FALSE POSITIVE,95.6,3.289,1.69999106,786.0,6.695012281299206e-05,0.6545273631840764,8.464314713019228e-06,1.2459596138300992,2.967385592800298e-07,0.0,17,17,1800,pdcsap_flux,64745,0,29.424419867573306,21,0.08061316902846928,1,0.48433083635801993,,0,0.0,20775,201,201,104.0,1.0365601263878377e-05,4.7846320126221364e-05,0.21546955774482074,4.7846320126221364e-05,0.21546955774482074,0.0,,0.0,,,
9827094,K08186.01,FALSE POSITIVE,659.0,12.77,241.8591,5.0,-0.00660170541250249,9.40278606965166,-0.0011714851372253143,-2.9998707505037494,0.006624436244764942,0.007572628333860076,18,18,1800,pdcsap_flux,65260,0,29.424437301931903,79,0.0021999723530490823,1,0.013300643579528041,,0,0.0,484,200,199,3.0,0.0002649129841991984,0.007572628333860076,-0.49872798201942686,0.007572628333860076,-0.49872798201942686,0.007572628333860076,-0.49872798201942686,0.0,,,
9836959,K01715.01,CONFIRMED,296.0,7.426,105.0145774,13.0,0.0002796913241811527,5.911243781094555,4.0751361171098566e-06,5.671442359734584,2.718616906827176e-05,0.0,18,18,1800,pdcsap_flux,65193,0,29.424448958016,45,0.0029464163388298005,1,0.0175172181062384,,0,0.0,824,201,201,3.0,1.3743229468130768e-05,0.0,,0.0,,0.0,,0.0,,,
9837544,K03529.01,FALSE POSITIVE,323613.0,6.33708,71.661915163,0.0,,,,,,,,,,,,,,,,,,,,,,,,,,,,,,,,,,koi_num_transits is 0,precheck
9837720,K08187.01,FALSE POSITIVE,239.6,14.102,353.04037,4.0,0.0001904067317830549,2.5257313432835913,-5.589070690970033e-05,1.3716541393931494,8.15143643889682e-05,0.00012478478668498383,16,16,1800,pdcsap_flux,63123,0,29.4243913795799,87,0.0016643516811783688,1,0.009964672148028453,,0,0.0,386,201,201,2.0,2.680063230328451e-05,0.00012478478668498383,-0.021909985336428302,0.00012478478668498383,-0.021909985336428302,0.00012478478668498383,-0.021909985336428302,0.0,,,
9839081,K06213.01,FALSE POSITIVE,11273.0,1.6706,2.559236603,528.0,0.010527273681350646,1.0306189054726373,-0.000487850219703434,24.115171630311245,0.0006134946330911273,0.00012134922228790312,17,17,1800,pdcsap_flux,64793,0,29.424434965476394,11,0.027198865963286373,1,0.1628570987606686,,0,0.0,7122,201,201,23.0,1.9099436763919087e-05,9.597438026376359e-05,-0.09879158621988657,0.00012134922228790312,-0.06139314552036795,0.00012134922228790312,-0.06139314552036795,0.0,,,
9844088,K00470.01,CONFIRMED,2397.9,1.9457,3.750832927,286.0,0.00231283975196539,1.6649771144278604,-1.2906614232255365e-05,42.74079281326978,3.873195597248191e-06,0.0,14,14,1800,pdcsap_flux,51729,0,29.42478130571544,11,0.02161408810020648,1,0.1297531365384987,,0,0.0,4485,201,201,23.0,2.01591951685812e-05,0.0,,0.0,,0.0,,0.0,,,
9851983,K07969.01,FALSE POSITIVE,212.2,11.838,1.456383399,739.0,0.00017064809799194336,7.067462686567154,1.5616416931152344e-05,2.2506608908875196,9.894371032714844e-06,,15,15,1800,pdcsap_flux,52163,0,29.424807703471743,,0.3386814216219997,1,1.0,none,0,0.0,52163,149,149,352.0,,,,,,,,0.0,blanking covers 1.35 of the orbit,,
9872831,K04230.01,CONFIRMED,85.8,2.461,5.49548533,243.0,7.870646174357177e-05,0.3918009950248734,9.555124806714943e-06,2.257886818714759,1.4763260507977272e-05,0.0,16,16,1800,pdcsap_flux,63094,0,29.424365217564628,15,0.018659255827122124,1,0.11308523789900783,,0,0.0,4830,201,201,24.0,1.0174714247321326e-05,0.0,,0.0,,0.0,,0.0,,,
9873604,K08188.01,FALSE POSITIVE,423.7,13.53,522.33888,3.0,0.0003421343029043067,1.8847761194029857,1.9149673765705977e-05,1.6080630487851293,6.98353981080091e-05,0.0,17,17,1800,pdcsap_flux,64731,0,29.424406294128858,83,0.0010792801791817603,1,0.006349353478240719,,0,0.0,328,201,199,2.0,7.414426358218193e-05,0.00022293962085451202,0.04007676926817123,0.00026686485951976646,0.4326649344455028,0.0,,0.0,,,
9874581,K08189.01,FALSE POSITIVE,327.4,5.087,473.56314,3.0,0.0002247892041499222,0.20246766169154196,0.0001475487360367289,1.513026756561083,0.00016355183240968074,0.00020153621427732027,18,18,1800,pdcsap_flux,65221,0,29.42441820167005,31,0.00044758199156575687,1,0.0028211772281933733,,0,0.0,126,201,113,1.0,4.5037192141240665e-05,0.00020153621427732027,0.059154455276228285,0.0002349955297807904,-0.31407297794063305,0.00020153621427732027,0.059154455276228285,0.0,,,
9880190,K02509.01,CONFIRMED,188.7,2.457,4.5513988,297.0,0.0001938800008103314,1.271283582089556,-3.408299241702828e-05,3.41793502168254,7.994066250982534e-05,0.0,17,17,1800,pdcsap_flux,64735,0,29.424416525289416,15,0.022493084983016647,1,0.1348729435390438,,0,0.0,5886,201,201,26.0,1.5987229290081172e-05,0.0,,0.0,,0.0,,0.0,,,
9886221,K00591.01,FALSE POSITIVE,105.9,1.81,2.9926465,448.0,9.958111437247119e-05,0.3241791044776132,-3.4614139600153138e-06,2.079210075014782,1.207537464043007e-05,0.0,23,17,60|1800,pdcsap_flux,64712,0,29.424425567267463,11,0.025200659906429532,1,0.15164111756706639,,0,0.0,6538,201,201,33.0,1.0196134901693998e-05,0.0,,0.0,,0.0,,0.0,,,
9895709,K01594.01,FALSE POSITIVE,331.2,1.644,1.818939148,728.0,0.00031802215236675924,1.3413731343283586,2.6573958074482817e-05,5.823570288787667,0.000132996637825622,0.0,17,17,1800,pdcsap_flux,64692,0,29.42443478736095,11,0.037659313713335946,1,0.22556112038582823,,0,0.0,9683,201,201,49.0,1.0053131516043566e-05,4.348796842135183e-05,0.28617184968012405,4.348796842135183e-05,0.28617184968012405,0.0,,0.0,,,
9896018,K02579.01,CONFIRMED,145.6,2.721,2.7296036,492.0,0.000136010764489769,0.48734328358208945,-2.674765869592477e-05,2.598097326311229,1.3137661771911446e-05,0.0,17,17,1800,pdcsap_flux,64753,0,29.42443530075252,17,0.04153533502080669,2,0.35013049588436057,,2,0.13370809074483037,10730,201,201,53.0,1.0288981733598135e-05,0.0,,0.0,,0.0,,0.13370809074483037,,,
9896018,K02579.02,CONFIRMED,149.6,2.661,3.59645081,335.0,0.000134829701063377,1.165014925373125,-1.2085335318268164e-05,1.910241319534088,2.3197300244026664e-06,0.0,17,17,1800,pdcsap_flux,64753,0,29.42443530075252,17,0.03082900499895896,2,0.32009327753154293,,2,0.16505798959121584,7962,201,201,31.0,1.791578936556597e-05,0.0,,0.0,,0.0,,0.16505798959121584,,,
9899181,K02867.01,FALSE POSITIVE,31.7,3.315,1.332560553,1006.0,3.25576998077004e-05,2.242985074626861,-6.335638214061134e-08,3.9822701202020654,9.369528105152014e-06,0.0,18,18,1800,pdcsap_flux,65205,0,29.424449796206318,21,0.10365382622878827,2,0.677079978529254,,1,0.14702860210106586,26985,201,201,134.0,4.78824353866163e-06,0.0,,0.0,,0.0,,0.14702860210106586,,,
9899181,K02867.02,FALSE POSITIVE,24.3,22.27,18.936061,73.0,5.3385228684255104e-05,12.409154228855755,-1.492403782110685e-06,1.8515016942459195,6.628309767497953e-06,0.0,18,18,1800,pdcsap_flux,65205,0,29.424449796206318,137,0.049002623442471305,2,0.515328579096695,,1,0.3101142550417913,12698,201,201,64.0,3.682694392696184e-06,0.0,,0.0,,0.0,,0.3101142550417913,,,
9899216,K07971.01,FALSE POSITIVE,11.9,3.962,1.33259003,1006.0,1.037901285605436e-05,0.23653731343283546,3.796264267386107e-06,0.5397350891848136,5.494483024115482e-07,0.0,19,18,60|1800,pdcsap_flux,65262,0,29.424447873607278,25,0.12388156118302442,1,0.7431277006527535,,0,0.0,32314,201,201,161.0,7.979173706325238e-06,0.0,,0.0,,0.0,,0.0,,,
9899217,K03979.01,FALSE POSITIVE,158.3,4.69,1.33254971,1007.0,0.00017339135271843276,2.9866666666666792,-7.834754218838391e-06,4.656008146328779,2.4216813535593573e-05,0.0,17,17,1800,pdcsap_flux,64740,0,29.424436463741586,29,0.14664868800028982,1,0.4392956441149212,primary_only,0,0.0,37954,201,201,189.0,1.2851683068783991e-05,0.0,,0.0,,0.0,,0.0,,,
9899315,K04181.01,FALSE POSITIVE,104.2,3.293,1.33256979,1010.0,9.852659075948456e-05,0.8519203980099519,-1.3882229515815858e-05,2.6609201836315464,2.8440348137204197e-05,0.0,17,17,1800,pdcsap_flux,64723,0,29.42443731240928,21,0.10296521380192279,2,0.6177093150811922,,1,0.001405991687653539,26610,201,201,133.0,8.870000598459704e-06,0.0,,0.0,,0.0,,0.001405991687653539,,,
9899315,K04181.02,FALSE POSITIVE,521.0,1.847,164.689421,,0.0005791206264980087,0.03675621890547287,0.0001510205411544563,1.6439279300909315,0.00021017078877383355,0.0,17,17,1800,pdcsap_flux,64723,0,29.42443731240928,11,0.000467293726980395,2,0.3102760996863557,,1,0.308097585093398,119,199,77,0.0,0.00016014332554057972,0.0005922268403529829,0.043760022748388736,0.0008485276248563212,0.31782779362235364,0.0,,0.308097585093398,,,
9899577,K07247.01,FALSE POSITIVE,78.4,3.987,1.33258981,1006.0,8.774467484284898e-05,0.5554029850746303,1.827374620522182e-05,2.8134337734960586,3.443165670236059e-05,0.0,17,17,1800,pdcsap_flux,64793,0,29.42443479259964,25,0.12466326753616704,1,0.747673359776519,,0,0.0,32280,201,201,161.0,1.29144295300462e-05,0.0,,0.0,,0.0,,0.0,,,
9899607,K05730.01,FALSE POSITIVE,79.1,4.014,1.33259275,1007.0,8.48784092311039e-05,0.8786865671641828,-9.072185360281537e-06,2.937098141360595,9.263545763804615e-06,0.0,17,17,1800,pdcsap_flux,64750,0,29.424436474218965,25,0.1255072114117385,1,0.37595366795366797,primary_only,0,0.0,32479,201,201,162.0,5.251670692592691e-06,1.7799892926162464e-05,0.48842039563723677,1.7799892926162464e-05,0.48842039563723677,0.0,,0.0,,,
9902856,K01556.01,FALSE POSITIVE,10188.0,5.628,135.9121619,8.0,0.008674590012697547,0.22400000000000048,0.0003540219308865167,27.338604779416922,0.0008560165259879904,0.0,13,13,1800,pdcsap_flux,50055,0,29.42473671399057,35,0.0017253790736736123,1,0.010608330836080312,,0,0.0,351,201,167,1.0,8.561904969460472e-05,0.0002783279872515809,0.04026546866072983,0.0004627428582166804,-0.3669239927262347,0.0,,0.0,,,
9912977,K07977.01,FALSE POSITIVE,279437.0,7.27446,0.9439372,0.0,,,,,,,,,,,,,,,,,,,,,,,,,,,,,,,,,,koi_num_transits is 0,precheck
9941425,K07979.01,FALSE POSITIVE,30.2,1.295,1.075158342,1238.0,2.5347273432951845e-05,0.20616915422885662,-4.525086151452307e-06,1.9089577693070674,1.0408052882882046e-05,0.0,17,17,1800,pdcsap_flux,64791,0,29.424416022375226,7,0.05018640624873962,1,0.3012146748776836,,0,0.0,12966,201,201,67.0,6.652348851286838e-06,0.0,,0.0,,0.0,,0.0,,,
9944421,K07260.01,FALSE POSITIVE,232683.0,3.69044,7.09520543,186.0,0.2035345376304446,2.0563645771144285,-0.00643996556529991,1653.076987310996,0.0006161740833742213,0.015709733844807117,17,17,1800,pdcsap_flux,64791,0,29.42441819643136,23,0.021672146754647716,1,0.12779552715654952,,0,0.0,5557,201,201,28.0,3.3557774220741666e-05,0.015709733844807117,-0.4376750115809881,0.015709733844807117,-0.4376750115809881,0.015709733844807117,-0.4376750115809881,0.0,,,
9945370,K02285.01,CONFIRMED,1032.9,4.093,37.9456138,36.0,0.000904947860908667,1.3032437810945234,-3.900485083596639e-05,2.8663638817115507,0.00019269797311227688,0.0,16,16,1800,pdcsap_flux,62982,0,29.424381321296096,25,0.004494371011246277,1,0.02591216538058493,,0,0.0,1109,201,201,6.0,6.869003704993627e-05,0.00021237605902924006,0.15900061498938423,0.00021237605902924006,0.15900061498938423,0.0,,0.0,,,
9950612,K00719.01,CONFIRMED,577.6,1.5501,9.034190783,147.0,0.0005754405796328799,1.2339104477611857,5.291136633045479e-05,11.36438575328332,3.201682760800573e-05,0.0,30,17,60|1800,pdcsap_flux,64813,0,29.42442893050611,9,0.007149229139762789,4,0.11851017542776912,,3,0.07885763658525295,1844,201,201,9.0,1.4408530976335032e-05,0.0,,0.0,,0.0,,0.07885763658525295,,,
9950612,K00719.02,CONFIRMED,194.3,4.174,28.1224393,47.0,0.00016382763628552954,1.827422885572144,7.328832599795554e-06,2.5777773601557246,1.438201324877042e-05,0.0,30,17,60|1800,pdcsap_flux,64813,0,29.42442893050611,25,0.006184266763326846,4,0.11500779164673754,,3,0.0812337031151158,1597,201,201,8.0,1.9585647650714132e-05,0.0,,0.0,,0.0,,0.0812337031151158,,,
9950612,K00719.03,CONFIRMED,361.8,5.0041,45.9029768,29.0,0.00038459160987647234,1.1950089552238905,4.0384793514869344e-05,6.4309191718877905,3.733583472009805e-05,0.00014556016233158164,30,17,60|1800,pdcsap_flux,64813,0,29.42442893050611,31,0.004542279852026213,4,0.11040994862141855,,3,0.0861555552126888,1140,201,201,6.0,1.5773169783623243e-05,0.00014556016233158164,0.25067450179975703,0.00014556016233158164,0.25067450179975703,0.00014556016233158164,0.25067450179975703,0.0861555552126888,,,
9950612,K00719.04,CONFIRMED,160.3,1.6261,4.159816554,313.0,0.0001246465714994649,1.0031661691542353,2.505087404736095e-06,3.679338792656265,1.5339689673266044e-05,0.0,30,17,60|1800,pdcsap_flux,64813,0,29.42442893050611,9,0.016287777546708296,4,0.14470862327002298,,3,0.05225803465354173,4203,201,201,21.0,7.96411252767053e-06,0.0,,0.0,,0.0,,0.05225803465354173,,,
9959492,K03051.02,FALSE POSITIVE,70.8,5.187,1.33258772,1006.0,7.815526629517677e-05,2.0644776119403123,-1.7293273857132974e-05,3.1263441172576636,2.5910059314293576e-05,0.0,17,17,1800,pdcsap_flux,64733,0,29.424435960827395,31,0.16218444516357994,1,0.4861508040721116,primary_only,1,0.02902692598829036,41973,201,201,209.0,9.972140782780414e-06,0.0,,0.0,,0.0,,0.02902692598829036,,,
9959494,K03205.01,FALSE POSITIVE,24.1,3.755,1.332568744,1007.0,2.302305277390726e-05,2.3912437810945235,7.754370978663161e-07,4.532175227194469,4.826040143068866e-07,7.71676645583419e-06,26,18,60|1800,pdcsap_flux,65216,0,29.424448376521468,23,0.11741107844364489,1,0.7042596908734053,,0,0.0,30576,201,201,152.0,2.4892422788555635e-06,7.71676645583419e-06,-0.4863198101611411,7.71676645583419e-06,-0.4863198101611411,7.71676645583419e-06,-0.4863198101611411,0.0,,,
9959545,K04195.01,FALSE POSITIVE,56.7,4.284,1.332567643,1006.0,6.563262025571781e-05,1.278805970149266,-9.888142740943628e-06,4.902424322339626,7.724355439497899e-06,0.0,17,17,1800,pdcsap_flux,64715,0,29.42443714477122,27,0.13395192427015878,1,0.4012207370779572,primary_only,0,0.0,34642,201,201,173.0,3.07603718304148e-06,1.3835589102839663e-05,0.48791401203749146,1.3835589102839663e-05,0.48791401203749146,0.0,,0.0,,,
9710792,K07960.01,FALSE POSITIVE,753.1,14.78,365.5435,4.0,0.0006896908969264981,4.117810945273632,-0.0001621446843041996,1.719472107909338,0.00013741396200761535,0.00044760883604066937,17,17,1800,pdcsap_flux,64734,0,29.42443144507706,91,0.0016847060153807505,1,0.010828930701022647,,0,0.0,472,201,200,3.0,8.025874721653118e-05,0.0002629819595352245,0.009641268984610497,0.00044760883604066937,-0.0046787321461247535,0.00044760883604066937,-0.0046787321461247535,0.0,,,
9962731,K08191.01,FALSE POSITIVE,132.3,21.69,385.39743,3.0,0.00011810589860739018,3.8847761194029795,3.2892422809904787e-06,1.668746495743484,2.4229204659720338e-05,0.0,15,15,1800,pdcsap_flux,52140,0,29.424789844779298,133,0.002344981906080692,1,0.016954353663214423,,0,0.0,514,200,183,3.0,2.2252613146508924e-05,8.741514036558762e-05,0.43362146495617127,0.0001407767049261821,-0.044754843884268966,0.0,,0.0,,,
9964748,K02496.01,FALSE POSITIVE,84.3,1.393,1.183818383,904.0,7.886381955113375e-05,0.30493532338308227,-4.3994076848186126e-06,1.8088718255658918,3.5283413333586644e-05,0.0,14,14,1800,pdcsap_flux,51676,0,29.42478163051419,9,0.049029198650876724,1,0.2938501431999381,,0,0.0,10136,201,201,50.0,1.069458581137972e-05,0.0,,0.0,,0.0,,0.0,,,
9967884,K00425.01,FALSE POSITIVE,13756.0,1.8931,5.428344915,199.0,0.012469466765948845,1.1678825870646796,-0.0004049420357689071,160.62342439802134,5.329627841887952e-05,0.0,26,14,60|1800,pdcsap_flux,51731,0,29.42478616721928,11,0.014530979129329453,1,0.08766503643849916,,0,0.0,3051,201,201,15.0,2.1837593276606713e-05,0.0,,0.0,,0.0,,0.0,,,
9973109,K02018.01,CONFIRMED,483.3,4.858,27.495634,43.0,0.0004984563165422173,1.9335323383084466,2.1430812905065544e-05,4.247451048153756,4.441506894514724e-05,0.00016550582772723033,14,14,1800,pdcsap_flux,51602,0,29.424798059044406,29,0.007361774842750186,1,0.08759350412774698,,1,0.0426727646215263,1680,201,201,8.0,3.3098381293313194e-05,0.0001468890200445605,-0.1539712780627052,0.00016550582772723033,-0.14476905950926755,0.00016550582772723033,-0.14476905950926755,0.0426727646215263,,,
9995771,K03470.02,CONFIRMED,302.0,6.514,25.4337864,43.0,0.00023539464451427516,1.5555820895522317,-7.228949666904239e-05,2.1834857494703757,7.825816120132778e-06,0.0,14,14,1800,pdcsap_flux,54913,0,29.424511822289787,39,0.010671500593661773,1,0.11203175932839218,,1,0.05202775299109501,2238,201,201,11.0,3.150159698400123e-05,0.0001049526386004418,0.40309296976661574,0.0001049526386004418,0.40309296976661574,0.0,,0.05202775299109501,,,
10004515,K05751.01,FALSE POSITIVE,,2.72,25.26363805,,1.136342217089581e-05,0.3789054726368186,1.2310680181371048e-05,0.3732218598164457,1.1163736916453004e-05,2.7609113364968074e-05,18,18,1800,pdcsap_flux,65232,0,29.424429601058364,17,0.004486025849049612,1,0.027348540593573705,,0,0.0,1169,201,201,5.0,7.429668083864005e-06,2.7609113364968074e-05,-0.499807146943603,2.7609113364968074e-05,-0.499807146943603,2.7609113364968074e-05,-0.499807146943603,0.0,,,
10006096,K05753.01,FALSE POSITIVE,330180.0,4.09296,70.516233809,0.0,,,,,,,,,,,,,,,,,,,,,,,,,,,,,,,,,,koi_num_transits is 0,precheck
10015516,K00990.01,FALSE POSITIVE,25457.2,51.349,67.69213907,,0.017058549475815532,37.80921393034846,-0.00014478689355412744,254.1399997293894,0.0022702401063243727,0.024583152919286144,21,18,60|1800,pdcsap_flux,65262,0,29.424445683835074,315,0.031606944263560366,1,0.1952744322883148,,0,0.0,8678,201,201,43.0,4.8218398621549504e-05,0.024583152919286144,-0.49077493978185566,0.024583152919286144,-0.49077493978185566,0.024583152919286144,-0.49077493978185566,0.0,,,
10019763,K01558.01,FALSE POSITIVE,7589.6,2.4657,32.50456309,34.0,0.006803506670765791,1.521128358208966,0.00039622609902600914,32.43149959739465,0.0002712031640695889,0.0,14,14,1800,pdcsap_flux,54952,0,29.424491616664454,15,0.003160710073706762,1,0.017961129713204252,,0,0.0,679,201,201,3.0,5.2498543037643184e-05,0.0001969606841982774,0.027466892218960794,0.0001969606841982774,0.027466892218960794,0.0,,0.0,,,
10020423,K07273.01,FALSE POSITIVE,152666.0,4.23892,7.448375935,180.0,0.14716037256777204,2.699411741293544,-0.0028352676582006353,1239.12755588653,0.0004178324171451031,0.004431342283588435,28,17,60|1800,pdcsap_flux,64793,0,29.424435044056736,25,0.023712775537647012,1,0.14297840816137547,,0,0.0,6121,201,201,30.0,2.733161375223363e-05,0.004431342283588435,0.487044728650954,0.004431342283588435,0.487044728650954,0.004431342283588435,0.487044728650954,0.0,,,
10024701,K02002.01,CONFIRMED,251.1,3.208,14.37504582,76.0,0.0002491516826010898,0.12768159203980112,3.845781419098415e-05,3.3472191289606594,1.1308787150721145e-05,0.0,15,15,1800,pdcsap_flux,52198,0,29.424788671312854,19,0.009298521085803863,1,0.05720525690639488,,0,0.0,1983,201,162,12.0,1.2747029979623225e-05,3.8489057117230274e-05,0.4057657372310431,3.8489057117230274e-05,0.4057657372310431,0.0,,0.0,,,
10027247,K02418.01,CONFIRMED,751.0,7.464,86.829519,14.0,0.0007641130391713435,3.1192835820895604,-5.7843261002443747e-05,2.5421598594601824,3.0057351655288223e-05,0.00033926103414005926,20,14,60|1800,pdcsap_flux,51721,0,29.42478113807738,45,0.0035817312312878295,1,0.02441948144854121,,0,0.0,844,201,201,4.0,8.738969383195305e-05,0.0003175367776474536,0.3273887139518002,0.0003688603940256163,0.35022225055126,0.00033926103414005926,0.3336567436065539,0.0,,,
10031643,K07984.01,FALSE POSITIVE,87.7,4.806,8.5898708,125.0,9.201882481790769e-05,0.4782089552238844,-2.116019589126772e-05,1.4260866362564062,5.271079893831576e-05,0.0,14,14,1800,pdcsap_flux,51687,0,29.42478943092283,29,0.023312341321827565,1,0.1405575870141428,,0,0.0,4821,201,201,24.0,1.8954575309401554e-05,0.0,,0.0,,0.0,,0.0,,,
10033279,K01604.01,FALSE POSITIVE,1063.5,3.612,72.4914068,13.0,0.0009216916681608067,0.7188059701492544,5.035539321562865e-05,7.767441952847475,5.1785574303075954e-05,0.0,15,15,1800,pdcsap_flux,52175,0,29.424803936854005,23,0.0020761081436206866,1,0.011308097747963585,,0,0.0,386,200,197,2.0,2.405781587596325e-05,8.865486092446417e-05,0.03433940663860676,8.865486092446417e-05,0.03433940663860676,0.0,,0.0,,,
10055126,K01608.01,CONFIRMED,206.9,4.2642,9.17617167,146.0,0.00018118048100290718,2.4609313432835687,-1.1629829911319334e-05,4.947036314404807,1.3733916504832244e-05,0.0,18,17,60|1800,pdcsap_flux,64721,0,29.424405618337914,27,0.01936264995792085,3,0.14835988319092722,,2,0.03678867755442592,4973,201,201,25.0,9.193736645893224e-06,0.0,,0.0,,0.0,,0.03678867755442592,,,
10055126,K01608.02,CONFIRMED,168.1,4.894,19.7383992,63.0,0.00015954009857099827,2.7270049751243732,-2.7182785108159635e-05,3.1706065401839054,4.934199706929654e-06,0.0,18,17,60|1800,pdcsap_flux,64721,0,29.424405618337914,29,0.010330962739200587,3,0.12113533474451878,,2,0.06317887548091036,2678,201,201,15.0,1.4551848183208771e-05,0.0,,0.0,,0.0,,0.06317887548091036,,,
10055126,K01608.03,CONFIRMED,290.8,12.235,232.040326,5.0,0.0002741572136649717,3.4087562189054665,-1.7397628032100876e-05,2.4908571865037987,6.614405632376918e-05,0.0,18,17,60|1800,pdcsap_flux,64721,0,29.424405618337914,75,0.002196995993992297,3,0.09945767216204941,,2,0.08663339565210673,493,201,200,2.0,2.9351316406979255e-05,8.908519195538478e-05,0.034152286833606466,0.00010631788996429137,0.24231765726438645,0.0,,0.08663339565210673,,,
10063044,K07280.01,FALSE POSITIVE,155117.0,4.37759,1.009671584,1326.0,0.1412790350440989,2.439254129353248,-0.004236833980136856,23.408773047129305,0.00011781467713234406,0.0,17,17,1800,pdcsap_flux,64791,0,29.424414597451687,27,0.1806523885823584,1,0.5412325785988795,primary_only,0,0.0,46809,201,201,232.0,0.012723005594559205,0.0,,0.0,,0.0,,0.0,,,
10064256,K02849.01,CONFIRMED,133.1,2.899,5.95958637,224.0,0.00010450039550147228,0.7499900497512451,1.4248791074145117e-05,2.280764953073884,5.792311389962723e-05,0.0,17,17,1800,pdcsap_flux,64785,0,29.42441660386976,17,0.02026846481741092,1,0.12215790692289882,,0,0.0,5254,201,201,23.0,1.4535455522504681e-05,0.0,,0.0,,0.0,,0.0,,,
10068024,K02891.01,FALSE POSITIVE,72.2,1.2771,2.023126394,656.0,6.534952434666952e-05,0.5337134328358175,-1.6179748003386507e-05,2.8832868515999985,9.306165310585257e-06,2.898015866570347e-05,17,17,1800,pdcsap_flux,64742,0,29.42441920749843,7,0.026302113480310807,1,0.15742485558061228,,0,0.0,6787,201,201,34.0,4.848980727637486e-06,2.898015866570347e-05,-0.49925021233091105,2.898015866570347e-05,-0.49925021233091105,2.898015866570347e-05,-0.49925021233091105,0.0,,,
10068919,K03573.01,FALSE POSITIVE,51325.0,3.6873,43.56225858,29.0,0.04538162847307303,2.127994029850736,-0.0018866340988166197,356.34389400928876,0.0006102272591069768,0.0,17,17,1800,pdcsap_flux,64791,0,29.42442012426909,23,0.0035268488138155674,1,0.020002778163633838,,0,0.0,839,201,198,3.0,2.6934677384675807e-05,8.424694259934196e-05,0.08151687673750473,9.630141941363579e-05,0.3469122499771297,0.0,,0.0,,,
10081899,K08196.01,FALSE POSITIVE,648.1,17.77,522.64613,3.0,0.0006708776184735088,3.8899502487562145,6.573293866141139e-05,1.9735813003918843,0.0008712504225856232,0.0009234605518817496,17,17,1800,pdcsap_flux,64780,0,29.424434127286077,109,0.0014166691843038551,1,0.009864155603581353,,0,0.0,425,200,198,2.0,0.0001352555417836444,0.0008547411038043462,0.39268218862047577,0.0014730595727964202,0.4029530402066769,0.0009234605518817496,0.40419262574294257,0.0,,,
10090151,K07985.01,FALSE POSITIVE,1579.2,3.2221,0.527698548,2026.0,0.0013265609741210938,1.538913432835826,8.052587509155273e-05,5.609666047425674,1.2695789337158203e-05,,14,14,1800,pdcsap_flux,51727,0,29.424778366810642,,0.25441450838835106,1,1.0,none,0,0.0,51727,198,198,262.0,,,,,,,,0.0,blanking covers 1.02 of the orbit,,
10095512,K07286.01,FALSE POSITIVE,120272.0,4.34296,3.008602107,356.0,0.08078809660503106,2.679239004975113,-0.005605611686295697,1909.5304566191521,0.060768161552083866,6.80254486100651e-05,15,15,1800,pdcsap_flux,52204,0,29.42479874007404,27,0.060146426888966695,1,0.3623668684392001,,0,0.0,12522,201,201,62.0,8.03671378431241e-06,6.80254486100651e-05,-0.13912081702603282,6.80254486100651e-05,-0.13912081702603282,6.80254486100651e-05,-0.13912081702603282,0.0,,,
10098534,K07287.01,FALSE POSITIVE,302.0,2.208,41.81145,25.0,0.00022366663798123465,0.17576119402985135,-0.0001330417765530445,0.6189951652406706,0.00015601630698569569,0.0,14,14,1800,pdcsap_flux,51692,0,29.424793700454757,13,0.0022003542091938934,1,0.013116149500889886,,0,0.0,438,201,194,2.0,7.796752903060491e-05,0.00025505160400418614,0.08779779555454949,0.00025505160400418614,0.08779779555454949,0.0,,0.0,,,
10122538,K02926.01,CONFIRMED,1617.1,2.996,12.2854718,40.0,0.001513940721566187,0.8347064676616875,9.522457883015534e-05,3.0135472174551636,8.526339402292749e-05,0.0,7,7,1800,pdcsap_flux,24349,0,29.424610472051427,19,0.010161053264013299,4,0.1481375005133681,,4,0.09261160622612838,997,201,201,5.0,0.00012931894777687232,0.0,,0.0,,0.0,,0.09261160622612838,,,
10122538,K02926.02,CONFIRMED,1223.3,2.2942,5.53609368,88.0,0.0009931660070093828,0.8218029850746309,-3.625116766459158e-05,3.6013320608585775,0.00021090247502564274,0.0,7,7,1800,pdcsap_flux,24349,0,29.424610472051427,15,0.017266988637133517,4,0.17162922501950797,,4,0.07256971538872233,1666,201,201,8.0,9.276606959387194e-05,0.0,,0.0,,0.0,,0.07256971538872233,,,
10122538,K02926.03,CONFIRMED,1917.9,3.493,20.9569985,20.0,0.0019287525413123063,1.0426865671641767,0.00018958936324309228,3.6031538853336254,0.00036830015704480967,0.0,7,7,1800,pdcsap_flux,24349,0,29.424610472051427,21,0.006944776307860434,4,0.14193601379933468,,4,0.1025504127479568,644,201,199,3.0,0.0001292417246500621,0.00039687466624960255,-0.4973640069398332,0.0004247889104487257,-0.03553638246711149,0.0,,0.1025504127479568,,,
10122538,K02926.04,CONFIRMED,1661.7,4.49,37.6333868,13.0,0.0018383027090255188,1.3402985074626805,9.200575419598955e-05,3.1180068821084883,0.0002942288985735564,0.0,7,7,1800,pdcsap_flux,24349,0,29.424610472051427,27,0.0049712064005181,4,0.13236683231344204,,4,0.10452174627294755,557,201,201,3.0,0.00017931386690313045,0.0005826924219621832,0.26753360649574054,0.0005826924219621832,0.26753360649574054,0.0,,0.10452174627294755,,,
10130039,K01909.01,CONFIRMED,187.9,4.1828,12.75800092,106.0,0.00017074831235897037,3.7457910447761393,2.615777299974642e-05,7.488972498902109,1.1839593866413978e-06,0.0,35,18,60|1800,pdcsap_flux,65253,0,29.424427086487412,25,0.013660708635011867,3,0.16074356734556267,,2,0.08500758585812146,3586,201,201,18.0,8.34251370328074e-06,2.756069144305151e-05,0.4579578538169023,2.756069144305151e-05,0.4579578538169023,0.0,,0.08500758585812146,,,
10130039,K01909.02,CONFIRMED,112.0,3.1441,5.47033376,231.0,9.838554727303883e-05,2.69047363184078,-5.540627956546196e-06,5.233757117661942,1.9096334553103667e-05,0.0,35,18,60|1800,pdcsap_flux,65253,0,29.424427086487412,19,0.0239481122019631,3,0.19231299710358143,,2,0.055307801940140684,6248,201,201,31.0,6.229050845445027e-06,3.3910343444243374e-05,-0.4971713195941747,3.3910343444243374e-05,-0.4971713195941747,0.0,,0.055307801940140684,,,
10130039,K01909.03,CONFIRMED,167.6,2.7727,25.0985083,50.0,0.00016426931063229233,2.041590049751247,2.8618365257249145e-05,4.131857748968744,4.2946438238988804e-06,0.0,35,18,60|1800,pdcsap_flux,65253,0,29.424427086487412,17,0.004603029203399577,3,0.13360305273320766,,2,0.10822490919957703,1239,201,201,6.0,1.149539641337256e-05,4.7758852096513316e-05,0.47297369232299885,4.7758852096513316e-05,0.47297369232299885,0.0,,0.10822490919957703,,,
10134152,K02056.01,CONFIRMED,500.1,5.0137,39.3135699,33.0,0.00046408183510104895,4.489880597014902,-3.69364824515106e-05,4.927609995966189,6.739792993049054e-05,0.0,17,17,1800,pdcsap_flux,64780,0,29.42441920749843,31,0.0053137928506122945,1,0.03141401667181229,,0,0.0,1350,201,201,7.0,2.4853498076366163e-05,7.875866705775447e-05,0.17817821427016178,9.175215173817808e-05,-0.49401658133229004,0.0,,0.0,,,
10141271,K05768.01,FALSE POSITIVE,253.0,3.246,15.4032765,82.0,0.0002007902181107024,0.3875820895522377,5.0555473781410676e-05,1.3396119714425248,0.00014786126234611618,0.0,17,17,1800,pdcsap_flux,64787,0,29.4244299310958,19,0.008780599374425305,1,0.051615293191535336,,0,0.0,2145,201,201,11.0,4.353562864509964e-05,0.0,,0.0,,0.0,,0.0,,,
10148521,K01084.01,FALSE POSITIVE,185.8,1.3362,1.204274435,1106.0,0.0001684090087703538,0.7711402985074657,-2.3984662642639876e-06,6.038660983676608,3.211694652782704e-06,2.718522481992558e-05,17,17,1800,pdcsap_flux,64766,0,29.424433446256444,9,0.04623115660509724,1,0.27733687428589077,,0,0.0,11968,201,201,60.0,6.67349795447314e-06,2.718522481992558e-05,0.49791641360465033,2.718522481992558e-05,0.49791641360465033,2.718522481992558e-05,0.49791641360465033,0.0,,,
10152836,K03952.01,FALSE POSITIVE,2456.5,7.335,220.9290121,3.0,0.0022389636158823834,0.7298507462686561,8.197660787023775e-05,11.208219786046271,2.001074446000839e-05,0.00026668385342509815,14,14,1800,pdcsap_flux,51548,0,29.424767391756177,45,0.0013833629051021317,1,0.007565763948164817,,0,0.0,354,200,153,2.0,6.988449077421226e-05,0.00025585970015395976,0.06461949557813051,0.004799848227616144,0.16525914692429863,0.00026668385342509815,0.06669453993578346,0.0,,,
10156110,K07989.01,FALSE POSITIVE,76.7,3.078,4.85603482,218.0,4.507117298191421e-05,0.5512835820895514,-1.8391475450796335e-05,0.603172050123747,1.2846280680656186e-05,5.921279665110912e-05,14,14,1800,pdcsap_flux,51681,0,29.424777528620325,19,0.0264104366533352,1,0.15810452584121823,,0,0.0,5394,201,201,26.0,1.395949612984526e-05,5.921279665110912e-05,-0.490092110104019,5.921279665110912e-05,-0.490092110104019,5.921279665110912e-05,-0.490092110104019,0.0,,,
10189523,K07293.01,FALSE POSITIVE,34957.0,1.6393,1.013922622,1320.0,0.030720722773146858,0.946063681592034,-7.362239872932275e-05,30.526051576721827,0.00021144722396371218,0.022602902787887236,17,17,1800,pdcsap_flux,64792,0,29.424405125901103,11,0.06736625180719823,1,0.4043246079762934,,0,0.0,17465,201,201,87.0,0.0007812200238420245,0.022602902787887236,0.49788647368870675,0.022602902787887236,0.49788647368870675,0.022602902787887236,0.49788647368870675,0.0,,,
10206675,K02283.01,FALSE POSITIVE,616.5,3.745,17.40208965,76.0,0.0005177007379332244,1.788656716417917,7.012381725113315e-05,3.115300192261417,3.6683455879260585e-05,0.0002907522109866223,17,17,1800,pdcsap_flux,64798,0,29.42442893050611,23,0.00896683500689049,1,0.054430692305318065,,0,0.0,2258,201,201,11.0,4.808383124261299e-05,0.0002907522109866223,0.4975768121542945,0.0002907522109866223,0.4975768121542945,0.0002907522109866223,0.4975768121542945,0.0,,,
10208477,K05778.01,FALSE POSITIVE,241.0,3.399,454.244158,,0.00018953749477312876,0.06764179104477597,3.475922504869722e-05,2.4601607300890245,3.351146481067602e-05,0.00019519178236071522,18,18,1800,pdcsap_flux,65281,0,29.424442252493463,21,0.0003117816652250704,1,0.001593112850599715,,0,0.0,83,200,83,0.0,3.8363841234817725e-05,0.00013070468201459295,-0.01216767480462524,0.0005262925306678268,-0.0424104963314682,0.00019519178236071522,-0.012635347302463013,0.0,,,
10214328,K07296.01,FALSE POSITIVE,338.1,22.106,659.2907,3.0,0.0002639856360726611,11.877850746268726,-3.339899992760298e-05,2.2102083867624502,0.0001622417799187481,0.0002701396882937024,19,18,60|1800,pdcsap_flux,65164,0,29.424443179741502,135,0.0013970822481393008,1,0.010082254005278988,,0,0.0,498,200,199,3.0,4.244442928971835e-05,0.0002701396882937024,-0.03876169941495191,0.0002701396882937024,-0.03876169941495191,0.0002701396882937024,-0.03876169941495191,0.0,,,
10223616,K01076.01,FALSE POSITIVE,6496.0,3.4209,29.12436474,37.0,0.003238027391457954,0.34038805970149133,0.00025525774073376084,11.991677927223837,0.0007398421838784586,0.0014462993729578155,20,14,60|1800,pdcsap_flux,51729,0,29.424777528620325,21,0.0048940981639416185,1,0.028765296062170157,,0,0.0,1016,201,201,5.0,5.679329831268571e-05,0.0006509420054010562,0.4855888907561947,0.0014462993729578155,0.4788595057807748,0.0014462993729578155,0.4788595057807748,0.0,,,
10227020,K00730.01,CONFIRMED,781.8,6.1191,14.78767172,69.0,0.0007133317932930261,2.8007820895522224,7.969592997592034e-05,4.76382383889119,5.555163167580979e-06,0.0,33,13,60|1800,pdcsap_flux,47594,0,29.424864118918777,37,0.01724155802398351,4,0.2968021179140228,,3,0.21055175022061604,3334,201,201,19.0,3.7178086382165244e-05,0.0,,0.0,,0.0,,0.21055175022061604,,,
10227020,K00730.02,CONFIRMED,436.7,5.7471,9.84824649,82.0,0.0003589381940423131,0.9149611940298565,9.921162089920887e-05,3.1089857507164167,3.093562696365737e-05,0.0,33,13,60|1800,pdcsap_flux,47594,0,29.424864118918777,35,0.024315242337115794,4,0.3120141194268185,,3,0.19176786989956718,4544,201,201,22.0,3.0053582307704295e-05,0.0,,0.0,,0.0,,0.19176786989956718,,,
10227020,K00730.03,CONFIRMED,577.9,7.202,19.7243672,51.0,0.0005309639701434055,3.29643781094529,2.895395130320111e-06,3.7709630624158246,3.414573194493453e-05,0.0,33,13,60|1800,pdcsap_flux,47594,0,29.424864118918777,45,0.01521383830926314,4,0.29253687439593223,,3,0.21036265075429675,2968,201,201,15.0,3.6491323111556825e-05,0.0001607948008117699,-0.395390431558082,0.0001607948008117699,-0.395390431558082,0.0,,0.21036265075429675,,,
10227020,K00730.04,CONFIRMED,349.8,5.7351,7.38443269,128.0,0.0002713096581096197,1.2554447761193992,9.474999113523452e-06,2.8857464903592382,2.600033932143031e-05,0.0,33,13,60|1800,pdcsap_flux,47594,0,29.424864118918777,35,0.03236030579892794,4,0.31663655082573433,,3,0.1598520821952347,6146,201,201,31.0,2.6371533238554145e-05,0.0,,0.0,,0.0,,0.1598520821952347,,,
10228942,K06219.01,FALSE POSITIVE,115743.0,6.52216,21.025447023,51.0,0.10339711905200089,3.634238407960177,-0.0038705691972782397,1199.5485194543012,0.0003666138201093849,0.0,15,15,1800,pdcsap_flux,52204,0,29.424797063693404,39,0.012925131454726678,1,0.07911271166960386,,0,0.0,2809,201,201,12.0,2.1481082181295673e-05,0.0,,0.0,,0.0,,0.0,,,
10232123,K01075.01,FALSE POSITIVE,4702.6,1.9405,1.343767797,799.0,0.004490352585346358,1.3129751243781083,-4.888087818111231e-05,65.91577753088598,1.0818329296835572e-05,0.0002409020988721755,15,15,1800,pdcsap_flux,52204,0,29.424802417634055,11,0.0601697457307549,1,0.36083441881848133,,0,0.0,12583,201,201,62.0,5.83161671471406e-06,0.0002409020988721755,0.4972036237720603,0.0002409020988721755,0.4972036237720603,0.0002409020988721755,0.4972036237720603,0.0,,,
10259031,K00731.01,FALSE POSITIVE,1526.9,3.547,7.06115081,197.0,0.0019348398207867934,1.9058507462686518,0.00015254253072216617,15.407541601060316,0.00020819517726289316,0.0,17,17,1800,pdcsap_flux,64733,0,29.424407808110118,21,0.020930252113772186,1,0.12807995921709175,,0,0.0,5612,201,201,28.0,2.5565763022292763e-05,0.00020642742542009707,-0.4136375248994373,0.00020642742542009707,-0.4136375248994373,0.0,,0.0,,,
10267121,K07609.01,FALSE POSITIVE,152.0,15.42,36.136968,38.0,0.00016169707438717928,4.29611940298505,-5.747867266647777e-05,1.596050458694844,4.730910483763395e-05,0.0,17,17,1800,pdcsap_flux,64747,0,29.424419788992964,95,0.017779576858800106,1,0.10925602730628446,,0,0.0,4800,201,201,24.0,2.2237196024159365e-05,7.23437336482835e-05,0.11117727624985327,7.23437336482835e-05,0.11117727624985327,0.0,,0.0,,,
10268809,K07302.01,FALSE POSITIVE,29265.0,5.0698,24.70932686,56.0,0.020384981043941597,3.127637810945294,-0.0025144437374740036,321.83018309281533,0.0007071250882008107,0.006028191520296433,17,17,1800,pdcsap_flux,64790,0,29.424422717420384,31,0.008549066021245172,1,0.05232288933477389,,0,0.0,2329,201,201,12.0,1.9177710091823272e-05,0.006028191520296433,-0.3375622277585404,0.006028191520296433,-0.3375622277585404,0.006028191520296433,-0.3375622277585404,0.0,,,
10268907,K01077.01,FALSE POSITIVE,317.9,0.926,1.103971357,2053.0,0.0002740541500707572,0.27641791044776076,-4.027834358999449e-05,4.213360179224212,4.55675281025858e-05,0.00014156050491820338,14,14,1800,pdcsap_flux,54917,0,29.424499087035656,5,0.03494957825552836,1,0.2101717136770035,,0,0.0,7689,201,201,39.0,1.900802888512545e-05,0.00014156050491820338,-0.4975989862513526,0.00014156050491820338,-0.4975989862513526,0.00014156050491820338,-0.4975989862513526,0.0,,,
10272389,K04048.01,FALSE POSITIVE,208.4,6.415,4.56447463,300.0,0.0002262010386432367,3.5745273631840666,-3.781766229982164e-05,6.7857451102402555,3.5953291428469925e-06,3.393240977489498e-05,17,17,1800,pdcsap_flux,64810,0,29.424427757039666,39,0.05855913075075338,1,0.3506249035642648,,0,0.0,15201,201,201,76.0,8.766413446312126e-06,3.393240977489498e-05,0.4955126734330814,3.393240977489498e-05,0.4955126734330814,3.393240977489498e-05,0.4955126734330814,0.0,,,
10273903,K04200.01,FALSE POSITIVE,1106.0,21.83,372.54353,,0.0004250619867066652,3.0409950248756137,0.0001378621242247302,0.9952761621157272,9.260532658295073e-05,0.0,17,17,1800,pdcsap_flux,64765,0,29.424430606886744,133,0.0024415491347637504,1,0.015316915000386011,,0,0.0,708,201,201,4.0,8.531129654034108e-05,0.0003799491112542741,0.006963178213657674,0.0004049029323093256,-0.09436111087904166,0.0,,0.0,,,
10275805,K02782.01,FALSE POSITIVE,1957.9,7.037,112.645961,9.0,0.00157267115108628,2.2406368159203973,-0.00021924517411642253,5.889139559124526,0.0010862465379330999,0.00032150391463303674,12,12,1800,pdcsap_flux,45539,0,29.42401451873593,43,0.0026029191879621263,1,0.014536990272074486,,0,0.0,508,200,200,2.0,9.467611278794531e-05,0.00032150391463303674,0.49727885308457553,0.0005270649419265583,-0.4970362767169751,0.00032150391463303674,0.49727885308457553,0.0,,,
10275887,K07304.01,FALSE POSITIVE,393412.0,19.4093,9.726748645,0.0,,,,,,,,,,,,,,,,,,,,,,,,,,,,,,,,,,koi_num_transits is 0,precheck
10319341,K05784.01,FALSE POSITIVE,187.3,3.471,40.1043796,31.0,0.00016951478783333584,0.20722388059701585,-6.405276228271806e-05,1.1580400072239019,3.3402782858571456e-06,0.0,17,17,1800,pdcsap_flux,64755,0,29.424403617158532,21,0.0036062146190138297,1,0.020971353563431397,,0,0.0,852,201,201,4.0,3.30332980790721e-05,0.00010145713175779836,0.2532490918410737,0.00012015754792371602,-0.24801474020184902,0.0,,0.0,,,
10321927,K07997.01,FALSE POSITIVE,592.9,7.51,321.02094,4.0,0.0004913691252288466,0.448358208955227,-0.00011158015575829516,1.4743097641114964,3.695322788799249e-05,0.0,14,14,1800,pdcsap_flux,54877,0,29.424509815871716,45,0.0009747546894189104,1,0.005594329136067934,,0,0.0,245,201,143,2.0,0.00012218645861866842,0.00037716779238450293,0.05890092095879227,0.0005168542304466728,-0.15286453531746563,0.0,,0.0,,,
10338279,K03216.01,FALSE POSITIVE,414.1,0.9077,5.660274452,235.0,0.000350666244687714,0.5419104477611955,-8.527205635044943e-06,13.742261949260111,3.7151886877473395e-05,0.00010406037218468889,29,18,60|1800,pdcsap_flux,65283,0,29.424439826980233,5,0.006681802031696489,1,0.039979780340976975,,0,0.0,1716,201,201,4.0,7.292179715537328e-06,0.00010406037218468889,-0.4996976909760377,0.00010406037218468889,-0.4996976909760377,0.00010406037218468889,-0.4996976909760377,0.0,,,
10341905,K02391.01,FALSE POSITIVE,351.4,6.552,0.93374232,1441.0,0.00032651424407958984,2.216597014925359,-6.365776062011719e-05,3.920276265689961,5.632638931274414e-06,,17,17,1800,pdcsap_flux,64808,0,29.424430931685492,,0.29237188264102665,1,1.0,none,0,0.0,64808,172,172,377.0,,,,,,,,0.0,blanking covers 1.17 of the orbit,,
10342248,K04315.01,FALSE POSITIVE,127.7,4.364,0.93373458,699.0,0.00013356414793652682,3.126447761194047,-1.6182450582769015e-05,5.143277452651044,5.2598751186239134e-05,0.0,8,8,1800,pdcsap_flux,31484,0,29.423587806522846,27,0.19473770943915703,1,0.5849955532969127,primary_only,0,0.0,24542,201,201,122.0,9.422952231190873e-06,0.0,,0.0,,0.0,,0.0,,,
10357040,K01634.01,FALSE POSITIVE,343.5,1.93,46.882525,,0.0003074690571316374,0.3072636815920404,-0.00011646859700875645,1.05642707816544,0.00019146368028755134,0.0,14,14,1800,pdcsap_flux,51708,0,29.42477728240192,11,0.0017152801959081057,1,0.010772027539258915,,0,0.0,375,201,196,2.0,8.741115636946644e-05,0.00027045520478352625,0.4603450279057378,0.0002895256725740092,-0.09411929542152792,0.0,,0.0,,,
10363300,K07318.01,FALSE POSITIVE,131941.0,3.1925,0.934926138,1143.0,0.11480495921072176,1.7789054726368263,-0.0038419356197129106,13.2698717696872,0.0002436743495949356,0.026032379653705418,14,14,1800,pdcsap_flux,51735,0,29.424787843599916,19,0.14227951056956473,1,0.42599787377983955,primary_only,0,0.0,29393,201,201,146.0,0.003885460560768006,0.026032379653705418,-0.4967093576048563,0.026032379653705418,-0.4967093576048563,0.026032379653705418,-0.4967093576048563,0.0,,,
10385682,K06223.01,FALSE POSITIVE,369228.0,6.93402,3.103730697,0.0,,,,,,,,,,,,,,,,,,,,,,,,,,,,,,,,,,koi_num_transits is 0,precheck
10395381,K00740.01,CONFIRMED,918.6,3.4202,17.6717714,76.0,0.0009040601240374313,2.6544835820895636,1.8595251283559655e-05,6.7089487709649385,1.0107129807535031e-06,0.0,17,17,1800,pdcsap_flux,64731,0,29.42441719584167,21,0.00806417931217316,1,0.048075883270766714,,0,0.0,2113,201,201,11.0,3.5355476285369145e-05,0.00011241825276364636,0.10582647797130235,0.000171015940861996,-0.49902873573221024,0.0,,0.0,,,
10407054,K02500.01,FALSE POSITIVE,89.3,4.048,0.933754669,1441.0,9.396746564938052e-05,3.3028457711442627,-1.217430656363927e-05,6.427506993640923,6.326552971724908e-06,0.0,17,17,1800,pdcsap_flux,64744,0,29.424431947991252,25,0.18063274248181205,1,0.54244408748301,primary_only,0,0.0,46807,201,201,233.0,5.249684135500798e-06,0.0,,0.0,,0.0,,0.0,,,
10407086,K04568.01,FALSE POSITIVE,30.9,4.798,0.933747395,1444.0,3.247108652504327e-05,2.291582089552236,-4.359012198751344e-06,5.055260175080763,4.586541069384609e-06,,18,18,1800,pdcsap_flux,65216,0,29.42444401793182,29,0.21410144514155957,1,0.6427870461236507,primary_only,1,0.00440076054955839,55860,201,201,278.0,,,,,,,,0.00440076054955839,blanking covers 0.86 of the orbit,,
10407271,K07611.01,FALSE POSITIVE,55.4,4.036,0.93376738,1442.0,6.29857782675769e-05,0.7228656716417916,1.7144431641025193e-07,3.300841573940038,1.618322744312284e-05,0.0,17,17,1800,pdcsap_flux,64732,0,29.42443328909576,25,0.1800948183333055,1,0.5408916764505963,primary_only,0,0.0,46659,201,201,232.0,7.2226785976110535e-06,0.0,,0.0,,0.0,,0.0,,,
10407464,K07323.01,FALSE POSITIVE,12.9,3.151,0.93373711,1444.0,1.2082254887912924e-05,0.43894527363184377,6.563133672088384e-07,1.7632641381119591,3.34996272943755e-06,0.0,18,18,1800,pdcsap_flux,65228,0,29.424444185569882,19,0.14060881297377872,1,0.42218065861286563,primary_only,0,0.0,36709,201,201,183.0,1.3465905979276549e-06,0.0,,0.0,,0.0,,0.0,,,
10420279,K07325.01,FALSE POSITIVE,414352.0,14.242,45.43324862,0.0,,,,,,,,,,,,,,,,,,,,,,,,,,,,,,,,,,koi_num_transits is 0,precheck
10425070,K08208.01,FALSE POSITIVE,1966.0,5.702,363.97165,3.0,0.0015099426771656432,0.22694527363184047,-0.00021318083816634914,2.4980285994355524,0.0006677733774270722,0.0010764133846595803,14,14,1800,pdcsap_flux,51712,0,29.424781473353505,35,0.0006527523045636476,2,0.011428681930693069,,1,0.006748917079207921,138,199,125,1.0,0.00016659479203084718,0.0009387102239035716,-0.027064567852324962,0.0013315500534439861,0.08855418409353415,0.0010764133846595803,0.10895269361115217,0.006748917079207921,,,
10425070,K08208.02,FALSE POSITIVE,1298.0,18.494,395.23753,3.0,0.0017394161828562238,2.208238805970147,-0.00028650776398686517,1.8873969750645543,0.001736579351927614,0.0013744573239176106,14,14,1800,pdcsap_flux,51712,0,29.424781473353505,113,0.0019496714629638873,2,0.016611231435643563,,1,0.002011138613861386,480,201,201,2.0,0.00011597509623445079,0.0009082663186856799,-0.15294712207904743,0.0013744573239176106,0.11147707008542071,0.0013744573239176106,0.11147707008542071,0.002011138613861386,,,
10453588,K02484.01,CONFIRMED,143.9,5.925,68.8861017,21.0,0.00014080130035687421,3.537313432835808,1.3330197546346234e-05,3.0756835114654457,1.1816360637073586e-05,0.0,18,18,1800,pdcsap_flux,65163,0,29.42441920749843,37,0.003583814353077262,1,0.022742967635007598,,0,0.0,964,201,201,5.0,1.169502906110047e-05,3.8947030733149646e-05,0.2476758105933116,3.8947030733149646e-05,0.2476758105933116,0.0,,0.0,,,
10468885,K02589.01,CONFIRMED,212.6,1.0925,0.664074145,2013.0,0.0002203772324086417,0.195671641791046,-3.8252129595739426e-05,3.2681699715725223,4.862322359056037e-05,0.0,17,17,1800,pdcsap_flux,64790,0,29.42442792467773,7,0.06854781755331453,1,0.41154499151103563,,0,0.0,17864,201,201,46.0,1.6818020659442155e-05,0.0,,0.0,,0.0,,0.0,,,
10470616,K02112.01,FALSE POSITIVE,77.0,1.808,4.15713766,324.0,6.337974387904399e-05,0.8275422885572121,-9.136684029131814e-06,3.4853544117394266,1.2039111735306918e-05,0.0,18,18,1800,pdcsap_flux,65273,0,29.424441251903772,11,0.01812144304437908,1,0.10880455931242627,,0,0.0,4757,201,201,24.0,4.509712657003306e-06,1.37868391397733e-05,-0.4524241209193347,1.37868391397733e-05,-0.4524241209193347,0.0,,0.0,,,
10470882,K08014.01,FALSE POSITIVE,98.1,3.842,0.9337491,1220.0,7.338163259729136e-05,0.6116616915422871,1.6606697281540406e-05,1.4432947313853528,2.2236663955954583e-05,0.0,14,14,1800,pdcsap_flux,54956,0,29.424492622492835,23,0.17144148608371707,1,0.5148482422301478,primary_only,0,0.0,37712,201,201,187.0,4.959549131710883e-06,2.0707138630005062e-05,-0.47855673279648275,3.0335263578873395e-05,-0.349975618233695,0.0,,0.0,,,
10471090,K08291.01,FALSE POSITIVE,27.3,3.027,0.93376089,1435.0,2.491118224889899e-05,0.4216716417910451,-7.997408123072702e-06,1.3862919262511137,6.703977292965568e-06,0.0,17,17,1800,pdcsap_flux,64752,0,29.42443076404743,19,0.13507205254655721,1,0.40584074623177663,primary_only,0,0.0,35017,201,201,174.0,3.858942315604574e-06,0.0,,0.0,,0.0,,0.0,,,
10471113,K07332.01,FALSE POSITIVE,67.7,3.441,0.933728196,1440.0,5.7733320860564596e-05,0.7532537313432823,-1.6376282862884395e-05,1.7322145206637911,1.253161101033573e-05,0.0,17,17,1800,pdcsap_flux,64766,0,29.424430931685492,21,0.15355110899960442,1,0.46110613593552174,primary_only,0,0.0,39826,201,201,198.0,1.246167695593474e-05,0.0,,0.0,,0.0,,0.0,,,
10471204,K08018.01,FALSE POSITIVE,61.3,4.344,0.93371631,1441.0,4.9942889073562036e-05,1.4696119402985133,-1.0613600047060245e-05,1.5644479217382417,2.8127506216724107e-05,0.0,17,17,1800,pdcsap_flux,64765,0,29.42443085310515,27,0.19384902894113526,1,0.5823206979078206,primary_only,0,0.0,50252,201,201,250.0,3.6950868182938466e-06,0.0,,0.0,,0.0,,0.0,,,
10471243,K08019.01,FALSE POSITIVE,55.6,3.747,0.93376131,1440.0,6.127891640528293e-05,0.3728358208955207,1.6135779560277896e-06,1.9807805452814942,1.5148309424728446e-05,0.0,17,17,1800,pdcsap_flux,64751,0,29.42443144507706,23,0.16720011669791715,1,0.5021852944356072,primary_only,0,0.0,43337,201,201,216.0,8.254705629911817e-06,0.0,,0.0,,0.0,,0.0,,,
10471296,K08020.01,FALSE POSITIVE,30.0,2.544,0.93377253,1436.0,1.7861836847155033e-05,0.45564179104477986,-4.384431262494104e-07,0.661773008778938,7.655083138713437e-06,0.0,17,17,1800,pdcsap_flux,64761,0,29.424431277438998,15,0.1135180106444125,1,0.6808727474869134,,0,0.0,29427,201,201,147.0,9.050858925219818e-06,0.0,,0.0,,0.0,,0.0,,,
10481045,K02320.01,FALSE POSITIVE,112.5,3.103,2.03743942,526.0,0.00011476622182293728,0.5557611940298475,-2.5925605544041552e-05,2.546302206527359,2.0801671985481995e-05,0.0,14,14,1800,pdcsap_flux,51660,0,29.42476420663297,19,0.06345791948340072,1,0.38120402632597755,,0,0.0,13117,201,201,66.0,1.4398563573252365e-05,0.0,,0.0,,0.0,,0.0,,,
10482160,K01170.01,CONFIRMED,574.4,1.1784,7.34373964,144.0,0.0005270421055723062,0.9145791044776082,4.991358831019088e-05,6.103153865366983,1.2015063890480349e-05,0.0,20,14,60|1800,pdcsap_flux,51675,0,29.424765715375543,7,0.006685966878858467,1,0.0403096274794388,,0,0.0,1365,201,201,7.0,2.5662640703567118e-05,0.0,,0.0,,0.0,,0.0,,,
10486425,K07334.01,FALSE POSITIVE,108965.0,4.6688,5.274819905,191.0,0.09710753672802008,2.6015203980099604,-0.0028255473724810853,225.97751262460514,1.2848889028638233e-05,0.014297257234166416,13,13,1800,pdcsap_flux,47597,0,29.42487115971744,29,0.036879616145555086,1,0.22211483917053595,,0,0.0,7161,201,201,35.0,0.00017675602078805097,0.014297257234166416,-0.49751507540521966,0.014297257234166416,-0.49751507540521966,0.014297257234166416,-0.49751507540521966,0.0,,,
10490960,K07335.01,FALSE POSITIVE,220418.0,5.33373,5.682410334,192.0,0.19096132245859088,2.9720286567164256,-0.0062844879911936324,1397.2398855633746,0.0006012581569556641,0.11899146045858955,14,14,1800,pdcsap_flux,51735,0,29.424778450629674,33,0.03910994400919306,1,0.23631970619503237,,0,0.0,8193,201,201,41.0,4.330386786531446e-05,0.11899146045858955,-0.4511082738974347,0.11899146045858955,-0.4511082738974347,0.11899146045858955,-0.4511082738974347,0.0,,,
10491031,K07336.01,FALSE POSITIVE,225250.0,6.30646,2.199069234,495.0,0.19672038394189606,3.5140473631840687,-0.006184080578018891,626.68575068452,0.00827508031908819,0.0,15,15,1800,pdcsap_flux,52204,0,29.424791185883805,39,0.11949108404772793,1,0.7179718029269788,,0,0.0,24991,201,201,125.0,0.00044679768785755534,0.0,,0.0,,0.0,,0.0,,,
10491062,K03910.01,FALSE POSITIVE,777.4,6.11,2.199076661,399.0,0.0007140827985211429,3.526169154228834,-6.69471173491143e-05,9.4056150720678,0.00011452503056796903,0.0,11,11,1800,pdcsap_flux,41904,0,29.424866968765855,37,0.11576828486623339,1,0.6955899198167239,,0,0.0,19459,201,201,97.0,2.056759409968596e-05,0.0,,0.0,,0.0,,0.0,,,
10514429,K01614.01,FALSE POSITIVE,184.4,3.912,20.7191626,66.0,0.00013161064324618277,0.38925373134328645,-9.385124430272285e-06,1.4949738393641194,0.00021921815215564244,0.0,35,17,60|1800,pdcsap_flux,64425,0,29.42441032268107,23,0.007867113316635683,1,0.04759022118742724,,0,0.0,2019,201,201,11.0,4.492250707057885e-05,0.0,,0.0,,0.0,,0.0,,,
10528068,K01162.01,CONFIRMED,898.3,11.5372,158.6850022,9.0,0.0008445336997180419,10.56141691542291,-1.7979684629132464e-05,15.566924127873245,0.00011052408176748241,0.0,18,17,60|1800,pdcsap_flux,64753,0,29.424419788992964,71,0.003029376815716909,1,0.017172949515852548,,0,0.0,762,201,201,4.0,1.39195427958402e-05,4.218724860183265e-05,0.08505610287283281,4.824178056761497e-05,0.23273822263904065,0.0,,0.0,,,
10535858,K07338.01,FALSE POSITIVE,62.2,3.356,0.93370968,1444.0,7.079753478289597e-05,0.3339303482587086,3.9051937289147354e-05,1.8234245807428506,3.5645470881751073e-05,0.0,17,17,1800,pdcsap_flux,64814,0,29.42442993633449,21,0.14976104064095527,1,0.4501033727281143,primary_only,0,0.0,38872,201,201,194.0,7.449865313312642e-06,0.0,,0.0,,0.0,,0.0,,,
10535897,K08022.01,FALSE POSITIVE,17.0,2.591,0.93372008,1438.0,1.5577636782060367e-05,0.5156218905472622,1.1884869455247582e-07,1.2276999989149553,7.738418794644986e-07,0.0,17,17,1800,pdcsap_flux,64755,0,29.424432026571594,15,0.11562173251466686,1,0.6938614778781561,,0,0.0,29978,201,201,149.0,4.0590626657226235e-06,0.0,,0.0,,0.0,,0.0,,,
10547378,K05802.01,FALSE POSITIVE,1528.9,86.05,35.164087,32.0,0.0010695938689819773,42.81094527363152,-0.00034376398793123375,6.243102173543208,0.0005607238120766134,0.0,14,14,1800,pdcsap_flux,51731,0,29.424765374860726,527,0.10196245580517038,1,0.6035452629951094,,0,0.0,20632,201,201,103.0,0.00014117698851258092,0.0,,0.0,,0.0,,0.0,,,
10549924,K04214.01,FALSE POSITIVE,40.6,1.212,0.715825886,1488.0,3.208857147396493e-05,0.36179104477611634,-2.5790385549395722e-06,1.5795968749907465,1.2074787734128734e-05,0.0,15,15,1800,pdcsap_flux,52200,0,29.42478130571544,7,0.07054788180711308,1,0.42302681992337166,,0,0.0,14732,201,201,73.0,9.687819530066587e-06,0.0,,0.0,,0.0,,0.0,,,
10552611,K00338.01,CONFIRMED,327.3,3.0688,7.0106324,147.0,0.000309992243073709,2.1374726368159314,9.951576852573751e-07,6.86472992911649,1.9320374278875008e-05,0.0,20,15,60|1800,pdcsap_flux,52189,0,29.4247851613909,19,0.018238963244837463,2,0.1944279445860239,,1,0.09509666788020464,3656,201,201,18.0,1.1770020050318642e-05,0.0,,0.0,,0.0,,0.09509666788020464,,,
10552611,K00338.02,CONFIRMED,77.2,2.361,3.10762684,329.0,7.186361290001386e-05,0.7047761194029878,8.155146182242667e-06,2.470878982067462,1.708241284448242e-05,0.0,20,15,60|1800,pdcsap_flux,52189,0,29.4247851613909,15,0.03165598865789176,2,0.23445553660733104,,1,0.052558968364981126,6606,201,201,33.0,8.025750831427714e-06,2.5788493659195666e-05,0.14499734051408114,2.5788493659195666e-05,0.14499734051408114,0.0,,0.052558968364981126,,,
10556891,K05808.01,FALSE POSITIVE,,2.09,70.61977122,,0.000176418272196055,0.041592039800994796,0.00048729790575274823,0.5385424941685693,0.0005732205681820979,0.0,11,11,1800,pdcsap_flux,41869,0,29.424867382622324,13,0.0012331296438506548,1,0.006854713511189663,,0,0.0,203,198,96,0.0,0.0001407710410720213,0.0005794402824927936,0.005756390484022682,0.0005794402824927936,0.005756390484022682,0.0,,0.0,,,
10581918,K03807.01,FALSE POSITIVE,262582.0,7.2492,1.801863222,552.0,0.1138694957290245,3.606567164179087,-0.005917124543457164,16.185292742588985,0.0003132076984625476,0.5168666334201778,13,12,60|1800,pdcsap_flux,48549,0,29.424017122364603,45,0.1676320357239635,1,0.5034707203031988,primary_only,0,0.0,32582,201,201,162.0,0.05910557911195613,0.5168666334201778,-0.497071318866105,0.5168666334201778,-0.497071318866105,0.5168666334201778,-0.497071318866105,0.0,,,
10583180,K00748.01,FALSE POSITIVE,397.9,3.6129,2.696370652,501.0,0.00039596599529767573,3.091635820895503,-2.727202783825433e-06,7.774353170963572,4.425485727332923e-05,0.0001643327038386433,17,17,1800,pdcsap_flux,64725,0,29.42440789192915,23,0.05582967604559137,1,0.3359289300888374,,0,0.0,14495,201,201,72.0,1.9076850092909902e-05,0.0001643327038386433,-0.4975272401157097,0.0001643327038386433,-0.4975272401157097,0.0001643327038386433,-0.4975272401157097,0.0,,,
10592163,K07346.01,FALSE POSITIVE,79329.6,6.52705,14.762889172,94.0,0.07115564482392789,3.63696318407962,-0.0038122177043197203,713.8897605970866,4.880428387532554e-06,0.015075664456769,17,17,1800,pdcsap_flux,64792,0,29.424417520640418,39,0.01842189652026107,1,0.11146437831831091,,0,0.0,4921,201,201,26.0,3.169018093989434e-05,0.015075664456769,-0.3272678865067726,0.015075664456769,-0.3272678865067726,0.015075664456769,-0.3272678865067726,0.0,,,
10599206,K00476.01,CONFIRMED,706.6,2.9264,18.42794957,73.0,0.0006255443797902327,2.3294726368159155,2.6780723563768483e-05,5.0851130395290305,1.0151076895392741e-05,0.0,17,17,1800,pdcsap_flux,64760,0,29.42442993633449,17,0.006616760745418805,1,0.0394224830142063,,0,0.0,1722,201,201,8.0,2.9202183624502264e-05,0.0,,0.0,,0.0,,0.0,,,
10601284,K00749.01,CONFIRMED,831.0,3.0278,5.349553819,247.0,0.0007848242074490752,2.5306985074626773,-3.14775037333348e-05,8.31922786307265,3.230188506808673e-05,0.0,34,17,60|1800,pdcsap_flux,64767,0,29.42443085310515,19,0.02358296366423253,3,0.25516080720119816,,2,0.1324131116154832,6034,201,201,30.0,2.054060125417708e-05,0.0,,0.0,,0.0,,0.1324131116154832,,,
10601284,K00749.02,CONFIRMED,363.3,2.5984,3.94105221,322.0,0.0003639545508578035,0.9824796019900506,-2.2855475919625334e-06,4.550599222451669,4.59653422157924e-06,0.0,34,17,60|1800,pdcsap_flux,64767,0,29.42443085310515,15,0.027471512910169405,3,0.26496518288634646,,2,0.11981410286102491,7126,201,201,35.0,1.946893025266907e-05,0.0,,0.0,,0.0,,0.11981410286102491,,,
10601284,K00749.03,CONFIRMED,217.4,3.596,8.10904807,141.0,0.0002319809860673594,0.9303084577114389,-2.3803176690373462e-05,2.4444093790736274,0.00010191635031775448,0.0,34,17,60|1800,pdcsap_flux,64767,0,29.42443085310515,21,0.018477302396029988,3,0.23956644587521422,,2,0.14671051615791994,4689,201,201,23.0,2.4466074101613787e-05,0.0,,0.0,,0.0,,0.14671051615791994,,,
10601538,K07348.01,FALSE POSITIVE,45.1,0.953,1.463775066,917.0,3.639039892588958e-05,0.3603383084577123,-2.343520392744658e-06,2.3625053898402686,1.1606301783206874e-05,0.0,17,17,1800,pdcsap_flux,64782,0,29.42443126696162,5,0.027127346445272305,1,0.16288475193726654,,0,0.0,7026,201,201,35.0,4.962114440357357e-06,0.0,,0.0,,0.0,,0.0,,,
10613718,K07350.01,FALSE POSITIVE,7339.5,1.40211,0.587938916,1826.0,0.006304560196991327,0.8928859701492514,-0.0002624705733900168,115.26793912920871,0.001729903809760569,0.0,16,15,60|1800,pdcsap_flux,52200,0,29.424777439562604,9,0.09936618993936437,1,0.5963218390804598,,0,0.0,20751,201,201,104.0,3.11796617760693e-05,0.0,,0.0,,0.0,,0.0,,,
10614158,K06227.01,FALSE POSITIVE,22720.0,14.0957,4.46255312,58.0,0.021135588896015856,11.22045771144274,-0.0009597493283947101,27.71316257245776,0.020020774586208545,0.0,3,3,1800,pdcsap_flux,12233,0,29.424892779788934,87,0.1316109450218339,1,0.4005558734570424,primary_only,0,0.0,6535,201,201,33.0,0.0005047788326709065,0.0,,0.0,,0.0,,0.0,,,
10616571,K00340.01,FALSE POSITIVE,23112.9,14.3948,23.6731242,45.0,0.022188119844225862,11.458547263681567,8.894239440182528e-05,173.16470026250346,0.0004440528302123159,0.0002679794189633933,29,14,60|1800,pdcsap_flux,51733,0,29.424771572230384,89,0.025336044717466286,1,0.14959503605049002,,0,0.0,5031,201,201,25.0,4.300583196264507e-05,0.00019237571267816111,0.494182675693368,0.0002679794189633933,0.3170880284696583,0.0002679794189633933,0.3170880284696583,0.0,,,
10617017,K02149.01,CONFIRMED,97.8,5.439,13.15140223,84.0,9.615447201272165e-05,1.7318208955223895,-1.4649766707064416e-05,5.1734685274795815,1.1495905114622396e-05,0.0,24,15,60|1800,pdcsap_flux,52182,0,29.424782311543822,33,0.01723200279610032,1,0.10170173623088422,,0,0.0,3633,201,201,18.0,5.012674649813408e-06,0.0,,0.0,,0.0,,0.0,,,
10619109,K07351.01,FALSE POSITIVE,263637.0,6.84312,2.045166206,525.0,0.22397690436496098,3.6769002985074475,-0.004822667295880878,15.435884128900083,0.0006622243830546326,0.018015873882146205,16,15,60|1800,pdcsap_flux,52202,0,29.4247870054096,41,0.13941654187493452,1,0.4175702080380062,primary_only,0,0.0,29093,201,201,145.0,0.002509967597659582,0.018015873882146205,0.4897898289916567,0.018015873882146205,0.4897898289916567,0.018015873882146205,0.4897898289916567,0.0,,,
10657406,K01837.01,CONFIRMED,635.0,4.7679,34.1732156,42.0,0.0005628325785480559,2.277205970149268,-0.00010432373010715867,3.3934440018850296,2.570148511127357e-05,0.00032438323979810946,17,17,1800,pdcsap_flux,64793,0,29.42441710678395,29,0.005813397905697818,2,0.17154630901486273,,1,0.1408331146883151,1594,201,201,8.0,7.363691505950482e-05,0.00032438323979810946,-0.4934532801092147,0.0003370394966114576,0.08061976307844959,0.00032438323979810946,-0.4934532801092147,0.1408331146883151,,,
10657406,K01837.02,CONFIRMED,142.7,1.8846,1.682934607,788.0,0.00014021223405913386,0.7500895522388085,-2.1045159176447115e-05,2.8151992359545654,3.646053607919697e-06,0.0,17,17,1800,pdcsap_flux,64793,0,29.42441710678395,11,0.046659566969140115,2,0.2934113252974858,,1,0.018412482829935333,12151,201,201,62.0,6.69913525325142e-06,2.1797480090013366e-05,0.46236447727958846,2.1797480090013366e-05,0.46236447727958846,0.0,,0.018412482829935333,,,
10661917,K04901.01,FALSE POSITIVE,19.6,2.186,1.23142395,1094.0,1.74537075431358e-05,0.30451741293532275,3.752413715085723e-06,1.5145809345141268,3.76687078174065e-06,1.5028894201241094e-05,18,18,1800,pdcsap_flux,65215,0,29.424437982961535,13,0.07396586149987852,1,0.4433949244805643,,0,0.0,19363,201,201,95.0,3.4954250767277317e-06,1.5028894201241094e-05,-0.49146146401150087,1.5028894201241094e-05,-0.49146146401150087,1.5028894201241094e-05,-0.49146146401150087,0.0,,,
10666242,K00198.01,FALSE POSITIVE,17860.5,4.1206,87.24250316,17.0,,,,,,0.0,27,17,60|1800,pdcsap_flux,64652,0,29.424431277438998,25,0.0019679818946940295,1,0.009945554661882076,,0,0.0,447,201,166,3.0,3.4026587115494306e-05,0.00010547739872401873,-0.4475998130974524,0.00010547739872401873,-0.4475998130974524,0.0,,0.0,,,
10668665,K03986.01,FALSE POSITIVE,584.4,3.672,9.60853601,116.0,0.0005060074474789733,1.2422686567164152,4.587318835780341e-05,3.8246384922007537,0.00010887617664367966,0.0002124283330782184,14,14,1800,pdcsap_flux,54899,0,29.42448952642735,23,0.015923341478948156,1,0.09559372666168783,,0,0.0,3465,201,201,17.0,3.8898527460447186e-05,0.0002124283330782184,0.4912286644087387,0.0002124283330782184,0.4912286644087387,0.0002124283330782184,0.4912286644087387,0.0,,,
10677186,K03595.01,FALSE POSITIVE,53781.9,9.7436,100.40132734,9.0,0.05230687800996703,6.980489552238751,-0.00019615042822851425,287.14349343086445,0.0015407085180660918,0.0008172497515650523,11,11,1800,pdcsap_flux,41901,0,29.424850367358886,59,0.004043605239983607,1,0.025536383379871602,,0,0.0,704,201,201,3.0,5.332742069536701e-05,0.0008172497515650523,-0.33218558513331636,0.0008172497515650523,-0.33218558513331636,0.0008172497515650523,-0.33218558513331636,0.0,,,
10682541,K00751.01,CONFIRMED,934.7,2.1717,4.99677968,208.0,0.000883588922534706,1.4694089552238752,-1.9329308838078596e-05,5.161025968217925,0.0002139443871779223,0.0,13,13,1800,pdcsap_flux,50103,0,29.424731171457097,13,0.018109163460254863,1,0.10899546933317367,,0,0.0,3647,201,201,18.0,4.855297027581389e-05,0.0,,0.0,,0.0,,0.0,,,
10686864,K01637.01,CONFIRMED,530.7,2.2369,2.97041801,362.0,0.0004763247496024636,0.6677313432835836,7.371469534667163e-06,3.630499267857766,2.3432012400737e-05,0.0,14,14,1800,pdcsap_flux,51712,0,29.42477827775292,13,0.03137745810619653,1,0.18885365099009901,,0,0.0,6513,201,201,32.0,2.8553116549206757e-05,0.0,,0.0,,0.0,,0.0,,,
10711551,K03359.01,FALSE POSITIVE,376651.0,5.46939,10.692230094,0.0,,,,,,,,,,,,,,,,,,,,,,,,,,,,,,,,,,koi_num_transits is 0,precheck
10723367,K02236.01,CONFIRMED,648.0,4.391,19.9865916,68.0,0.000625483719826736,2.4467263681591978,3.5136914808386877e-05,4.027731610137013,0.00017248462118035768,0.0,17,17,1800,pdcsap_flux,64742,0,29.424418872222304,27,0.009154053727366567,2,0.08555497204287789,,1,0.03314695251923017,2394,201,201,12.0,3.998539162629089e-05,0.0,,0.0,,0.0,,0.03314695251923017,,,
10723367,K02236.02,CONFIRMED,327.5,3.289,12.12580644,105.0,0.00029779461426815423,0.916338308457707,-6.954530858893637e-05,2.330342588692782,6.311184015705962e-05,0.0,17,17,1800,pdcsap_flux,64742,0,29.424418872222304,21,0.01130165381946066,2,0.09341694726761608,,1,0.027694541410521762,2864,201,201,14.0,3.7413370682650904e-05,0.00014139162332804656,-0.14253675285970072,0.00014139162332804656,-0.14253675285970072,0.0,,0.027694541410521762,,,
10728219,K06229.01,FALSE POSITIVE,366901.0,3.4421,3.371796653,0.0,,,,,,,,,,,,,,,,,,,,,,,,,,,,,,,,,,koi_num_transits is 0,precheck
10730070,K04335.01,CONFIRMED,85.4,3.545,7.61758198,176.0,6.631738696860623e-05,0.7054726368159157,9.77991182560256e-06,1.4759135474603233,1.4999485093092346e-05,0.0,17,17,1800,pdcsap_flux,64798,0,29.424428259953856,21,0.01939044879610647,1,0.11592950399703694,,0,0.0,5015,201,201,25.0,1.3860883514259425e-05,0.0,,0.0,,0.0,,0.0,,,
10735564,K03617.01,FALSE POSITIVE,234579.0,4.92134,1.674984844,626.0,0.19606126106868538,2.5463649751243835,-0.0066125143030340006,10.154135681536067,0.0002701186776785658,0.0,13,13,1800,pdcsap_flux,50857,0,29.42451543174684,31,0.12242250075746557,1,0.7346874569872387,,0,0.0,24810,201,201,124.0,0.02663472792376435,0.0,,0.0,,0.0,,0.0,,,
10736179,K04408.01,FALSE POSITIVE,141.7,2.624,1.105095798,608.0,0.00013926349196413668,0.6266268656716463,2.0033478819181383e-05,2.2139717934260688,1.5964312311878004e-05,0.0,17,17,1800,pdcsap_flux,64001,0,29.424453903338872,17,0.09893561583638683,1,0.5932251058577209,,0,0.0,25360,201,201,126.0,1.3939676514888365e-05,5.176677325968715e-05,-0.4876111161921613,5.176677325968715e-05,-0.4876111161921613,0.0,,0.0,,,
10747439,K01638.01,FALSE POSITIVE,1455.2,2.6391,4.593594819,229.0,0.0012914609119223375,1.5755820895522448,0.00010786039255772373,24.448154407942546,4.8644988459245475e-05,0.0,14,14,1800,pdcsap_flux,51713,0,29.42476705648005,17,0.023938223620675853,1,0.14377429273103476,,0,0.0,4838,201,201,24.0,1.3317514573153765e-05,0.0,,0.0,,0.0,,0.0,,,
10747445,K02673.01,FALSE POSITIVE,45034.0,2.7468,4.593595496,130.0,0.03951138515766095,1.5852179104477682,-0.0015604418865166059,115.30269718088974,0.00023035721413178223,0.0010860342166403303,11,8,60|1800,pdcsap_flux,29039,0,29.424843578017317,17,0.02491512369769182,1,0.1495230552016254,,0,0.0,2857,201,201,14.0,8.754122443964721e-05,0.0010860342166403303,-0.49850876560816804,0.0010860342166403303,-0.49850876560816804,0.0010860342166403303,-0.49850876560816804,0.0,,,
10751515,K03589.01,FALSE POSITIVE,102294.0,18.4332,56.40651043,16.0,0.0955523554284835,11.004895522388116,-0.0029835980155499264,321.76953261883625,0.0010974507397958355,0.0648630767937789,11,11,1800,pdcsap_flux,41905,0,29.424859257414937,113,0.013616336024777558,1,0.07824841904307361,,0,0.0,2278,201,201,11.0,8.821259612322087e-05,0.0648630767937789,-0.4268014208581675,0.0648630767937789,-0.4268014208581675,0.0648630767937789,-0.4268014208581675,0.0,,,
10753922,K04816.01,FALSE POSITIVE,361.1,3.664,18.2260472,55.0,0.00028121934133962245,0.8749850746268635,2.4647275446487704e-05,1.2821515836611048,7.418704973616297e-05,0.0,14,14,1800,pdcsap_flux,51675,0,29.424778115353547,23,0.008376290535814407,1,0.04868892114175133,,0,0.0,1644,201,201,7.0,4.8819747263955854e-05,0.00015979051380388132,0.1900129544595622,0.00015979051380388132,0.1900129544595622,0.0,,0.0,,,
10779233,K01989.01,CONFIRMED,584.8,10.328,201.118319,7.0,0.000469183002473339,4.932776119403002,-1.5703428462021662e-05,4.6617887418837025,8.800634692940346e-05,0.0006132997229625348,18,18,1800,pdcsap_flux,65260,0,29.424416022375226,63,0.002139702317884495,1,0.011844927980386147,,0,0.0,583,201,190,3.0,3.576078482299991e-05,0.0006132997229625348,-0.3282861364903992,0.0006132997229625348,-0.3282861364903992,0.0006132997229625348,-0.3282861364903992,0.0,,,
10849244,K07381.01,FALSE POSITIVE,192283.0,7.1617,24.261683827,46.0,0.16783819667023658,3.9905990049751363,-0.007086146692194428,1678.557570825431,0.0012956722119845665,0.09465230339401487,15,15,1800,pdcsap_flux,51971,0,29.424280560342595,43,0.012299400519537842,1,0.07458005426103019,,0,0.0,2666,201,201,13.0,3.418784512988249e-05,0.09465230339401487,0.3948242257414983,0.09465230339401487,0.3948242257414983,0.09465230339401487,0.3948242257414983,0.0,,,
10879213,K03730.01,FALSE POSITIVE,722770.0,2.4129,0.668483494,0.0,,,,,,,,,,,,,,,,,,,,,,,,,,,,,,,,,,koi_num_transits is 0,precheck
10879247,K05838.01,FALSE POSITIVE,1088.0,4.763,432.074696,,0.0003226117556951458,0.1895721393034826,-5.05164435948835e-05,0.4693090013290011,8.38740648866354e-05,0.0012835577925129904,11,11,1800,pdcsap_flux,41891,0,29.424855145043693,29,0.0004593148711798974,1,0.003413621064190399,,0,0.0,115,199,115,1.0,0.00022430034017002,0.0008005382426187202,0.1502275902838299,0.0012835577925129904,0.1522370928452415,0.0012835577925129904,0.1522370928452415,0.0,,,
10880007,K02502.01,FALSE POSITIVE,,2.99,86.79876649,,0.00013371772277948057,0.11900497512437802,-0.00010030965569274297,0.3888565921706229,8.018628392070237e-05,0.0,14,14,1800,pdcsap_flux,51726,0,29.424770734040067,19,0.0014353122558220508,1,0.007945713954297644,,0,0.0,257,200,148,1.0,9.249088865305062e-05,0.0002930590235593611,0.06535316226638377,0.00037973811712055383,-0.34694028321847725,0.0,,0.0,,,
10960993,K01284.01,FALSE POSITIVE,12152.1,3.06941,3.117087797,861.0,0.01072745477030046,1.7714007960199054,-5.6195031169825604e-05,555.5287260256866,0.00015805565395587973,0.0006531719399200941,19,18,60|1800,pdcsap_flux,65261,0,29.42441576567944,19,0.041029349079105625,1,0.24633395136452094,,0,0.0,10727,201,201,53.0,3.38677611769671e-06,0.0006531719399200941,0.48811150752015303,0.0006531719399200941,0.48811150752015303,0.0006531719399200941,0.48811150752015303,0.0,,,
10965588,K02177.01,CONFIRMED,791.0,6.831,62.8917493,19.0,0.000703163288117814,3.9422686567164003,-1.483506083266306e-05,2.9541493629611866,9.080760402135901e-05,0.0004060417788827042,14,14,1800,pdcsap_flux,51495,0,29.42427645844873,41,0.004525633380657135,1,0.02819691232158462,,0,0.0,1048,201,201,5.0,8.028763424006835e-05,0.0004060417788827042,0.17263986361653275,0.0004060417788827042,0.17263986361653275,0.0004060417788827042,0.17263986361653275,0.0,,,
11015323,K00479.01,CONFIRMED,1063.2,5.3278,34.18884323,41.0,0.0010301501502262278,4.665138308457706,-2.3926022591380658e-05,14.14386581195036,5.493681794344063e-05,0.0,17,17,1800,pdcsap_flux,64729,0,29.424406634643674,33,0.006493102594119756,1,0.04026016159681132,,0,0.0,1731,201,201,8.0,2.133231314907673e-05,0.0,,0.0,,0.0,,0.0,,,
11027624,K01439.01,CONFIRMED,2013.3,24.108,394.6249514,4.0,0.0019913798992275966,21.589253731343163,-5.954803674312892e-05,35.85155527281953,1.0668019563842002e-05,6.746683805403109e-05,21,18,60|1800,pdcsap_flux,65225,0,29.42443873209413,147,0.0025454548589397686,1,0.015346876197776926,,0,0.0,777,201,201,4.0,1.7810658150951473e-05,6.746683805403109e-05,0.49782406644994803,6.746683805403109e-05,0.49782406644994803,6.746683805403109e-05,0.49782406644994803,0.0,,,
11030475,K02248.01,CONFIRMED,278.6,1.763,2.81814715,472.0,0.00023158182940052896,0.42101492537313234,-2.654561128689892e-07,1.9748288570142707,1.7416868846820144e-05,0.0,34,17,60|1800,pdcsap_flux,64791,0,29.424429260543548,11,0.026066180871120705,1,0.40007099751508696,,3,0.28831164822274696,6718,201,201,33.0,3.3487625986263415e-05,0.0,,0.0,,0.0,,0.28831164822274696,,,
11037128,K04309.01,FALSE POSITIVE,305.1,1.713,3.7948721,300.0,0.00028326977462789227,0.47725373134328475,1.8031095061488145e-08,2.197694320125092,3.084857794544149e-06,0.0,14,14,1800,pdcsap_flux,54966,0,29.42448274232447,11,0.01880827551474001,1,0.11286977404213513,,0,0.0,4145,201,201,21.0,3.2271630558479945e-05,0.0,,0.0,,0.0,,0.0,,,
11037511,K02580.01,CONFIRMED,345.2,1.7763,3.11604194,418.0,0.00030068946423711385,0.21209552238805873,-1.3812436271520845e-05,2.273404355907678,8.709068744527926e-05,0.0,16,16,1800,pdcsap_flux,63138,0,29.4243913795799,11,0.02375208723923658,1,0.1419905603598467,,0,0.0,5959,201,201,13.0,2.878772036245716e-05,0.0,,0.0,,0.0,,0.0,,,
11044770,K00170.01,FALSE POSITIVE,311.4,6.26,15.60865244,72.0,0.00025401674925906725,3.9864676616915635,1.6587650657484687e-05,7.512769002243602,1.5564526032352255e-05,0.0,18,15,60|1800,pdcsap_flux,52177,0,29.424775103107095,39,0.01671081692259997,1,0.10245893784617743,,0,0.0,3685,201,201,18.0,8.211961367839504e-06,2.7673281327356136e-05,0.3627018140701165,7.921653411402385e-05,-0.28066463744998155,0.0,,0.0,,,
11069176,K02007.01,CONFIRMED,185.1,4.662,15.3789014,90.0,0.0001728526685925713,3.432716417910476,1.132318408969546e-05,2.9583397475807574,1.9877376713273165e-05,0.0001324265357942611,30,18,60|1800,pdcsap_flux,65260,0,29.42441518418491,29,0.01263094124525696,2,0.0963836959852896,,1,0.02177444069874349,3410,201,201,17.0,2.943360440497984e-05,0.0001324265357942611,-0.3752535196668277,0.0001324265357942611,-0.3752535196668277,0.0001324265357942611,-0.3752535196668277,0.02177444069874349,,,
11069176,K02007.02,CONFIRMED,176.7,3.852,21.1285655,58.0,0.00016549686303546363,0.4599402985074583,2.1392922024965344e-05,3.271068112861563,6.690382603968814e-05,0.00014268466101174937,30,18,60|1800,pdcsap_flux,65260,0,29.42441518418491,23,0.0075963510158794266,2,0.08271529267545204,,1,0.039212381244253754,1897,201,201,9.0,3.299111257109801e-05,0.00014268466101174937,-0.4173776536499741,0.00014268466101174937,-0.4173776536499741,0.00014268466101174937,-0.4173776536499741,0.039212381244253754,,,
11073238,K05861.01,FALSE POSITIVE,216.7,17.2,452.40428,,0.00032592737979930675,7.188059701492556,0.00018738218812086593,2.9556513542999077,3.325445988389131e-05,0.00026422144321458507,14,14,1800,pdcsap_flux,51488,0,29.424260621890426,105,0.0015841288386278455,1,0.010099440646364201,,0,0.0,416,201,201,2.0,3.868793060499378e-05,0.00026422144321458507,0.3797861088731284,0.00026422144321458507,0.3797861088731284,0.00026422144321458507,0.3797861088731284,0.0,,,
11080405,K02442.01,CONFIRMED,481.2,4.62,25.1933989,50.0,0.0003503063357614966,0.8274626865671617,-4.443264749431908e-05,2.2041433861997928,0.0001440425454775074,0.0,19,16,60|1800,pdcsap_flux,63104,0,29.424384663579985,29,0.0076408904080028685,2,0.08167469574036511,,1,0.03788983265720081,1872,201,201,7.0,3.960457439698124e-05,0.0,,0.0,,0.0,,0.03788983265720081,,,
11080405,K02442.02,CONFIRMED,263.7,3.797,12.3101351,104.0,0.00020160719755413226,0.9067462686567147,-8.108557150499074e-06,1.371815600275963,6.909291895240699e-05,0.0,19,16,60|1800,pdcsap_flux,63104,0,29.424384663579985,23,0.01285187628309078,2,0.09679259634888439,,1,0.02231237322515213,3195,201,201,16.0,3.437545324142656e-05,0.0001048405627142035,0.40767375974978637,0.0001048405627142035,0.40767375974978637,0.0,,0.02231237322515213,,,
11086270,K00124.01,CONFIRMED,252.1,3.7727,12.69104387,108.0,0.00024311816089683802,3.3785373134328553,-5.179573807856386e-06,9.162483134945766,1.5607259204464263e-05,2.6377908938113315e-05,43,18,60|1800,pdcsap_flux,64989,0,29.424450047663413,23,0.012386359620497738,2,0.09589315114865593,,1,0.020249580698272016,3273,201,201,16.0,7.363635118588329e-06,2.6377908938113315e-05,0.4661453075902271,2.6377908938113315e-05,0.4661453075902271,2.6377908938113315e-05,0.4661453075902271,0.020249580698272016,,,
11086270,K00124.02,CONFIRMED,363.4,4.819,31.71981013,44.0,0.00033328988932723735,4.219621890547296,2.1885528612708427e-06,8.988985186106618,2.9272248018075153e-05,5.680674678265607e-05,43,18,60|1800,pdcsap_flux,64989,0,29.424450047663413,29,0.00633016609632104,2,0.07670528858729939,,1,0.037867946883318716,1756,201,201,9.0,1.0166970911822559e-05,5.680674678265607e-05,-0.17791938171279506,5.680674678265607e-05,-0.17791938171279506,5.680674678265607e-05,-0.17791938171279506,0.037867946883318716,,,
11090561,K05865.01,FALSE POSITIVE,916.3,4.402,35.8726918,40.0,0.0007784445042323673,2.7156616915422993,-3.4497048298054445e-05,4.643128207154615,6.482330082435706e-05,0.0,18,18,1800,pdcsap_flux,65251,0,29.42444452084601,27,0.005112988668072762,1,0.030666196686640817,,0,0.0,1385,201,201,7.0,4.9954576020282325e-05,0.00016329113327928635,-0.14399009068495391,0.00016329113327928635,-0.14399009068495391,0.0,,0.0,,,
11093538,K03326.01,FALSE POSITIVE,10774.0,5.395,14.77820911,37.0,0.0066848337455066575,3.8650746268656917,-0.0002646155904257874,36.535584761440404,0.00030219379932816537,0.00042070260231230616,7,7,1800,pdcsap_flux,27351,0,29.423681432381272,33,0.015211022187699078,1,0.09253774999085956,,0,0.0,1643,201,201,8.0,5.128467929566409e-05,0.00042070260231230616,-0.406673640543961,0.00042070260231230616,-0.406673640543961,0.00042070260231230616,-0.406673640543961,0.0,,,
11133306,K00276.01,CONFIRMED,421.8,4.6125,41.74598855,33.0,,,,,,,,,,,,,,,,,,,,,,,,,,,,,,,,,,LightkurveError: Download of mast:KEPLER/url/missions/kepler/lightcurves/0111/011133306/kplr011133306-2009166043257_llc.fits failed. MAST returns ERROR: HTTPError: 500 Server Error: Internal Server Error for url: https://mast.stsci.edu/api/v0.1/Download/file?uri=mast:KEPLER/url/missions/kepler/light,transient
11134079,K07410.01,FALSE POSITIVE,154278.0,2.36064,1.260575815,1062.0,,,,,,,,,,,,,,,,,,,,,,,,,,,,,,,,,,LightkurveError: Download of mast:KEPLER/url/missions/kepler/lightcurves/0111/011134079/kplr011134079-2010174085026_llc.fits failed. MAST returns ERROR: HTTPError: 500 Server Error: Internal Server Error for url: https://mast.stsci.edu/api/v0.1/Download/file?uri=mast:KEPLER/url/missions/kepler/light,transient
11137065,K04620.01,FALSE POSITIVE,96.9,3.056,0.933732791,362.0,9.837864574435695e-05,1.1555024875621922,2.8770634168284737e-05,2.4302775316882927,1.4885788147900314e-05,0.0,5,5,1800,pdcsap_flux,16239,0,29.425311199156567,19,0.13637020629527546,1,0.40913849374961514,primary_only,0,0.0,8864,201,201,44.0,1.601115618686252e-05,0.0,,0.0,,0.0,,0.0,,,
11138155,K00760.01,CONFIRMED,9802.0,2.22739,4.959319244,269.0,0.009416355222288342,1.5070897512437882,-0.000205197462158635,142.29725323311882,0.00019871477478738964,0.0,19,17,60|1800,pdcsap_flux,64782,0,29.424429098144174,13,0.018713841981225495,1,0.1115896390972801,,0,0.0,4817,201,201,24.0,1.8459424177948324e-05,0.0,,0.0,,0.0,,0.0,,,
11145726,K08044.01,FALSE POSITIVE,50.3,1.2517,0.619618218,2006.0,4.3260848415882514e-05,0.1494567164179097,-2.4683782218315464e-05,1.779532190321948,2.5686265480162618e-05,0.0,15,15,1800,pdcsap_flux,59971,0,29.424408473423682,7,0.0841714545369721,1,0.5052942255423455,,0,0.0,20183,201,201,100.0,6.789359871738054e-06,0.0,,0.0,,0.0,,0.0,,,
11147814,K03334.01,FALSE POSITIVE,128575.0,3.60125,95.178317934,15.0,,,,,,0.0,17,17,1800,pdcsap_flux,64649,0,29.42443680949509,23,0.0015765364065099862,1,0.008213584123497656,,0,0.0,338,201,157,2.0,4.55136623285227e-05,0.0,,0.0,,0.0,,0.0,,,
11153121,K01647.01,CONFIRMED,290.5,5.884,14.97031664,70.0,0.0002696189523955228,3.629930348258704,-1.3734300119416787e-05,4.515050980438526,4.361372841288347e-05,0.0,14,14,1800,pdcsap_flux,51673,0,29.424764452851377,35,0.01637685244489703,2,0.18982834362239467,,2,0.10011030905888955,3352,201,201,17.0,1.671965267847302e-05,5.5766573792692675e-05,0.3782126167536098,5.5766573792692675e-05,0.3782126167536098,0.0,,0.10011030905888955,,,
11153121,K01647.02,CONFIRMED,223.9,8.622,32.2753853,30.0,0.0002303485514110193,3.26005970149253,-4.4521133700681226e-05,2.4282603682713964,6.522452805812762e-05,0.0,14,14,1800,pdcsap_flux,51673,0,29.424764452851377,53,0.01113077339467114,2,0.1727788206606932,,2,0.11557292976989918,2169,201,201,11.0,2.1076869535876817e-05,6.753355183197751e-05,-0.025500851140678512,6.753355183197751e-05,-0.025500851140678512,0.0,,0.11557292976989918,,,
11176166,K05875.01,CONFIRMED,454.7,2.951,9.8788502,17.0,0.0004438369937630471,0.7634427860696471,-7.265960516988912e-05,1.940412018279965,7.623545386059583e-05,0.0,2,2,1800,pdcsap_flux,7977,0,29.424415435642004,19,0.012446623933353431,1,0.14466591450419958,,1,0.07734737369938574,392,200,193,2.0,5.602183662321087e-05,0.0001721963718441799,-0.13418509041360105,0.0001721963718441799,-0.13418509041360105,0.0,,0.07734737369938574,,,
11177707,K01423.01,CONFIRMED,4107.0,3.7197,124.4197175,8.0,0.004009641275108389,0.14804776119403013,0.00013793023642816316,9.212841313364947,0.00039310105587619937,0.0,14,14,1800,pdcsap_flux,51467,0,29.424225412658416,23,0.0012456827833578709,1,0.008724036761419939,,0,0.0,240,200,75,0.0,0.00015433873822981597,0.0005275712792437437,0.16294154400246974,0.0006897250307287273,-0.20328919430471534,0.0,,0.0,,,
11234677,K07423.01,FALSE POSITIVE,76162.0,2.66475,1.58742695,674.0,0.06937005097229454,1.5908955223880554,-0.002234987085002027,74.98204042036497,8.307780516536578e-05,0.0015842491123221336,15,15,1800,pdcsap_flux,51970,0,29.424314266070724,17,0.06994416341488975,1,0.41979988454877815,,0,0.0,14540,201,201,72.0,0.0001874672423460967,0.0015842491123221336,-0.49289901421781585,0.0015842491123221336,-0.49289901421781585,0.0015842491123221336,-0.49289901421781585,0.0,,,
11241814,K03717.01,FALSE POSITIVE,13894.8,5.5072,227.6625222,6.0,,,,,,0.0,17,17,1800,pdcsap_flux,64696,0,29.424427757039666,33,0.0010079246441145975,1,0.00506986521577841,,0,0.0,228,201,162,1.0,7.093262535631013e-05,0.00022242621939361218,0.16838848338953222,0.0002473724541571798,-0.4950779135989029,0.0,,0.0,,,
11243547,K04517.01,FALSE POSITIVE,112.2,4.487,2.16132662,618.0,9.33724826917004e-05,2.7680995024875537,8.389045565659892e-06,3.4229141904946476,2.186442737672767e-05,5.252373176778402e-05,17,17,1800,pdcsap_flux,64774,0,29.424428092315793,27,0.08650165671550991,1,0.5189582239787569,,0,0.0,22311,201,201,111.0,9.390548451670177e-06,5.252373176778402e-05,0.4990580328022398,5.252373176778402e-05,0.4990580328022398,5.252373176778402e-05,0.4990580328022398,0.0,,,
11252617,K06236.01,FALSE POSITIVE,117981.0,3.357,4.478116695,290.0,0.11049403345333852,2.004179104477614,-0.003177392847772853,593.9529573552453,0.00046236538826793794,0.0040232182828709995,16,16,1800,pdcsap_flux,63171,0,29.42439121194184,21,0.03123522889793742,2,0.3597695144924095,,1,0.2113786389324215,7814,201,201,39.0,4.223007995824403e-05,0.0040232182828709995,-0.4994889503798211,0.0040232182828709995,-0.4994889503798211,0.0040232182828709995,-0.4994889503798211,0.2113786389324215,,,
11252617,K06236.02,FALSE POSITIVE,186.2,2.169,1.27620899,887.0,0.00024257424478069112,0.12949253731343235,-0.0003414584278650379,0.20862257922724597,0.0006174031534865732,0.0,16,16,1800,pdcsap_flux,63171,0,29.42439121194184,13,0.07081520402077719,2,0.4789381203400294,,1,0.0926057842997578,17839,201,201,89.0,4.152991210458627e-05,0.0,,0.0,,0.0,,0.0926057842997578,,,
11253827,K02672.01,CONFIRMED,2518.7,6.8214,88.5122014,14.0,,,,,,,,,,,,,,,,,,,,,,,,,,,,,,,,,,"ConnectionError: ('Connection aborted.', ConnectionResetError(10054, 'An existing connection was forcibly closed by the remote host', None, 10054, None))",transient
11253827,K02672.02,CONFIRMED,1120.1,4.726,42.9923284,32.0,,,,,,,,,,,,,,,,,,,,,,,,,,,,,,,,,,"ConnectionError: HTTPSConnectionPool(host='mast.stsci.edu', port=443): Max retries exceeded with url: /api/v0.1/Download/file?uri=mast:KEPLER/url/missions/kepler/lightcurves/0112/011253827/kplr011253827-2009350155506_llc.fits (Caused by NameResolutionError(""HTTPSConnection(host='mast.stsci.edu', por",transient
11284772,K04622.01,CONFIRMED,809.2,6.159,207.24785,6.0,0.0008058251295084418,0.0,-0.000183534285775111,3.1368229745902516,2.2512244121086766e-05,0.0,14,14,1800,pdcsap_flux,51499,0,29.424236062914133,37,0.0012382516875325848,1,0.059476883046272744,,1,0.05143789199790287,299,199,100,1.0,0.00011718516185060603,0.0003850315977041996,0.07780166698214981,0.00048541484611130947,-0.2035910290096141,0.0,,0.05143789199790287,,,
11285136,K01774.01,FALSE POSITIVE,10143.0,2.346,2.368173896,430.0,0.009838574406440204,1.7274029850746224,-0.00033403209473359396,82.60621865358912,0.00016070721197791737,0.0003483474092755845,12,12,1800,pdcsap_flux,48871,0,29.42421837185975,15,0.04127652963538958,1,0.24816353256532503,,0,0.0,8124,201,201,40.0,2.831993519491005e-05,0.0003483474092755845,-0.4995146654576248,0.0003483474092755845,-0.4995146654576248,0.0003483474092755845,-0.4995146654576248,0.0,,,
11296798,K07615.01,FALSE POSITIVE,322.4,9.698,677.35794,3.0,0.0003196320770353367,1.7369552238805923,2.204309312547892e-05,2.5279306342948393,0.00012699961195372644,0.0,18,18,1800,pdcsap_flux,65260,0,29.424438821151853,59,0.0005965580522069814,1,0.004505056696291756,,0,0.0,235,200,195,1.0,5.820714440554462e-05,0.0001991038729487471,0.01327825359094042,0.00023560560064317393,-0.15733734934025842,0.0,,0.0,,,
11298815,K02015.01,FALSE POSITIVE,688.6,4.051,5.73865933,229.0,0.0006454731233369593,2.2572736318407958,-5.768618463064534e-05,8.434549737111356,6.553093142569466e-07,7.202608980971803e-05,17,17,1800,pdcsap_flux,64736,0,29.424429590580985,25,0.029413083607224107,1,0.17427706376668314,,0,0.0,7426,201,201,37.0,1.8224410019494174e-05,7.202608980971803e-05,-0.4999638278752316,7.202608980971803e-05,-0.4999638278752316,7.202608980971803e-05,-0.4999638278752316,0.0,,,
11304958,K00764.01,CONFIRMED,2793.1,10.5989,41.43958662,33.0,0.0026899478834142565,9.280628855721375,-0.00024276685698010336,22.409641023197256,2.0234070470359633e-05,0.0,17,17,1800,pdcsap_flux,64737,0,29.424434122047387,65,0.01065697969873555,1,0.06514049152725644,,0,0.0,2756,201,201,14.0,3.004888338527414e-05,9.059449661885655e-05,0.06881954111954533,9.059449661885655e-05,0.06881954111954533,0.0,,0.0,,,
11336883,K01445.01,CONFIRMED,112.8,4.6766,7.16893064,153.0,0.0001047550480099968,3.6296000000000146,-4.395988544514395e-06,5.732058665534288,5.773667429820328e-06,0.0,25,15,60|1800,pdcsap_flux,51951,0,29.42423983477056,29,0.027180948333646218,1,0.21318165194125233,,2,0.05963311582067718,5804,201,201,29.0,4.187765930411413e-06,1.257445024682724e-05,0.4683549915995511,3.0040058859648333e-05,-0.4976688229833912,0.0,,0.05963311582067718,,,
11359879,K00128.01,CONFIRMED,11144.7,3.25346,4.942783419,274.0,0.010858453566848447,2.5898189054726473,-0.00015304620938361158,256.3086966139714,1.0854418787120679e-05,0.0,30,17,60|1800,pdcsap_flux,64792,0,29.424434954999015,19,0.02742601118475859,1,0.16498950487714534,,0,0.0,7142,201,201,36.0,8.80992306621372e-06,0.0,,0.0,,0.0,,0.0,,,
11391018,K00189.01,CONFIRMED,21124.7,6.0134,30.360445359,35.0,0.02059155704839899,4.66711641791046,-0.00015333174877829592,228.79353390123597,7.166961723970022e-05,0.0,22,14,60|1800,pdcsap_flux,51496,0,29.424249222502112,37,0.00825278846771127,1,0.05206229610066801,,0,0.0,1744,201,201,9.0,2.5226131930585914e-05,0.0,,0.0,,0.0,,0.0,,,
11453930,K05900.02,FALSE POSITIVE,37.6,0.1866,0.687739345,1948.0,2.1296265435566397e-05,0.011140298507462704,-1.5022784122242783e-05,0.7139763533846297,1.8482297905353384e-05,2.0498083077691298e-05,17,17,1800,pdcsap_flux,64723,0,29.42442842759192,5,0.011305155152930796,1,0.07196823385813389,,1,0.004681488806143102,2938,201,201,15.0,6.274249636856122e-06,2.0498083077691298e-05,0.3309470511405601,2.0498083077691298e-05,0.3309470511405601,2.0498083077691298e-05,0.3309470511405601,0.004681488806143102,,,
11455428,K03365.01,CONFIRMED,418.2,4.472,22.1270885,56.0,0.0003779418268985424,1.3349253731343325,-2.5097507556859355e-05,3.5005028734546273,2.8924221439630138e-05,0.0,17,17,1800,pdcsap_flux,64792,0,29.424428092315793,27,0.008421050665266393,1,0.04833930114828991,,0,0.0,2056,201,201,10.0,2.5316231645460527e-05,9.060980711761424e-05,0.09474004560286964,9.060980711761424e-05,0.09474004560286964,0.0,,0.0,,,
11455795,K07446.01,FALSE POSITIVE,47337.0,1.5795,1.057335679,1263.0,0.04506359350880684,1.1315820895522468,-0.0009356290438732318,104.17516251079111,9.681831133634411e-05,0.004863766410676429,17,17,1800,pdcsap_flux,64785,0,29.424428259953856,9,0.06224371437294513,1,0.37379022921972677,,0,0.0,16154,201,201,81.0,5.8631377910715e-05,0.004863766410676429,0.49912319736988453,0.004863766410676429,0.49912319736988453,0.004863766410676429,0.49912319736988453,0.0,,,
11460018,K00769.01,CONFIRMED,750.8,2.875,4.280963604,311.0,0.0007071399232367881,2.5746268656716476,-9.398542039518176e-06,8.380449754205275,3.052787055179973e-05,0.0,17,17,1800,pdcsap_flux,64725,0,29.424430690705776,17,0.02798240717457561,1,0.16746234067207416,,0,0.0,7226,201,201,19.0,1.9370643240576068e-05,5.8754989786025114e-05,-0.4615051196006756,5.8754989786025114e-05,-0.4615051196006756,0.0,,0.0,,,
11461433,K02399.01,CONFIRMED,105.1,1.4243,1.916940872,695.0,8.720191591449211e-05,0.425164179104478,3.460907189722917e-07,2.2719231143032195,3.007341270144792e-05,0.0,17,17,1800,pdcsap_flux,64784,0,29.424431602237746,9,0.030958614425814865,1,0.18553963941714002,,0,0.0,7977,201,201,40.0,1.1617728598502063e-05,3.801468411390729e-05,-0.497705604172461,3.801468411390729e-05,-0.497705604172461,0.0,,0.0,,,
11461844,K02356.01,CONFIRMED,179.6,4.153,13.6823798,103.0,0.00018121451106589692,1.4049950248756087,1.0915817347023626e-05,2.8646763016714365,1.597031100009083e-05,0.0,17,17,1800,pdcsap_flux,64739,0,29.424432618543506,25,0.012647044534362849,1,0.07652265249694928,,0,0.0,3416,201,201,17.0,1.6719338311677487e-05,0.0,,0.0,,0.0,,0.0,,,
11466960,K03917.01,FALSE POSITIVE,318.1,1.469,0.695954898,1924.0,0.00021815819320347707,0.058467661691542494,0.0001956421874905745,0.36923148447077453,4.757196342364267e-05,8.306319004780516e-05,18,18,1800,pdcsap_flux,65261,0,29.424448125064373,9,0.08794870689067748,1,0.5278650342471001,,0,0.0,22966,201,201,114.0,2.3316290886945534e-05,8.306319004780516e-05,-0.48519120884648853,8.306319004780516e-05,-0.48519120884648853,8.306319004780516e-05,-0.48519120884648853,0.0,,,
11499757,K07450.01,FALSE POSITIVE,393895.0,5.8903,12.314402323,0.0,,,,,,,,,,,,,,,,,,,,,,,,,,,,,,,,,,koi_num_transits is 0,precheck
11517719,K01416.01,CONFIRMED,25070.0,4.2721,2.495780169,537.0,0.024300574567110766,3.4006766169154186,-0.0004921733672127449,63.8084987917482,1.218465891261733e-05,0.0006354416261776796,26,17,60|1800,pdcsap_flux,64795,0,29.424435133114457,27,0.07132205347155583,1,0.42753298865653216,,0,0.0,18477,201,201,93.0,6.392936332257464e-05,0.0006354416261776796,-0.4999592656797741,0.0006354416261776796,-0.4999592656797741,0.0006354416261776796,-0.4999592656797741,0.0,,,
11554435,K00063.01,CONFIRMED,3977.0,2.8112,9.43414171,144.0,0.0038950908302685106,2.3496597014925413,-0.00028334046777622746,126.64881829857558,5.275994357667457e-05,0.0,63,18,60|1800,pdcsap_flux,65266,0,29.424433456733823,17,0.012415897167325178,1,0.07440321147304875,,0,0.0,3277,201,201,16.0,2.6534675721447563e-05,0.00011480233175586996,-0.49893116257545184,0.00011480233175586996,-0.49893116257545184,0.0,,0.0,,,
11558217,K08227.01,FALSE POSITIVE,151.6,17.03,362.85801,4.0,0.0001442044357411465,2.3723383084577203,-3.928064142555421e-05,1.4706417517272892,0.00013769593544332714,0.0,18,18,1800,pdcsap_flux,65200,0,29.424439313588664,105,0.0019555399461440395,1,0.012561349693251534,,0,0.0,545,200,184,3.0,2.7546313448640846e-05,0.00010007737297945685,0.3602191205371893,0.00011670472162095269,-0.19759864910037794,0.0,,0.0,,,
11599264,K01417.01,FALSE POSITIVE,11355.5,1.881,8.428090255,104.0,0.00967838662753051,1.1978507462686605,-0.0002747096440101071,31.993695195631332,0.0001945671869636456,0.0008851453913327756,11,11,1800,pdcsap_flux,41663,0,29.42437562160194,11,0.00929925969332183,1,0.0565249741977294,,0,0.0,1572,201,201,8.0,7.554936499378619e-05,0.0008851453913327756,-0.4989696308084856,0.0008851453913327756,-0.4989696308084856,0.0008851453913327756,-0.4989696308084856,0.0,,,
11599800,K05914.01,FALSE POSITIVE,1935.0,4.974,422.255426,,0.0006936183965473575,0.19797014925373002,-8.480513850306348e-05,1.1082061722110812,0.0005174500364228951,0.0,11,11,1800,pdcsap_flux,41649,0,29.424387691542506,31,0.0004908166650770285,1,0.0036255372277845806,,0,0.0,122,200,117,1.0,0.00019864686937783992,0.000598578939514316,0.09052502264368013,0.0017839727773724112,0.4469806256558545,0.0,,0.0,,,
11601597,K08058.01,FALSE POSITIVE,21.6,2.72,0.590281548,1815.0,2.1294349431211224e-05,0.8660696517412985,-1.3798965543543318e-06,2.6184285488863273,3.0731749248724682e-06,0.0,15,15,1800,pdcsap_flux,51972,0,29.42432197742164,17,0.19199877366543286,1,0.5760601862541368,primary_only,0,0.0,39901,201,201,199.0,2.1934366360847333e-06,0.0,,0.0,,0.0,,0.0,,,
11616596,K04229.01,FALSE POSITIVE,,15.54,14.5893928,194.0,0.00013405652587816785,16.081194029850707,2.1525249188414364e-05,3.480446263388271,1.608041983980346e-05,6.43502844575039e-05,17,17,1800,pdcsap_flux,64783,0,29.424431277438998,95,0.04438155918318958,1,0.26233734158652733,,0,0.0,11224,201,201,56.0,5.379223881328676e-06,6.43502844575039e-05,0.49475412091883403,6.43502844575039e-05,0.49475412091883403,6.43502844575039e-05,0.49475412091883403,0.0,,,
11649292,K08228.01,FALSE POSITIVE,1330.0,4.76,384.558321,3.0,0.0012518761048394556,0.1894527363184073,-9.482924923265301e-05,3.2395325312060037,1.2849069266351876e-05,0.0010079731948570148,14,14,1800,pdcsap_flux,51494,0,29.42423982429318,29,0.0005157431851106229,1,0.0027187633510700276,,0,0.0,152,199,102,1.0,0.00021351595985475815,0.0010079731948570148,-0.4620435549729859,0.001048369251066772,-0.4628816376487907,0.0010079731948570148,-0.4620435549729859,0.0,,,
11650401,K04566.01,CONFIRMED,309.4,2.705,3.94660745,268.0,0.00023988005364483644,0.5383084577114425,-5.656741046233815e-05,1.5589385128886868,0.0002063717950235855,0.0,14,14,1800,pdcsap_flux,51459,0,29.424262371612713,17,0.028558283224578956,1,0.17149575390116403,,0,0.0,5822,201,201,29.0,4.4017541728415716e-05,0.0,,0.0,,0.0,,0.0,,,
11656302,K00434.01,FALSE POSITIVE,19372.6,8.7941,22.264806569,61.0,0.01817110850392256,6.300250746268686,-0.00039015939552478063,297.1369960624414,6.882831315169202e-05,0.00066477213347238,17,17,1800,pdcsap_flux,64795,0,29.424419961869717,53,0.016457400256219282,1,0.10008488309283124,,0,0.0,4350,201,201,22.0,2.2134484063018386e-05,0.00066477213347238,0.3989907057168395,0.00066477213347238,0.3989907057168395,0.00066477213347238,0.3989907057168395,0.0,,,
11656721,K00541.01,CONFIRMED,633.0,3.4098,13.64617478,96.0,0.0005910043328819503,2.9856955223880695,-6.841053076800385e-06,6.284726824002552,5.19280066646477e-06,0.0,17,17,1800,pdcsap_flux,64730,0,29.4244225602597,21,0.010411342540345215,1,0.0630156032751429,,0,0.0,2694,201,201,13.0,2.2538690455219966e-05,0.0001589732845387326,-0.49918937522350926,0.0001589732845387326,-0.49918937522350926,0.0,,0.0,,,
11657614,K03370.02,CONFIRMED,250.0,2.169,5.94228603,228.0,0.00022054710128149857,0.38847761194030106,-2.1316375735325188e-05,2.5616945961659403,1.6974473766251386e-05,0.0,17,17,1800,pdcsap_flux,64796,0,29.424422717420384,13,0.015208793306773891,1,0.1036329403049571,,1,0.01370454966355948,3984,201,201,17.0,2.425820915276149e-05,0.0,,0.0,,0.0,,0.01370454966355948,,,
11662184,K02791.01,CONFIRMED,296.3,5.256,27.5722144,49.0,0.00027124909660025676,1.0459701492537299,1.252788182115605e-05,2.7604740303885986,2.6763348901726047e-05,0.0,17,17,1800,pdcsap_flux,64707,0,29.424429679638706,33,0.007942778799805067,1,0.047413726490178804,,0,0.0,2028,201,201,12.0,2.2806187390966003e-05,8.927518925672118e-05,-0.48903541676984486,8.927518925672118e-05,-0.48903541676984486,0.0,,0.0,,,
11670599,K04282.01,FALSE POSITIVE,67.1,2.246,0.847588864,1578.0,5.893889994179613e-05,0.6704477611940352,-8.1169623263877e-06,2.5902899857602892,5.3873079554067616e-06,0.0,17,17,1800,pdcsap_flux,64728,0,29.424434965476394,13,0.11041123510246277,1,0.6633296255098258,,0,0.0,28581,201,201,143.0,3.958119668970683e-06,1.2703208971620583e-05,0.4246982433138993,1.2703208971620583e-05,0.4246982433138993,0.0,,0.0,,,
11673674,K00133.01,FALSE POSITIVE,4399.1,5.9957,4.618767792,287.0,0.0045759486585117415,4.653379104477631,-8.023096429332632e-06,117.52689657145972,7.197428297645025e-05,8.162890147012103e-05,17,17,1800,pdcsap_flux,64789,0,29.424436641857028,37,0.05408819940375417,1,0.32400561823766383,,0,0.0,13781,201,201,69.0,9.604432093182001e-06,8.162890147012103e-05,-0.49965489413212144,8.162890147012103e-05,-0.49965489413212144,8.162890147012103e-05,-0.49965489413212144,0.0,,,
11701407,K02376.01,CONFIRMED,795.8,2.344,18.8262877,44.0,0.0007278391166106735,0.4664676616915403,4.757424672396926e-05,3.9406881621268623,7.740810228773487e-05,0.00019969399379005104,11,11,1800,pdcsap_flux,41652,0,29.42438298719935,15,0.005187781479971044,1,0.03005858062037837,,0,0.0,828,201,201,4.0,6.293592098167522e-05,0.00019969399379005104,-0.4993527336679767,0.00020207838897912112,-0.12191407113229863,0.00019969399379005104,-0.4993527336679767,0.0,,,
11724091,K07475.01,FALSE POSITIVE,226981.0,4.95211,1.559090282,862.0,0.20853342060085922,2.759384676616903,-0.009007840464806849,16.06844028404597,5.197993870176276e-05,0.0356999251349871,18,18,1800,pdcsap_flux,65264,0,29.424447192577645,31,0.13234507266761775,1,0.3974779357685707,primary_only,0,0.0,34554,201,201,172.0,0.005744920078067261,0.0356999251349871,-0.49940071700495436,0.0356999251349871,-0.49940071700495436,0.0356999251349871,-0.49940071700495436,0.0,,,
11754553,K00775.01,CONFIRMED,1127.1,3.0249,16.38489988,65.0,0.0009676474013026182,0.8427582089552277,-0.0001447076671924341,4.925912560951466,8.351215460689065e-05,0.0,31,14,60|1800,pdcsap_flux,51501,0,29.424317697412334,19,0.007692296011759335,3,0.09081377060639599,,2,0.04584377002388303,1637,201,201,8.0,5.6490945716027194e-05,0.0001843316941714246,0.49138238646795385,0.0001843316941714246,0.49138238646795385,0.0,,0.04584377002388303,,,
11754553,K00775.02,CONFIRMED,1306.1,2.0805,7.8774163,135.0,0.0011486025398809163,1.4491044776119422,-6.940300063196236e-05,6.828407443932401,8.430977380446958e-05,0.0,31,14,60|1800,pdcsap_flux,51501,0,29.424317697412334,13,0.011004559959589794,3,0.10013397798101008,,2,0.037630337275004366,2260,201,201,11.0,4.039143130731951e-05,0.0,,0.0,,0.0,,0.037630337275004366,,,
11754553,K00775.03,CONFIRMED,1122.3,4.007,36.4454001,27.0,0.0010455471044920062,0.8771542288557219,8.27028376471084e-06,3.366621731904378,1.6385320599998643e-05,0.0002990155058693045,31,14,60|1800,pdcsap_flux,51501,0,29.424317697412334,25,0.004581053654925668,3,0.08157123162657036,,2,0.05576590745810761,953,201,183,5.0,8.359221061777848e-05,0.0002990155058693045,-0.33849573828581675,0.00035988318523882956,-0.33334205292402547,0.0002990155058693045,-0.33849573828581675,0.05576590745810761,,,
11756821,K06088.01,FALSE POSITIVE,14608.0,2.9845,2.745121487,259.0,0.012745373889928913,1.7817910447761072,-0.0006667481354790672,129.74896511475552,4.966025296904153e-05,0.0008967831616643052,8,8,1800,pdcsap_flux,34250,0,29.423780548386276,19,0.04530005948937686,1,0.2705109489051095,,0,0.0,6204,201,201,31.0,2.3948348058541266e-05,0.0008967831616643052,0.49909942967178883,0.0008967831616643052,0.49909942967178883,0.0008967831616643052,0.49909942967178883,0.0,,,
11760231,K01841.01,CONFIRMED,626.7,2.9575,49.6075771,28.0,0.000558001341940062,1.353681592039794,4.442201376630983e-06,5.568793382054741,1.446943030536385e-05,0.0001918171020802717,18,18,1800,pdcsap_flux,65266,0,29.42443479783833,19,0.002484079527170995,1,0.01529126957374437,,0,0.0,666,201,193,3.0,2.7531528486230616e-05,0.0001310803618935763,-0.29256408038849824,0.00021260294098257582,-0.27859113304816147,0.0001918171020802717,-0.2692758348212703,0.0,,,
11819135,K08067.01,FALSE POSITIVE,87321.0,4.6545,1.901655058,87.0,0.07839305106492112,2.5935522388059757,-0.004353683299799571,5.51033844742035,0.00040522774081908075,0.0,2,2,1800,pdcsap_flux,7990,0,29.42443126696162,29,0.10198353228369768,1,0.6113892365456821,,0,0.0,3230,201,201,16.0,0.020249142528626512,0.0,,0.0,,0.0,,0.0,,,
11824218,K03845.01,FALSE POSITIVE,2617.7,1.8156,15.84131693,79.0,0.002148894328253048,1.0839402985074642,-0.00018829980644219368,12.813843266401191,3.744945391792598e-06,6.654564256991513e-05,16,16,1800,pdcsap_flux,60686,0,29.42446799017489,11,0.004775486806701998,1,0.02840852915005108,,0,0.0,1156,201,201,6.0,2.2073375654819304e-05,6.654564256991513e-05,-0.4665695805684574,0.00010078634344345971,0.39242110878705755,6.654564256991513e-05,-0.4665695805684574,0.0,,,
11853255,K00778.01,CONFIRMED,821.7,1.1196,2.243380573,472.0,0.0007478345872238279,0.7352597014925366,6.932811315762955e-05,7.681115741484283,8.584104672426651e-05,0.0,26,14,60|1800,pdcsap_flux,51490,0,29.424277050420642,7,0.020794510107402985,1,0.12501456593513305,,0,0.0,4267,201,201,21.0,2.6493567172461095e-05,0.0,,0.0,,0.0,,0.0,,,
11855538,K07485.01,FALSE POSITIVE,36.5,2.69,2.521265,420.0,4.144285035867501e-05,1.0171144278606907,-1.3311382563552243e-05,2.5144389289775755,3.124427663114826e-05,0.0,15,15,1800,pdcsap_flux,51967,0,29.424338741227984,17,0.044455197424044406,1,0.26743895164238846,,0,0.0,9176,201,201,45.0,4.412157493626301e-06,1.6284398522081744e-05,0.43913903875213706,1.6284398522081744e-05,0.43913903875213706,0.0,,0.0,,,
11912987,K04461.01,FALSE POSITIVE,80.9,3.632,3.74786694,358.0,7.427910296109452e-05,0.939621890547262,1.573625288542324e-05,1.5273090414508468,2.8754036666134297e-06,0.0,18,18,1800,pdcsap_flux,65258,0,29.424435636028647,23,0.04037852350578202,1,0.24184008090962028,,0,0.0,10545,201,201,53.0,7.419670967382463e-06,2.6277409820418818e-05,-0.49494245875762033,2.6277409820418818e-05,-0.49494245875762033,0.0,,0.0,,,
11913012,K00544.01,FALSE POSITIVE,423.4,5.133,3.74782314,358.0,0.0003864221443294902,2.7580298507462455,-4.333549133228587e-05,10.004148614223343,2.9475751044616416e-05,5.0594129044512215e-05,17,17,1800,pdcsap_flux,64726,0,29.424426080659032,31,0.05706646018520501,1,0.34151654667367054,,0,0.0,14773,201,201,73.0,1.0258835352346417e-05,5.0594129044512215e-05,-0.49353152751296575,5.0594129044512215e-05,-0.49353152751296575,5.0594129044512215e-05,-0.49353152751296575,0.0,,,
11923074,K08295.01,FALSE POSITIVE,69.5,2.538,1.75647084,764.0,5.397472694879113e-05,0.4040597014925351,-5.17716608205987e-06,1.4511769667028018,2.913377077795598e-05,0.0,17,17,1800,pdcsap_flux,64747,0,29.42443470878061,15,0.060205952522388584,1,0.3618391585710535,,0,0.0,15567,201,201,77.0,1.0986746877813491e-05,0.0,,0.0,,0.0,,0.0,,,
11924426,K05944.01,FALSE POSITIVE,312970.0,5.69869,64.713168094,0.0,,,,,,,,,,,,,,,,,,,,,,,,,,,,,,,,,,koi_num_transits is 0,precheck
11960862,K00782.01,CONFIRMED,2793.3,4.3084,6.575315881,205.0,0.002700152026498426,3.7725293532338218,5.068329465474086e-05,34.03089010606925,7.630251963597345e-07,0.0,17,17,1800,pdcsap_flux,64758,0,29.424424739554524,27,0.02730160343861154,1,0.16402606627752556,,0,0.0,7149,201,201,37.0,2.3479948126981863e-05,0.0,,0.0,,0.0,,0.0,,,
11963206,K02820.01,CONFIRMED,191.4,2.228,3.00912491,447.0,0.00015980021509443,0.8424278606965203,-1.177682398778579e-05,2.2204452374235535,3.3147160234725526e-05,0.0,17,17,1800,pdcsap_flux,64749,0,29.42442641069647,13,0.030850608103647426,1,0.18528471482185052,,0,0.0,8004,201,201,40.0,1.973663337776147e-05,0.0,,0.0,,0.0,,0.0,,,
11967872,K08072.01,FALSE POSITIVE,432.6,8.73,134.370692,8.0,0.00043164228739700494,0.5211940298507436,-0.00015587709891540236,1.3893638217551825,1.672205918723524e-05,0.0,14,14,1800,pdcsap_flux,54912,0,29.42447434994392,53,0.002707063531383764,1,0.015042249417249418,,0,0.0,583,199,142,2.0,8.66246358834522e-05,0.0002895612111672996,0.08844946039179614,0.0002895612111672996,0.08844946039179614,0.0,,0.0,,,
11968463,K02433.01,CONFIRMED,479.8,7.332,15.1622287,72.0,0.0004471607588875104,4.231402985074618,-3.281608082372767e-05,4.229329738371701,3.280664816673884e-05,0.0,28,14,60|1800,pdcsap_flux,54910,0,29.424474192783237,45,0.020148752933663375,4,0.4439264250591878,,6,0.3649608450191222,4288,201,201,22.0,3.06788323909152e-05,0.00012237453368724172,0.47472427238675013,0.00012237453368724172,0.47472427238675013,0.0,,0.3649608450191222,,,
11968463,K02433.02,CONFIRMED,437.9,5.548,10.04378351,116.0,0.0004065037887845957,3.8642786069651778,-4.8354482738988125e-06,4.279687616867474,1.0008096707481151e-05,0.0,28,14,60|1800,pdcsap_flux,54910,0,29.424474192783237,33,0.023015894999778488,4,0.44538335458022216,,6,0.35915133855399745,5114,201,201,25.0,2.962564989192774e-05,9.030704164814107e-05,-0.46833069365562147,9.030704164814107e-05,-0.46833069365562147,0.0,,0.35915133855399745,,,
11968463,K02433.03,CONFIRMED,480.1,8.075,56.4148314,18.0,0.0005038589396259008,1.606965174129335,-5.297417247518421e-05,2.651100806693416,2.1374017331043937e-05,0.0,28,14,60|1800,pdcsap_flux,54910,0,29.424474192783237,49,0.005964004943092559,4,0.4143325441631761,,6,0.3925696594427245,1233,201,201,6.0,5.6853285526434045e-05,0.00017356055761375,0.4326370897679027,0.00018342952064109852,-0.2726064947527809,0.0,,0.3925696594427245,,,
11968463,K02433.05,FALSE POSITIVE,115.6,1.188,0.646745436,1484.0,0.00012129231150992403,0.18913432835820754,5.637031409544413e-06,2.254382410685684,5.591651111092055e-05,0.0,28,14,60|1800,pdcsap_flux,54910,0,29.424474192783237,7,0.07653706890635097,4,0.5808049535603715,,6,0.2245128391914041,16807,201,201,84.0,2.1272908214708174e-05,8.691257508264272e-05,-0.49544741434854556,8.691257508264272e-05,-0.49544741434854556,0.0,,0.2245128391914041,,,
11968513,K03587.01,FALSE POSITIVE,124498.0,2.40749,1.036592635,1088.0,0.11123312882367509,1.3414869651741341,-0.0032790675501721545,45.30190473600956,0.00013493338691716872,0.017726701512310483,14,14,1800,pdcsap_flux,54966,0,29.424473522230983,15,0.09677097824772152,1,0.5809773314412546,,0,0.0,21201,201,201,106.0,0.0021965509595886176,0.017726701512310483,0.4986893910813108,0.017726701512310483,0.4986893910813108,0.017726701512310483,0.4986893910813108,0.0,,,
11970288,K07501.01,FALSE POSITIVE,1003.0,42.737,20.7106853,68.0,0.0009042655076924033,25.514626865671772,3.4193178930497226e-05,8.809284313815128,6.703148502484879e-06,0.0,18,18,1800,pdcsap_flux,65261,0,29.42444267682731,261,0.08598017436599904,1,0.5124346853404024,,0,0.0,22237,201,201,111.0,3.8049688136693625e-05,0.0,,0.0,,0.0,,0.0,,,
11974540,K00129.01,CONFIRMED,7382.3,7.03515,24.669192732,54.0,0.007101662128429109,5.880125373134341,-2.0081720229048194e-05,125.23286029153745,2.062020575954726e-05,0.0,27,18,60|1800,pdcsap_flux,65259,0,29.424446108168922,43,0.011882482462418017,1,0.07421198608621032,,1,0.0024364455477405415,3032,201,201,15.0,1.2070201732727724e-05,0.0,,0.0,,0.0,,0.0024364455477405415,,,
12017140,K00358.01,FALSE POSITIVE,45676.5,5.3007,22.845241036,58.0,0.04443045684021185,3.586543283582105,-0.0007881216545307934,735.6805290911153,8.715721344554339e-05,0.0007163872820907802,17,17,1800,pdcsap_flux,64793,0,29.424428673810326,33,0.009667768427216868,1,0.05841680428441344,,0,0.0,2512,201,201,13.0,1.7676868916842336e-05,0.0007163872820907802,0.44868760426716864,0.0007163872820907802,0.44868760426716864,0.0007163872820907802,0.44868760426716864,0.0,,,
12021943,K08075.01,FALSE POSITIVE,30.4,10.4,6.0962602,223.0,2.8432671659528452e-05,1.8626865671641935,-1.82378914692638e-06,1.5576929340949803,2.2086448149272186e-06,0.0,17,17,1800,pdcsap_flux,64721,0,29.424434541142546,63,0.07108183035450708,1,0.42605954790562567,,0,0.0,18367,201,201,91.0,8.469348250526876e-06,0.0,,0.0,,0.0,,0.0,,,
12022517,K07507.01,FALSE POSITIVE,60039.0,3.36034,3.442714533,356.0,0.053935526141508094,1.8724282587064558,-0.0014639943073192496,477.3443126549659,0.000746737539345621,0.010380147642855997,15,15,1800,pdcsap_flux,59064,0,29.424425231991336,21,0.040669699832665926,1,0.24414194771772993,,0,0.0,9586,201,201,48.0,3.330126324063389e-05,0.010380147642855997,-0.4967044428845954,0.010380147642855997,-0.4967044428845954,0.010380147642855997,-0.4967044428845954,0.0,,,
11133306,K00276.01,CONFIRMED,421.8,4.6125,41.74598855,33.0,0.00040187592741014466,0.2753731343283583,5.836329505348736e-06,21.791955014854416,7.177716032202852e-06,0.0,53,18,60|1800,pdcsap_flux,65212,0,29.424436641857028,29,0.00460373575223433,1,0.026697540330000612,,0,0.0,1239,199,122,3.0,6.493127873617865e-06,2.010680747732696e-05,-0.44391842811928345,2.010680747732696e-05,-0.44391842811928345,0.0,,0.0,,,
11134079,K07410.01,FALSE POSITIVE,154278.0,2.36064,1.260575815,1062.0,0.13969283910814512,1.4093373134328235,-0.004633530407496811,360.21247593854577,0.0002726064709730469,0.004536237308596536,17,17,1800,pdcsap_flux,64792,0,29.424424236640334,15,0.07802783365314685,1,0.4679898752932461,,0,0.0,20227,201,201,101.0,0.0001275193995980675,0.004536237308596536,-0.49281848619566937,0.004536237308596536,-0.49281848619566937,0.004536237308596536,-0.49281848619566937,0.0,,,
11253827,K02672.01,CONFIRMED,2518.7,6.8214,88.5122014,14.0,0.00257798894606609,5.837217910447793,-2.2374980422901203e-05,24.92835483112389,0.00017610264320044866,0.00014749438527827952,35,18,60|1800,pdcsap_flux,65264,0,29.424446689663455,41,0.003211139204588804,2,0.033111669526844814,,1,0.013928046089727874,777,201,201,4.0,1.899428042755148e-05,7.77988842711741e-05,0.4364639526155212,0.00014749438527827952,0.49386306589754836,0.00014749438527827952,0.49386306589754836,0.013928046089727874,,,
11253827,K02672.02,CONFIRMED,1120.1,4.726,42.9923284,32.0,0.0011123998478825836,0.18809950248756335,7.643315666783224e-05,22.38162987031144,0.0001650829388045727,0.0001125171909578393,35,18,60|1800,pdcsap_flux,65264,0,29.424446689663455,29,0.004580274527924072,2,0.03631404756067664,,1,0.008948271635204707,1212,200,92,0.0,1.2268001736702516e-05,0.0001125171909578393,0.43210582825217914,0.0001125171909578393,0.43210582825217914,0.0001125171909578393,0.43210582825217914,0.008948271635204707,,,
12056139,K03262.01,CONFIRMED,229.8,6.356,13.2274753,104.0,0.00021879381774503326,1.3913631840796077,-3.603355167003386e-05,2.5348765094520194,0.00011606517411100192,0.0,17,17,1800,pdcsap_flux,64729,0,29.424418956041336,39,0.020021457407925252,1,0.11969905297470994,,0,0.0,5290,201,201,26.0,2.4287551440803156e-05,0.0,,0.0,,0.0,,0.0,,,
12058147,K02072.01,CONFIRMED,91.2,2.5779,1.54320541,866.0,8.926360485728146e-05,1.4877432835820952,-6.978737159935022e-06,6.0208395139387365,8.724332933196521e-06,0.0,18,18,1800,pdcsap_flux,65205,0,29.42443379200995,15,0.06960350145480633,1,0.41754466682002916,,0,0.0,18163,201,201,91.0,4.91175229427494e-06,0.0,,0.0,,0.0,,0.0,,,
12069319,K08234.01,FALSE POSITIVE,845.6,8.489,231.157554,3.0,0.0009098739109740794,0.5068059701492551,0.00014606932716310084,3.1476440686164295,2.457203401984298e-05,0.0004238491916185305,8,8,1800,pdcsap_flux,27743,0,29.4243707600981,51,0.001530161256738914,1,0.008326424683703997,,0,0.0,205,199,174,1.0,0.00013017226244156846,0.0004238491916185305,-0.19165137387943923,0.0006835535447650143,-0.24195542519472854,0.0004238491916185305,-0.19165137387943923,0.0,,,
12071006,K07511.01,FALSE POSITIVE,901661.0,18.4531,6.096030635,0.0,,,,,,,,,,,,,,,,,,,,,,,,,,,,,,,,,,koi_num_transits is 0,precheck
12105785,K07512.01,FALSE POSITIVE,17703.4,8.0461,31.953038766,43.0,0.016275285711535914,4.803641791044758,-0.0008108942391805707,401.5506338850341,2.8745293557008722e-05,0.0012159547447463392,19,18,60|1800,pdcsap_flux,65263,0,29.42443043924868,49,0.01049209025538434,1,0.06148966489435055,,0,0.0,2721,201,201,14.0,1.1930826549663665e-05,0.0012159547447463392,0.45216470223008953,0.0012159547447463392,0.45216470223008953,0.0012159547447463392,0.45216470223008953,0.0,,,
12156174,K03260.01,CONFIRMED,883.1,5.516,56.6746666,12.0,0.0007831619815089619,2.854049751243786,-1.622894340724823e-05,2.8468497897328073,3.1747297237538774e-05,0.0,9,9,1800,pdcsap_flux,30525,0,29.425021384377033,33,0.004055309843381299,1,0.027354627354627355,,0,0.0,526,201,201,3.0,6.0237383541123e-05,0.00023305108778992611,0.06319250587204679,0.00023305108778992611,0.06319250587204679,0.0,,0.0,,,
12165063,K05958.01,FALSE POSITIVE,127.4,1.328,226.499243,,8.666474011831404e-05,0.026427860696517258,4.620909197883272e-05,1.3514001738359913,0.00010891565853121676,0.00047103443608553786,18,18,1800,pdcsap_flux,65235,0,29.42444216867443,9,0.0002442980938939974,1,0.0015789070284356558,,0,0.0,74,195,55,0.0,3.3747924699904275e-05,0.00021763834372279245,0.23857472276828529,0.00047103443608553786,0.2708220711623049,0.00047103443608553786,0.2708220711623049,0.0,,,
12216706,K03644.01,FALSE POSITIVE,148439.0,4.3708,1.471060209,235.0,0.12408739361092413,2.3484895522388136,-0.002845921997438605,10.265147412744533,0.00011007217340330833,0.0,4,4,1800,pdcsap_flux,16798,0,29.424460268346593,27,0.12379960082698878,2,0.7432432432432432,,1,0.34057625907846173,8236,201,201,40.0,0.0015518530533636073,0.0,,0.0,,0.0,,0.34057625907846173,,,
12216706,K03644.02,FALSE POSITIVE,,2.0,0.73553763,,0.06869585784302101,2.1094527363183984,-0.019443873445424975,25.12397130941792,0.11428110692910476,0.0,4,4,1800,pdcsap_flux,16798,0,29.424460268346593,13,0.11329581238873301,2,0.6791879985712584,secondary_only,1,0.3662936063817121,7636,201,201,39.0,0.00533977760853211,0.0,,0.0,,0.0,,0.3662936063817121,,,
12253534,K07619.01,FALSE POSITIVE,180.1,23.69,466.08101,3.0,8.634724772393909e-05,7.543084577114543,6.61788747291503e-05,0.7690849921410292,,0.00011805432476896804,18,18,1800,pdcsap_flux,65250,0,29.424431099323556,145,0.002117836410741844,1,0.010344827586206896,,0,0.0,544,201,201,3.0,1.81154495768304e-05,0.0001107867723220135,-0.013415220267687572,0.00011805432476896804,-0.44863060267513233,0.00011805432476896804,-0.44863060267513233,0.0,,,
12256520,K02264.01,CONFIRMED,341.9,4.675,33.2407985,38.0,0.0002960568784629025,0.93034825870646,-0.00010245179641255042,2.735511965265622,2.7275278696614613e-05,0.0001264817165373966,17,17,1800,pdcsap_flux,64768,0,29.42442439380102,29,0.005860017672760379,1,0.08062623517786562,,1,0.047322751976284584,1471,201,201,8.0,3.689957000273667e-05,0.0001264817165373966,0.162186828891945,0.00017188417087810048,0.17317436202837114,0.0001264817165373966,0.162186828891945,0.047322751976284584,,,
12257851,K05962.01,FALSE POSITIVE,72.1,6.45,2.61594288,1034.0,5.467765179789641e-05,1.5402985074626798,-4.805518005746023e-07,1.4100073693325594,1.1336505986170309e-06,6.594292522366096e-05,17,17,1800,pdcsap_flux,64748,0,29.42442457191646,39,0.10273542364197187,1,0.6159726941372706,,0,0.0,26696,201,201,133.0,1.3962081727046137e-05,6.594292522366096e-05,-0.49914551266774687,6.594292522366096e-05,-0.49914551266774687,6.594292522366096e-05,-0.49914551266774687,0.0,,,
12257886,K04148.01,FALSE POSITIVE,169.8,6.519,2.61585431,520.0,0.00016041346257100741,3.8919402985074747,2.5538440791228467e-05,3.6021522597040923,8.793572837673125e-06,0.0,17,17,1800,pdcsap_flux,64745,0,29.424425242468715,39,0.10383796947774206,1,0.6224882230288054,,0,0.0,26978,201,201,134.0,4.760447556591123e-05,0.0,,0.0,,0.0,,0.0,,,
12302530,K00438.01,CONFIRMED,1007.4,2.4999,5.931196562,224.0,0.0009402047076230158,1.9899701492537152,1.8986383546359953e-05,15.617731590104727,3.9042314456172456e-05,0.0,19,17,60|1800,pdcsap_flux,64795,0,29.424420213326812,15,0.017561802059865704,2,0.11196851608920441,,1,0.00731537927309206,4542,201,201,22.0,1.623181659202971e-05,7.240540020581054e-05,0.48129003080915256,7.240540020581054e-05,0.48129003080915256,0.0,,0.00731537927309206,,,
12302530,K00438.02,CONFIRMED,1078.1,3.1592,52.6615266,23.0,0.001053935525000993,1.6974805970149343,8.695204706710147e-05,7.0869495348512235,1.4922989488352911e-05,0.0,19,17,60|1800,pdcsap_flux,64795,0,29.424420213326812,19,0.0024996110411530173,2,0.06730457597036808,,1,0.05264295084497261,635,201,196,3.0,4.70281568543998e-05,0.00015205123020956002,-0.17411291902581583,0.00015205123020956002,-0.17411291902581583,0.0,,0.05264295084497261,,,
12304202,K07620.01,FALSE POSITIVE,,1.27,0.66573903,2007.0,5.114366058145414e-05,0.12636815920397992,-1.8148366545123196e-06,2.359752027654551,1.2553313431529212e-05,4.504571787244949e-05,18,18,1800,pdcsap_flux,65254,0,29.424432450905442,7,0.07948560063643356,1,0.47623134213994545,,0,0.0,20712,201,201,103.0,5.384173998081109e-06,4.504571787244949e-05,-0.4855796570738481,4.504571787244949e-05,-0.4855796570738481,4.504571787244949e-05,-0.4855796570738481,0.0,,,
12306699,K03858.01,FALSE POSITIVE,898.4,2.7952,3.204222652,418.0,0.0007610727213335222,1.6687761194029889,3.9254242932273975e-05,8.150734685661517,1.248139219534039e-06,0.0,17,17,1800,pdcsap_flux,64796,0,29.42442356608808,17,0.03634786945718985,1,0.21837767763442187,,0,0.0,9449,201,201,47.0,2.7819898409407794e-05,0.0002446761169729861,0.4950302410883439,0.0002446761169729861,0.4950302410883439,0.0,,0.0,,,
12314973,K00279.01,CONFIRMED,1418.6,8.1593,28.45489091,48.0,0.001377460663439467,7.306835820895559,-1.6102960803898725e-05,49.74486223892313,7.653759359405043e-06,0.0,54,18,60|1800,pdcsap_flux,65258,0,29.424443169264123,49,0.011947711710040547,3,0.18999969352416562,,2,0.128842440773545,3092,201,201,16.0,6.428931750836897e-06,2.5017054091192037e-05,-0.0355120588877972,2.5017054091192037e-05,-0.0355120588877972,0.0,,0.128842440773545,,,
12314973,K00279.02,CONFIRMED,264.3,6.6358,15.4130812,83.0,0.00024313930827846164,5.546340298507483,1.0588542144085444e-05,8.190960286242644,7.193313347642061e-06,2.2542427923877284e-05,54,18,60|1800,pdcsap_flux,65258,0,29.424443169264123,41,0.017938766628094235,3,0.20969076588311011,,2,0.11466793343344878,4314,201,201,22.0,5.240982223355339e-06,2.2542427923877284e-05,0.491146843233854,2.2542427923877284e-05,0.491146843233854,2.2542427923877284e-05,0.491146843233854,0.11466793343344878,,,
12314973,K00279.03,CONFIRMED,36.3,4.865,7.5143967,170.0,3.091551160250283e-05,0.7745273631840766,-9.11394589875325e-06,1.089713862293591,1.2143836149225429e-05,0.0,54,18,60|1800,pdcsap_flux,65258,0,29.424443169264123,29,0.026975995735403928,3,0.23388703300744737,,2,0.08363725520242729,7150,201,201,36.0,4.126319794983812e-06,1.5520235510879665e-05,0.46777428327102344,1.5520235510879665e-05,0.46777428327102344,0.0,,0.08363725520242729,,,
12316447,K03575.01,FALSE POSITIVE,265411.0,5.58652,17.907664726,0.0,,,,,,,,,,,,,,,,,,,,,,,,,,,,,,,,,,koi_num_transits is 0,precheck
12352520,K03094.01,CONFIRMED,710.0,0.949,4.5770016,287.0,0.0005862831505248911,0.1888557213930352,6.323542637298729e-07,2.804999031043018,4.984992370449248e-06,0.0,17,17,1800,pdcsap_flux,64781,0,29.424421722069383,5,0.00863920752543907,1,0.049875735169262594,,0,0.0,2156,201,201,6.0,6.204815370184486e-05,0.0,,0.0,,0.0,,0.0,,,
12356746,K07525.01,FALSE POSITIVE,37454.3,2.31547,0.502454299,2664.0,0.03320970382391353,1.290212139303475,-0.000817117898756492,69.76876256848928,0.005169542782493264,0.0,18,18,1800,pdcsap_flux,65265,0,29.42443370295223,15,0.19201331714880332,1,0.5760208381215046,primary_only,0,0.0,50133,201,201,249.0,0.00012165794871129861,0.0,,0.0,,0.0,,0.0,,,
12365000,K07527.01,FALSE POSITIVE,15911.0,1.7433,1.262742487,1064.0,0.013767190466110746,1.0754686567164236,0.0006438178315929521,106.96902351019132,3.582357009201953e-05,0.0052491274476267336,18,18,1800,pdcsap_flux,65265,0,29.42444200103637,11,0.05752360496918958,1,0.34511606527235117,,0,0.0,15067,201,201,74.0,3.292858064761404e-05,0.0052491274476267336,0.4968118301090155,0.0052491274476267336,0.4968118301090155,0.0052491274476267336,0.4968118301090155,0.0,,,
12401132,K04829.02,FALSE POSITIVE,312.5,3.536,12.083457,,0.00026783726131551777,0.2111044776119398,0.00028550549363903777,0.9884913251997549,3.166079759231444e-05,0.0,1,1,1800,pdcsap_flux,4440,0,29.424452556995675,21,0.012192978659445998,1,0.12950450450450451,,1,0.058333333333333334,230,200,139,1.0,6.107020669377643e-05,0.0,,0.0,,0.0,,0.058333333333333334,,,
12404305,K00486.01,CONFIRMED,748.1,5.1364,22.18332255,63.0,0.0006971434310937275,4.599761194029878,-6.25906035556234e-07,11.680492328798648,4.241953974748469e-07,0.0,17,17,1800,pdcsap_flux,64728,0,29.424423387972638,31,0.00964763804810054,1,0.05957236435545668,,0,0.0,2578,201,201,13.0,1.5347561493079585e-05,5.158526474313696e-05,-0.3781952964031945,5.158526474313696e-05,-0.3781952964031945,0.0,,0.0,,,
12405333,K03009.01,CONFIRMED,150.2,1.16,0.764863517,1751.0,0.0001263063371248485,0.20776119402984916,5.932753376680644e-06,2.0010825662467973,1.5213855212525829e-05,0.0,17,17,1800,pdcsap_flux,64793,0,29.424423230811954,7,0.06319210193592399,1,0.378945256432022,,0,0.0,16396,201,201,82.0,1.3287339413605237e-05,0.0,,0.0,,0.0,,0.0,,,
12453855,K08080.01,FALSE POSITIVE,1812.6,0.677,0.559643825,2389.0,0.0015347615472365295,0.5389054726368148,3.468403992223923e-05,19.45645318530621,4.164809707107864e-06,0.0007513138942443209,17,17,1800,pdcsap_flux,64769,0,29.424417353002355,5,0.0504040821558843,1,0.30225879664654387,,0,0.0,13042,201,201,65.0,1.8727659958886455e-05,0.0007513138942443209,0.49832802068100707,0.0007513138942443209,0.49832802068100707,0.0007513138942443209,0.49832802068100707,0.0,,,
12506342,K07538.01,FALSE POSITIVE,327.6,1.602,1.22775105,1065.0,0.0003340127287403405,1.147701492537307,8.702118173353757e-05,3.2187651860234316,7.581294427305707e-05,0.0,16,16,1800,pdcsap_flux,63169,0,29.42438685335219,9,0.05436769938009828,1,0.32653675062134907,,0,0.0,13765,201,201,68.0,2.049405841691837e-05,0.0,,0.0,,0.0,,0.0,,,
12508335,K00215.01,FALSE POSITIVE,9207.9,3.7591,42.94386258,33.0,0.008134209264840764,2.2442388059701392,-0.0005175030889069676,46.700302699659005,1.3811876992564365e-05,0.0,27,17,60|1800,pdcsap_flux,64763,0,29.424422727897763,23,0.0036473003883822196,1,0.021818013371832683,,0,0.0,996,201,200,5.0,4.043812298160163e-05,0.00013072483905463006,0.374902600621004,0.00013072483905463006,0.374902600621004,0.0,,0.0,,,
12557548,K03794.01,CONFIRMED,4595.9,1.63,0.65355361,2040.0,0.004201729298767942,0.908258706467656,0.0006060700261732999,23.343264489534697,0.0003192410600939555,0.0,31,17,60|1800,pdcsap_flux,64794,0,29.424422727897763,9,0.1039190444784884,1,0.6233756211994937,,0,0.0,26878,201,201,133.0,2.612926564927935e-05,0.0,,0.0,,0.0,,0.0,,,
12834874,K00487.01,CONFIRMED,668.2,3.0427,7.65880048,179.0,0.000644278123658748,2.6037034825870515,8.083715822837512e-06,7.868892901604849,9.226797751615834e-06,0.0,17,17,1800,pdcsap_flux,64749,0,29.424422010197304,19,0.016553397232077608,1,0.09966177083815966,,0,0.0,4372,201,201,22.0,1.858379546398422e-05,0.0,,0.0,,0.0,,0.0,,,
12885212,K02184.01,FALSE POSITIVE,325.6,2.569,2.057499811,653.0,0.0003343728110722921,0.7668656716417921,-8.081696363460011e-06,3.8212312598776133,3.1686677347875225e-05,4.524259390192853e-05,17,17,1800,pdcsap_flux,64732,0,29.424421879230067,15,0.05202511616010382,1,0.3153154544892789,,1,0.00512883890502379,13509,201,201,67.0,1.1939870573532207e-05,4.524259390192853e-05,0.4429765697127551,4.524259390192853e-05,0.4429765697127551,4.524259390192853e-05,0.4429765697127551,0.00512883890502379,,,
